rxn_id,operator,dg,dge
rxn00001,>,-3.82,0.02
rxn00002,>,-23.02,0.25
rxn00003,=,5.71,0.36
rxn00004,=,-1.48,0.35
rxn00006,>,-46.54,0.06
rxn00007,=,-2.98,0.03
rxn00008,>,-64.69,0.7
rxn00009,>,0.42,0.03
rxn00010,=,-5.17,0.04
rxn00011,>,-7.32,0.43
rxn00012,=,-5.12,0.36
rxn00015,>,-4.6,0.56
rxn00016,=,2.51,0.33
rxn00017,=,-4.45,0.68
rxn00018,=,-8.63,0.04
rxn00020,=,6.13,0.49
rxn00021,=,2.37,0.65
rxn00022,=,5.81,0.49
rxn00024,>,-48.69,0.85
rxn00025,>,-72.68,1.17
rxn00026,>,-29.07,0.14
rxn00028,>,-77.12,1.5
rxn00029,>,-38.95,0.74
rxn00030,=,-8.44,0.5
rxn00031,=,2.37,0.3
rxn00033,>,-128.62,0.49
rxn00034,>,-61.99,0.85
rxn00035,>,-28.33,0.96
rxn00036,>,-148.19,1.38
rxn00038,>,-8.6,0.23
rxn00039,>,-10.93,0.26
rxn00040,>,-17.93,0.5
rxn00041,>,-18.28,0.54
rxn00042,>,-96.38,0.35
rxn00043,>,-131.46,1.63
rxn00044,=,0.08,0.29
rxn00045,=,0.0,0.02
rxn00046,>,-10.74,0.31
rxn00048,<,14.06,1.56
rxn00051,>,-106.66,2.31
rxn00052,>,-34.79,0.17
rxn00054,>,-292.35,1.69
rxn00055,>,-17.63,2.2
rxn00057,>,-216.78,2.66
rxn00060,>,-68.01,1.57
rxn00061,>,-12.15,0.02
rxn00062,>,-6.4,0.02
rxn00063,>,-8.33,0.02
rxn00064,=,-5.65,0.02
rxn00065,>,1.68,0.03
rxn00066,>,-78.75,0.04
rxn00067,<,2.35,0.05
rxn00069,=,12.0,0.03
rxn00070,<,4.69,0.03
rxn00071,<,59.74,1.25
rxn00072,<,91.35,0.03
rxn00074,<,15.69,0.02
rxn00075,=,-4.33,0.25
rxn00076,>,-8.15,0.03
rxn00077,=,-2.84,0.03
rxn00078,=,-3.43,0.03
rxn00080,>,-90.77,0.03
rxn00083,=,0.58,0.02
rxn00084,>,-78.16,0.04
rxn00085,=,11.41,0.03
rxn00086,=,4.11,0.03
rxn00088,>,-3.55,0.03
rxn00089,=,-2.58,0.04
rxn00090,=,-27.52,0.04
rxn00092,>,-5.75,0.02
rxn00093,=,-5.65,0.02
rxn00095,>,-9.44,0.03
rxn00096,=,3.05,0.03
rxn00097,=,-0.65,0.02
rxn00098,>,-6.07,0.02
rxn00099,>,-29.63,0.55
rxn00100,>,0.86,0.03
rxn00101,>,-7.32,0.04
rxn00102,=,1.15,0.04
rxn00103,>,-3.46,0.04
rxn00105,=,-0.17,0.03
rxn00106,>,-4.49,0.02
rxn00107,=,0.01,0.02
rxn00108,=,0.61,0.02
rxn00109,<,60.97,0.47
rxn00113,=,-0.02,0.04
rxn00114,<,6.37,0.04
rxn00115,>,-17.52,0.04
rxn00116,>,-5.61,0.02
rxn00117,=,-0.22,0.02
rxn00118,=,-0.42,0.02
rxn00119,=,-0.79,0.02
rxn00120,>,-6.17,0.02
rxn00121,>,-5.26,0.39
rxn00122,>,-3.07,0.39
rxn00123,=,0.77,0.31
rxn00124,>,-7.16,0.31
rxn00125,=,10.95,0.71
rxn00126,=,17.96,0.73
rxn00127,>,-8.15,0.17
rxn00128,>,-9.6,0.76
rxn00129,=,10.36,0.79
rxn00130,=,-5.65,0.02
rxn00131,=,-3.04,0.03
rxn00132,>,-2.97,0.02
rxn00133,>,-8.8,0.03
rxn00134,=,-3.43,0.02
rxn00136,>,-8.89,0.03
rxn00137,=,0.06,0.21
rxn00138,=,0.08,0.51
rxn00139,<,4.75,0.03
rxn00140,>,-10.01,0.03
rxn00141,=,8.31,0.03
rxn00142,=,-5.65,0.02
rxn00143,=,0.46,0.23
rxn00144,=,2.1,0.35
rxn00147,>,0.82,0.02
rxn00148,=,6.57,0.02
rxn00149,=,-3.16,0.19
rxn00150,=,-3.75,0.19
rxn00151,=,4.64,0.02
rxn00152,>,-37.76,0.05
rxn00153,>,-12.97,0.02
rxn00154,=,-7.91,0.04
rxn00155,=,-8.49,0.04
rxn00156,>,-40.11,0.05
rxn00157,=,5.02,0.03
rxn00158,>,-20.72,0.22
rxn00159,=,3.3,0.04
rxn00160,=,5.77,0.05
rxn00161,=,2.71,0.04
rxn00162,>,-4.03,0.04
rxn00163,<,17.34,0.79
rxn00164,<,4.03,0.04
rxn00165,>,-7.13,0.03
rxn00166,>,-8.19,0.22
rxn00168,>,-4.14,0.04
rxn00170,>,-7.24,0.02
rxn00171,=,-3.77,0.03
rxn00172,=,0.85,0.02
rxn00173,=,2.35,0.02
rxn00174,>,-5.88,0.17
rxn00175,=,-1.08,0.02
rxn00176,>,-15.03,0.27
rxn00177,=,1.09,0.18
rxn00178,=,6.29,0.03
rxn00179,=,3.07,0.21
rxn00181,=,2.78,0.26
rxn00182,=,9.22,0.02
rxn00183,=,-5.3,0.03
rxn00184,=,8.64,0.02
rxn00185,>,-22.99,0.04
rxn00186,>,-7.51,0.39
rxn00187,=,-3.62,0.03
rxn00188,=,2.63,0.33
rxn00189,>,-2.78,0.03
rxn00190,>,-2.7,0.51
rxn00191,=,0.16,0.02
rxn00192,>,-1.72,0.26
rxn00193,=,0.04,0.03
rxn00194,>,-8.75,0.04
rxn00195,=,-1.59,0.03
rxn00196,=,-6.18,0.03
rxn00197,=,-6.98,0.04
rxn00198,>,1.43,0.04
rxn00199,>,-3.65,0.19
rxn00200,>,-3.07,0.03
rxn00201,<,9.79,0.04
rxn00202,=,-9.94,0.18
rxn00203,>,-7.29,0.04
rxn00204,>,-39.34,0.07
rxn00205,>,-74.05,0.04
rxn00206,=,-8.35,0.98
rxn00207,<,42.29,0.05
rxn00208,>,-23.3,0.05
rxn00209,>,-24.93,0.05
rxn00210,>,-23.03,0.05
rxn00211,=,1.87,0.18
rxn00212,>,-7.93,0.02
rxn00213,=,-0.03,0.02
rxn00214,=,0.7,0.03
rxn00215,>,-8.28,0.3
rxn00216,=,-3.43,0.02
rxn00217,=,-0.2,0.03
rxn00218,=,2.91,0.24
rxn00219,>,-21.51,0.29
rxn00220,>,-2.96,0.02
rxn00221,>,-4.49,0.02
rxn00222,=,-2.88,0.03
rxn00223,=,0.21,0.02
rxn00224,<,19.34,0.03
rxn00225,=,3.2,0.02
rxn00226,<,13.94,0.27
rxn00227,>,-9.6,0.02
rxn00228,>,-39.0,0.27
rxn00229,>,-119.52,0.04
rxn00230,=,5.78,0.02
rxn00231,>,-9.58,0.43
rxn00232,>,-22.27,0.27
rxn00233,>,-8.55,0.16
rxn00234,=,0.49,0.03
rxn00235,>,-7.51,0.31
rxn00236,>,-5.79,0.02
rxn00237,=,0.01,0.02
rxn00239,=,-0.61,0.02
rxn00241,>,-6.4,0.02
rxn00242,>,-4.6,0.27
rxn00243,=,-7.58,0.03
rxn00244,>,-12.04,0.04
rxn00245,>,-12.89,0.15
rxn00247,=,2.54,0.04
rxn00248,=,7.32,0.02
rxn00249,=,6.74,0.02
rxn00250,=,-1.19,0.02
rxn00251,=,8.94,0.04
rxn00252,=,5.12,0.04
rxn00253,>,-9.65,0.13
rxn00254,>,-4.85,0.18
rxn00255,=,2.84,0.19
rxn00256,<,8.33,0.02
rxn00257,=,1.93,0.02
rxn00258,=,-1.85,0.16
rxn00259,=,1.72,0.21
rxn00260,=,0.72,0.02
rxn00262,>,-22.27,0.04
rxn00263,>,-23.87,0.16
rxn00264,>,-24.88,0.04
rxn00265,=,1.09,0.02
rxn00266,=,-0.0,0.02
rxn00268,=,12.07,0.03
rxn00269,>,-20.13,0.04
rxn00270,=,12.15,0.75
rxn00271,=,3.48,0.37
rxn00272,=,-2.69,0.03
rxn00274,=,5.92,0.22
rxn00275,=,2.85,0.03
rxn00276,=,2.13,0.03
rxn00278,=,9.38,0.02
rxn00279,>,-3.47,0.04
rxn00280,=,8.36,0.03
rxn00282,=,-0.56,0.03
rxn00283,=,0.0,0.03
rxn00284,<,16.74,0.03
rxn00285,=,0.1,0.02
rxn00286,=,-0.78,0.03
rxn00287,>,-6.5,0.02
rxn00288,<,12.32,0.04
rxn00289,=,4.96,0.25
rxn00290,=,2.59,0.02
rxn00291,=,-0.55,0.39
rxn00292,=,-5.43,0.04
rxn00293,=,-0.02,0.02
rxn00295,=,0.22,0.28
rxn00297,=,-0.57,0.26
rxn00298,=,1.82,0.17
rxn00299,>,-40.13,0.56
rxn00300,>,-4.37,0.37
rxn00301,>,-8.37,0.02
rxn00302,=,1.99,0.03
rxn00303,>,-4.98,0.27
rxn00304,=,6.56,0.02
rxn00305,=,2.53,0.04
rxn00306,=,0.09,0.02
rxn00307,>,1.63,0.03
rxn00308,>,0.34,0.04
rxn00309,=,10.97,0.03
rxn00310,>,-22.29,0.05
rxn00311,>,-56.2,0.38
rxn00312,>,-108.97,0.06
rxn00313,>,-6.27,0.06
rxn00314,=,11.7,0.29
rxn00315,=,1.59,0.03
rxn00316,>,-1.01,0.25
rxn00317,=,1.75,0.03
rxn00318,=,-6.24,0.25
rxn00319,>,-5.96,0.04
rxn00320,=,-0.19,0.03
rxn00321,=,-1.1,0.03
rxn00322,>,-6.75,0.06
rxn00323,=,0.33,0.27
rxn00324,=,10.16,0.03
rxn00325,>,-37.96,0.05
rxn00326,=,-1.77,0.03
rxn00327,>,-6.11,0.05
rxn00328,=,4.42,0.03
rxn00330,<,8.28,0.03
rxn00331,=,2.56,0.03
rxn00332,<,6.39,0.26
rxn00333,>,-21.46,0.04
rxn00334,>,-10.28,0.4
rxn00335,=,-2.02,0.13
rxn00336,=,2.01,0.03
rxn00337,=,4.33,0.03
rxn00338,>,-18.57,0.45
rxn00339,=,-2.47,0.04
rxn00340,=,-4.4,0.04
rxn00341,>,-7.73,0.05
rxn00342,>,-3.93,0.04
rxn00343,=,-0.39,0.32
rxn00344,=,3.37,0.28
rxn00345,>,-10.62,0.28
rxn00346,>,-5.37,0.05
rxn00347,=,3.43,0.02
rxn00348,=,1.61,0.16
rxn00350,=,5.28,0.45
rxn00351,>,-10.66,0.28
rxn00352,>,-6.82,0.36
rxn00354,=,0.9,0.18
rxn00355,>,-2.42,0.22
rxn00356,=,-2.54,0.03
rxn00357,=,-0.74,0.36
rxn00358,=,4.25,0.31
rxn00359,>,-19.65,0.03
rxn00360,=,0.08,0.21
rxn00361,=,-6.48,0.21
rxn00362,=,5.15,0.51
rxn00363,>,-2.98,0.02
rxn00364,=,-0.61,0.02
rxn00365,=,-3.42,0.02
rxn00366,>,-5.78,0.02
rxn00367,>,-8.35,0.02
rxn00368,=,-3.19,0.02
rxn00369,=,-3.42,0.02
rxn00370,<,16.54,0.24
rxn00371,>,-2.88,0.04
rxn00372,>,-21.74,0.24
rxn00373,>,-4.25,0.04
rxn00374,>,-14.16,0.66
rxn00375,=,-8.29,0.42
rxn00376,>,-13.38,0.34
rxn00377,>,-19.52,0.31
rxn00379,<,11.34,0.03
rxn00380,<,13.92,0.03
rxn00381,>,-19.67,0.03
rxn00382,>,-37.03,0.55
rxn00383,>,-40.9,0.05
rxn00384,>,-29.06,0.54
rxn00385,>,-7.77,0.62
rxn00386,>,-9.44,0.76
rxn00387,>,-8.41,0.59
rxn00391,>,-5.17,0.39
rxn00392,=,-1.23,0.39
rxn00393,=,0.68,0.39
rxn00394,=,-6.86,0.06
rxn00395,>,-8.32,0.04
rxn00396,=,1.27,0.02
rxn00400,>,-68.41,0.62
rxn00401,>,-108.97,0.06
rxn00402,=,7.82,0.03
rxn00403,=,12.76,0.23
rxn00404,=,-0.07,0.03
rxn00405,>,-6.75,0.06
rxn00406,=,-0.19,0.03
rxn00407,=,-4.33,0.03
rxn00408,>,-6.39,0.02
rxn00409,=,-0.0,0.02
rxn00410,=,-2.06,0.03
rxn00411,=,6.58,0.02
rxn00412,>,-4.84,0.03
rxn00413,>,1.65,0.03
rxn00414,=,-1.62,0.03
rxn00415,=,0.13,0.02
rxn00416,>,-7.17,0.04
rxn00417,=,0.04,0.03
rxn00419,=,11.0,0.03
rxn00420,>,-2.45,0.02
rxn00421,=,-1.37,0.02
rxn00422,=,1.62,0.03
rxn00423,=,-1.61,0.03
rxn00424,=,-1.07,0.03
rxn00425,=,1.07,0.22
rxn00426,>,-7.27,0.55
rxn00427,>,-70.26,0.05
rxn00428,=,23.56,0.49
rxn00429,=,-9.76,0.03
rxn00430,=,8.48,0.04
rxn00432,>,-23.73,0.05
rxn00433,>,-21.52,0.27
rxn00434,>,-16.0,0.3
rxn00435,>,-18.24,0.04
rxn00436,>,-6.09,0.02
rxn00437,=,0.35,0.02
rxn00438,=,-0.31,0.02
rxn00439,>,-6.74,0.02
rxn00440,=,-3.28,0.11
rxn00441,>,-11.17,0.43
rxn00444,>,-61.83,0.75
rxn00445,>,-24.65,0.54
rxn00448,>,-127.43,0.53
rxn00449,=,-0.0,0.02
rxn00450,>,-25.67,0.17
rxn00451,=,9.12,0.6
rxn00452,=,-1.65,0.73
rxn00453,>,-23.2,0.4
rxn00454,=,-5.54,0.17
rxn00455,=,-3.49,0.37
rxn00456,=,5.92,0.36
rxn00457,=,-2.45,0.17
rxn00458,>,-9.75,0.21
rxn00459,=,-1.0,0.02
rxn00460,=,6.8,0.02
rxn00461,>,-6.14,0.37
rxn00462,<,3.64,0.03
rxn00463,>,-7.96,0.02
rxn00464,>,-14.57,1.04
rxn00465,=,-5.86,0.05
rxn00466,=,10.11,0.28
rxn00467,=,4.33,0.05
rxn00468,>,-13.84,0.43
rxn00469,=,-4.79,0.26
rxn00470,>,-6.75,0.06
rxn00471,>,-5.96,0.04
rxn00472,=,-0.19,0.03
rxn00473,=,5.04,0.02
rxn00474,>,-12.17,0.03
rxn00475,>,-1.87,0.05
rxn00476,>,-2.46,0.05
rxn00477,>,-34.08,0.06
rxn00478,>,-88.31,0.53
rxn00479,>,-116.48,0.32
rxn00480,>,-92.51,0.36
rxn00481,>,-3.61,0.32
rxn00482,=,2.83,0.78
rxn00483,>,-11.09,0.05
rxn00484,>,-11.64,0.26
rxn00485,>,-12.52,0.22
rxn00486,<,72.89,0.52
rxn00487,=,9.09,0.03
rxn00488,>,-23.12,0.05
rxn00489,>,-105.52,0.32
rxn00490,=,5.28,0.88
rxn00491,=,-0.29,0.03
rxn00492,>,-5.35,0.31
rxn00493,=,-0.13,0.03
rxn00494,=,0.85,0.03
rxn00495,>,-0.8,0.02
rxn00497,>,-11.64,0.26
rxn00498,>,-26.58,1.32
rxn00499,=,6.58,0.02
rxn00500,=,5.85,0.03
rxn00501,=,-5.06,0.05
rxn00502,=,-5.64,0.05
rxn00503,=,1.24,0.06
rxn00504,=,0.65,0.06
rxn00505,>,2.02,0.04
rxn00506,=,-11.01,0.03
rxn00507,>,-11.6,0.03
rxn00508,=,-5.61,0.03
rxn00509,=,-6.19,0.03
rxn00510,=,9.16,0.03
rxn00511,=,8.58,0.03
rxn00512,=,10.74,0.03
rxn00513,>,-6.4,0.02
rxn00514,>,-8.32,0.02
rxn00515,=,-0.0,0.02
rxn00516,>,-6.07,0.02
rxn00517,=,6.57,0.02
rxn00518,=,-3.43,0.02
rxn00519,=,2.54,0.04
rxn00520,=,0.1,0.02
rxn00521,=,7.04,0.05
rxn00522,>,-22.97,0.05
rxn00523,>,-59.48,0.45
rxn00524,>,-64.13,0.43
rxn00525,<,19.75,0.88
rxn00526,<,19.17,0.88
rxn00527,=,0.02,0.03
rxn00528,>,-10.25,0.42
rxn00529,>,-11.64,0.26
rxn00530,>,-0.8,0.02
rxn00531,=,-4.63,0.36
rxn00532,=,0.24,0.17
rxn00533,=,0.66,0.16
rxn00534,=,-0.97,0.14
rxn00536,=,4.61,0.02
rxn00537,>,-30.31,0.29
rxn00538,>,-9.29,0.19
rxn00539,>,-7.2,0.22
rxn00540,=,-4.85,0.16
rxn00541,=,2.41,0.03
rxn00542,=,5.33,0.03
rxn00543,=,5.19,0.02
rxn00544,=,-3.18,0.43
rxn00545,=,-3.77,0.02
rxn00546,=,2.75,0.03
rxn00547,=,-3.43,0.02
rxn00548,>,-11.43,0.03
rxn00549,>,-2.62,0.02
rxn00550,>,-6.39,0.24
rxn00551,=,-1.2,0.02
rxn00552,=,0.54,0.03
rxn00553,=,0.7,0.27
rxn00554,=,-3.77,0.02
rxn00555,=,-3.32,0.03
rxn00556,=,-3.55,0.02
rxn00557,=,-3.77,0.02
rxn00558,=,0.21,0.02
rxn00559,=,0.05,0.03
rxn00560,=,10.48,0.24
rxn00561,=,-6.79,0.06
rxn00562,=,1.21,0.03
rxn00563,>,-15.57,0.34
rxn00564,=,1.09,0.32
rxn00565,>,-82.56,0.05
rxn00566,>,-0.7,0.04
rxn00568,<,96.12,0.04
rxn00569,<,94.37,0.04
rxn00570,<,75.8,0.47
rxn00571,<,35.33,0.04
rxn00572,<,34.74,0.04
rxn00573,<,28.21,0.47
rxn00575,=,-6.22,0.03
rxn00577,=,-1.73,0.03
rxn00578,>,-4.25,0.27
rxn00579,=,-0.59,0.02
rxn00580,=,0.69,0.29
rxn00581,=,-3.25,0.03
rxn00582,=,-4.05,0.03
rxn00583,<,28.65,0.78
rxn00584,<,20.64,0.81
rxn00585,<,27.15,0.87
rxn00586,>,-83.15,0.36
rxn00587,>,-112.27,0.54
rxn00588,>,-120.79,0.54
rxn00589,>,-83.3,0.37
rxn00592,=,-1.74,0.19
rxn00593,=,-1.62,0.18
rxn00594,>,-82.63,0.37
rxn00595,>,-82.05,0.37
rxn00596,>,-23.12,0.8
rxn00598,>,-4.75,0.29
rxn00599,>,-2.34,0.2
rxn00601,>,-6.02,0.39
rxn00602,=,-1.81,0.03
rxn00603,=,2.36,0.03
rxn00604,=,-0.79,0.03
rxn00605,=,-3.85,0.03
rxn00606,=,-2.96,0.03
rxn00607,=,-7.62,0.27
rxn00608,=,-1.43,0.22
rxn00610,>,-3.73,0.03
rxn00611,=,6.33,0.03
rxn00612,=,5.75,0.03
rxn00613,=,7.57,0.03
rxn00614,>,-25.88,0.04
rxn00615,=,-2.66,0.03
rxn00616,=,1.9,0.04
rxn00617,=,-0.77,0.03
rxn00618,=,-4.13,0.24
rxn00619,=,-2.06,0.23
rxn00620,>,-7.51,0.08
rxn00621,=,-0.84,0.08
rxn00623,=,30.03,0.05
rxn00624,>,-25.48,0.41
rxn00625,<,77.32,0.49
rxn00627,=,-2.65,0.02
rxn00629,>,-12.31,0.25
rxn00630,>,-12.38,0.25
rxn00631,>,-12.01,0.25
rxn00632,>,-7.52,0.24
rxn00633,=,-3.33,0.03
rxn00634,>,-12.26,0.25
rxn00635,=,-3.43,0.02
rxn00636,=,-0.78,0.03
rxn00638,=,0.45,0.25
rxn00639,>,-7.3,0.03
rxn00640,=,1.51,0.03
rxn00641,=,-1.07,0.03
rxn00642,>,-9.64,0.24
rxn00643,=,0.42,0.03
rxn00644,=,-0.99,0.06
rxn00645,>,-56.97,0.41
rxn00646,>,-8.73,0.45
rxn00647,=,-3.57,0.25
rxn00649,>,-12.06,0.05
rxn00650,=,1.32,0.32
rxn00651,<,49.29,0.5
rxn00652,=,-3.16,0.26
rxn00653,=,-5.47,0.23
rxn00654,=,-5.11,0.29
rxn00655,=,10.29,0.34
rxn00656,=,0.94,0.03
rxn00657,=,-0.78,0.03
rxn00658,=,-5.67,0.31
rxn00659,>,-5.14,0.41
rxn00660,=,-1.26,0.41
rxn00661,>,-5.12,0.41
rxn00662,=,-6.39,0.29
rxn00668,<,10.6,0.45
rxn00669,=,3.43,0.03
rxn00670,=,4.84,0.18
rxn00671,=,-9.18,0.22
rxn00672,>,-4.61,0.13
rxn00673,=,6.76,0.45
rxn00674,=,1.5,0.03
rxn00675,>,-17.51,0.29
rxn00676,=,2.61,0.18
rxn00677,=,2.58,0.03
rxn00678,=,-0.58,0.13
rxn00679,<,10.44,0.19
rxn00680,<,10.43,0.22
rxn00682,=,-4.44,0.27
rxn00684,=,7.11,0.03
rxn00686,=,6.53,0.03
rxn00688,>,-8.53,0.04
rxn00689,>,-13.52,0.83
rxn00690,=,-1.33,0.03
rxn00691,=,-5.06,0.03
rxn00692,=,1.7,0.03
rxn00693,=,-9.07,0.34
rxn00695,=,-0.36,0.02
rxn00696,=,-4.56,0.02
rxn00697,>,-7.97,0.02
rxn00698,=,1.61,0.03
rxn00699,=,0.64,0.03
rxn00700,=,0.51,0.03
rxn00701,=,-2.39,0.22
rxn00702,=,-0.38,0.02
rxn00703,>,-5.12,0.03
rxn00704,=,0.89,0.14
rxn00705,=,2.18,0.25
rxn00706,>,-5.75,0.02
rxn00707,=,-3.42,0.02
rxn00708,>,-2.81,0.02
rxn00709,=,-3.59,0.02
rxn00710,=,1.17,0.4
rxn00711,<,3.14,0.03
rxn00712,=,-3.37,0.02
rxn00713,=,-3.6,0.02
rxn00714,>,-8.15,0.03
rxn00715,=,-3.59,0.02
rxn00716,=,-1.76,0.38
rxn00717,>,-13.74,0.51
rxn00718,>,-14.36,0.5
rxn00719,<,17.84,0.5
rxn00720,<,17.26,0.5
rxn00721,<,70.27,0.49
rxn00722,>,-80.31,0.35
rxn00723,=,-0.01,0.43
rxn00724,>,-156.35,0.55
rxn00725,>,-10.77,0.76
rxn00726,>,-12.9,0.62
rxn00727,>,-15.68,0.62
rxn00728,>,-9.39,0.37
rxn00729,=,0.86,0.35
rxn00730,>,-12.26,0.39
rxn00731,>,-4.33,0.37
rxn00735,<,2.28,0.2
rxn00736,<,8.31,0.21
rxn00737,>,-6.45,0.04
rxn00738,=,6.77,0.29
rxn00739,<,5.11,0.17
rxn00740,>,-16.75,0.22
rxn00741,=,4.58,0.03
rxn00742,>,1.63,0.32
rxn00743,>,-3.91,0.02
rxn00744,=,-2.48,0.02
rxn00745,>,-9.06,0.03
rxn00746,=,4.64,0.03
rxn00747,=,-1.83,0.02
rxn00748,>,-16.98,0.19
rxn00749,<,19.54,0.98
rxn00751,=,-4.38,0.02
rxn00752,>,-27.16,0.2
rxn00753,>,-2.32,0.03
rxn00754,=,-4.92,0.03
rxn00758,=,-6.54,0.32
rxn00762,=,6.15,0.03
rxn00763,=,8.94,0.03
rxn00764,=,5.57,0.03
rxn00765,=,8.36,0.03
rxn00766,=,-0.62,0.2
rxn00767,=,1.78,0.15
rxn00768,>,-9.34,0.13
rxn00769,>,-9.0,0.15
rxn00770,=,-0.54,0.03
rxn00771,=,-0.06,0.03
rxn00772,=,-3.43,0.02
rxn00773,=,7.24,0.25
rxn00774,=,1.67,0.32
rxn00775,>,-12.99,0.25
rxn00776,=,-5.84,0.44
rxn00777,=,0.25,0.03
rxn00778,=,-1.97,0.03
rxn00779,=,-9.57,0.02
rxn00780,=,-3.45,0.02
rxn00781,=,1.85,0.02
rxn00782,=,1.27,0.02
rxn00783,=,3.13,0.03
rxn00784,=,4.97,0.03
rxn00785,=,2.8,0.03
rxn00786,=,5.31,0.02
rxn00787,=,2.01,0.13
rxn00789,<,42.6,0.59
rxn00790,<,2.49,0.32
rxn00791,<,22.8,0.43
rxn00792,<,13.82,0.32
rxn00793,=,-0.97,0.02
rxn00794,>,-2.77,0.03
rxn00795,=,1.62,0.63
rxn00797,=,-4.81,0.03
rxn00798,=,0.86,0.03
rxn00799,=,0.82,0.02
rxn00800,=,1.93,0.03
rxn00801,=,-4.35,0.42
rxn00802,=,3.01,0.03
rxn00803,=,-1.2,0.04
rxn00804,=,8.92,0.03
rxn00805,>,-3.68,0.26
rxn00806,=,-0.3,0.03
rxn00807,=,-2.82,0.2
rxn00808,=,-5.74,0.33
rxn00810,=,-3.48,0.03
rxn00812,=,-0.79,0.03
rxn00813,=,-4.06,0.03
rxn00814,>,-39.93,0.16
rxn00815,>,-26.16,0.22
rxn00816,=,-2.88,0.03
rxn00817,=,-2.17,0.03
rxn00818,=,-1.34,0.03
rxn00819,=,1.05,0.37
rxn00821,=,-12.23,0.75
rxn00822,=,1.26,0.03
rxn00824,=,0.15,0.03
rxn00826,=,5.68,0.06
rxn00827,=,11.35,0.39
rxn00829,>,-19.44,0.67
rxn00830,=,-1.18,0.03
rxn00831,>,-2.96,0.02
rxn00832,>,-18.93,0.66
rxn00833,=,-2.38,0.03
rxn00834,=,1.4,0.44
rxn00835,=,-3.43,0.02
rxn00836,<,5.41,0.03
rxn00837,=,1.48,0.47
rxn00838,>,0.75,0.03
rxn00839,=,0.0,0.02
rxn00840,=,6.57,0.02
rxn00841,=,-3.43,0.02
rxn00842,=,-3.43,0.02
rxn00843,>,-91.22,0.05
rxn00844,>,-90.64,0.05
rxn00845,=,11.12,0.32
rxn00846,>,-9.96,0.53
rxn00848,=,-0.47,0.04
rxn00849,=,0.2,0.03
rxn00850,=,-1.94,0.21
rxn00851,>,-1.45,0.38
rxn00852,>,-20.94,0.04
rxn00853,>,-6.16,0.05
rxn00854,=,6.63,0.76
rxn00855,>,-0.69,0.25
rxn00856,=,2.04,0.03
rxn00857,=,-6.55,0.25
rxn00858,=,-6.86,0.06
rxn00859,=,1.38,0.27
rxn00860,=,1.68,0.87
rxn00861,>,-2.22,0.32
rxn00862,=,-1.42,0.26
rxn00863,=,-2.28,0.28
rxn00864,>,-4.75,0.43
rxn00865,=,-1.64,0.43
rxn00866,>,-8.69,0.28
rxn00867,>,1.19,0.03
rxn00868,=,12.57,0.04
rxn00869,<,2.04,0.03
rxn00870,=,1.46,0.03
rxn00871,=,2.13,0.21
rxn00872,=,8.14,0.04
rxn00873,=,-0.98,0.02
rxn00874,=,2.55,0.19
rxn00875,=,-0.11,0.02
rxn00876,<,7.4,0.25
rxn00877,=,0.43,0.23
rxn00878,=,2.63,0.51
rxn00879,=,12.62,0.48
rxn00880,>,-92.67,0.5
rxn00881,>,-9.02,0.51
rxn00882,>,-2.57,0.51
rxn00883,=,-0.8,0.49
rxn00884,=,-2.74,0.86
rxn00885,>,-7.84,0.84
rxn00886,>,-9.27,0.85
rxn00888,=,-3.25,0.03
rxn00889,>,-18.72,0.53
rxn00890,=,-2.17,0.03
rxn00891,=,-1.8,0.32
rxn00892,=,-3.43,0.02
rxn00893,>,-13.22,0.3
rxn00894,>,-39.16,0.29
rxn00895,>,-5.45,0.32
rxn00896,=,-0.53,0.26
rxn00897,=,-1.33,0.03
rxn00898,>,-12.32,0.43
rxn00899,=,-5.69,0.16
rxn00900,=,2.45,0.39
rxn00901,=,10.49,0.19
rxn00902,<,8.21,0.17
rxn00903,=,1.86,0.19
rxn00904,=,1.7,0.19
rxn00905,<,12.16,0.41
rxn00906,=,2.41,0.03
rxn00907,=,1.83,0.03
rxn00908,=,5.84,0.04
rxn00910,=,8.85,0.04
rxn00911,=,0.78,0.03
rxn00912,=,-6.18,0.41
rxn00913,>,-3.0,0.02
rxn00914,=,-3.4,0.02
rxn00915,<,5.93,0.03
rxn00916,>,-7.66,0.57
rxn00917,>,-10.44,0.57
rxn00918,>,-8.79,0.03
rxn00919,>,-8.88,0.03
rxn00920,>,-10.0,0.03
rxn00921,=,0.38,0.04
rxn00922,>,-22.48,0.82
rxn00923,>,-12.62,0.47
rxn00924,=,0.0,0.47
rxn00925,>,-11.88,0.62
rxn00926,=,-4.99,0.03
rxn00927,=,-3.04,0.03
rxn00928,=,6.3,0.03
rxn00929,=,12.98,0.03
rxn00930,=,5.72,0.03
rxn00931,=,12.39,0.03
rxn00932,>,-102.07,0.32
rxn00933,=,4.41,0.36
rxn00934,=,-0.68,0.03
rxn00935,=,2.9,0.03
rxn00936,=,7.13,0.43
rxn00937,>,-3.54,0.33
rxn00938,>,-6.41,0.51
rxn00939,>,-10.65,0.84
rxn00940,>,-9.17,0.04
rxn00941,=,-1.38,0.04
rxn00942,>,-8.54,0.04
rxn00943,>,-7.35,0.02
rxn00944,<,2.04,0.03
rxn00945,=,9.37,0.19
rxn00946,=,5.53,0.19
rxn00947,=,-0.98,0.02
rxn00948,>,-5.74,0.25
rxn00949,>,0.53,0.33
rxn00950,>,-2.13,0.59
rxn00952,>,-17.81,0.37
rxn00953,=,-5.0,0.59
rxn00956,=,-0.71,0.56
rxn00957,=,-10.76,0.32
rxn00958,=,-11.34,0.32
rxn00959,>,-95.9,0.05
rxn00960,>,-81.74,0.43
rxn00961,>,-96.11,0.06
rxn00962,>,-81.15,0.43
rxn00963,>,-95.52,0.06
rxn00964,=,2.62,0.43
rxn00965,>,-10.95,0.43
rxn00966,<,12.17,0.62
rxn00967,>,-12.62,0.47
rxn00968,>,-123.04,0.36
rxn00970,=,7.69,0.05
rxn00971,=,0.21,0.21
rxn00972,=,-0.64,0.21
rxn00973,=,1.81,0.02
rxn00974,=,1.99,0.03
rxn00975,=,-4.26,0.03
rxn00976,=,-4.26,0.03
rxn00977,=,-2.17,0.03
rxn00978,=,-4.26,0.03
rxn00979,>,-13.74,0.05
rxn00980,>,-6.88,0.11
rxn00981,=,1.9,0.27
rxn00985,=,8.26,0.18
rxn00986,<,19.01,0.29
rxn00987,=,0.34,0.03
rxn00988,=,0.76,0.03
rxn00989,>,-9.08,0.03
rxn00990,=,-1.84,0.03
rxn00991,=,-0.66,0.2
rxn00992,=,2.72,0.03
rxn00993,=,2.98,0.46
rxn00994,=,1.73,0.02
rxn00995,>,-3.56,0.04
rxn00996,>,-22.02,0.55
rxn00997,=,9.64,0.21
rxn00998,=,9.05,0.21
rxn00999,>,-102.56,0.28
rxn01000,=,6.23,0.86
rxn01001,=,0.42,0.03
rxn01002,>,-10.96,0.05
rxn01003,>,-5.36,0.25
rxn01004,=,-0.0,0.02
rxn01005,=,-1.91,0.03
rxn01007,>,-5.4,0.32
rxn01008,=,-0.26,0.03
rxn01009,=,-1.34,0.41
rxn01010,=,-1.04,0.31
rxn01011,=,7.52,0.02
rxn01012,<,4.87,0.22
rxn01013,=,6.94,0.02
rxn01014,>,-4.29,0.05
rxn01015,=,0.43,0.03
rxn01016,=,4.03,0.03
rxn01017,>,-6.9,0.03
rxn01018,>,-5.04,0.03
rxn01019,>,-6.9,0.03
rxn01020,>,-6.61,0.03
rxn01021,=,0.46,0.23
rxn01022,<,2.72,0.03
rxn01023,=,0.23,0.24
rxn01024,=,-8.14,0.28
rxn01025,>,-8.93,0.51
rxn01026,>,-106.09,0.41
rxn01027,<,17.79,0.59
rxn01028,<,18.81,0.61
rxn01029,>,-8.02,0.04
rxn01030,<,108.26,0.48
rxn01031,=,6.86,0.06
rxn01032,=,-11.1,0.32
rxn01033,>,-11.68,0.32
rxn01034,>,-30.15,0.37
rxn01035,=,2.76,0.43
rxn01036,>,-39.98,0.4
rxn01037,=,-4.1,0.42
rxn01038,=,-4.79,0.42
rxn01039,=,7.69,0.05
rxn01041,=,-6.28,0.26
rxn01042,=,-6.87,0.26
rxn01043,=,3.6,0.03
rxn01044,=,0.83,0.02
rxn01045,=,11.08,0.19
rxn01046,>,-5.17,0.25
rxn01048,=,-5.09,0.03
rxn01049,=,-4.88,0.22
rxn01050,>,-35.64,0.14
rxn01051,=,-3.85,0.03
rxn01052,<,5.41,0.2
rxn01053,=,-8.57,0.13
rxn01054,=,-0.74,0.02
rxn01056,=,2.64,0.16
rxn01057,=,0.74,0.03
rxn01058,=,10.36,1.02
rxn01060,>,-77.75,0.67
rxn01062,=,9.77,1.02
rxn01063,>,-8.28,0.63
rxn01064,>,-25.64,0.52
rxn01065,=,2.39,0.36
rxn01067,>,-93.85,0.32
rxn01068,=,4.56,0.23
rxn01069,>,-9.64,0.15
rxn01070,=,2.1,0.16
rxn01071,=,-4.31,0.15
rxn01072,>,-21.43,0.22
rxn01073,=,-6.68,0.35
rxn01074,>,-2.42,0.22
rxn01075,=,-0.03,0.03
rxn01076,=,-2.51,0.18
rxn01079,=,8.13,0.25
rxn01080,=,0.15,0.03
rxn01081,=,-1.09,0.29
rxn01082,=,0.17,0.3
rxn01083,=,-2.22,0.51
rxn01084,>,-125.15,0.03
rxn01093,<,34.11,0.4
rxn01094,<,20.47,0.6
rxn01095,>,-121.6,0.54
rxn01096,>,-113.46,0.53
rxn01099,>,-2.38,0.02
rxn01100,=,4.44,0.02
rxn01101,=,8.49,0.02
rxn01102,=,-4.02,0.02
rxn01103,>,-10.83,0.02
rxn01104,>,-2.23,0.02
rxn01105,=,4.43,0.02
rxn01106,=,-0.98,0.02
rxn01107,=,-4.57,0.03
rxn01108,=,-4.71,0.25
rxn01109,=,-5.29,0.25
rxn01110,>,-36.92,0.25
rxn01111,=,-3.59,0.02
rxn01112,=,7.89,0.27
rxn01113,=,7.3,0.27
rxn01114,=,-4.04,0.03
rxn01115,=,2.61,0.04
rxn01116,=,-1.14,0.03
rxn01117,=,0.84,0.03
rxn01118,>,-105.89,0.52
rxn01119,=,1.53,0.23
rxn01121,>,-11.58,0.04
rxn01122,>,-14.88,0.08
rxn01123,=,-2.79,0.04
rxn01124,=,4.98,0.21
rxn01125,=,2.45,0.13
rxn01126,>,-7.48,0.12
rxn01127,=,-0.64,0.02
rxn01128,=,-3.42,0.02
rxn01129,=,-3.59,0.02
rxn01130,=,-1.7,0.02
rxn01131,<,15.51,0.48
rxn01132,<,3.6,0.26
rxn01133,>,-4.24,0.19
rxn01134,=,-0.88,0.03
rxn01135,=,-3.76,0.04
rxn01136,=,-1.93,0.04
rxn01137,=,-5.65,0.02
rxn01138,=,1.9,0.03
rxn01139,=,-1.08,0.21
rxn01140,=,-2.75,0.4
rxn01141,=,-11.64,0.37
rxn01142,=,-6.89,0.27
rxn01143,=,-3.59,0.02
rxn01144,=,-2.94,0.02
rxn01145,>,-2.81,0.02
rxn01146,=,0.04,0.04
rxn01147,=,-0.16,0.02
rxn01148,=,-3.64,0.03
rxn01149,=,-2.55,0.17
rxn01150,=,-3.13,0.17
rxn01151,=,7.52,0.23
rxn01152,=,1.25,0.03
rxn01153,>,-2.78,0.03
rxn01154,=,-0.27,0.04
rxn01156,=,4.1,0.22
rxn01157,=,-2.0,0.03
rxn01158,=,8.22,0.28
rxn01159,>,-9.62,0.3
rxn01160,=,1.95,0.29
rxn01161,=,2.69,0.3
rxn01162,=,-3.84,0.39
rxn01163,>,-60.43,1.41
rxn01164,>,-23.76,0.59
rxn01165,>,-27.71,0.93
rxn01166,>,-23.76,0.59
rxn01167,>,-25.41,0.93
rxn01168,=,-0.98,0.02
rxn01169,=,-3.43,0.02
rxn01170,>,-29.06,0.54
rxn01171,=,-0.32,0.03
rxn01172,=,-5.45,0.13
rxn01173,=,-6.03,0.13
rxn01174,=,5.71,0.03
rxn01175,<,26.86,0.53
rxn01176,=,5.16,0.18
rxn01177,>,-19.66,0.66
rxn01179,=,31.96,0.95
rxn01180,>,-20.29,0.96
rxn01181,=,2.64,0.38
rxn01182,=,-10.2,0.39
rxn01183,>,-3.86,0.43
rxn01184,>,-10.87,0.03
rxn01185,<,77.62,0.44
rxn01186,>,-3.36,0.25
rxn01187,>,-14.23,0.03
rxn01188,>,-4.89,0.61
rxn01189,>,-83.15,0.36
rxn01190,>,-88.26,0.19
rxn01191,>,-87.68,0.19
rxn01192,>,-123.65,0.73
rxn01193,>,-105.38,0.56
rxn01194,<,16.97,0.72
rxn01195,=,-0.33,0.3
rxn01196,=,0.25,0.33
rxn01197,>,-110.21,0.69
rxn01199,=,-5.12,0.03
rxn01200,=,1.38,0.03
rxn01201,=,2.88,0.03
rxn01202,=,3.55,0.19
rxn01203,=,-3.55,0.19
rxn01204,=,1.46,0.03
rxn01205,=,-1.57,0.46
rxn01206,>,-25.22,0.42
rxn01207,=,-5.36,0.18
rxn01208,<,4.49,0.28
rxn01210,>,-14.63,0.83
rxn01211,=,-1.12,0.03
rxn01212,>,-31.97,0.5
rxn01213,>,-21.24,0.89
rxn01214,>,-22.02,0.89
rxn01215,=,-9.0,0.02
rxn01216,>,-8.6,0.02
rxn01217,=,-3.88,0.03
rxn01218,>,-2.98,0.02
rxn01219,=,-0.61,0.02
rxn01220,=,-3.41,0.02
rxn01221,>,-5.79,0.02
rxn01222,>,-8.37,0.02
rxn01223,=,-2.63,0.39
rxn01224,>,-12.82,0.34
rxn01225,=,-1.13,0.57
rxn01226,=,-1.83,0.03
rxn01230,<,27.11,0.39
rxn01231,>,-8.65,0.27
rxn01232,=,8.96,0.37
rxn01233,=,1.77,0.19
rxn01236,=,3.08,0.21
rxn01237,=,11.55,0.26
rxn01238,>,-22.15,0.32
rxn01239,=,4.66,0.03
rxn01240,>,-26.97,0.05
rxn01241,=,1.46,0.02
rxn01246,>,-142.71,0.06
rxn01247,=,-5.31,0.03
rxn01248,=,13.0,0.57
rxn01249,=,6.78,0.03
rxn01251,>,-22.76,0.05
rxn01252,>,-24.85,0.05
rxn01253,=,0.07,0.03
rxn01254,=,-0.49,0.03
rxn01255,>,-15.41,0.58
rxn01256,>,-30.45,0.84
rxn01257,=,-3.94,0.04
rxn01258,=,0.24,0.03
rxn01261,<,39.68,0.59
rxn01262,>,-11.85,0.84
rxn01263,=,-6.1,0.2
rxn01265,<,6.9,0.03
rxn01268,<,20.85,0.86
rxn01269,<,20.26,0.86
rxn01270,=,-1.8,0.24
rxn01271,<,26.72,0.79
rxn01273,=,-7.62,0.31
rxn01274,=,-3.4,0.19
rxn01275,=,-4.03,0.02
rxn01276,=,2.39,0.21
rxn01277,=,4.6,0.03
rxn01278,=,1.81,0.21
rxn01279,=,0.75,0.04
rxn01280,=,7.95,0.03
rxn01281,=,7.37,0.03
rxn01282,>,-3.36,0.02
rxn01283,<,12.4,0.22
rxn01284,<,11.81,0.22
rxn01285,>,-6.31,0.16
rxn01286,=,-8.41,0.02
rxn01287,=,-3.29,0.38
rxn01289,>,-7.24,0.26
rxn01290,=,10.19,0.28
rxn01291,=,9.61,0.28
rxn01292,=,1.16,0.03
rxn01293,=,4.98,0.03
rxn01294,>,-2.9,0.41
rxn01295,>,-4.16,0.4
rxn01296,<,19.58,0.5
rxn01297,=,1.45,0.44
rxn01298,>,-30.76,0.44
rxn01299,=,-2.38,0.03
rxn01300,=,-4.08,0.15
rxn01301,=,6.04,0.03
rxn01302,=,5.46,0.03
rxn01303,>,-3.75,0.17
rxn01304,>,-3.53,0.22
rxn01305,=,5.31,0.15
rxn01306,=,4.24,0.19
rxn01307,=,4.73,0.03
rxn01308,=,0.35,0.05
rxn01310,=,7.16,0.25
rxn01313,=,4.96,0.77
rxn01314,=,5.54,0.77
rxn01315,>,-101.44,0.77
rxn01316,<,14.84,0.03
rxn01317,>,-2.59,0.08
rxn01318,=,7.09,0.4
rxn01319,=,8.0,0.4
rxn01320,=,6.48,0.38
rxn01322,>,-6.14,0.23
rxn01323,=,9.18,0.6
rxn01324,=,-1.85,0.41
rxn01325,>,-98.43,0.82
rxn01326,>,-84.78,0.88
rxn01327,>,-96.8,0.79
rxn01328,=,2.12,0.03
rxn01329,=,1.1,0.03
rxn01331,=,-6.6,0.14
rxn01332,>,-17.87,0.04
rxn01333,=,3.24,0.12
rxn01334,=,3.91,0.03
rxn01336,=,0.85,0.03
rxn01337,=,6.21,0.56
rxn01338,=,0.27,0.03
rxn01341,=,3.38,0.73
rxn01343,=,-2.75,0.03
rxn01344,=,-5.77,0.13
rxn01345,>,-3.64,0.03
rxn01349,=,1.37,0.37
rxn01350,>,-13.12,0.39
rxn01351,>,-8.39,0.02
rxn01352,>,-6.9,0.02
rxn01353,=,0.01,0.02
rxn01354,=,6.56,0.02
rxn01355,=,-0.62,0.13
rxn01356,=,0.37,0.04
rxn01357,<,35.26,0.55
rxn01358,<,2.56,0.03
rxn01359,=,2.52,0.03
rxn01360,>,-13.64,0.03
rxn01361,=,3.11,0.03
rxn01362,=,-3.45,0.03
rxn01363,=,3.97,0.03
rxn01364,<,34.53,0.98
rxn01365,=,2.45,0.26
rxn01366,=,0.13,0.03
rxn01367,=,-0.88,0.21
rxn01368,=,-3.77,0.03
rxn01369,>,-108.59,0.21
rxn01370,=,-3.6,0.02
rxn01371,=,3.15,0.02
rxn01372,>,-9.55,0.02
rxn01373,=,12.26,0.7
rxn01374,=,0.84,0.04
rxn01375,>,-11.03,0.25
rxn01376,<,15.92,0.41
rxn01377,<,5.61,0.32
rxn01378,=,0.22,0.18
rxn01379,>,-0.51,0.31
rxn01380,=,-0.3,0.03
rxn01383,=,4.7,0.03
rxn01385,=,5.02,0.03
rxn01386,=,-0.65,0.03
rxn01387,=,5.08,0.18
rxn01388,=,0.18,0.03
rxn01389,=,-5.49,0.29
rxn01390,=,-2.65,0.02
rxn01391,=,8.8,0.27
rxn01392,=,4.94,0.03
rxn01393,=,0.56,0.23
rxn01394,=,0.18,0.18
rxn01395,<,12.92,0.25
rxn01396,>,-7.08,0.31
rxn01397,>,-29.26,0.3
rxn01398,=,-0.69,0.31
rxn01399,=,-5.38,0.36
rxn01401,>,-14.85,0.49
rxn01403,>,-3.19,0.31
rxn01404,=,-3.21,0.31
rxn01405,=,1.49,0.17
rxn01406,=,-4.21,0.85
rxn01407,=,6.36,0.03
rxn01408,>,-7.13,0.2
rxn01409,=,0.45,0.03
rxn01410,=,-0.26,0.03
rxn01411,=,-3.41,0.02
rxn01413,=,-6.73,0.35
rxn01414,=,-2.19,0.27
rxn01415,>,-38.41,0.89
rxn01416,>,-88.84,0.6
rxn01417,=,-5.58,0.18
rxn01418,=,-3.93,0.05
rxn01419,=,2.3,0.04
rxn01420,>,-5.29,0.23
rxn01421,<,10.74,0.68
rxn01422,<,10.16,0.68
rxn01423,=,0.11,0.03
rxn01425,<,2.64,0.38
rxn01426,>,-23.11,0.8
rxn01427,=,-10.19,0.39
rxn01428,>,-3.72,0.43
rxn01429,=,5.6,0.56
rxn01430,=,0.57,0.41
rxn01431,=,-0.4,0.02
rxn01434,>,0.41,0.03
rxn01435,=,-0.79,0.12
rxn01436,=,-3.64,0.12
rxn01437,=,0.87,0.35
rxn01438,>,-91.25,0.27
rxn01439,=,-2.91,0.02
rxn01440,>,-40.24,0.12
rxn01441,>,-57.08,0.58
rxn01442,=,-2.91,0.02
rxn01443,=,-2.91,0.02
rxn01444,=,-3.4,0.02
rxn01445,>,-3.0,0.02
rxn01446,<,2.91,0.03
rxn01447,=,-3.33,0.03
rxn01448,=,-0.14,0.78
rxn01449,=,-0.14,0.78
rxn01450,>,-5.36,0.25
rxn01451,=,4.4,0.03
rxn01452,=,3.81,0.03
rxn01453,=,4.64,0.03
rxn01454,<,8.42,0.2
rxn01455,=,3.84,0.26
rxn01456,=,-9.43,0.16
rxn01457,=,0.32,0.03
rxn01458,=,0.04,0.34
rxn01459,=,-5.6,0.03
rxn01460,=,6.11,0.25
rxn01461,=,0.0,0.02
rxn01462,=,-6.86,0.06
rxn01463,>,-6.17,0.41
rxn01464,=,-0.22,0.41
rxn01465,=,-0.88,0.03
rxn01466,>,-22.44,0.76
rxn01467,>,-9.71,0.97
rxn01468,>,-9.77,0.97
rxn01469,=,3.64,0.99
rxn01471,>,-1.05,0.74
rxn01472,>,-30.04,0.82
rxn01473,>,-23.6,0.8
rxn01474,=,3.65,0.14
rxn01475,=,3.06,0.14
rxn01476,=,-5.16,0.03
rxn01477,>,-10.34,0.03
rxn01478,=,6.19,0.76
rxn01479,=,-0.23,0.03
rxn01480,=,5.11,0.03
rxn01482,=,4.53,0.33
rxn01483,>,-5.96,0.32
rxn01484,=,-1.29,0.32
rxn01485,=,-0.66,0.03
rxn01486,>,-22.44,0.76
rxn01487,=,7.88,1.24
rxn01488,>,-25.43,1.06
rxn01489,>,-27.28,1.7
rxn01490,=,-4.97,1.57
rxn01492,=,1.48,0.28
rxn01494,>,-124.93,0.65
rxn01495,>,-121.97,0.59
rxn01496,=,0.02,0.03
rxn01499,>,-11.64,0.26
rxn01500,=,5.68,0.3
rxn01501,=,4.51,0.3
rxn01502,>,-4.11,0.22
rxn01503,=,-2.39,0.22
rxn01504,>,-13.08,0.64
rxn01505,=,0.9,0.04
rxn01506,=,0.77,0.03
rxn01507,>,-2.97,0.02
rxn01508,=,-3.43,0.02
rxn01509,=,-0.6,0.02
rxn01510,=,-3.43,0.02
rxn01511,>,-5.61,0.02
rxn01512,=,-0.21,0.02
rxn01513,=,-0.79,0.02
rxn01514,>,-6.18,0.02
rxn01515,=,-3.2,0.02
rxn01516,=,-3.38,0.02
rxn01517,=,-0.78,0.02
rxn01518,=,-3.57,0.02
rxn01519,>,-7.99,0.02
rxn01520,=,-7.6,0.4
rxn01521,>,-2.82,0.02
rxn01522,=,-1.73,0.44
rxn01523,>,-29.16,0.6
rxn01524,>,-33.93,0.44
rxn01525,=,-8.44,0.26
rxn01527,=,-8.59,0.42
rxn01528,=,-2.8,0.48
rxn01529,=,1.41,0.31
rxn01530,=,2.72,0.03
rxn01531,>,-30.8,0.31
rxn01532,=,1.84,0.03
rxn01535,>,-8.22,0.62
rxn01536,>,-63.86,0.17
rxn01537,=,-4.47,0.33
rxn01538,=,-3.61,0.11
rxn01539,<,2.78,0.11
rxn01540,=,-3.46,0.02
rxn01541,=,5.17,0.51
rxn01543,>,-27.89,0.73
rxn01544,<,5.46,0.04
rxn01545,=,-2.33,0.04
rxn01546,=,1.69,0.87
rxn01547,=,-0.63,0.57
rxn01548,<,3.11,0.03
rxn01549,=,-1.1,0.21
rxn01550,>,-20.97,0.27
rxn01551,>,-2.75,0.32
rxn01554,=,1.44,0.88
rxn01555,>,-128.01,1.01
rxn01556,>,-23.11,0.8
rxn01557,>,-13.26,0.43
rxn01558,=,-0.32,0.76
rxn01559,>,-90.02,1.05
rxn01560,>,-2.96,0.03
rxn01561,=,-4.62,0.04
rxn01562,<,18.78,0.47
rxn01563,<,19.35,0.47
rxn01564,>,-27.8,0.29
rxn01565,=,6.83,0.77
rxn01566,=,2.57,0.12
rxn01567,>,-94.17,0.5
rxn01568,>,-9.49,0.28
rxn01570,<,2.65,0.38
rxn01571,=,-10.18,0.39
rxn01572,=,2.5,0.48
rxn01573,=,5.09,0.24
rxn01574,>,-27.12,0.24
rxn01575,=,-4.13,0.24
rxn01577,=,5.99,0.29
rxn01578,=,6.3,0.03
rxn01579,=,5.72,0.03
rxn01580,>,-23.06,0.07
rxn01581,=,4.72,0.06
rxn01582,=,3.62,0.35
rxn01583,=,4.66,0.54
rxn01584,=,3.04,0.35
rxn01585,>,-98.7,0.32
rxn01586,=,6.56,0.52
rxn01588,=,-5.31,0.58
rxn01589,=,2.64,0.38
rxn01590,=,-10.2,0.39
rxn01593,=,-2.61,0.16
rxn01594,>,1.04,0.23
rxn01595,=,-4.12,0.17
rxn01596,>,-3.79,0.16
rxn01597,=,-2.05,0.03
rxn01598,>,-97.29,0.29
rxn01599,>,-4.44,0.32
rxn01600,>,-26.09,0.34
rxn01601,=,5.5,0.04
rxn01602,=,4.92,0.04
rxn01603,>,-2.2,0.52
rxn01604,>,-2.04,0.32
rxn01605,>,-8.39,0.26
rxn01606,=,2.82,0.39
rxn01607,=,-4.61,0.15
rxn01608,<,33.23,0.48
rxn01609,<,32.65,0.48
rxn01610,<,18.14,0.21
rxn01611,>,-95.9,0.05
rxn01612,>,-95.2,0.31
rxn01613,=,-10.18,0.39
rxn01614,=,1.53,0.03
rxn01615,=,8.57,0.03
rxn01617,=,7.99,0.03
rxn01618,=,0.6,0.22
rxn01619,=,2.8,0.24
rxn01620,=,4.71,0.03
rxn01621,=,1.57,0.03
rxn01622,>,-56.35,0.69
rxn01623,>,-57.42,0.75
rxn01624,>,-51.99,0.84
rxn01625,>,-31.17,0.77
rxn01626,=,-1.89,0.03
rxn01628,=,1.46,0.2
rxn01629,=,2.59,0.28
rxn01630,>,-2.48,0.03
rxn01631,=,1.46,0.03
rxn01632,=,-6.08,0.25
rxn01633,>,-11.89,0.06
rxn01634,>,-15.46,0.2
rxn01635,<,16.61,0.44
rxn01636,=,0.73,0.03
rxn01637,=,5.34,0.05
rxn01638,=,-0.34,0.03
rxn01639,<,14.21,0.74
rxn01640,=,8.34,0.58
rxn01641,=,0.87,0.03
rxn01642,<,11.07,0.53
rxn01643,=,-3.4,0.03
rxn01644,>,-41.64,0.5
rxn01645,=,6.65,0.17
rxn01646,=,-3.61,0.03
rxn01647,=,-2.35,0.04
rxn01648,<,10.1,0.51
rxn01649,<,2.6,0.03
rxn01650,<,24.28,0.47
rxn01652,=,-7.51,0.56
rxn01653,>,-13.9,0.56
rxn01654,<,7.1,0.4
rxn01655,=,-0.0,0.02
rxn01656,>,-33.99,1.26
rxn01657,>,-25.49,1.31
rxn01658,>,-25.34,1.17
rxn01660,<,11.76,0.8
rxn01661,>,-31.15,1.2
rxn01662,=,10.91,0.04
rxn01663,=,10.32,0.04
rxn01664,<,7.78,0.06
rxn01665,=,0.92,0.1
rxn01669,>,-8.29,0.51
rxn01670,>,-3.59,0.02
rxn01671,=,-2.81,0.02
rxn01672,=,-4.26,0.03
rxn01673,=,0.01,0.02
rxn01674,=,-3.6,0.02
rxn01675,=,-0.04,0.02
rxn01676,=,-1.02,0.15
rxn01677,>,-6.19,0.02
rxn01678,=,-0.2,0.02
rxn01679,=,-3.39,0.02
rxn01680,>,-85.59,0.58
rxn01682,=,4.6,0.03
rxn01683,=,-7.71,0.35
rxn01684,=,-2.78,0.35
rxn01685,=,0.0,0.12
rxn01686,=,4.47,0.33
rxn01687,=,-1.72,0.14
rxn01688,=,0.82,0.43
rxn01689,=,0.23,0.43
rxn01690,>,-7.77,0.62
rxn01692,=,0.85,0.03
rxn01693,=,0.27,0.03
rxn01694,>,-79.82,0.43
rxn01695,>,-79.24,0.43
rxn01696,>,-93.81,0.71
rxn01697,>,-14.11,0.46
rxn01698,>,-12.82,0.25
rxn01699,>,-105.97,1.78
rxn01701,>,-12.15,0.03
rxn01702,=,4.8,0.03
rxn01703,=,1.76,0.29
rxn01704,=,-1.09,0.21
rxn01705,=,-3.42,0.02
rxn01706,=,-3.21,0.02
rxn01707,>,-27.39,0.52
rxn01708,=,0.78,0.53
rxn01709,>,-6.92,0.27
rxn01710,=,6.69,0.24
rxn01711,>,-23.67,0.62
rxn01712,>,-23.12,0.8
rxn01713,=,1.53,0.03
rxn01714,=,-0.48,0.31
rxn01715,>,-16.69,0.29
rxn01716,>,-79.82,0.43
rxn01717,=,6.83,0.77
rxn01718,>,-5.8,0.46
rxn01719,>,-7.36,0.38
rxn01720,>,-24.7,0.42
rxn01721,<,15.48,0.6
rxn01722,=,7.49,0.91
rxn01723,=,6.91,0.91
rxn01724,>,-95.96,1.83
rxn01725,=,4.46,0.2
rxn01726,=,-1.57,0.2
rxn01727,>,-109.05,0.17
rxn01728,>,-2.31,0.16
rxn01729,=,-5.6,0.03
rxn01730,=,0.09,0.02
rxn01731,=,-0.14,0.14
rxn01732,=,-0.14,0.14
rxn01733,=,-0.13,0.14
rxn01734,=,-0.24,0.14
rxn01735,=,4.8,0.31
rxn01737,=,-5.39,0.03
rxn01738,=,-0.83,0.03
rxn01739,=,-5.26,0.33
rxn01740,=,14.02,0.59
rxn01742,<,45.16,1.15
rxn01743,=,3.54,0.42
rxn01744,>,-74.27,0.57
rxn01745,=,4.49,0.03
rxn01746,=,0.36,0.03
rxn01747,=,-5.55,0.33
rxn01748,=,0.58,0.25
rxn01750,>,-8.28,0.3
rxn01751,=,0.24,0.26
rxn01752,=,-5.24,0.2
rxn01753,>,-12.89,0.19
rxn01754,=,-5.45,0.24
rxn01757,=,-2.21,0.22
rxn01758,>,-27.09,0.39
rxn01759,<,54.87,0.74
rxn01760,<,8.05,0.46
rxn01761,=,0.05,0.03
rxn01762,=,0.93,0.27
rxn01763,>,-8.07,0.25
rxn01764,=,11.36,0.28
rxn01765,>,-79.24,0.43
rxn01767,>,-108.22,0.1
rxn01768,>,-116.77,0.98
rxn01769,<,7.74,0.76
rxn01770,=,28.87,0.94
rxn01771,>,-93.93,0.18
rxn01772,=,-2.91,0.44
rxn01773,>,-6.99,0.51
rxn01774,>,-16.61,0.53
rxn01775,=,10.68,0.19
rxn01776,=,8.01,0.23
rxn01777,=,7.42,0.23
rxn01778,>,-22.11,0.05
rxn01779,=,-6.86,0.06
rxn01780,=,1.0,0.03
rxn01781,=,2.88,0.03
rxn01782,=,4.37,0.45
rxn01783,=,2.31,0.29
rxn01784,>,-8.66,0.27
rxn01785,>,-55.04,0.4
rxn01786,>,-93.95,0.34
rxn01787,>,-94.61,0.45
rxn01788,>,-94.82,0.35
rxn01789,=,6.94,0.3
rxn01790,=,4.92,0.03
rxn01791,>,-9.98,0.03
rxn01792,=,1.66,0.03
rxn01793,=,8.27,1.02
rxn01794,=,7.68,1.02
rxn01795,=,-8.52,0.39
rxn01797,>,-4.79,0.31
rxn01798,>,-6.53,0.29
rxn01799,=,-0.12,0.03
rxn01800,=,-3.72,0.03
rxn01801,>,-135.36,0.36
rxn01802,=,6.61,0.05
rxn01803,=,-1.56,0.19
rxn01804,>,-7.92,0.42
rxn01805,>,-3.35,0.34
rxn01806,>,-69.93,0.06
rxn01807,=,-6.62,0.31
rxn01808,=,-0.22,0.31
rxn01809,=,-6.21,0.56
rxn01812,>,-10.46,0.48
rxn01813,>,-12.36,0.02
rxn01814,>,-20.31,0.96
rxn01815,<,2.66,0.38
rxn01816,<,15.86,0.69
rxn01817,=,-4.94,0.56
rxn01818,>,-41.47,0.04
rxn01819,=,2.99,0.5
rxn01820,>,-89.95,0.34
rxn01821,>,-93.87,0.26
rxn01822,>,-89.37,0.34
rxn01823,>,-93.29,0.26
rxn01824,>,-113.22,0.39
rxn01825,>,-108.13,0.54
rxn01826,>,-98.12,0.39
rxn01827,>,-98.79,0.34
rxn01828,>,-10.91,0.25
rxn01830,=,-4.02,0.24
rxn01831,=,1.39,0.36
rxn01832,=,-2.79,0.26
rxn01833,>,-21.38,0.25
rxn01834,=,5.61,0.03
rxn01835,=,2.09,0.24
rxn01836,>,-20.93,0.4
rxn01837,=,6.83,0.77
rxn01838,>,-23.12,0.8
rxn01839,>,-69.28,0.83
rxn01840,=,-3.47,0.15
rxn01841,=,-4.06,0.15
rxn01842,=,-5.57,0.18
rxn01843,=,-5.18,0.25
rxn01846,=,7.61,0.03
rxn01847,=,7.61,0.03
rxn01848,=,-1.53,0.26
rxn01849,<,6.33,0.37
rxn01850,=,1.86,0.14
rxn01851,=,-5.01,0.03
rxn01853,>,-15.66,0.41
rxn01854,>,-13.98,0.48
rxn01855,=,2.05,0.03
rxn01856,>,-97.29,0.29
rxn01857,=,4.41,0.19
rxn01858,=,-5.65,0.02
rxn01859,=,1.69,0.03
rxn01860,=,3.98,0.16
rxn01861,<,57.53,0.03
rxn01862,<,53.1,0.04
rxn01863,>,-96.12,0.06
rxn01864,>,-95.54,0.06
rxn01865,=,-2.19,0.27
rxn01866,>,-56.28,0.77
rxn01867,=,-2.21,0.12
rxn01868,=,-2.79,0.12
rxn01870,=,4.2,0.02
rxn01874,<,22.23,1.11
rxn01875,>,-14.81,1.07
rxn01876,>,-2.16,1.04
rxn01877,=,0.69,0.02
rxn01878,>,-1.73,0.37
rxn01879,=,7.09,0.19
rxn01880,=,0.44,0.03
rxn01881,=,3.63,0.45
rxn01882,>,-19.78,0.69
rxn01883,=,-1.98,0.04
rxn01884,>,-96.55,0.04
rxn01885,>,-66.2,0.31
rxn01886,>,-8.25,0.32
rxn01887,=,2.77,0.03
rxn01888,>,-13.27,0.43
rxn01889,=,6.45,0.43
rxn01893,<,10.36,0.44
rxn01894,>,-2.5,0.33
rxn01895,=,6.16,0.42
rxn01896,<,7.08,0.35
rxn01898,>,-15.05,0.62
rxn01900,=,5.19,0.72
rxn01901,=,4.54,0.7
rxn01902,=,8.61,0.25
rxn01903,>,-16.84,0.29
rxn01904,>,-6.7,0.39
rxn01905,=,7.0,0.22
rxn01906,=,-2.22,0.22
rxn01907,=,-9.05,0.59
rxn01908,>,-9.03,0.59
rxn01909,<,6.79,0.22
rxn01910,>,-5.1,0.32
rxn01911,=,6.07,0.3
rxn01912,=,5.49,0.3
rxn01913,=,2.68,0.29
rxn01914,=,4.88,0.54
rxn01916,>,-10.48,0.26
rxn01917,=,2.8,0.21
rxn01918,>,-13.21,0.36
rxn01919,>,-89.82,0.44
rxn01920,<,45.42,0.36
rxn01921,=,-5.56,0.14
rxn01922,=,9.02,0.58
rxn01926,=,-5.15,0.02
rxn01927,>,-102.47,0.66
rxn01928,>,-43.68,0.77
rxn01929,=,3.54,0.76
rxn01930,>,-9.39,0.37
rxn01931,=,-1.93,0.31
rxn01933,>,-6.23,0.43
rxn01934,>,-38.73,0.39
rxn01935,<,19.24,0.5
rxn01936,>,-7.29,0.03
rxn01937,=,-3.47,0.15
rxn01938,=,-2.35,0.25
rxn01939,=,-2.93,0.25
rxn01941,=,0.28,0.34
rxn01942,=,2.56,0.53
rxn01943,=,-3.47,0.15
rxn01944,=,-4.06,0.15
rxn01945,>,-79.82,0.43
rxn01946,=,-5.73,0.19
rxn01947,>,-10.94,0.06
rxn01948,>,-11.64,0.26
rxn01949,>,-89.31,0.6
rxn01951,=,-3.43,0.02
rxn01952,<,2.97,0.02
rxn01953,=,4.87,0.26
rxn01954,>,-89.7,0.36
rxn01955,>,-9.96,0.41
rxn01956,=,-8.7,0.46
rxn01957,=,0.38,0.46
rxn01959,=,-3.62,0.17
rxn01961,>,-2.96,0.02
rxn01962,>,-8.32,0.02
rxn01964,>,-7.58,0.04
rxn01966,<,4.48,0.26
rxn01967,=,0.02,0.31
rxn01968,=,-1.12,0.03
rxn01969,=,-1.83,0.02
rxn01971,>,-7.26,0.22
rxn01972,=,-4.56,0.26
rxn01973,=,0.1,0.39
rxn01974,=,-0.19,0.03
rxn01975,=,-5.3,0.25
rxn01977,=,-0.32,0.03
rxn01979,>,-11.06,0.32
rxn01980,=,4.1,0.03
rxn01981,=,3.45,0.39
rxn01985,<,2.35,0.03
rxn01986,>,-5.15,0.21
rxn01987,=,3.43,0.02
rxn01989,>,-10.43,0.22
rxn01990,=,5.88,0.19
rxn01991,=,9.22,0.03
rxn01993,=,-7.46,0.32
rxn01994,=,0.56,0.39
rxn01995,>,1.36,0.35
rxn01996,=,-0.0,0.03
rxn01997,>,-8.28,0.3
rxn01998,<,6.45,0.37
rxn01999,=,-0.34,0.03
rxn02000,=,-2.35,0.35
rxn02002,=,3.31,0.35
rxn02003,=,7.42,0.37
rxn02004,>,-2.95,0.03
rxn02006,=,-2.49,0.24
rxn02007,>,-9.65,0.64
rxn02008,>,-14.42,0.31
rxn02009,>,-4.52,0.39
rxn02010,>,-4.52,0.39
rxn02011,>,-7.48,0.64
rxn02012,=,5.32,0.29
rxn02013,=,11.03,1.31
rxn02014,=,5.1,1.1
rxn02015,<,73.38,0.78
rxn02016,>,-17.25,0.57
rxn02018,=,-0.46,0.41
rxn02019,>,-18.7,0.76
rxn02020,>,-8.8,0.03
rxn02021,<,14.36,0.35
rxn02022,>,-62.76,0.7
rxn02023,>,-11.0,0.54
rxn02024,=,4.23,0.53
rxn02026,=,-5.93,0.27
rxn02028,=,-4.98,0.85
rxn02029,=,6.96,0.36
rxn02031,>,-84.88,0.37
rxn02032,=,1.86,0.25
rxn02033,=,-0.55,0.19
rxn02034,=,3.98,0.26
rxn02035,=,3.39,0.26
rxn02036,>,-4.89,0.52
rxn02037,=,14.71,1.18
rxn02038,=,-0.46,1.17
rxn02039,=,4.81,0.58
rxn02041,>,-21.93,0.55
rxn02042,=,-3.2,0.08
rxn02043,=,-3.2,0.08
rxn02044,=,-3.2,0.08
rxn02045,<,8.87,0.57
rxn02046,>,-3.05,0.15
rxn02049,=,2.96,0.29
rxn02050,=,2.04,0.43
rxn02051,>,-12.27,0.71
rxn02052,>,-7.69,0.75
rxn02053,=,-2.66,0.66
rxn02054,>,-19.26,0.89
rxn02055,>,-23.29,0.66
rxn02056,>,-19.34,0.03
rxn02057,=,-3.46,0.02
rxn02058,>,-2.93,0.02
rxn02059,=,-3.46,0.02
rxn02060,=,-3.46,0.02
rxn02061,=,-4.5,0.85
rxn02062,>,-16.44,0.9
rxn02063,>,-85.58,0.7
rxn02064,=,-3.35,2.17
rxn02065,>,-29.27,0.05
rxn02066,=,2.88,0.03
rxn02067,>,-79.72,0.93
rxn02068,>,-34.78,0.83
rxn02069,=,4.41,0.5
rxn02070,=,4.81,0.53
rxn02071,>,-30.32,0.37
rxn02072,>,-17.55,0.59
rxn02073,=,4.7,0.16
rxn02074,>,-12.53,0.47
rxn02075,=,-3.89,0.58
rxn02077,=,-1.51,0.49
rxn02078,=,2.34,0.24
rxn02079,<,26.6,0.81
rxn02080,=,-0.13,0.62
rxn02081,>,-27.65,0.29
rxn02082,>,-85.52,0.64
rxn02083,=,6.83,0.77
rxn02084,>,-2.87,0.32
rxn02085,=,2.23,0.03
rxn02087,>,-18.27,0.45
rxn02088,>,-23.12,0.8
rxn02089,=,-0.27,0.03
rxn02090,=,-4.12,0.29
rxn02091,>,-22.1,0.05
rxn02092,=,-0.83,0.04
rxn02093,=,-1.34,0.03
rxn02094,=,1.03,0.19
rxn02095,=,2.82,0.03
rxn02096,>,-3.07,0.56
rxn02097,=,-3.32,0.56
rxn02098,>,-22.47,0.82
rxn02099,=,-12.77,0.47
rxn02100,=,-6.61,0.29
rxn02102,=,4.79,0.26
rxn02103,=,4.21,0.26
rxn02104,>,-7.3,0.27
rxn02105,>,-2.78,0.03
rxn02106,=,-2.5,0.7
rxn02107,>,-13.19,0.36
rxn02108,=,-3.68,0.41
rxn02109,>,-31.97,0.5
rxn02110,=,1.87,0.47
rxn02111,=,4.28,0.14
rxn02112,=,3.77,0.03
rxn02113,>,-10.14,0.43
rxn02115,=,1.22,0.27
rxn02117,>,-12.62,0.47
rxn02118,>,-12.18,0.37
rxn02119,=,-0.89,1.03
rxn02120,=,-4.32,0.25
rxn02121,=,0.98,0.21
rxn02122,=,-13.32,0.27
rxn02123,>,-4.94,0.45
rxn02125,>,-91.04,1.04
rxn02126,=,5.06,0.29
rxn02127,=,-4.68,0.29
rxn02128,=,-4.95,0.11
rxn02129,>,-11.43,0.42
rxn02130,=,4.14,0.43
rxn02131,=,-4.35,0.63
rxn02132,=,3.43,0.03
rxn02133,=,-3.41,0.02
rxn02134,=,2.99,0.27
rxn02135,=,-3.54,0.53
rxn02136,>,-23.06,0.8
rxn02137,=,0.71,0.18
rxn02138,=,2.11,0.23
rxn02139,=,-0.03,0.51
rxn02140,=,-0.29,0.44
rxn02141,=,16.14,0.43
rxn02142,=,15.56,0.43
rxn02143,=,-5.58,0.21
rxn02144,=,-7.92,0.58
rxn02145,>,-23.72,0.45
rxn02147,=,3.45,0.14
rxn02148,>,-90.07,0.41
rxn02149,=,-3.73,0.46
rxn02150,=,-5.74,0.44
rxn02151,>,-18.39,0.35
rxn02153,=,-0.4,0.16
rxn02154,>,-8.04,0.03
rxn02155,=,-0.28,0.03
rxn02156,>,-78.07,0.41
rxn02157,>,-107.71,0.34
rxn02158,>,-111.72,0.82
rxn02159,=,3.66,0.21
rxn02160,>,-3.75,0.15
rxn02161,=,-2.48,0.02
rxn02163,=,5.49,0.14
rxn02164,=,5.35,0.13
rxn02165,>,-79.38,0.44
rxn02166,=,3.57,0.46
rxn02167,=,0.72,0.03
rxn02168,=,1.54,0.03
rxn02169,=,0.37,0.34
rxn02170,=,4.86,0.27
rxn02171,<,10.25,0.42
rxn02172,>,-12.42,0.21
rxn02173,>,-8.9,0.16
rxn02174,=,-4.25,0.16
rxn02175,=,0.6,0.03
rxn02176,>,-8.93,0.03
rxn02177,=,-3.55,0.37
rxn02178,<,8.72,0.24
rxn02179,=,5.61,0.13
rxn02180,=,-5.02,0.13
rxn02181,>,-5.04,0.45
rxn02182,>,-0.52,0.47
rxn02183,=,2.8,0.29
rxn02184,=,4.8,0.03
rxn02185,=,-1.61,0.54
rxn02186,=,-1.9,0.18
rxn02187,=,1.27,0.05
rxn02188,=,0.4,0.03
rxn02189,=,-2.78,0.03
rxn02190,=,-2.95,0.29
rxn02191,>,-5.51,0.32
rxn02192,<,5.91,0.53
rxn02193,>,-74.09,0.91
rxn02194,=,-7.45,0.64
rxn02196,=,-2.58,0.29
rxn02197,=,0.35,0.04
rxn02198,<,4.66,0.29
rxn02199,>,-2.05,0.14
rxn02200,>,-22.63,0.45
rxn02201,>,-26.87,0.46
rxn02202,=,-0.96,0.03
rxn02204,=,-0.75,0.03
rxn02206,>,-5.46,0.13
rxn02207,=,7.87,0.31
rxn02209,=,6.76,0.4
rxn02210,=,5.19,0.32
rxn02211,=,-4.22,0.36
rxn02212,>,-23.68,0.45
rxn02213,=,-1.27,0.03
rxn02214,>,-79.82,0.43
rxn02215,>,-95.3,0.44
rxn02216,>,-79.24,0.43
rxn02217,>,-14.11,0.46
rxn02218,>,-89.77,0.54
rxn02219,=,4.4,0.33
rxn02220,<,7.62,0.24
rxn02221,>,-6.11,0.04
rxn02222,>,-5.18,0.25
rxn02223,>,-81.33,0.57
rxn02224,<,13.82,0.32
rxn02226,=,-5.3,0.03
rxn02227,=,-5.89,0.03
rxn02228,=,4.37,0.09
rxn02229,<,74.37,0.55
rxn02230,>,-19.19,0.25
rxn02231,>,-23.08,0.8
rxn02232,>,-23.06,0.8
rxn02234,=,7.78,0.55
rxn02235,=,5.61,0.13
rxn02238,=,-3.97,0.4
rxn02239,>,-79.24,0.43
rxn02241,>,-91.83,1.06
rxn02242,>,-4.44,0.22
rxn02243,=,0.0,0.02
rxn02244,>,-33.47,0.93
rxn02245,>,-12.49,0.42
rxn02246,>,-39.84,0.56
rxn02247,>,-9.43,0.45
rxn02248,>,-29.3,0.62
rxn02249,=,3.77,0.94
rxn02250,>,-22.4,0.05
rxn02251,>,-125.58,0.11
rxn02255,>,-121.27,0.57
rxn02257,=,-0.59,0.18
rxn02258,=,0.16,0.18
rxn02259,=,7.16,0.26
rxn02260,=,-2.87,0.15
rxn02261,<,9.26,0.15
rxn02262,=,-0.01,0.18
rxn02263,=,1.28,0.03
rxn02264,>,-26.95,0.5
rxn02265,>,-26.95,0.5
rxn02266,=,-1.74,0.42
rxn02269,=,-5.69,0.16
rxn02272,=,2.23,0.39
rxn02273,=,-5.01,0.03
rxn02274,>,-5.4,0.05
rxn02275,>,-2.48,0.03
rxn02276,=,-0.0,0.02
rxn02277,>,-19.66,0.78
rxn02278,=,2.61,0.17
rxn02279,>,-25.64,0.54
rxn02280,>,-42.83,1.04
rxn02281,>,-12.89,0.28
rxn02282,<,14.15,0.48
rxn02283,=,-5.41,0.61
rxn02284,<,19.73,0.33
rxn02285,<,19.14,0.33
rxn02286,>,-2.17,0.3
rxn02287,>,-13.29,2.46
rxn02288,>,-9.74,1.26
rxn02289,=,-4.36,0.27
rxn02290,>,-31.32,1.8
rxn02291,>,-32.27,1.84
rxn02292,=,-11.11,0.63
rxn02293,>,-107.76,0.64
rxn02294,=,-0.14,0.03
rxn02295,>,-73.28,0.77
rxn02296,=,-1.84,0.02
rxn02297,=,-1.31,0.31
rxn02298,=,-3.53,0.36
rxn02299,=,-8.89,0.79
rxn02300,>,-20.14,0.87
rxn02301,>,-28.75,0.54
rxn02302,>,-18.91,0.36
rxn02303,>,-104.19,0.95
rxn02304,>,-69.4,3.11
rxn02305,=,-1.23,0.03
rxn02306,=,-2.29,0.22
rxn02307,=,1.9,0.22
rxn02308,=,1.31,0.22
rxn02309,=,0.85,0.2
rxn02310,>,-22.48,0.82
rxn02311,>,-3.82,0.22
rxn02312,=,1.1,0.48
rxn02313,=,2.0,0.07
rxn02314,=,-3.77,0.02
rxn02315,=,-3.77,0.02
rxn02316,=,-3.55,0.02
rxn02317,=,-3.77,0.02
rxn02318,=,2.24,0.13
rxn02319,=,-2.48,0.02
rxn02320,=,-1.82,0.03
rxn02321,=,0.02,0.29
rxn02322,=,-0.65,0.02
rxn02323,>,-146.3,0.71
rxn02324,>,-3.62,0.36
rxn02325,=,-4.62,0.29
rxn02326,>,-9.58,0.05
rxn02327,=,6.86,0.06
rxn02328,<,33.65,1.04
rxn02329,>,-119.73,0.82
rxn02331,<,19.37,0.17
rxn02332,=,1.63,0.25
rxn02336,=,8.65,0.48
rxn02337,=,3.15,0.52
rxn02338,=,1.43,0.78
rxn02339,=,-2.93,0.19
rxn02340,>,-13.26,0.43
rxn02341,>,-11.6,0.42
rxn02343,>,-5.78,0.83
rxn02344,=,0.86,0.22
rxn02345,=,-0.82,0.03
rxn02346,=,-7.85,0.14
rxn02347,=,-0.18,0.16
rxn02348,=,1.55,0.36
rxn02349,>,-90.38,0.32
rxn02350,=,-5.01,0.03
rxn02351,<,2.51,0.14
rxn02352,>,-4.74,0.43
rxn02353,=,-1.66,0.43
rxn02354,>,-8.97,0.59
rxn02355,=,3.36,0.35
rxn02356,=,0.02,0.38
rxn02357,=,2.78,0.35
rxn02358,=,-0.56,0.38
rxn02359,=,-4.41,0.38
rxn02360,=,0.01,0.03
rxn02361,<,25.28,0.4
rxn02362,=,7.72,0.25
rxn02363,>,-83.74,0.36
rxn02364,=,-3.47,0.15
rxn02365,=,-4.06,0.15
rxn02366,>,-126.4,0.63
rxn02367,>,-23.11,0.8
rxn02369,>,-9.21,0.66
rxn02370,>,-50.07,0.86
rxn02373,<,3.58,0.21
rxn02374,>,-6.54,0.05
rxn02375,=,-2.6,0.03
rxn02377,=,2.51,0.27
rxn02378,=,-0.4,0.02
rxn02379,=,1.82,0.25
rxn02380,=,2.96,0.33
rxn02381,<,26.68,0.78
rxn02382,=,-5.6,0.29
rxn02384,=,1.41,0.3
rxn02385,=,4.68,0.66
rxn02388,>,-2.59,0.35
rxn02389,>,-13.43,0.27
rxn02390,>,-14.24,0.24
rxn02392,=,7.79,0.03
rxn02393,=,9.79,0.21
rxn02394,=,7.2,0.03
rxn02395,=,9.21,0.21
rxn02396,>,-5.36,0.25
rxn02397,=,-0.0,0.02
rxn02398,>,-57.73,0.77
rxn02399,>,-32.66,0.7
rxn02400,>,-2.96,0.02
rxn02401,=,3.43,0.02
rxn02402,<,12.63,0.38
rxn02403,=,4.42,0.03
rxn02404,>,-3.88,0.27
rxn02405,<,18.42,0.43
rxn02406,>,-2.03,0.26
rxn02407,=,-0.12,0.6
rxn02410,=,4.32,0.15
rxn02411,>,-9.24,0.4
rxn02412,>,-6.58,0.45
rxn02413,>,-134.89,0.78
rxn02414,>,-23.11,0.8
rxn02415,>,-12.18,0.37
rxn02416,>,-86.18,0.26
rxn02417,=,8.11,1.06
rxn02418,=,7.33,1.07
rxn02419,=,7.79,0.03
rxn02420,>,-2.14,0.45
rxn02421,=,-0.24,0.03
rxn02422,=,-4.5,0.17
rxn02424,=,-2.37,0.21
rxn02425,>,-9.68,0.35
rxn02426,=,-2.22,0.18
rxn02427,>,-100.17,0.63
rxn02428,>,-99.59,0.63
rxn02429,=,-4.03,0.02
rxn02430,=,-1.2,0.48
rxn02431,<,18.42,0.46
rxn02432,<,18.34,0.29
rxn02433,<,17.75,0.29
rxn02434,>,-7.74,0.3
rxn02435,=,2.95,0.26
rxn02436,=,-3.63,0.11
rxn02437,=,2.03,0.25
rxn02438,=,6.56,0.24
rxn02439,=,1.44,0.25
rxn02440,=,5.98,0.24
rxn02441,=,1.79,0.35
rxn02442,>,-21.02,0.79
rxn02444,>,-28.58,0.57
rxn02445,=,8.93,0.57
rxn02446,=,0.85,0.03
rxn02447,=,0.27,0.03
rxn02448,>,-95.0,0.14
rxn02449,>,-5.16,0.02
rxn02451,=,-0.83,0.03
rxn02452,=,5.04,0.46
rxn02455,>,-5.9,0.24
rxn02456,>,-11.9,0.25
rxn02457,>,-6.97,0.19
rxn02458,=,5.5,0.25
rxn02459,=,7.78,0.03
rxn02460,>,-9.89,0.22
rxn02461,=,3.5,0.22
rxn02463,>,-95.8,0.84
rxn02464,>,-95.21,0.84
rxn02465,<,3.03,0.21
rxn02466,=,0.31,0.27
rxn02467,>,-18.51,0.62
rxn02468,=,-0.64,0.29
rxn02469,>,-106.54,0.15
rxn02470,>,-86.86,0.36
rxn02472,>,-23.09,0.8
rxn02473,>,-20.33,0.26
rxn02474,<,17.5,0.52
rxn02475,=,-2.55,0.56
rxn02476,>,-6.02,0.38
rxn02477,>,-22.63,0.71
rxn02478,>,-77.28,0.92
rxn02479,=,8.42,0.78
rxn02480,<,16.76,0.58
rxn02481,<,18.04,0.47
rxn02482,>,-104.03,0.77
rxn02483,>,-8.43,0.59
rxn02484,=,-6.97,0.31
rxn02485,>,-35.02,1.1
rxn02488,=,-4.89,0.35
rxn02489,>,-13.07,0.25
rxn02490,>,-7.77,0.18
rxn02496,>,-13.89,0.64
rxn02497,=,-4.87,0.48
rxn02498,=,10.02,1.33
rxn02499,>,-4.18,0.18
rxn02500,=,10.74,0.39
rxn02501,=,8.32,0.33
rxn02502,=,-3.91,0.34
rxn02503,=,-4.08,0.11
rxn02504,=,3.4,0.36
rxn02505,=,2.49,1.02
rxn02506,=,4.71,0.08
rxn02507,>,-4.49,0.36
rxn02508,>,-12.29,0.43
rxn02509,<,19.34,1.13
rxn02510,<,10.79,0.72
rxn02511,>,-30.43,0.54
rxn02512,>,-28.78,0.54
rxn02513,=,-5.28,0.82
rxn02514,<,4.49,0.57
rxn02515,=,9.63,0.5
rxn02516,>,-24.28,0.44
rxn02517,=,-0.0,0.02
rxn02518,>,-8.33,0.02
rxn02519,=,2.31,0.18
rxn02520,>,-28.06,1.21
rxn02521,>,-19.88,0.37
rxn02522,>,-17.35,0.33
rxn02523,<,5.03,0.49
rxn02525,<,13.92,0.5
rxn02526,>,-97.92,0.69
rxn02527,=,-2.88,0.03
rxn02528,=,-2.3,0.03
rxn02529,=,-8.77,0.04
rxn02530,=,-6.69,0.23
rxn02531,>,-13.19,0.43
rxn02532,>,-94.47,0.97
rxn02533,>,-134.77,0.85
rxn02534,>,-37.47,0.38
rxn02535,=,-5.87,0.81
rxn02536,>,-98.83,0.48
rxn02537,>,-94.71,0.09
rxn02538,>,-13.27,0.43
rxn02539,>,-96.74,0.68
rxn02540,>,-90.69,0.22
rxn02541,>,-91.99,0.18
rxn02542,=,-2.73,0.63
rxn02543,=,3.37,0.73
rxn02544,=,-0.46,0.55
rxn02545,>,-84.3,0.37
rxn02546,=,1.87,0.25
rxn02548,>,-22.47,0.82
rxn02549,=,6.25,0.71
rxn02550,>,-13.04,0.43
rxn02551,>,-12.75,0.47
rxn02552,=,-3.43,0.02
rxn02554,>,-81.8,0.4
rxn02555,=,7.17,0.37
rxn02556,<,49.59,0.61
rxn02557,=,3.15,0.52
rxn02558,=,-0.11,0.44
rxn02559,=,-0.69,0.44
rxn02560,=,-3.6,0.26
rxn02561,>,-23.11,0.8
rxn02562,=,-4.92,0.65
rxn02563,=,-4.04,0.64
rxn02564,>,-114.31,1.0
rxn02565,=,6.75,0.47
rxn02566,=,6.17,0.47
rxn02567,=,1.19,0.35
rxn02568,>,-13.22,0.43
rxn02569,<,42.64,0.72
rxn02571,>,-11.87,0.44
rxn02574,=,8.25,0.42
rxn02575,>,-15.06,0.42
rxn02576,=,-2.58,0.11
rxn02577,>,-85.59,0.26
rxn02578,>,-93.43,0.37
rxn02579,>,-7.32,0.37
rxn02580,=,-3.79,0.57
rxn02581,=,-1.63,0.41
rxn02584,=,3.09,0.3
rxn02585,=,4.72,0.03
rxn02586,>,-23.48,0.71
rxn02587,>,-20.31,0.78
rxn02589,=,-5.41,0.25
rxn02590,>,-22.9,0.53
rxn02591,=,-2.51,0.03
rxn02592,>,-74.04,0.69
rxn02593,>,-89.24,0.7
rxn02594,=,-6.47,0.75
rxn02595,>,-22.47,0.82
rxn02596,=,-1.34,0.03
rxn02597,=,-4.57,0.03
rxn02598,=,-3.97,0.4
rxn02599,>,-80.54,0.39
rxn02600,>,-79.95,0.39
rxn02601,>,-79.89,0.4
rxn02602,>,-108.22,0.1
rxn02603,=,-4.52,0.32
rxn02604,=,-3.98,0.16
rxn02606,=,5.96,0.78
rxn02607,>,-2.96,0.25
rxn02608,>,-8.9,0.16
rxn02609,=,5.66,0.53
rxn02610,<,15.62,0.81
rxn02611,<,28.75,0.77
rxn02612,>,-7.63,0.83
rxn02614,=,-8.35,0.3
rxn02615,=,-2.8,0.39
rxn02616,=,-8.93,0.28
rxn02617,>,-10.67,0.23
rxn02618,<,8.28,0.63
rxn02620,=,0.69,0.02
rxn02621,=,-3.47,0.41
rxn02622,=,0.86,0.03
rxn02623,<,3.76,0.22
rxn02624,<,1.63,0.46
rxn02625,>,1.22,0.03
rxn02627,>,-94.26,0.84
rxn02628,=,9.7,0.54
rxn02629,=,12.25,1.08
rxn02630,>,-64.64,0.84
rxn02631,=,6.43,0.69
rxn02633,=,11.99,0.36
rxn02634,>,-10.43,0.41
rxn02635,>,-83.26,0.39
rxn02636,=,-4.96,1.37
rxn02637,=,1.86,0.14
rxn02638,>,-13.25,1.14
rxn02639,=,-1.56,0.35
rxn02640,>,-86.81,1.17
rxn02641,>,-23.12,0.8
rxn02642,>,-79.72,0.93
rxn02643,>,-12.17,0.69
rxn02645,>,-20.15,0.97
rxn02646,=,-0.15,0.4
rxn02647,>,-114.89,0.04
rxn02649,>,-23.1,0.8
rxn02650,=,8.08,0.03
rxn02651,=,4.41,0.03
rxn02652,<,11.73,0.31
rxn02653,=,-16.47,0.94
rxn02654,>,-112.35,0.74
rxn02655,<,31.59,0.59
rxn02656,>,-65.1,0.78
rxn02659,=,9.19,0.68
rxn02660,>,-23.08,0.8
rxn02661,>,-2.96,0.19
rxn02663,=,-2.66,0.22
rxn02665,=,2.87,0.14
rxn02666,<,6.49,0.27
rxn02667,=,4.05,0.13
rxn02668,=,-3.1,0.33
rxn02669,>,-14.79,0.32
rxn02670,=,2.26,0.36
rxn02671,=,1.68,0.36
rxn02673,=,-4.86,0.29
rxn02674,=,-2.39,0.02
rxn02675,=,-5.91,0.23
rxn02676,>,-9.1,0.29
rxn02677,=,-0.22,1.17
rxn02678,=,9.37,0.19
rxn02679,=,5.53,0.19
rxn02680,=,2.55,0.19
rxn02681,=,0.45,0.03
rxn02682,=,-5.86,0.49
rxn02683,>,-11.25,0.52
rxn02684,=,-1.62,0.48
rxn02685,=,0.69,0.02
rxn02686,<,18.97,1.27
rxn02687,=,-3.28,0.46
rxn02688,=,0.0,0.35
rxn02689,=,-3.28,0.46
rxn02690,>,-101.45,0.77
rxn02691,=,2.6,0.76
rxn02693,>,-52.73,0.85
rxn02694,=,-4.73,0.21
rxn02695,=,1.63,0.24
rxn02696,=,-3.85,0.03
rxn02697,>,-118.6,0.37
rxn02698,>,-231.29,0.66
rxn02699,>,-109.96,0.16
rxn02700,=,-8.26,0.43
rxn02702,>,-108.46,0.71
rxn02703,=,-3.95,0.13
rxn02704,=,-2.99,0.52
rxn02705,=,4.39,0.03
rxn02706,>,-1.68,0.22
rxn02708,=,1.89,0.24
rxn02709,=,-0.69,0.44
rxn02710,>,-43.87,0.65
rxn02711,>,-23.12,0.8
rxn02712,<,67.18,0.51
rxn02713,>,-21.24,0.79
rxn02715,>,-89.62,0.76
rxn02716,=,-2.21,1.01
rxn02717,=,7.13,1.18
rxn02718,=,6.55,1.18
rxn02719,=,9.37,0.19
rxn02720,=,5.53,0.19
rxn02721,<,11.65,0.28
rxn02722,=,-1.83,1.02
rxn02724,=,5.51,1.55
rxn02725,=,4.93,1.55
rxn02726,>,-95.79,0.04
rxn02727,=,3.32,0.38
rxn02728,=,-0.0,0.02
rxn02729,=,-1.01,0.39
rxn02733,<,102.47,0.03
rxn02734,=,2.27,0.28
rxn02735,<,12.16,0.41
rxn02737,=,2.76,0.16
rxn02738,=,3.82,0.61
rxn02739,=,3.24,0.61
rxn02740,=,0.26,0.26
rxn02741,=,0.9,0.75
rxn02742,=,2.88,0.03
rxn02743,>,-7.28,0.68
rxn02744,=,1.43,0.29
rxn02745,>,-137.35,0.64
rxn02746,=,-0.0,0.02
rxn02747,>,-10.61,0.55
rxn02748,>,-2.72,0.31
rxn02749,=,2.14,0.03
rxn02750,<,4.85,0.2
rxn02751,<,3.98,0.19
rxn02752,>,-15.15,0.55
rxn02753,=,5.66,0.52
rxn02754,>,-4.79,0.31
rxn02755,=,5.5,0.33
rxn02756,=,0.92,0.03
rxn02758,=,2.77,0.03
rxn02760,=,4.84,0.34
rxn02761,=,0.0,0.02
rxn02762,>,-19.88,0.37
rxn02763,=,2.04,0.51
rxn02764,=,2.76,0.43
rxn02765,>,-21.62,0.82
rxn02766,=,4.04,0.49
rxn02767,>,-9.39,0.37
rxn02768,<,3.07,0.34
rxn02769,=,0.69,0.02
rxn02770,=,-3.33,0.25
rxn02771,=,3.37,0.79
rxn02772,=,8.14,0.68
rxn02773,>,-7.77,0.62
rxn02774,<,35.35,1.99
rxn02775,=,-2.15,0.76
rxn02776,<,31.28,2.39
rxn02778,=,0.0,0.03
rxn02779,>,-80.26,0.78
rxn02780,<,15.18,0.63
rxn02781,>,-23.1,0.8
rxn02782,=,2.22,0.03
rxn02783,=,7.17,0.14
rxn02784,<,29.37,1.01
rxn02785,=,4.53,0.44
rxn02786,>,-84.38,0.27
rxn02787,=,-0.36,0.4
rxn02788,=,0.0,0.02
rxn02789,>,-2.71,0.46
rxn02790,=,1.8,0.14
rxn02791,=,1.11,0.37
rxn02794,=,0.97,0.02
rxn02795,=,-0.17,0.29
rxn02796,=,1.73,0.33
rxn02797,>,-12.11,0.44
rxn02798,>,-11.88,0.62
rxn02800,=,14.64,0.37
rxn02801,=,9.49,0.57
rxn02802,=,9.37,0.19
rxn02803,=,5.53,0.19
rxn02804,=,2.55,0.19
rxn02805,>,-7.67,0.92
rxn02806,<,189.92,3.15
rxn02807,>,-78.22,0.41
rxn02808,>,-126.27,0.7
rxn02809,>,-125.1,0.7
rxn02810,=,-2.64,0.22
rxn02811,>,-4.34,0.46
rxn02812,=,2.03,0.41
rxn02814,=,-2.77,0.03
rxn02815,>,-12.62,0.47
rxn02816,=,5.81,0.47
rxn02818,>,-9.76,0.67
rxn02819,=,1.38,0.76
rxn02823,>,-9.58,0.38
rxn02826,>,-21.2,0.04
rxn02827,=,0.24,0.57
rxn02828,>,-41.43,0.58
rxn02829,=,-4.09,0.33
rxn02830,=,0.61,0.03
rxn02831,=,-1.84,0.02
rxn02832,<,6.89,0.75
rxn02833,=,6.83,0.77
rxn02834,>,-7.29,0.02
rxn02835,>,-13.97,0.93
rxn02836,>,-23.06,0.37
rxn02837,<,7.27,0.89
rxn02839,<,52.1,0.42
rxn02840,<,51.52,0.42
rxn02841,>,-33.48,0.64
rxn02842,=,6.85,0.03
rxn02843,>,-9.56,0.38
rxn02844,<,18.68,0.38
rxn02845,<,9.56,0.29
rxn02847,=,-5.38,0.25
rxn02848,=,0.11,0.02
rxn02850,<,29.3,0.91
rxn02851,>,-110.41,0.95
rxn02852,>,-137.35,0.64
rxn02853,=,-2.92,0.17
rxn02854,>,-101.71,0.38
rxn02855,>,-19.22,0.45
rxn02857,>,-23.13,0.8
rxn02858,>,-20.21,0.54
rxn02860,<,30.25,0.74
rxn02861,>,-117.74,0.58
rxn02862,>,-30.23,0.68
rxn02863,>,-12.39,0.4
rxn02864,>,-43.84,0.62
rxn02865,>,-32.33,0.81
rxn02866,=,-3.25,0.68
rxn02868,=,2.88,0.49
rxn02869,<,8.62,0.38
rxn02871,=,0.43,0.02
rxn02872,=,-1.94,0.29
rxn02873,=,0.56,0.27
rxn02874,>,-10.39,0.41
rxn02875,=,-2.07,0.44
rxn02876,=,9.17,0.41
rxn02877,<,25.06,0.93
rxn02878,>,-107.51,0.95
rxn02879,=,-2.74,0.35
rxn02880,>,-11.34,0.29
rxn02881,>,-85.01,0.3
rxn02882,<,8.38,0.38
rxn02883,<,8.38,0.38
rxn02884,=,-1.04,0.23
rxn02885,=,-0.0,0.02
rxn02886,>,-7.27,0.19
rxn02887,=,2.48,0.03
rxn02888,>,-14.6,0.74
rxn02889,=,-6.66,0.85
rxn02890,=,-0.72,0.31
rxn02891,=,4.4,0.33
rxn02892,=,-1.63,0.47
rxn02893,<,10.49,0.05
rxn02894,=,-4.14,0.24
rxn02895,>,-11.83,0.51
rxn02896,=,-0.19,0.03
rxn02897,>,-12.61,0.54
rxn02898,=,11.55,0.59
rxn02899,<,26.44,0.86
rxn02900,=,0.67,0.03
rxn02901,>,-12.97,0.88
rxn02902,=,-3.8,0.03
rxn02904,=,0.0,0.35
rxn02905,=,6.71,0.54
rxn02907,=,1.66,0.16
rxn02908,>,-17.92,0.67
rxn02909,=,-1.64,0.11
rxn02910,>,-29.47,0.91
rxn02911,=,0.21,0.03
rxn02912,=,-0.79,0.12
rxn02913,>,-7.85,0.17
rxn02914,=,2.67,0.02
rxn02915,=,-6.15,0.25
rxn02916,>,-9.58,0.05
rxn02917,>,-21.37,0.79
rxn02923,=,4.46,0.23
rxn02924,=,3.88,0.23
rxn02925,=,-2.33,0.35
rxn02926,=,2.49,0.35
rxn02927,>,-14.19,0.06
rxn02928,=,15.72,0.26
rxn02929,=,15.14,0.26
rxn02930,=,7.48,0.03
rxn02931,=,6.89,0.03
rxn02932,>,-22.36,0.37
rxn02933,=,4.99,0.3
rxn02934,>,-8.14,0.61
rxn02935,=,2.3,0.55
rxn02936,=,-6.76,0.54
rxn02937,>,-20.44,0.86
rxn02938,=,0.67,0.04
rxn02939,=,5.41,0.18
rxn02940,=,-0.27,0.41
rxn02941,=,-7.3,0.62
rxn02942,>,-10.06,0.52
rxn02943,=,11.68,0.39
rxn02944,=,5.0,0.05
rxn02945,>,-7.01,1.1
rxn02946,>,-41.58,0.53
rxn02947,=,-8.49,0.5
rxn02948,<,7.86,0.42
rxn02949,<,4.36,0.61
rxn02951,>,-47.4,0.61
rxn02952,>,-46.23,0.61
rxn02956,=,2.86,0.46
rxn02957,=,-0.61,0.02
rxn02958,=,7.14,0.22
rxn02959,=,1.92,0.76
rxn02961,=,5.88,0.23
rxn02962,>,-91.8,0.34
rxn02967,>,-95.79,0.04
rxn02969,>,-128.56,0.75
rxn02970,>,-14.1,0.7
rxn02971,=,1.76,0.67
rxn02972,=,5.6,0.47
rxn02973,=,5.02,0.47
rxn02974,=,3.12,0.3
rxn02975,=,-0.16,0.03
rxn02976,=,0.86,0.21
rxn02977,=,2.0,0.47
rxn02979,>,-104.19,1.08
rxn02980,>,-40.3,0.65
rxn02981,<,30.63,0.76
rxn02982,<,30.05,0.76
rxn02983,>,-57.01,0.82
rxn02985,=,1.73,0.12
rxn02986,>,-20.63,0.22
rxn02988,<,76.6,0.62
rxn02989,<,39.94,0.76
rxn02991,=,-8.04,0.23
rxn02993,>,-16.69,0.29
rxn02994,>,-23.12,0.8
rxn02995,<,49.27,0.76
rxn02996,=,8.76,0.25
rxn02997,>,-20.21,0.54
rxn02998,>,-43.84,0.6
rxn02999,=,2.27,0.11
rxn03000,=,-0.47,0.28
rxn03001,=,-1.05,0.28
rxn03002,>,-2.95,0.02
rxn03003,>,-2.21,0.31
rxn03004,=,7.0,0.39
rxn03005,=,5.87,0.39
rxn03007,=,8.28,0.63
rxn03008,=,-3.5,1.24
rxn03009,=,-5.78,0.5
rxn03010,>,-10.74,0.33
rxn03011,>,-10.13,0.57
rxn03012,>,-16.36,0.39
rxn03013,=,-1.93,0.22
rxn03014,>,-7.86,0.56
rxn03015,>,-8.44,0.56
rxn03016,>,-81.15,0.43
rxn03017,=,-0.57,0.26
rxn03018,>,-15.51,1.04
rxn03019,<,9.34,0.54
rxn03020,>,-9.66,0.43
rxn03021,=,0.36,0.36
rxn03022,<,27.72,0.62
rxn03023,=,-3.06,0.02
rxn03024,>,-9.62,0.4
rxn03025,>,-14.75,0.42
rxn03026,>,-14.75,0.42
rxn03027,=,-1.5,0.29
rxn03029,=,-9.18,0.3
rxn03030,<,13.41,0.42
rxn03031,<,9.19,0.5
rxn03032,=,10.0,0.82
rxn03033,=,4.66,0.31
rxn03034,=,-1.24,0.22
rxn03035,>,-2.67,0.33
rxn03037,>,-13.64,0.28
rxn03038,>,-113.73,0.54
rxn03039,<,15.2,0.65
rxn03040,=,-0.0,0.02
rxn03041,=,-1.04,0.23
rxn03042,>,-23.94,0.73
rxn03043,=,1.59,0.2
rxn03045,<,18.46,0.64
rxn03046,=,0.69,0.02
rxn03047,=,-4.79,0.11
rxn03048,=,-0.35,0.47
rxn03049,>,-23.21,0.8
rxn03050,>,-2.89,0.39
rxn03051,<,69.06,0.48
rxn03052,=,-8.42,0.56
rxn03055,=,-0.3,0.49
rxn03056,=,-0.88,0.49
rxn03057,>,-6.45,0.15
rxn03058,>,-22.47,0.82
rxn03060,=,-1.78,0.33
rxn03061,=,0.47,0.35
rxn03062,=,6.16,0.26
rxn03063,=,7.1,0.91
rxn03064,<,15.22,0.08
rxn03065,=,-1.45,1.04
rxn03066,=,-1.05,0.29
rxn03068,=,4.57,0.09
rxn03070,<,15.56,0.29
rxn03071,=,8.94,0.28
rxn03072,=,8.36,0.28
rxn03073,<,21.93,0.49
rxn03074,>,-21.58,0.61
rxn03075,=,-4.23,0.11
rxn03076,>,-10.6,0.37
rxn03078,=,-1.4,0.33
rxn03079,=,-2.39,0.51
rxn03080,>,-55.34,0.97
rxn03082,>,-58.32,0.42
rxn03084,>,-25.58,0.46
rxn03085,>,-10.21,0.29
rxn03086,=,0.14,0.03
rxn03087,=,-0.17,0.03
rxn03088,=,8.33,0.54
rxn03089,>,-2.89,0.39
rxn03090,<,41.38,0.19
rxn03092,=,-0.0,0.02
rxn03093,>,-0.55,0.51
rxn03094,=,-0.17,0.29
rxn03095,=,-6.11,1.48
rxn03097,>,-8.84,0.57
rxn03098,=,-3.49,0.17
rxn03101,=,4.9,0.51
rxn03104,>,-96.44,0.36
rxn03105,>,-24.77,0.81
rxn03106,=,0.63,1.18
rxn03107,=,-4.92,0.38
rxn03108,=,4.31,0.19
rxn03109,=,-3.95,0.54
rxn03110,=,0.73,0.49
rxn03111,>,-14.96,0.27
rxn03112,=,3.36,0.83
rxn03113,=,2.77,0.83
rxn03114,>,-14.39,1.68
rxn03116,=,0.5,0.73
rxn03118,>,-10.57,0.75
rxn03119,=,-6.13,0.4
rxn03120,=,-6.32,0.54
rxn03122,=,-2.08,0.33
rxn03123,=,-5.39,0.32
rxn03124,>,-18.96,0.42
rxn03125,=,0.0,0.02
rxn03126,<,77.27,1.32
rxn03127,>,-70.81,0.67
rxn03129,=,-0.82,0.57
rxn03130,>,-7.93,0.02
rxn03131,=,-0.14,0.03
rxn03133,=,5.1,0.35
rxn03134,=,4.51,0.35
rxn03135,=,-3.01,0.59
rxn03136,=,2.95,0.03
rxn03137,=,1.42,0.03
rxn03138,=,2.95,0.75
rxn03139,>,-97.36,0.73
rxn03140,>,-14.73,0.69
rxn03141,>,-14.73,0.69
rxn03142,=,-0.11,0.54
rxn03143,=,-9.2,0.36
rxn03144,=,1.7,0.33
rxn03145,=,-6.45,0.26
rxn03146,=,1.25,0.28
rxn03147,=,8.93,0.68
rxn03148,=,1.28,0.92
rxn03149,<,23.66,0.45
rxn03150,>,-3.0,0.02
rxn03152,>,-116.35,0.67
rxn03153,>,-57.38,0.76
rxn03154,>,-56.8,0.76
rxn03155,>,-58.84,0.69
rxn03156,>,-58.25,0.69
rxn03157,>,-109.24,0.76
rxn03159,>,-15.9,0.47
rxn03160,<,17.37,0.51
rxn03161,<,9.37,0.68
rxn03164,>,-12.94,0.74
rxn03165,>,-3.99,0.39
rxn03166,=,-8.81,0.48
rxn03167,>,-14.33,0.36
rxn03168,<,2.15,0.36
rxn03169,=,-0.69,0.44
rxn03173,>,-8.37,0.02
rxn03174,<,31.61,0.44
rxn03175,>,-12.19,0.51
rxn03176,<,22.27,0.63
rxn03181,=,-4.62,0.28
rxn03182,>,-16.7,0.52
rxn03188,=,-3.61,0.24
rxn03192,=,5.24,1.0
rxn03194,=,0.47,0.48
rxn03195,>,-20.92,0.2
rxn03196,>,-94.47,0.99
rxn03198,=,-6.21,0.56
rxn03200,=,2.35,0.76
rxn03201,=,1.76,0.76
rxn03202,=,-6.41,0.24
rxn03203,=,0.0,0.02
rxn03204,=,3.77,0.29
rxn03205,=,3.18,0.29
rxn03206,<,69.06,0.48
rxn03207,=,5.18,0.98
rxn03208,=,1.02,0.88
rxn03210,<,109.72,0.58
rxn03211,=,-1.31,0.68
rxn03212,<,127.83,0.78
rxn03213,=,11.35,0.58
rxn03214,>,-88.59,0.31
rxn03215,<,89.77,0.76
rxn03216,>,-64.23,0.96
rxn03217,>,-78.07,0.41
rxn03218,>,-26.3,1.1
rxn03219,>,-23.12,0.8
rxn03220,>,-29.02,1.06
rxn03221,>,-23.12,0.8
rxn03222,>,-86.23,0.39
rxn03223,=,28.9,0.94
rxn03224,>,-20.15,2.61
rxn03226,=,1.04,0.88
rxn03227,>,-23.12,0.8
rxn03228,>,-23.12,0.8
rxn03229,=,2.08,1.0
rxn03231,=,-0.87,0.31
rxn03233,>,-23.36,0.71
rxn03234,<,9.87,0.63
rxn03235,=,-2.22,0.35
rxn03236,>,-7.64,1.0
rxn03238,=,0.21,0.27
rxn03239,=,5.89,0.03
rxn03240,=,0.21,0.03
rxn03241,=,0.21,0.03
rxn03242,=,5.89,0.03
rxn03243,=,2.55,0.19
rxn03244,=,5.89,0.03
rxn03245,=,0.21,0.03
rxn03246,=,5.89,0.03
rxn03247,=,0.21,0.03
rxn03248,=,2.55,0.19
rxn03249,=,5.9,0.03
rxn03250,=,0.22,0.03
rxn03251,=,5.53,0.19
rxn03252,=,9.37,0.19
rxn03253,=,5.53,0.19
rxn03254,=,3.73,0.63
rxn03256,=,2.79,0.26
rxn03258,>,-23.12,0.8
rxn03259,>,-0.7,1.62
rxn03260,>,-23.12,0.8
rxn03261,>,-31.74,1.06
rxn03263,=,7.85,0.66
rxn03264,>,-18.45,0.75
rxn03265,=,8.63,1.02
rxn03267,>,-5.63,0.42
rxn03268,>,-2.49,0.19
rxn03272,>,-2.89,0.39
rxn03273,=,4.99,0.59
rxn03274,>,-15.29,0.28
rxn03275,>,-21.34,0.59
rxn03277,>,-77.45,0.6
rxn03278,<,5.79,0.44
rxn03281,=,1.63,0.03
rxn03282,=,4.71,0.08
rxn03283,>,-95.95,0.13
rxn03284,>,-95.95,0.13
rxn03286,<,11.64,0.58
rxn03287,=,3.31,0.16
rxn03289,=,1.05,0.53
rxn03290,>,-11.64,0.58
rxn03291,=,3.66,0.78
rxn03292,=,0.09,0.39
rxn03293,=,-0.5,0.39
rxn03294,=,4.74,0.63
rxn03295,=,0.09,0.39
rxn03296,=,-0.5,0.39
rxn03299,=,-0.47,0.28
rxn03300,=,1.05,0.28
rxn03301,=,4.3,0.16
rxn03302,=,-0.47,0.28
rxn03303,=,-1.05,0.28
rxn03304,=,4.3,0.16
rxn03305,=,7.62,1.45
rxn03306,=,7.03,1.45
rxn03307,=,8.4,1.39
rxn03308,=,7.81,1.39
rxn03310,=,8.57,1.4
rxn03311,=,-4.17,1.11
rxn03312,=,-4.76,1.11
rxn03313,=,4.33,0.14
rxn03314,=,-6.89,1.36
rxn03315,=,-7.48,1.36
rxn03316,=,10.05,1.39
rxn03317,=,-6.21,0.56
rxn03320,>,-90.29,0.32
rxn03323,>,-11.77,0.63
rxn03324,=,7.6,0.23
rxn03325,>,-2.84,0.29
rxn03326,>,-33.98,0.47
rxn03327,>,-110.81,0.7
rxn03328,>,-5.25,0.16
rxn03329,=,0.13,0.49
rxn03330,=,-3.54,0.24
rxn03331,=,11.12,0.88
rxn03333,=,4.53,0.37
rxn03334,>,-23.12,0.8
rxn03335,=,-2.5,0.12
rxn03336,=,-3.08,0.12
rxn03337,>,-212.07,1.85
rxn03338,<,11.21,0.45
rxn03339,>,-23.11,0.87
rxn03340,=,-3.47,0.15
rxn03341,=,-4.06,0.15
rxn03342,>,-16.69,0.29
rxn03343,=,-2.5,0.12
rxn03344,=,-3.08,0.12
rxn03345,>,-20.93,0.4
rxn03346,>,-18.27,0.45
rxn03347,<,8.38,0.38
rxn03351,=,-6.86,0.43
rxn03352,=,-3.63,0.45
rxn03353,>,-79.89,0.4
rxn03354,=,-7.26,0.45
rxn03356,>,-18.69,0.91
rxn03358,>,-25.62,0.58
rxn03360,<,7.85,0.17
rxn03361,=,-0.9,0.47
rxn03362,=,0.87,0.35
rxn03363,>,-17.5,0.62
rxn03364,>,-113.19,0.74
rxn03365,=,-7.46,0.14
rxn03366,=,-8.04,0.14
rxn03367,<,4.71,0.15
rxn03368,=,5.0,0.13
rxn03372,=,-6.48,0.21
rxn03373,>,-8.78,0.53
rxn03374,=,7.85,0.66
rxn03375,>,-19.4,0.99
rxn03378,<,22.18,0.78
rxn03379,=,8.94,0.66
rxn03380,>,-16.07,0.66
rxn03381,>,-19.38,0.99
rxn03382,>,-25.12,0.68
rxn03383,>,-24.6,0.69
rxn03384,>,-9.74,1.26
rxn03385,<,20.5,1.0
rxn03388,>,-100.43,2.42
rxn03389,>,-11.65,2.52
rxn03390,>,-94.7,0.82
rxn03391,=,8.91,0.85
rxn03392,>,-100.0,0.93
rxn03393,=,4.31,0.18
rxn03394,>,-91.93,0.71
rxn03395,>,-21.56,3.62
rxn03396,>,-109.8,0.82
rxn03397,=,8.91,0.85
rxn03400,=,-2.96,0.17
rxn03402,=,3.62,0.41
rxn03403,<,43.42,0.78
rxn03407,=,-2.89,0.28
rxn03408,=,-4.69,0.34
rxn03410,>,-23.11,0.8
rxn03411,<,102.41,1.07
rxn03412,<,100.68,1.06
rxn03413,=,-3.97,0.4
rxn03414,>,-108.22,0.1
rxn03416,=,1.84,0.03
rxn03419,=,1.97,0.37
rxn03421,>,-12.47,0.48
rxn03422,=,-5.88,0.03
rxn03423,=,-5.2,0.03
rxn03424,=,6.62,0.2
rxn03426,=,-0.13,0.22
rxn03427,=,1.32,0.32
rxn03428,=,3.92,0.71
rxn03429,=,-3.55,0.78
rxn03430,=,0.43,0.55
rxn03432,=,5.2,0.14
rxn03433,>,-2.89,0.24
rxn03435,=,4.57,0.09
rxn03436,=,2.07,0.24
rxn03437,>,-12.07,0.27
rxn03439,>,-14.18,0.35
rxn03440,>,-4.03,0.51
rxn03441,<,5.11,0.36
rxn03442,>,-8.94,0.51
rxn03443,<,15.32,0.45
rxn03445,=,1.39,0.16
rxn03446,>,-2.91,0.02
rxn03447,>,-7.59,0.19
rxn03452,>,-25.8,0.85
rxn03453,>,-107.13,0.54
rxn03455,=,-6.18,0.03
rxn03456,=,1.69,0.22
rxn03458,<,6.37,0.63
rxn03468,=,-7.17,0.38
rxn03469,<,23.39,1.05
rxn03470,>,-36.16,1.04
rxn03471,>,-36.22,1.54
rxn03472,>,-23.12,0.8
rxn03473,=,6.17,0.47
rxn03474,=,-5.03,0.7
rxn03475,>,-99.28,0.78
rxn03476,>,-77.89,0.39
rxn03477,=,0.59,0.59
rxn03478,>,-13.45,0.51
rxn03479,<,8.8,0.73
rxn03481,=,9.49,0.5
rxn03482,<,10.96,0.47
rxn03483,>,-19.87,0.37
rxn03484,>,-17.74,0.52
rxn03485,=,1.89,0.57
rxn03486,<,9.14,0.41
rxn03487,=,-1.11,0.12
rxn03488,=,-1.11,0.12
rxn03489,=,10.8,0.3
rxn03490,>,-83.57,0.59
rxn03491,>,-4.18,1.58
rxn03492,=,-6.84,0.81
rxn03493,>,-152.73,0.89
rxn03494,>,-103.18,0.74
rxn03495,>,-121.05,0.79
rxn03496,>,-73.26,0.47
rxn03497,>,-103.76,0.68
rxn03498,>,-97.6,0.29
rxn03499,>,-93.85,0.32
rxn03500,>,-23.12,0.8
rxn03501,<,82.74,0.7
rxn03502,=,2.88,0.39
rxn03504,=,-0.95,0.3
rxn03505,=,13.04,0.4
rxn03506,=,6.58,0.22
rxn03507,=,-4.35,0.42
rxn03508,<,10.81,0.38
rxn03510,>,-16.26,0.57
rxn03511,=,-1.48,0.17
rxn03512,<,24.86,1.53
rxn03513,>,-43.71,1.34
rxn03514,<,42.62,1.33
rxn03519,<,13.73,1.03
rxn03523,=,-0.37,0.41
rxn03525,<,109.72,0.58
rxn03526,=,0.99,0.88
rxn03527,>,-23.12,0.8
rxn03528,>,-23.12,0.8
rxn03529,>,-23.12,0.8
rxn03530,<,109.72,0.58
rxn03531,=,0.99,0.88
rxn03532,>,-51.24,0.89
rxn03534,<,53.95,0.94
rxn03535,>,-125.15,0.03
rxn03536,=,-2.85,0.2
rxn03537,<,58.41,1.8
rxn03538,<,88.09,1.85
rxn03540,>,-23.52,0.85
rxn03541,=,-0.7,0.72
rxn03542,>,-4.59,0.61
rxn03544,<,108.29,0.36
rxn03545,=,0.37,0.3
rxn03546,=,2.3,0.03
rxn03547,=,4.98,0.03
rxn03550,=,-11.1,0.32
rxn03551,>,-15.52,0.37
rxn03552,>,-16.9,0.31
rxn03554,=,2.96,0.86
rxn03555,=,16.14,0.77
rxn03556,=,2.96,0.86
rxn03557,<,38.28,1.11
rxn03558,=,-1.91,0.89
rxn03559,>,-77.28,0.92
rxn03560,>,-84.76,0.63
rxn03561,>,-80.52,0.74
rxn03562,>,-113.06,0.69
rxn03563,>,-83.15,0.36
rxn03564,<,80.9,0.54
rxn03565,=,0.0,0.36
rxn03566,<,26.79,0.32
rxn03567,<,30.08,0.9
rxn03568,<,29.5,0.9
rxn03569,>,-121.54,0.77
rxn03570,>,-120.2,0.74
rxn03571,<,100.7,1.03
rxn03573,>,-59.64,0.8
rxn03574,>,-59.05,0.8
rxn03575,>,-59.64,0.8
rxn03576,>,-59.05,0.8
rxn03577,>,-66.91,0.5
rxn03578,>,-93.98,0.38
rxn03580,<,11.94,0.31
rxn03581,=,-7.41,0.39
rxn03582,>,-95.45,0.39
rxn03583,=,4.98,0.03
rxn03584,=,-11.39,0.32
rxn03585,<,121.92,0.32
rxn03586,>,-65.0,0.38
rxn03587,<,23.97,0.88
rxn03588,=,0.02,0.28
rxn03589,>,-50.26,0.61
rxn03590,>,-126.02,0.86
rxn03591,>,-56.91,0.56
rxn03592,<,60.61,0.55
rxn03593,>,-93.98,0.38
rxn03594,=,4.98,0.03
rxn03595,=,2.88,0.03
rxn03596,<,18.88,0.28
rxn03598,=,-2.5,0.12
rxn03599,=,4.93,0.27
rxn03600,>,-93.98,0.38
rxn03601,>,-11.68,0.32
rxn03602,>,-85.93,0.72
rxn03603,>,-85.34,0.72
rxn03604,<,20.95,0.82
rxn03605,<,20.36,0.82
rxn03606,>,-108.59,0.69
rxn03607,>,-116.32,0.64
rxn03608,=,-5.79,0.34
rxn03609,<,10.91,0.42
rxn03610,=,-5.0,0.3
rxn03611,>,-127.03,0.67
rxn03612,>,-4.24,0.56
rxn03613,>,-126.86,0.66
rxn03614,>,-103.65,0.35
rxn03615,=,12.54,0.71
rxn03617,=,3.14,0.15
rxn03618,<,10.6,0.31
rxn03619,<,48.15,1.08
rxn03620,<,22.5,0.79
rxn03621,<,21.72,0.76
rxn03622,=,9.95,0.19
rxn03623,<,37.99,0.85
rxn03624,<,29.76,0.73
rxn03625,<,19.74,0.78
rxn03626,=,5.96,0.24
rxn03627,>,-43.79,0.57
rxn03630,>,-158.98,0.51
rxn03631,>,-109.81,0.55
rxn03632,>,-110.96,0.48
rxn03633,>,-26.63,0.96
rxn03634,<,9.58,0.32
rxn03635,=,-6.35,0.33
rxn03636,=,-0.56,0.2
rxn03637,=,21.6,1.03
rxn03638,>,-5.71,0.32
rxn03639,>,-20.94,0.04
rxn03640,>,-20.49,0.58
rxn03641,=,0.12,0.02
rxn03642,>,-12.27,0.42
rxn03643,=,-6.6,0.03
rxn03644,=,-3.65,0.03
rxn03646,=,-3.73,0.8
rxn03649,=,4.99,0.14
rxn03650,=,6.31,0.31
rxn03651,=,-3.61,0.59
rxn03652,=,-4.19,0.59
rxn03653,=,-8.13,0.76
rxn03654,=,-3.03,0.35
rxn03655,<,22.02,0.91
rxn03657,=,0.06,0.29
rxn03658,=,-5.17,0.18
rxn03659,<,10.68,0.66
rxn03660,>,-15.05,0.62
rxn03661,>,-16.92,0.64
rxn03662,=,-1.97,0.5
rxn03663,=,4.37,0.55
rxn03665,=,-1.05,0.57
rxn03666,>,-12.27,0.63
rxn03667,=,-6.43,0.44
rxn03668,<,16.49,0.42
rxn03669,<,18.7,0.38
rxn03670,=,9.12,0.71
rxn03671,=,15.77,0.44
rxn03674,>,-6.73,0.04
rxn03675,>,-5.64,0.36
rxn03676,=,2.25,0.26
rxn03677,<,4.46,0.35
rxn03678,=,-0.43,0.45
rxn03680,>,-9.07,0.69
rxn03681,>,-23.84,0.7
rxn03682,=,0.7,0.52
rxn03683,=,5.59,0.85
rxn03684,<,24.92,0.52
rxn03685,=,2.04,0.74
rxn03686,=,2.1,0.77
rxn03687,=,12.66,1.55
rxn03688,>,-7.28,0.79
rxn03690,=,0.0,0.02
rxn03691,<,19.2,0.78
rxn03693,>,-24.01,1.28
rxn03694,<,22.73,1.1
rxn03695,<,14.39,0.71
rxn03698,<,29.22,1.07
rxn03699,<,21.93,0.86
rxn03700,=,4.27,0.49
rxn03701,>,-51.59,0.66
rxn03702,=,1.62,0.3
rxn03703,=,0.46,0.36
rxn03704,>,-111.97,0.75
rxn03705,>,-102.75,0.72
rxn03706,>,-119.22,0.62
rxn03707,>,-137.34,1.09
rxn03708,>,-139.5,0.72
rxn03709,>,-139.01,1.29
rxn03710,>,-101.67,0.84
rxn03711,>,-88.71,0.95
rxn03712,>,-92.46,0.87
rxn03713,>,-129.17,0.73
rxn03714,>,-90.15,0.88
rxn03715,>,-82.89,0.92
rxn03716,>,-118.09,0.54
rxn03717,>,-88.4,0.84
rxn03719,>,-103.96,0.38
rxn03720,>,-50.35,0.66
rxn03721,>,-16.75,0.58
rxn03724,>,-8.22,0.42
rxn03727,>,-83.51,0.47
rxn03728,>,-87.87,0.66
rxn03729,>,-84.66,0.92
rxn03730,>,-104.72,1.0
rxn03731,>,-96.09,0.61
rxn03732,>,-103.56,1.0
rxn03733,>,-94.92,0.61
rxn03734,>,-100.98,1.14
rxn03735,>,-86.54,0.79
rxn03736,>,-85.37,0.79
rxn03737,>,-94.29,0.65
rxn03738,>,-93.12,0.65
rxn03739,>,-37.92,0.77
rxn03740,>,-94.61,0.65
rxn03741,>,-77.64,0.44
rxn03742,>,-93.65,0.39
rxn03743,>,-93.98,0.38
rxn03744,>,-105.88,0.77
rxn03745,=,13.23,0.69
rxn03746,>,-116.82,0.89
rxn03747,>,-117.59,0.91
rxn03748,>,-85.62,0.36
rxn03749,>,-117.49,0.89
rxn03750,>,-92.57,0.18
rxn03751,=,4.07,0.42
rxn03752,=,-1.19,0.14
rxn03753,>,-11.94,0.23
rxn03754,<,47.81,0.56
rxn03755,<,41.32,0.56
rxn03756,>,-107.4,0.36
rxn03758,=,3.96,1.01
rxn03762,>,-40.34,0.16
rxn03763,>,-105.79,0.22
rxn03764,>,-1.78,0.44
rxn03765,>,-112.92,0.34
rxn03766,>,-119.32,0.55
rxn03772,>,-57.7,0.56
rxn03773,<,10.41,0.28
rxn03774,=,15.38,0.28
rxn03775,>,-13.28,0.73
rxn03779,=,-10.89,1.05
rxn03780,<,26.16,0.99
rxn03781,>,-16.23,0.58
rxn03782,>,-87.7,0.55
rxn03783,>,-93.72,0.27
rxn03785,>,-73.84,0.81
rxn03786,>,-104.34,0.43
rxn03787,=,9.07,0.35
rxn03789,<,14.73,0.25
rxn03790,=,9.04,0.25
rxn03791,<,11.11,0.25
rxn03792,<,10.11,0.25
rxn03793,<,16.16,0.25
rxn03794,<,17.16,0.25
rxn03795,<,18.09,0.58
rxn03796,=,-3.0,0.48
rxn03797,=,1.46,0.03
rxn03798,=,0.06,0.16
rxn03799,=,-9.09,0.52
rxn03800,>,-11.43,0.42
rxn03801,>,-13.8,0.55
rxn03804,=,-6.01,0.3
rxn03805,<,6.56,0.35
rxn03806,=,-1.52,0.38
rxn03807,>,-13.06,0.32
rxn03808,>,-78.73,0.41
rxn03809,=,-10.02,0.71
rxn03810,>,-96.27,0.39
rxn03811,>,-96.27,0.39
rxn03814,=,7.62,1.44
rxn03816,=,1.39,0.25
rxn03819,=,-6.06,0.29
rxn03820,>,-14.6,0.2
rxn03821,=,-10.02,0.71
rxn03822,=,11.47,0.86
rxn03823,<,19.96,0.94
rxn03824,=,14.22,0.83
rxn03825,<,30.86,0.93
rxn03827,<,28.61,0.5
rxn03829,<,130.92,0.47
rxn03830,>,-61.93,0.45
rxn03831,>,-66.5,0.42
rxn03832,>,-17.67,0.79
rxn03833,<,18.0,0.68
rxn03835,=,8.51,0.56
rxn03836,>,-7.64,0.49
rxn03837,>,-116.85,0.66
rxn03838,=,-2.17,0.03
rxn03839,=,-1.6,0.58
rxn03840,=,-1.16,0.03
rxn03841,>,-16.45,0.72
rxn03842,=,-1.41,0.33
rxn03843,>,-23.23,0.88
rxn03845,<,11.27,0.77
rxn03846,<,16.97,0.77
rxn03847,>,-41.83,0.92
rxn03848,>,-9.13,0.32
rxn03849,=,6.58,0.22
rxn03850,>,-70.56,0.71
rxn03851,>,-65.99,0.6
rxn03852,=,-7.89,0.36
rxn03853,>,-66.35,0.6
rxn03854,>,-70.92,0.71
rxn03855,<,17.61,0.69
rxn03856,=,9.73,0.28
rxn03858,=,5.5,0.86
rxn03859,=,3.33,0.57
rxn03860,=,-0.58,0.52
rxn03861,=,2.07,0.16
rxn03863,=,6.33,0.34
rxn03864,=,5.38,0.61
rxn03865,<,4.72,0.16
rxn03866,=,-2.55,0.19
rxn03867,<,4.67,0.51
rxn03868,=,-4.46,0.33
rxn03869,>,-7.76,0.5
rxn03870,=,0.82,0.36
rxn03871,=,-4.98,0.57
rxn03872,=,-5.03,0.57
rxn03873,<,14.1,0.47
rxn03874,=,1.03,0.16
rxn03875,<,8.57,0.54
rxn03876,=,0.02,0.03
rxn03877,>,-19.4,0.4
rxn03878,<,20.9,0.56
rxn03879,<,18.79,0.52
rxn03880,<,2.54,0.16
rxn03881,<,22.78,0.52
rxn03882,=,3.74,0.46
rxn03883,=,4.35,0.04
rxn03884,=,3.71,0.03
rxn03885,>,-10.18,0.14
rxn03886,=,6.78,0.12
rxn03887,>,-11.5,0.23
rxn03888,>,-16.65,0.75
rxn03889,>,-15.01,0.48
rxn03891,>,-22.44,0.76
rxn03892,>,-22.44,0.76
rxn03893,>,-21.92,0.5
rxn03894,>,-21.92,0.5
rxn03895,=,3.24,0.93
rxn03896,=,-7.33,0.25
rxn03897,>,-89.54,0.73
rxn03898,>,-88.95,0.73
rxn03899,>,-52.84,0.04
rxn03900,>,-7.57,0.28
rxn03901,>,-5.84,0.02
rxn03903,=,3.98,3.24
rxn03904,=,3.98,3.24
rxn03906,>,-86.13,0.29
rxn03907,=,-0.28,0.03
rxn03908,>,-6.9,0.15
rxn03909,>,-10.84,0.13
rxn03910,=,7.3,0.19
rxn03911,=,1.26,0.75
rxn03912,>,-313.73,0.8
rxn03913,=,10.77,1.18
rxn03914,=,0.9,0.59
rxn03915,=,-10.7,0.36
rxn03916,=,7.33,0.38
rxn03917,=,2.65,0.2
rxn03918,=,-3.92,0.23
rxn03919,>,-3.84,0.37
rxn03920,<,17.72,0.52
rxn03921,>,-13.14,0.36
rxn03922,>,-103.34,0.87
rxn03923,>,-57.88,0.51
rxn03924,=,1.61,0.19
rxn03925,>,-107.2,1.6
rxn03926,>,-97.91,0.88
rxn03927,>,-92.55,0.33
rxn03928,<,5.36,0.75
rxn03929,<,10.91,0.35
rxn03933,=,-4.69,0.34
rxn03934,=,-9.0,0.39
rxn03935,>,-11.68,0.32
rxn03936,>,-84.69,0.72
rxn03938,=,-0.24,0.34
rxn03942,>,-8.71,0.35
rxn03943,=,-3.92,0.75
rxn03944,=,-2.07,0.79
rxn03946,>,-22.47,0.82
rxn03947,=,0.92,0.35
rxn03948,=,5.41,0.23
rxn03951,=,4.4,0.14
rxn03952,=,0.81,0.19
rxn03953,=,1.98,0.13
rxn03954,=,1.4,0.13
rxn03955,=,5.61,0.13
rxn03956,=,5.02,0.13
rxn03957,=,4.91,0.27
rxn03958,=,2.1,0.21
rxn03959,=,4.13,0.13
rxn03960,=,2.85,0.16
rxn03961,=,5.38,0.21
rxn03962,=,5.72,0.19
rxn03963,=,5.16,0.09
rxn03964,=,4.57,0.09
rxn03966,>,-24.92,0.18
rxn03968,>,-28.69,0.04
rxn03969,=,-10.96,0.32
rxn03970,=,5.09,0.3
rxn03971,=,4.51,0.3
rxn03972,=,-2.99,0.52
rxn03973,=,-6.77,0.88
rxn03974,=,5.54,0.03
rxn03975,=,4.96,0.03
rxn03976,=,4.43,0.03
rxn03979,=,2.84,0.27
rxn03980,<,4.26,0.03
rxn03981,=,3.49,0.81
rxn03982,=,2.91,0.81
rxn03983,=,6.29,0.04
rxn03984,>,-21.84,0.58
rxn03988,>,-106.61,0.22
rxn03989,>,-127.23,0.4
rxn03990,>,-117.04,0.09
rxn03991,>,-116.45,0.09
rxn03992,>,-93.09,0.56
rxn03993,>,-133.53,0.7
rxn03994,>,-93.3,0.76
rxn03995,>,-93.3,0.76
rxn03996,>,-313.73,0.8
rxn03997,>,-79.27,0.43
rxn03998,>,-105.56,0.65
rxn04000,>,-8.59,0.04
rxn04001,>,-95.86,0.36
rxn04002,>,-104.97,0.65
rxn04003,>,-114.25,0.61
rxn04004,>,-218.39,0.49
rxn04005,>,-38.97,0.55
rxn04006,>,-16.14,0.55
rxn04007,>,-16.14,0.55
rxn04008,>,-34.84,0.83
rxn04009,=,-0.75,0.89
rxn04010,>,-11.17,0.72
rxn04011,>,-9.63,0.13
rxn04012,=,5.0,0.74
rxn04013,=,4.46,0.87
rxn04014,=,4.88,0.33
rxn04015,=,3.6,0.31
rxn04016,=,-2.36,0.89
rxn04017,=,1.28,0.83
rxn04018,>,-30.06,0.81
rxn04019,>,-24.15,0.89
rxn04020,<,4.49,0.26
rxn04021,=,-6.11,0.34
rxn04022,>,-12.62,0.47
rxn04023,>,-19.53,0.84
rxn04024,<,17.52,0.52
rxn04025,>,-5.15,0.41
rxn04026,>,-4.68,0.13
rxn04027,<,41.7,0.52
rxn04028,=,-7.35,1.73
rxn04029,>,-98.29,0.35
rxn04030,>,-17.6,1.06
rxn04031,<,5.28,0.37
rxn04032,=,-8.23,0.61
rxn04033,>,-3.7,0.4
rxn04034,<,3.52,0.32
rxn04036,=,-1.0,0.16
rxn04037,>,-3.92,0.46
rxn04038,>,-2.82,0.3
rxn04039,<,9.6,1.17
rxn04040,>,-7.62,0.18
rxn04041,>,-10.42,0.22
rxn04042,=,-2.79,0.02
rxn04043,=,-3.13,0.02
rxn04045,=,0.74,0.25
rxn04047,<,21.97,1.26
rxn04048,<,14.19,1.52
rxn04049,>,-10.6,1.04
rxn04050,<,9.38,0.8
rxn04051,>,-3.21,1.58
rxn04052,<,22.18,1.58
rxn04054,>,-109.2,0.17
rxn04056,=,5.81,0.13
rxn04057,=,-3.77,0.45
rxn04058,=,9.76,0.72
rxn04059,=,0.01,0.28
rxn04060,=,2.22,0.88
rxn04061,>,-94.77,0.84
rxn04062,>,-19.97,0.86
rxn04063,<,12.76,0.76
rxn04064,=,5.53,0.03
rxn04065,>,-94.84,0.3
rxn04066,>,-101.36,0.48
rxn04067,=,-3.33,0.81
rxn04068,=,-0.18,0.29
rxn04069,<,17.61,0.72
rxn04070,>,-51.92,0.69
rxn04071,=,0.27,0.04
rxn04073,>,-2.66,0.18
rxn04074,<,8.3,0.75
rxn04076,>,-10.19,0.7
rxn04077,>,-25.52,0.76
rxn04078,=,5.33,0.99
rxn04079,=,3.16,0.5
rxn04080,=,3.15,0.64
rxn04081,>,-56.19,0.91
rxn04082,=,-0.11,0.03
rxn04083,<,29.23,1.19
rxn04086,>,-90.61,0.27
rxn04087,<,23.35,0.64
rxn04088,>,-106.48,0.63
rxn04089,=,-2.2,0.77
rxn04092,>,-22.83,0.04
rxn04093,>,-22.8,0.27
rxn04094,>,-26.5,0.68
rxn04095,<,10.91,0.42
rxn04096,=,-5.79,0.34
rxn04097,>,-82.67,0.74
rxn04101,=,-1.2,0.17
rxn04104,=,4.5,0.99
rxn04105,=,4.8,0.63
rxn04106,>,-17.03,0.79
rxn04107,>,-87.86,0.74
rxn04108,=,-4.08,0.69
rxn04109,=,-2.01,1.02
rxn04110,>,-14.23,1.11
rxn04111,=,8.75,1.22
rxn04112,>,-13.24,0.69
rxn04113,=,-14.15,0.85
rxn04114,>,-22.48,0.82
rxn04130,=,-8.06,0.24
rxn04131,>,-15.63,0.4
rxn04132,>,-12.09,0.54
rxn04133,>,-12.09,0.54
rxn04134,=,9.19,0.55
rxn04135,>,-95.03,0.33
rxn04136,>,-23.35,0.79
rxn04137,=,5.73,0.14
rxn04139,>,-105.12,0.82
rxn04140,>,-18.86,0.05
rxn04141,=,-1.78,0.26
rxn04142,=,0.18,0.15
rxn04143,=,6.08,0.26
rxn04147,>,-43.02,1.28
rxn04148,>,-106.55,2.31
rxn04149,>,-108.26,2.31
rxn04150,<,8.19,0.51
rxn04151,<,37.87,1.06
rxn04152,>,-92.03,0.22
rxn04153,>,-107.92,0.44
rxn04154,>,-122.65,1.06
rxn04158,<,11.53,0.47
rxn04159,=,-3.57,0.47
rxn04161,>,-6.3,0.94
rxn04162,=,-2.21,1.01
rxn04164,<,11.53,0.47
rxn04165,>,-94.53,0.91
rxn04166,>,-105.78,0.35
rxn04167,>,-111.65,0.65
rxn04168,>,-95.32,0.48
rxn04169,>,-104.68,0.42
rxn04170,>,-94.91,0.56
rxn04171,>,-115.69,0.48
rxn04173,>,-25.14,0.9
rxn04174,>,-24.89,0.9
rxn04175,>,-21.08,0.93
rxn04176,>,-21.4,0.93
rxn04177,>,-24.53,0.98
rxn04178,>,-22.44,1.03
rxn04179,>,-39.21,1.68
rxn04180,=,0.28,0.73
rxn04181,>,-94.2,0.32
rxn04182,>,-94.09,0.33
rxn04183,<,13.2,0.46
rxn04184,=,9.42,0.75
rxn04185,=,-4.29,1.56
rxn04186,>,-13.22,1.0
rxn04195,>,-108.51,0.35
rxn04196,>,-119.04,0.38
rxn04198,>,-11.16,0.13
rxn04208,>,-110.89,0.4
rxn04209,>,-110.46,0.67
rxn04210,>,-109.96,0.16
rxn04211,>,-107.71,0.34
rxn04215,>,-31.54,0.61
rxn04216,>,-34.66,0.61
rxn04217,>,-35.28,0.64
rxn04218,>,-30.04,0.79
rxn04219,>,-17.94,0.61
rxn04222,>,-17.94,0.61
rxn04224,>,-94.48,0.54
rxn04227,>,-105.78,0.35
rxn04228,>,-11.1,0.35
rxn04229,>,-11.1,0.35
rxn04230,=,-2.93,0.34
rxn04234,=,0.11,0.34
rxn04235,=,-6.83,0.39
rxn04236,=,-8.76,0.39
rxn04237,<,17.37,0.55
rxn04238,=,-4.91,0.27
rxn04240,>,-6.5,0.55
rxn04241,>,-7.32,0.55
rxn04242,=,3.15,0.27
rxn04243,=,3.15,0.27
rxn04244,=,3.98,0.27
rxn04245,=,3.98,0.27
rxn04246,=,0.0,0.02
rxn04247,=,0.0,0.02
rxn04248,=,3.98,0.27
rxn04249,=,3.98,0.27
rxn04250,=,3.15,0.27
rxn04251,=,3.15,0.27
rxn04252,>,-94.3,0.34
rxn04253,>,-94.3,0.34
rxn04254,>,-93.63,0.34
rxn04255,>,-91.02,0.33
rxn04256,>,-5.81,0.26
rxn04257,=,0.8,0.36
rxn04259,=,-1.82,0.34
rxn04260,>,-15.16,0.45
rxn04261,>,-15.41,0.48
rxn04262,=,-0.14,0.48
rxn04264,>,-79.4,0.59
rxn04265,=,3.98,0.27
rxn04266,>,-87.63,0.45
rxn04268,>,-7.72,0.7
rxn04269,>,-81.2,0.81
rxn04270,=,-2.09,0.44
rxn04271,=,-0.02,0.44
rxn04274,<,11.98,0.66
rxn04275,<,12.69,0.65
rxn04276,=,1.49,0.45
rxn04277,=,1.86,0.41
rxn04278,>,-7.12,0.36
rxn04280,=,-3.67,0.48
rxn04281,<,3.36,0.73
rxn04282,<,3.36,0.73
rxn04283,>,-8.05,0.8
rxn04284,<,14.84,0.63
rxn04285,=,0.58,0.25
rxn04288,=,1.69,0.2
rxn04290,>,-13.44,0.32
rxn04291,=,-4.02,0.16
rxn04292,=,-2.28,0.23
rxn04294,>,-10.33,0.72
rxn04295,=,0.88,0.21
rxn04296,=,-4.67,0.29
rxn04297,=,2.33,0.73
rxn04298,=,-3.97,0.27
rxn04299,=,-4.05,0.35
rxn04300,=,-0.99,0.3
rxn04301,=,7.61,1.44
rxn04302,=,0.58,0.24
rxn04303,<,14.25,0.33
rxn04305,<,33.25,0.71
rxn04307,<,11.88,0.29
rxn04308,>,-185.27,6.1
rxn04311,=,-8.96,0.44
rxn04312,>,-9.42,0.26
rxn04313,=,-8.9,0.39
rxn04314,>,-80.37,1.37
rxn04315,>,-192.93,0.37
rxn04316,=,-6.47,0.43
rxn04317,>,-9.34,0.72
rxn04318,>,-11.98,0.44
rxn04321,>,-11.61,0.3
rxn04322,>,-11.69,0.3
rxn04323,>,-96.35,0.52
rxn04324,>,-95.57,0.5
rxn04325,>,-95.57,0.5
rxn04326,>,-100.95,0.7
rxn04327,>,-26.71,1.9
rxn04328,>,-100.61,0.62
rxn04329,>,-100.61,0.62
rxn04330,>,-33.5,1.98
rxn04331,>,-100.61,0.62
rxn04332,>,-32.59,2.0
rxn04333,=,-10.08,0.57
rxn04334,=,-10.08,0.57
rxn04335,=,-10.08,0.57
rxn04336,=,-10.08,0.57
rxn04337,>,-11.97,1.11
rxn04338,>,-12.31,1.06
rxn04339,>,-8.99,0.87
rxn04340,>,-12.65,1.14
rxn04345,>,-10.02,1.0
rxn04346,=,-5.49,0.31
rxn04347,=,-7.75,0.64
rxn04348,=,-2.87,0.77
rxn04349,>,-10.36,0.95
rxn04350,=,-2.87,0.77
rxn04351,=,-7.75,0.64
rxn04352,=,-2.87,0.77
rxn04353,=,-2.31,0.98
rxn04354,=,-5.49,0.31
rxn04355,=,-5.63,0.99
rxn04356,=,-2.87,0.78
rxn04357,=,-7.58,1.04
rxn04358,=,-5.49,0.31
rxn04359,=,-4.62,0.65
rxn04360,=,-2.87,0.78
rxn04362,>,-77.1,0.57
rxn04363,=,-5.47,1.1
rxn04367,=,-9.02,0.48
rxn04368,<,62.56,0.69
rxn04373,=,-2.07,0.48
rxn04376,>,-2.99,0.02
rxn04377,>,-2.99,0.02
rxn04379,>,-28.42,1.24
rxn04384,>,-6.12,0.72
rxn04385,>,-6.32,0.27
rxn04386,=,-3.48,0.15
rxn04387,>,-22.84,0.21
rxn04388,>,-22.84,0.21
rxn04389,>,-24.97,0.51
rxn04390,>,-24.99,0.51
rxn04391,>,-25.02,0.51
rxn04392,>,-76.78,0.54
rxn04393,>,-77.43,0.43
rxn04394,>,-88.26,1.05
rxn04395,>,-127.23,0.4
rxn04402,<,7.31,1.02
rxn04406,>,-100.75,1.09
rxn04408,>,-23.35,1.03
rxn04409,>,-1.1,1.02
rxn04411,<,6.99,0.69
rxn04413,=,-2.86,0.2
rxn04415,>,-72.84,0.41
rxn04416,>,-72.83,0.41
rxn04417,>,-29.37,1.01
rxn04418,=,-7.13,1.03
rxn04419,>,-22.46,0.82
rxn04423,>,-2.66,0.38
rxn04424,=,-8.01,0.42
rxn04425,=,-8.01,0.42
rxn04426,>,-81.8,0.4
rxn04427,>,-87.03,0.56
rxn04428,>,-23.11,0.8
rxn04429,>,-17.88,0.9
rxn04430,>,-23.13,0.8
rxn04431,>,-17.89,0.9
rxn04432,>,-23.15,0.8
rxn04437,=,-10.18,0.39
rxn04439,=,0.57,0.25
rxn04441,=,-2.87,0.02
rxn04442,<,4.98,0.33
rxn04443,=,-5.36,0.44
rxn04444,>,-13.87,0.44
rxn04445,>,-26.06,0.47
rxn04446,>,-14.1,0.61
rxn04447,=,7.07,0.24
rxn04448,>,-3.91,0.69
rxn04449,>,-1.62,1.57
rxn04451,=,25.31,1.33
rxn04453,=,-1.85,0.3
rxn04454,>,-12.47,0.62
rxn04455,>,-12.24,0.62
rxn04456,>,-10.24,0.6
rxn04457,>,-10.24,0.6
rxn04458,>,-72.83,0.41
rxn04459,>,-72.18,0.43
rxn04462,=,3.63,0.45
rxn04463,>,-13.26,0.43
rxn04464,>,-14.13,0.4
rxn04465,>,-7.53,0.17
rxn04466,>,-22.84,0.21
rxn04468,>,-16.42,0.51
rxn04471,=,5.25,0.28
rxn04472,>,-95.59,0.23
rxn04473,>,-96.03,0.44
rxn04474,=,-1.14,0.92
rxn04475,=,-0.94,0.48
rxn04476,=,0.18,0.77
rxn04477,=,0.88,0.21
rxn04478,=,-3.85,0.27
rxn04479,<,12.08,0.27
rxn04480,=,0.98,0.21
rxn04482,>,-32.5,0.47
rxn04483,=,-2.67,0.48
rxn04485,>,-4.82,0.67
rxn04494,=,-9.03,0.34
rxn04500,>,-12.43,0.49
rxn04501,>,-17.03,0.86
rxn04502,=,2.87,0.92
rxn04510,<,3.48,0.66
rxn04511,>,-92.39,0.57
rxn04512,=,1.65,0.75
rxn04513,=,-0.94,0.43
rxn04514,<,1.05,0.45
rxn04515,>,-82.21,0.3
rxn04516,>,-15.78,0.52
rxn04517,<,20.15,0.52
rxn04518,>,-5.29,0.3
rxn04519,>,-20.25,0.78
rxn04520,>,-95.45,0.3
rxn04521,>,-106.26,0.14
rxn04522,>,-92.64,0.09
rxn04523,>,-96.95,0.13
rxn04524,>,-107.96,0.14
rxn04525,>,-17.05,0.83
rxn04526,<,12.22,0.14
rxn04527,<,11.11,0.78
rxn04528,>,-86.99,0.62
rxn04529,>,-106.41,1.98
rxn04531,>,-30.78,0.92
rxn04532,>,-94.42,0.57
rxn04535,<,19.21,0.8
rxn04545,<,19.2,0.8
rxn04547,>,-9.69,0.71
rxn04549,=,-4.06,0.29
rxn04550,=,-4.95,0.26
rxn04551,=,-2.37,0.79
rxn04559,>,-23.97,0.76
rxn04560,=,13.9,0.28
rxn04561,=,-0.86,0.29
rxn04564,>,-16.24,0.63
rxn04565,=,0.55,0.19
rxn04571,>,-20.94,0.04
rxn04574,>,-82.39,0.88
rxn04577,=,4.91,0.79
rxn04578,>,-26.41,0.46
rxn04579,>,-98.29,0.35
rxn04580,>,-128.22,0.33
rxn04584,>,-49.88,1.64
rxn04585,>,-11.69,0.49
rxn04586,>,-15.91,0.4
rxn04587,=,-7.42,0.78
rxn04588,=,2.09,0.25
rxn04589,>,-27.98,0.51
rxn04590,>,-10.9,0.78
rxn04592,>,-12.92,0.49
rxn04593,>,-3.96,1.76
rxn04597,>,-93.79,0.61
rxn04598,>,-94.86,0.79
rxn04599,<,28.93,0.69
rxn04600,<,28.48,0.87
rxn04601,>,-83.24,0.4
rxn04602,>,-82.85,0.48
rxn04603,>,-116.59,0.74
rxn04604,=,-3.17,0.57
rxn04607,>,-103.86,1.0
rxn04608,>,-20.66,1.04
rxn04609,>,-22.59,0.82
rxn04610,=,-12.76,0.47
rxn04611,>,-2.48,0.29
rxn04612,=,-1.88,0.29
rxn04614,>,-2.34,0.29
rxn04615,=,3.6,0.31
rxn04616,=,-1.59,0.29
rxn04617,=,-6.86,0.43
rxn04618,>,-12.54,0.47
rxn04619,=,-7.1,0.35
rxn04620,=,-5.64,0.29
rxn04621,>,-2.18,0.41
rxn04622,>,-22.44,0.82
rxn04623,>,-11.87,0.43
rxn04624,=,-8.97,0.59
rxn04625,>,-16.82,0.7
rxn04626,=,-7.8,0.52
rxn04627,=,-7.1,0.35
rxn04628,=,-5.64,0.29
rxn04629,=,-7.8,0.52
rxn04630,>,-23.03,0.8
rxn04631,>,-23.15,0.8
rxn04632,=,-1.63,0.29
rxn04633,=,-6.86,0.43
rxn04634,>,-12.52,0.47
rxn04635,=,-2.26,0.5
rxn04636,=,-1.66,0.29
rxn04639,>,-42.7,0.95
rxn04641,=,-2.26,0.5
rxn04642,>,-10.12,0.38
rxn04643,>,-15.51,0.42
rxn04644,=,-2.26,0.5
rxn04645,>,-7.23,0.19
rxn04646,>,-90.93,0.85
rxn04647,<,47.45,0.98
rxn04648,>,-154.04,1.38
rxn04649,<,22.84,1.05
rxn04650,=,-6.61,0.66
rxn04651,=,-1.13,0.03
rxn04653,>,-10.5,0.55
rxn04654,>,-130.04,0.77
rxn04661,=,3.39,0.03
rxn04662,=,14.6,0.59
rxn04663,=,-10.02,0.48
rxn04664,<,12.88,0.03
rxn04666,>,-73.31,0.53
rxn04667,>,-7.74,0.96
rxn04668,>,-37.62,0.86
rxn04669,=,3.05,0.47
rxn04671,>,-92.54,0.64
rxn04672,<,30.32,0.76
rxn04673,>,-48.65,1.31
rxn04674,=,12.28,0.91
rxn04676,>,-21.04,1.09
rxn04677,<,15.95,1.09
rxn04678,>,-19.67,1.09
rxn04680,=,2.3,0.3
rxn04681,=,3.37,0.79
rxn04682,=,0.99,1.06
rxn04683,>,-2.09,0.15
rxn04684,>,-2.02,0.02
rxn04685,=,6.33,0.42
rxn04686,=,-5.63,0.55
rxn04687,=,5.37,0.43
rxn04688,=,5.37,0.43
rxn04691,>,-31.49,0.8
rxn04692,>,-87.71,0.43
rxn04693,>,-95.4,0.11
rxn04694,>,-25.53,0.72
rxn04695,>,-56.46,0.72
rxn04697,>,-87.71,0.43
rxn04699,>,-85.61,0.35
rxn04700,=,1.58,0.57
rxn04701,>,-108.41,0.69
rxn04702,=,-1.49,0.47
rxn04703,=,1.21,0.31
rxn04704,>,-13.63,1.72
rxn04705,=,-3.57,0.47
rxn04706,<,8.38,0.38
rxn04707,<,13.79,0.86
rxn04708,<,44.61,0.69
rxn04711,>,-82.13,0.26
rxn04712,>,-18.34,0.38
rxn04713,=,-5.47,0.26
rxn04714,>,-11.65,0.54
rxn04715,<,20.73,0.58
rxn04716,>,-15.28,0.44
rxn04717,<,3.85,0.5
rxn04718,>,-91.1,0.89
rxn04719,<,26.45,0.86
rxn04720,>,-58.38,0.84
rxn04721,>,-42.69,0.59
rxn04722,<,17.74,0.52
rxn04723,>,-13.21,0.36
rxn04724,>,-87.92,0.28
rxn04725,>,-93.65,0.39
rxn04726,=,4.33,0.28
rxn04727,=,-10.4,0.36
rxn04728,>,-89.12,0.89
rxn04729,=,8.77,0.85
rxn04730,>,-105.12,0.86
rxn04731,=,0.96,0.59
rxn04732,<,18.04,0.52
rxn04733,>,-45.73,0.36
rxn04734,>,-4.28,0.21
rxn04735,>,-93.98,0.38
rxn04736,=,4.99,0.14
rxn04737,=,-11.1,0.32
rxn04739,>,-91.1,0.89
rxn04740,<,25.11,0.84
rxn04741,>,-99.71,0.8
rxn04742,=,-1.9,0.57
rxn04743,<,17.73,0.52
rxn04744,>,-13.17,0.36
rxn04745,>,-83.3,0.37
rxn04746,>,-91.1,0.89
rxn04748,>,-83.29,0.37
rxn04749,=,-1.63,0.64
rxn04750,=,-2.22,0.22
rxn04751,=,1.67,0.21
rxn04752,=,4.46,0.25
rxn04753,=,-1.84,0.02
rxn04754,>,-99.98,0.19
rxn04755,>,-80.31,0.9
rxn04756,>,-80.31,0.9
rxn04757,>,-24.74,0.88
rxn04758,=,0.0,0.6
rxn04759,=,0.0,0.6
rxn04760,>,-24.74,0.88
rxn04761,>,-71.34,1.02
rxn04762,>,-71.34,1.02
rxn04763,>,-8.45,0.84
rxn04765,>,-24.14,0.84
rxn04766,>,-30.8,0.31
rxn04767,<,13.58,0.81
rxn04769,>,-8.04,0.87
rxn04770,>,-6.29,0.96
rxn04771,=,-2.72,0.98
rxn04772,>,-9.05,0.87
rxn04776,=,-2.29,0.68
rxn04777,<,21.48,0.87
rxn04778,=,3.26,0.57
rxn04779,<,21.4,0.87
rxn04780,=,3.31,0.57
rxn04781,<,17.06,0.77
rxn04782,=,-1.29,0.05
rxn04783,=,5.66,0.39
rxn04784,=,0.08,0.04
rxn04785,=,0.69,0.02
rxn04786,=,-6.81,0.17
rxn04787,>,-2.54,0.29
rxn04788,>,-11.18,0.48
rxn04789,=,-2.79,0.12
rxn04791,<,3.65,0.38
rxn04792,=,6.12,0.36
rxn04793,=,-9.37,0.19
rxn04794,=,-0.46,0.13
rxn04795,>,-24.92,0.52
rxn04800,>,-19.25,0.66
rxn04803,<,14.5,1.63
rxn04804,=,-1.2,0.17
rxn04805,>,-9.19,0.93
rxn04806,>,-20.41,1.14
rxn04807,>,-99.68,1.05
rxn04808,>,-97.28,1.04
rxn04809,=,-5.78,0.42
rxn04810,=,-15.65,0.46
rxn04811,=,-7.98,0.42
rxn04816,<,7.71,0.88
rxn04817,=,5.31,0.87
rxn04818,<,6.79,0.9
rxn04819,=,4.39,0.89
rxn04820,<,10.75,0.41
rxn04821,<,8.35,0.4
rxn04822,<,22.94,0.93
rxn04823,>,-77.51,0.52
rxn04824,>,-33.02,0.84
rxn04826,>,-21.04,0.97
rxn04827,>,-82.88,0.38
rxn04828,>,-97.77,0.91
rxn04829,>,-97.76,0.9
rxn04830,=,-14.5,0.47
rxn04831,=,-7.74,0.43
rxn04832,=,-7.74,0.43
rxn04833,=,-14.5,0.47
rxn04834,<,8.79,0.2
rxn04836,<,19.38,0.49
rxn04838,<,8.67,0.53
rxn04839,<,8.67,0.53
rxn04840,>,-73.77,0.45
rxn04841,>,-73.77,0.45
rxn04843,<,7.37,0.37
rxn04844,>,-27.71,0.93
rxn04845,>,-60.5,0.83
rxn04846,>,-55.62,0.7
rxn04847,>,-95.79,0.04
rxn04848,>,-57.36,0.81
rxn04849,>,-56.46,0.98
rxn04850,<,6.9,0.41
rxn04851,<,6.98,0.38
rxn04852,>,-100.33,0.05
rxn04853,>,-26.84,0.74
rxn04854,>,-93.06,0.46
rxn04855,>,-24.54,0.74
rxn04856,>,-94.81,0.92
rxn04857,>,-94.81,0.92
rxn04858,>,-93.06,0.46
rxn04859,>,-25.41,0.93
rxn04860,>,-99.08,0.4
rxn04861,>,-93.47,0.45
rxn04862,>,-95.17,0.45
rxn04863,>,-22.9,0.53
rxn04864,=,2.07,0.84
rxn04865,=,-0.74,0.27
rxn04866,=,-4.99,0.27
rxn04867,>,-22.75,0.52
rxn04868,>,-63.81,0.43
rxn04869,>,-109.77,0.69
rxn04870,>,-6.43,0.58
rxn04871,>,-105.52,0.7
rxn04872,=,-9.02,0.45
rxn04873,=,-9.55,0.44
rxn04874,<,6.98,0.2
rxn04875,<,6.98,0.2
rxn04876,<,13.86,0.69
rxn04877,<,13.42,0.75
rxn04878,>,-107.45,0.6
rxn04879,<,27.83,0.75
rxn04880,>,-38.56,0.79
rxn04881,<,21.94,0.81
rxn04882,>,-97.82,0.79
rxn04883,>,-97.82,0.79
rxn04884,>,-84.39,0.95
rxn04885,<,8.79,0.2
rxn04886,=,-12.71,0.47
rxn04887,>,-16.54,0.38
rxn04888,>,-77.52,0.53
rxn04889,=,4.93,0.73
rxn04890,>,-84.39,0.95
rxn04891,>,-105.22,0.16
rxn04892,>,-89.48,0.34
rxn04893,>,-102.65,0.3
rxn04894,<,4.64,0.4
rxn04895,=,-9.47,0.56
rxn04896,=,-7.03,0.48
rxn04898,<,11.82,0.32
rxn04901,>,-81.89,0.44
rxn04902,>,-104.44,0.16
rxn04903,>,-12.12,0.57
rxn04904,<,11.82,0.32
rxn04905,>,-22.06,0.48
rxn04907,>,-14.32,0.31
rxn04908,>,-16.34,0.31
rxn04909,=,-6.95,0.26
rxn04910,>,-218.71,0.11
rxn04911,<,6.82,0.4
rxn04912,<,6.82,0.4
rxn04913,<,6.82,0.4
rxn04914,<,6.82,0.4
rxn04915,>,-97.43,0.66
rxn04916,>,-8.73,1.29
rxn04919,=,-3.28,0.53
rxn04920,<,13.86,0.86
rxn04923,<,11.16,0.13
rxn04924,<,8.94,0.49
rxn04925,<,7.24,0.5
rxn04926,<,10.55,0.14
rxn04927,=,-1.26,0.33
rxn04928,=,-0.15,0.28
rxn04930,=,-4.78,0.2
rxn04932,=,4.42,0.03
rxn04933,=,3.52,0.03
rxn04934,=,4.38,0.09
rxn04935,=,3.79,0.09
rxn04936,=,-0.57,0.26
rxn04937,=,1.5,0.24
rxn04938,=,5.54,0.36
rxn04939,=,6.37,0.12
rxn04940,=,5.79,0.12
rxn04941,=,3.77,0.04
rxn04942,=,3.84,0.03
rxn04943,=,3.16,0.03
rxn04944,=,3.55,0.34
rxn04945,=,-0.79,0.03
rxn04947,>,-1.14,0.51
rxn04948,=,0.72,0.24
rxn04949,>,-33.04,0.73
rxn04950,>,-24.97,0.3
rxn04951,=,-2.5,0.12
rxn04952,=,9.94,0.02
rxn04953,=,9.36,0.02
rxn04954,=,9.44,0.04
rxn04955,>,-16.47,0.93
rxn04956,=,-11.11,0.63
rxn04957,>,-32.21,0.04
rxn04958,>,-31.62,0.04
rxn04959,>,-13.35,0.47
rxn04960,=,1.76,0.05
rxn04961,>,-49.19,1.35
rxn04962,>,-13.73,1.18
rxn04963,>,-13.73,1.18
rxn04964,>,-107.43,0.65
rxn04965,>,-119.52,0.42
rxn04966,>,-108.52,0.24
rxn04967,>,-106.44,0.76
rxn04968,>,-106.34,0.76
rxn04969,>,-86.36,0.71
rxn04971,>,-63.25,0.65
rxn04972,>,-82.62,0.39
rxn04973,>,-91.77,0.77
rxn04974,>,-102.84,0.85
rxn04975,>,-98.77,0.56
rxn04976,>,-102.84,0.84
rxn04977,>,-97.68,0.6
rxn04978,>,-79.72,0.9
rxn04979,>,-79.72,0.9
rxn04980,>,-95.6,0.39
rxn04981,>,-95.03,0.46
rxn04982,>,-93.76,0.61
rxn04983,>,-95.85,0.38
rxn04984,>,-94.86,0.72
rxn04985,=,-9.22,0.87
rxn04986,>,-96.47,0.14
rxn04987,>,-93.85,0.32
rxn04988,>,-93.85,0.32
rxn04989,>,-93.8,0.9
rxn04990,>,-77.14,0.99
rxn04991,>,-90.79,0.94
rxn04992,>,-64.24,0.89
rxn04994,>,-109.23,0.55
rxn04995,>,-110.38,0.48
rxn04996,<,15.32,0.85
rxn04997,<,10.9,0.39
rxn04998,<,15.47,0.45
rxn04999,<,14.08,1.87
rxn05000,>,-85.27,0.93
rxn05001,>,-124.35,1.33
rxn05003,=,7.28,1.01
rxn05004,=,-4.27,0.77
rxn05005,>,-9.43,1.38
rxn05006,=,-3.87,1.15
rxn05007,>,-23.12,0.8
rxn05008,=,14.15,1.2
rxn05009,>,-16.74,0.85
rxn05010,=,2.27,0.79
rxn05011,=,3.33,1.05
rxn05012,>,-7.14,0.03
rxn05014,=,2.01,0.13
rxn05015,=,0.0,0.02
rxn05016,>,-1.7,1.09
rxn05018,=,-0.9,0.33
rxn05021,<,10.21,0.31
rxn05022,=,-8.59,0.42
rxn05023,>,-13.55,0.42
rxn05024,<,25.1,0.74
rxn05025,<,5.8,0.39
rxn05026,<,6.34,0.25
rxn05028,>,-22.44,0.76
rxn05029,>,-125.15,0.03
rxn05030,>,-23.15,0.76
rxn05031,>,-9.91,1.16
rxn05032,>,-26.41,0.46
rxn05033,>,-27.75,0.45
rxn05034,>,-21.92,0.5
rxn05035,>,-8.88,0.04
rxn05036,=,-1.08,0.24
rxn05037,=,-1.08,0.12
rxn05038,=,-5.6,0.49
rxn05039,>,-2.93,0.02
rxn05040,>,-24.67,0.13
rxn05042,=,9.48,0.57
rxn05043,=,10.97,0.54
rxn05044,>,-17.17,0.25
rxn05047,>,-3.46,0.24
rxn05048,>,-7.36,0.02
rxn05049,>,-13.42,1.1
rxn05052,=,-6.93,0.25
rxn05053,=,-4.2,0.32
rxn05054,>,-7.1,0.72
rxn05055,=,1.7,0.46
rxn05057,>,-40.7,0.92
rxn05058,>,-9.66,0.03
rxn05059,>,-12.25,0.03
rxn05060,>,-24.61,0.44
rxn05061,>,-6.64,0.35
rxn05062,<,32.83,0.77
rxn05064,=,-2.35,0.04
rxn05065,=,1.59,1.04
rxn05066,>,-9.9,0.62
rxn05067,=,-2.89,0.19
rxn05068,>,-13.37,1.94
rxn05069,>,-6.68,0.97
rxn05070,>,-16.8,2.05
rxn05071,=,1.35,2.16
rxn05072,>,-16.1,0.34
rxn05073,>,-106.65,0.13
rxn05078,=,0.23,0.52
rxn05080,=,-6.73,0.25
rxn05081,=,-6.73,0.25
rxn05084,=,-6.49,0.73
rxn05085,=,3.02,0.03
rxn05087,>,-15.14,0.78
rxn05088,>,-15.72,0.78
rxn05090,>,-85.28,0.57
rxn05091,>,-116.86,0.19
rxn05092,>,-114.77,0.17
rxn05093,>,-60.95,0.13
rxn05094,>,-127.13,0.46
rxn05095,>,-106.93,0.86
rxn05096,>,-95.95,0.87
rxn05097,>,-91.99,0.18
rxn05098,>,-82.14,0.48
rxn05099,>,-82.68,0.21
rxn05101,>,-63.48,0.96
rxn05102,>,-38.89,0.84
rxn05104,>,-15.42,0.22
rxn05105,=,-0.12,0.02
rxn05106,>,-3.84,0.02
rxn05107,>,-3.96,0.02
rxn05108,=,2.69,0.17
rxn05109,>,-10.16,0.03
rxn05110,>,-22.68,0.05
rxn05111,>,-89.16,0.06
rxn05112,=,1.41,0.32
rxn05113,>,-113.56,0.46
rxn05114,=,5.17,0.54
rxn05115,=,-11.05,0.54
rxn05116,>,-6.49,0.19
rxn05117,=,13.05,0.44
rxn05118,>,-13.67,0.35
rxn05119,=,13.63,0.44
rxn05120,>,-14.8,1.34
rxn05122,=,0.35,0.35
rxn05123,>,-5.91,0.29
rxn05124,>,-21.0,0.04
rxn05125,=,-0.01,0.43
rxn05126,=,-5.25,0.03
rxn05127,=,-5.83,0.03
rxn05128,=,-0.19,0.29
rxn05129,>,-10.39,0.04
rxn05130,>,-87.6,0.33
rxn05131,>,-86.72,0.57
rxn05132,>,-58.66,0.39
rxn05135,=,-0.83,0.33
rxn05136,=,5.6,0.56
rxn05137,=,-3.54,0.42
rxn05142,=,5.1,0.3
rxn05143,=,4.51,0.3
rxn05144,>,-75.63,0.66
rxn05287,>,-22.44,0.76
rxn05746,=,3.6,0.26
rxn05765,>,-150.1,2.07
rxn05766,>,-151.23,2.06
rxn05887,=,-3.69,0.02
rxn05909,=,-6.43,0.04
rxn05910,=,1.4,0.04
rxn05922,=,6.19,0.29
rxn05923,<,-6.06,0.28
rxn05924,>,-67.17,0.44
rxn05928,=,-9.3,0.21
rxn05941,>,-6.14,0.23
rxn05946,>,-7.77,0.62
rxn05957,>,-17.28,0.4
rxn05961,=,15.42,0.25
rxn05974,<,12.86,0.14
rxn06008,=,4.4,0.03
rxn06009,>,-43.3,0.33
rxn06011,>,-27.23,0.04
rxn06060,>,-76.03,0.49
rxn06063,>,-6.14,0.23
rxn06105,>,-49.3,0.82
rxn06135,>,-18.96,0.17
rxn06136,>,-17.8,0.17
rxn06166,>,-64.45,0.8
rxn06174,=,4.42,0.54
rxn06187,=,-3.94,0.13
rxn06188,>,3.9,0.78
rxn06205,>,-11.9,0.5
rxn06213,>,-23.12,0.8
rxn06278,<,14.86,0.68
rxn06299,=,-2.45,0.03
rxn06304,=,-2.13,0.9
rxn06306,>,-2.42,0.22
rxn06317,>,-64.45,0.8
rxn06353,=,-9.32,0.57
rxn06359,>,-64.25,0.49
rxn06409,=,-3.54,0.65
rxn06424,<,94.59,0.37
rxn06458,=,-0.85,0.02
rxn06461,=,-2.66,0.22
rxn06465,=,8.34,1.11
rxn06467,>,-65.1,0.78
rxn06468,=,3.21,1.76
rxn06488,=,-8.51,0.2
rxn06510,=,2.55,0.19
rxn06542,=,-2.59,0.64
rxn06545,>,-87.75,0.47
rxn06547,=,14.64,0.37
rxn06551,=,4.48,0.41
rxn06588,=,15.28,0.25
rxn06589,>,-90.21,0.41
rxn06643,<,49.27,0.76
rxn06655,<,324.73,1.32
rxn06667,>,-91.24,0.81
rxn06670,=,3.36,0.22
rxn06683,>,-28.96,0.3
rxn06684,>,-10.53,0.31
rxn06696,=,-0.07,0.51
rxn06705,=,-7.68,0.27
rxn06711,=,7.5,0.69
rxn06719,>,-59.34,0.77
rxn06733,=,-8.39,0.35
rxn06744,=,1.57,0.31
rxn06777,=,5.89,0.03
rxn06820,>,-22.33,0.73
rxn06843,>,-9.3,0.25
rxn06859,>,-13.45,0.51
rxn06861,>,-17.74,0.52
rxn06887,>,-6.79,0.33
rxn06888,<,235.15,0.67
rxn06890,>,-17.01,0.28
rxn06893,=,7.6,0.39
rxn06895,>,-103.65,0.35
rxn06897,>,-12.62,0.47
rxn06904,=,3.73,0.49
rxn06905,=,-2.03,0.52
rxn06906,=,2.2,0.43
rxn06907,=,2.64,0.42
rxn06908,>,-34.21,1.07
rxn06910,<,21.6,0.87
rxn06912,>,-103.96,0.38
rxn06921,>,-83.02,0.49
rxn06929,>,-13.06,0.32
rxn06933,<,24.43,0.88
rxn06935,<,24.46,0.88
rxn06953,=,-3.91,0.6
rxn06966,>,-10.79,1.02
rxn06979,>,-7.15,0.33
rxn06984,>,-91.1,0.89
rxn07101,=,-6.83,0.39
rxn07102,=,-8.76,0.39
rxn07111,>,-22.01,0.99
rxn07112,>,-2.18,0.41
rxn07113,>,-12.52,0.47
rxn07115,>,-60.88,0.81
rxn07118,>,-81.15,0.43
rxn07139,>,-4.82,0.67
rxn07140,=,1.5,0.75
rxn07141,=,-4.73,0.44
rxn07142,<,15.21,0.12
rxn07143,>,-30.78,0.92
rxn07160,>,-128.22,0.33
rxn07165,=,3.92,0.41
rxn07169,<,21.41,0.86
rxn07170,<,16.79,0.03
rxn07177,=,10.26,0.52
rxn07178,=,2.41,0.68
rxn07181,=,-7.31,0.48
rxn07182,=,-8.13,0.29
rxn07183,=,-8.42,0.29
rxn07200,=,-4.28,0.02
rxn07217,>,-151.61,1.86
rxn07218,>,-34.0,0.53
rxn07219,>,-8.91,0.8
rxn07271,=,0.94,0.46
rxn07272,=,5.62,0.44
rxn07273,=,-2.52,0.63
rxn07274,>,-94.72,0.32
rxn07277,>,-15.79,0.25
rxn07278,>,-93.43,0.57
rxn07279,>,-9.12,0.52
rxn07280,=,-4.17,0.54
rxn07281,>,-77.94,0.09
rxn07282,>,-15.68,0.26
rxn07285,>,-93.43,0.57
rxn07286,>,-95.08,0.34
rxn07287,>,-95.08,0.34
rxn07295,>,-21.79,0.34
rxn07298,<,15.68,0.26
rxn07300,>,-11.72,0.31
rxn07301,<,15.06,0.26
rxn07304,<,15.68,0.26
rxn07305,<,14.95,0.27
rxn07306,>,-78.3,0.26
rxn07307,>,-40.67,0.53
rxn07308,=,0.19,0.61
rxn07312,=,7.1,0.91
rxn07314,=,-2.04,0.74
rxn07315,=,4.98,1.02
rxn07318,<,2.83,1.25
rxn07319,=,0.12,0.63
rxn07320,>,-106.29,0.49
rxn07323,<,6.57,0.82
rxn07324,=,-4.06,0.91
rxn07325,>,-0.92,0.48
rxn07328,=,1.63,0.03
rxn07331,>,-21.3,1.08
rxn07332,=,-5.18,0.82
rxn07333,=,4.34,0.92
rxn07334,=,4.34,0.92
rxn07335,=,-0.04,1.0
rxn07337,>,-98.43,0.97
rxn07343,=,-3.68,1.06
rxn07344,=,-5.48,0.59
rxn07346,>,-10.0,0.41
rxn07347,<,11.61,0.58
rxn07348,>,-6.69,0.79
rxn07350,<,19.62,0.71
rxn07352,>,-11.26,0.92
rxn07353,<,19.62,0.71
rxn07355,>,-11.26,0.72
rxn07358,>,-11.26,0.72
rxn07359,<,19.62,0.71
rxn07360,>,-11.26,0.72
rxn07361,>,-97.77,0.68
rxn07363,<,19.62,0.71
rxn07364,>,-11.96,0.9
rxn07366,>,-11.96,1.26
rxn07367,<,19.62,0.71
rxn07369,>,-88.16,0.85
rxn07370,<,19.62,0.71
rxn07372,>,-17.02,1.09
rxn07374,<,19.62,0.91
rxn07382,<,5.71,0.9
rxn07389,>,-96.76,0.38
rxn07390,>,-96.76,0.38
rxn07391,>,-34.05,2.19
rxn07392,>,-96.76,0.38
rxn07399,>,-93.03,0.36
rxn07400,>,-93.03,0.36
rxn07403,>,-93.03,0.36
rxn07405,>,-18.4,0.72
rxn07406,=,3.82,0.2
rxn07407,<,6.35,0.86
rxn07408,<,14.92,0.2
rxn07413,=,-0.83,0.17
rxn07414,<,11.07,1.02
rxn07415,=,3.79,0.19
rxn07428,<,7.53,0.2
rxn07429,>,-21.24,0.04
rxn07430,>,-9.78,0.44
rxn07432,>,-10.3,0.44
rxn07434,>,-8.59,0.44
rxn07436,=,-5.76,0.47
rxn07441,>,-15.96,0.39
rxn07444,<,10.5,0.4
rxn07445,=,-6.65,0.33
rxn07446,>,-27.24,1.23
rxn07447,>,-3.11,0.78
rxn07448,>,-3.11,0.78
rxn07449,>,-53.25,0.52
rxn07450,>,-49.99,0.5
rxn07452,=,0.79,0.23
rxn07454,>,-43.84,0.6
rxn07456,=,1.15,0.03
rxn07459,>,-29.4,1.61
rxn07462,>,0.44,1.15
rxn07463,>,-6.36,1.37
rxn07464,>,-20.95,0.89
rxn07465,>,-7.24,0.14
rxn07466,=,-4.94,0.38
rxn07468,=,17.46,2.23
rxn07472,>,-104.03,0.77
rxn07473,=,4.12,0.38
rxn07474,=,-1.98,0.26
rxn07475,=,-2.43,0.4
rxn07476,<,11.78,0.38
rxn07477,=,-3.31,0.41
rxn07478,>,-132.72,0.55
rxn07479,=,-8.83,0.46
rxn07480,>,-93.99,0.38
rxn07481,>,-11.67,0.32
rxn07482,=,-11.09,0.32
rxn07483,=,2.81,0.38
rxn07484,<,30.86,1.64
rxn07485,=,10.91,0.36
rxn07487,=,2.29,0.27
rxn07488,=,-1.87,0.27
rxn07489,=,1.69,0.27
rxn07490,=,-3.57,0.34
rxn07491,=,6.39,0.28
rxn07492,>,-10.49,0.56
rxn07493,=,-3.01,0.03
rxn07495,=,-5.63,0.29
rxn07496,>,-93.75,0.68
rxn07497,>,-92.14,0.7
rxn07498,>,-109.85,0.71
rxn07500,>,-129.28,0.56
rxn07502,>,-5.58,1.4
rxn07503,>,-33.02,1.31
rxn07505,>,-110.89,0.97
rxn07506,>,-11.13,0.43
rxn07511,>,-15.0,0.72
rxn07512,>,-94.04,0.68
rxn07513,>,-92.42,0.7
rxn07514,>,-62.61,0.51
rxn07515,>,-102.63,0.63
rxn07516,>,-138.59,0.74
rxn07517,=,2.2,0.83
rxn07518,>,-91.14,0.77
rxn07519,<,25.16,0.79
rxn07520,>,-77.1,0.63
rxn07521,<,17.66,1.29
rxn07522,=,6.75,1.29
rxn07523,>,-94.48,0.18
rxn07524,>,-93.9,0.18
rxn07525,>,-81.13,0.55
rxn07526,=,13.64,0.98
rxn07527,<,18.04,0.47
rxn07528,>,-126.11,1.0
rxn07529,>,-97.36,0.4
rxn07532,>,-24.78,0.51
rxn07533,>,-2.34,0.29
rxn07534,>,-29.03,0.52
rxn07535,=,-1.51,0.29
rxn07537,=,1.6,1.04
rxn07538,>,-38.89,0.84
rxn07539,=,-4.35,0.83
rxn07541,>,-44.36,0.59
rxn07542,>,-14.85,0.68
rxn07543,>,-29.04,0.52
rxn07544,>,-24.93,0.52
rxn07545,>,-2.33,0.29
rxn07548,>,-28.35,0.4
rxn07550,=,-6.84,1.07
rxn07551,<,0.84,0.56
rxn07552,>,-15.69,0.51
rxn07553,=,-6.84,0.45
rxn07554,>,-12.62,0.47
rxn07555,>,-2.33,0.29
rxn07559,>,-69.05,0.48
rxn07560,>,-72.83,0.41
rxn07561,>,-31.2,1.0
rxn07562,>,-14.96,0.69
rxn07564,>,-22.47,0.82
rxn07565,>,-31.2,1.0
rxn07566,>,-14.86,0.68
rxn07567,>,-12.62,0.47
rxn07568,=,-1.5,0.29
rxn07571,=,-1.66,0.29
rxn07572,>,-3.33,0.24
rxn07573,=,-2.55,0.15
rxn07574,>,-2.55,0.16
rxn07575,=,-9.37,0.19
rxn07584,<,13.82,0.32
rxn07586,=,-6.06,1.33
rxn07587,>,-14.42,1.49
rxn07588,>,-70.83,0.99
rxn07589,<,67.62,0.95
rxn07590,>,-78.07,0.41
rxn07591,>,-97.36,0.4
rxn07592,>,-97.37,0.4
rxn07593,=,-17.71,0.32
rxn07594,<,8.7,0.54
rxn07595,=,1.88,0.56
rxn07596,>,-8.34,0.5
rxn07600,>,-57.11,0.56
rxn07601,<,13.56,0.35
rxn07602,>,-170.31,0.77
rxn07603,=,5.55,0.39
rxn07604,=,10.46,0.53
rxn07605,=,9.7,0.53
rxn07606,>,-63.57,0.84
rxn07607,>,-17.7,0.89
rxn07608,>,-85.59,0.89
rxn07609,>,-14.69,0.59
rxn07611,>,-2.27,0.92
rxn07618,>,-120.81,0.66
rxn07619,=,-4.51,0.26
rxn07620,<,16.97,0.27
rxn07621,>,-35.17,1.2
rxn07622,=,-2.29,0.42
rxn07623,=,1.19,0.19
rxn07624,=,-0.38,0.22
rxn07626,=,-0.47,0.04
rxn07627,>,-62.02,0.61
rxn07628,>,-93.25,0.69
rxn07630,=,-0.0,0.02
rxn07631,>,-7.03,1.18
rxn07639,=,-3.73,0.8
rxn07640,>,-19.01,1.18
rxn07644,<,9.58,0.38
rxn07645,=,4.4,0.33
rxn07646,>,-6.04,1.04
rxn07647,>,-17.02,1.09
rxn07648,>,-17.02,1.09
rxn07653,>,-64.5,0.72
rxn07654,>,-23.76,0.59
rxn07655,>,-66.04,0.8
rxn07656,>,-20.26,0.82
rxn07657,>,-57.44,0.85
rxn07658,>,-55.0,0.61
rxn07659,>,-24.55,0.74
rxn07660,>,-53.65,0.59
rxn07661,>,-57.28,1.04
rxn07662,=,1.65,0.5
rxn07663,<,20.77,1.39
rxn07664,>,-12.54,0.47
rxn07665,>,-10.42,0.41
rxn07666,<,22.89,1.42
rxn07667,=,-7.1,0.35
rxn07668,=,-7.1,0.35
rxn07669,=,-7.1,0.35
rxn07670,>,-20.28,1.3
rxn07671,>,-11.09,0.43
rxn07672,>,-2.18,0.41
rxn07673,>,-2.18,0.41
rxn07674,>,-2.28,0.29
rxn07675,>,-2.34,0.29
rxn07676,>,-2.42,0.29
rxn07677,=,-0.98,0.02
rxn07678,=,5.53,0.19
rxn07679,>,-2.55,0.16
rxn07680,=,3.13,0.15
rxn07681,=,2.55,0.19
rxn07682,=,5.53,0.19
rxn07683,>,-2.55,0.16
rxn07684,=,3.13,0.15
rxn07685,=,2.54,0.19
rxn07686,=,3.98,0.34
rxn07687,=,-1.83,0.34
rxn07688,=,3.87,0.19
rxn07689,=,2.92,0.22
rxn07692,>,-6.26,0.18
rxn07693,=,5.33,0.64
rxn07700,>,-2.31,0.29
rxn07701,>,-12.47,0.47
rxn07702,>,-13.16,0.43
rxn07703,>,-13.82,0.43
rxn07706,>,-37.19,1.95
rxn07707,>,-31.87,0.95
rxn07708,<,35.91,0.74
rxn07709,<,24.36,0.93
rxn07710,=,11.76,0.95
rxn07711,=,13.89,0.94
rxn07712,<,22.23,0.92
rxn07713,>,-13.16,0.43
rxn07716,>,-21.99,0.99
rxn07717,>,-22.4,1.26
rxn07718,>,-22.02,0.99
rxn07719,>,-21.98,0.99
rxn07720,<,22.89,1.42
rxn07721,>,-2.19,0.41
rxn07722,=,-8.55,0.41
rxn07724,=,3.37,0.31
rxn07725,>,-4.7,0.31
rxn07726,=,2.06,0.24
rxn07727,=,2.56,0.19
rxn07728,=,-1.7,0.29
rxn07729,>,-101.42,0.63
rxn07732,>,-47.26,0.63
rxn07734,>,-2.19,0.41
rxn07737,>,-30.27,0.67
rxn07740,=,3.37,0.31
rxn07741,>,-4.7,0.31
rxn07742,=,2.06,0.24
rxn07743,=,2.56,0.19
rxn07744,>,-102.01,0.63
rxn07745,>,-99.88,0.65
rxn07746,>,-99.29,0.65
rxn07747,>,-110.35,0.6
rxn07748,>,-109.76,0.6
rxn07749,>,-74.6,0.65
rxn07750,>,-74.02,0.65
rxn07751,>,-112.47,0.63
rxn07752,>,-111.89,0.63
rxn07753,>,-100.56,0.6
rxn07754,>,-99.98,0.6
rxn07755,>,-94.49,0.48
rxn07756,>,-93.9,0.48
rxn07757,>,-106.4,0.55
rxn07758,>,-105.82,0.55
rxn07759,>,-130.23,0.78
rxn07760,>,-129.65,0.78
rxn07761,>,-100.06,0.51
rxn07762,>,-99.47,0.51
rxn07763,>,-100.38,0.67
rxn07764,>,-99.8,0.67
rxn07765,>,-76.55,0.6
rxn07766,>,-75.97,0.6
rxn07767,=,-15.62,0.49
rxn07768,>,-24.0,0.51
rxn07769,>,-17.51,0.43
rxn07773,>,-133.44,0.66
rxn07774,<,10.31,0.54
rxn07775,=,-4.82,0.07
rxn07776,=,-0.84,0.26
rxn07777,=,35.1,0.97
rxn07778,=,35.12,0.97
rxn07779,=,31.95,0.95
rxn07780,>,-10.9,0.66
rxn07781,>,-8.99,0.66
rxn07782,>,-5.82,0.76
rxn07783,>,-108.22,0.1
rxn07785,<,5.74,0.58
rxn07786,>,-108.22,0.1
rxn07787,>,-108.22,0.1
rxn07788,=,-1.17,0.38
rxn07789,=,-1.17,0.38
rxn07790,>,-16.27,0.38
rxn07791,>,-16.27,0.38
rxn07792,>,-79.24,0.43
rxn07793,>,-24.56,0.61
rxn07795,>,-89.11,0.81
rxn07796,>,-9.43,0.59
rxn07797,>,-12.59,0.47
rxn07798,>,-88.34,0.82
rxn07799,>,-89.01,0.81
rxn07800,>,-124.16,1.33
rxn07803,>,-22.0,0.63
rxn07804,>,-46.23,0.61
rxn07805,>,-46.23,0.61
rxn07806,>,-45.86,0.39
rxn07807,>,-47.4,0.61
rxn07808,>,-46.45,0.39
rxn07809,>,-45.86,0.39
rxn07811,>,-12.53,0.47
rxn07812,=,-1.43,0.5
rxn07814,>,-10.84,0.66
rxn07822,>,-79.24,0.43
rxn07826,>,-7.32,0.38
rxn07832,>,-47.4,0.61
rxn07833,>,-46.45,0.39
rxn07834,>,-93.84,0.51
rxn07835,>,-93.84,0.51
rxn07836,>,-93.84,0.51
rxn07837,>,-47.4,0.61
rxn07838,>,-18.31,0.5
rxn07840,>,-109.81,0.25
rxn07841,>,-23.06,0.37
rxn07842,>,-23.06,0.37
rxn07845,>,-12.41,0.04
rxn07846,>,2.98,0.03
rxn07847,=,-7.04,0.04
rxn07848,=,-4.21,0.51
rxn07849,=,2.57,0.45
rxn07850,>,-6.4,0.02
rxn07851,>,-5.75,0.02
rxn07852,>,-6.4,0.02
rxn07856,<,19.58,0.49
rxn07858,>,-2.97,0.02
rxn07860,>,-2.97,0.02
rxn07861,=,-7.31,0.21
rxn07862,=,-7.31,0.21
rxn07863,=,-8.8,0.34
rxn07864,=,-4.15,0.86
rxn07865,=,-6.96,0.37
rxn07868,>,-2.97,0.02
rxn07869,=,-7.31,0.21
rxn07870,>,-116.76,0.98
rxn07871,>,-103.54,1.03
rxn07872,=,1.71,0.49
rxn07873,=,5.14,0.33
rxn07874,=,4.65,0.36
rxn07875,=,-0.64,0.45
rxn07876,=,-6.6,0.29
rxn07877,=,-0.25,0.15
rxn07879,=,2.72,0.34
rxn07880,=,-2.56,0.19
rxn07881,=,7.47,0.72
rxn07882,=,2.18,0.71
rxn07883,=,9.22,0.34
rxn07884,=,-3.64,0.32
rxn07885,=,-6.23,0.33
rxn07886,<,4.63,0.45
rxn07887,=,-3.05,0.74
rxn07888,=,0.0,0.74
rxn07889,>,-36.22,0.81
rxn07890,>,-45.22,0.72
rxn07892,>,-60.03,0.65
rxn07893,>,-47.6,0.76
rxn07894,=,1.23,0.8
rxn07895,=,14.36,0.88
rxn07896,>,-46.11,0.72
rxn07897,>,-50.71,0.68
rxn07898,>,-51.48,0.7
rxn07899,>,-7.4,0.85
rxn07900,>,-6.59,0.81
rxn07901,>,-6.95,0.83
rxn07902,>,-100.33,0.82
rxn07903,>,-96.61,0.79
rxn07904,<,14.1,0.7
rxn07905,=,2.76,0.43
rxn07906,<,50.35,0.25
rxn07907,<,52.89,0.86
rxn07908,>,-43.83,0.8
rxn07909,>,-4.97,0.6
rxn07970,=,2.42,0.22
rxn08040,=,0.57,0.23
rxn08043,>,-6.85,0.23
rxn08044,=,-6.72,0.26
rxn08094,=,-6.4,0.04
rxn08113,<,7.97,0.27
rxn08118,=,-2.43,0.33
rxn08126,<,11.61,0.58
rxn08127,<,11.61,0.58
rxn08128,<,11.61,0.58
rxn08137,>,-9.06,0.03
rxn08179,>,-32.27,0.33
rxn08194,>,-125.15,0.03
rxn08254,=,2.58,0.22
rxn08258,=,-1.82,0.33
rxn08277,>,-11.12,0.06
rxn08345,<,7.58,0.03
rxn08347,<,8.6,0.26
rxn08352,<,15.91,0.85
rxn08444,>,-7.35,0.02
rxn08458,=,4.43,0.03
rxn08459,=,-3.85,0.03
rxn08468,>,-135.95,0.5
rxn08521,=,5.01,0.03
rxn08571,>,-5.49,0.22
rxn08647,=,-3.03,0.02
rxn08659,=,9.01,0.19
rxn08707,>,-14.8,1.34
rxn08756,<,14.73,0.85
rxn08884,=,2.66,0.35
rxn08981,=,6.9,0.03
rxn09037,>,-112.22,3.82
rxn09177,>,-11.65,0.49
rxn09188,=,8.55,0.04
rxn09320,=,0.69,0.37
rxn09345,>,-185.27,6.1
rxn09519,<,13.92,0.5
rxn09532,>,-16.24,0.22
rxn09944,=,-2.01,0.28
rxn09953,=,2.58,0.1
rxn09954,=,-8.5,0.15
rxn09991,=,3.79,0.19
rxn10425,>,-3.53,0.37
rxn10432,=,6.74,0.18
rxn10434,>,-12.45,0.37
rxn10468,=,1.39,0.33
rxn10469,=,1.39,0.33
rxn10475,<,66.15,0.51
rxn10476,>,-4.59,0.61
rxn10504,>,-18.09,0.52
rxn10505,>,-17.51,0.52
rxn10506,=,-2.55,0.56
rxn10543,>,-6.62,0.34
rxn10568,>,-17.18,0.32
rxn10594,=,-3.29,0.03
rxn10595,=,0.31,0.36
rxn10596,=,0.31,0.36
rxn10609,=,-3.48,0.15
rxn10613,>,-9.6,0.32
rxn10770,=,5.04,0.2
rxn10785,>,-157.11,5.34
rxn10902,=,-0.21,0.03
rxn11033,>,-3.84,0.02
rxn11040,=,3.2,0.04
rxn11244,=,-2.88,0.03
rxn11245,>,1.67,0.24
rxn11276,>,-4.84,0.03
rxn11300,>,-6.4,0.02
rxn11357,=,0.06,0.21
rxn11409,>,-5.88,0.3
rxn11475,<,33.22,0.39
rxn11510,=,-2.74,0.08
rxn11511,=,6.6,0.54
rxn11513,<,11.18,0.43
rxn11514,=,-6.86,0.38
rxn11516,>,3.35,1.09
rxn11517,>,-5.33,1.02
rxn11523,>,-23.2,0.74
rxn11526,=,-5.65,0.52
rxn11527,=,-4.82,0.52
rxn11534,>,-81.58,0.71
rxn11535,<,17.37,0.69
rxn11536,<,17.37,0.69
rxn11537,=,-3.01,0.98
rxn11538,<,3.94,0.26
rxn11539,<,3.94,0.26
rxn11540,=,-5.04,0.17
rxn11551,=,-5.87,0.16
rxn11552,=,-5.28,0.16
rxn11556,>,-79.5,0.7
rxn11559,>,-42.93,0.34
rxn11560,>,-89.03,0.39
rxn11561,>,-23.27,0.52
rxn11565,=,1.1,0.4
rxn11569,=,-4.87,0.48
rxn11570,=,5.95,0.18
rxn11571,<,148.55,0.65
rxn11573,<,7.47,1.5
rxn11574,=,-3.73,0.81
rxn11578,>,-46.09,0.87
rxn11579,=,-6.86,0.43
rxn11588,>,-18.12,0.4
rxn11592,<,18.81,0.7
rxn11596,<,18.01,0.53
rxn11597,=,14.43,0.41
rxn11599,>,-9.76,0.61
rxn11605,=,1.59,0.58
rxn11608,>,-54.18,0.39
rxn11610,=,-3.69,0.26
rxn11611,>,-12.86,0.27
rxn11618,>,-8.88,0.85
rxn11621,>,-80.19,0.67
rxn11622,<,4.8,0.37
rxn11623,<,7.53,0.2
rxn11625,=,-3.73,0.8
rxn11631,>,-39.46,0.45
rxn11633,=,-0.92,0.89
rxn11637,>,-52.58,0.59
rxn11640,=,2.13,0.78
rxn11645,>,-77.92,0.63
rxn11646,=,-8.59,0.26
rxn11650,>,-12.97,1.11
rxn11652,>,1.71,0.57
rxn11653,>,-79.24,0.47
rxn11654,>,-88.45,0.35
rxn11655,>,-75.34,0.84
rxn11656,>,-86.19,0.35
rxn11657,>,-109.24,0.57
rxn11659,>,-62.66,0.18
rxn11660,>,-37.74,0.1
rxn11661,>,-114.84,0.61
rxn11662,>,-122.02,0.18
rxn11663,>,-2.08,0.22
rxn11668,=,-5.28,0.48
rxn11669,=,-7.35,0.48
rxn11670,<,41.08,1.08
rxn11671,<,42.87,1.06
rxn11672,<,44.6,1.06
rxn11673,>,-121.57,0.61
rxn11674,>,-98.29,0.35
rxn11680,>,-201.98,1.23
rxn11681,<,8.28,0.63
rxn11682,<,8.28,0.63
rxn11683,>,-313.33,0.56
rxn11684,>,-33.59,1.48
rxn11687,>,-93.05,0.09
rxn11688,>,-93.05,0.09
rxn11689,=,-0.47,0.04
rxn11690,>,-236.38,1.71
rxn11691,>,-236.38,1.71
rxn11692,>,-236.38,1.71
rxn11694,>,-5.75,0.02
rxn11695,<,19.58,0.49
rxn11696,>,-2.97,0.02
rxn11701,=,-8.89,0.79
rxn11702,>,-20.3,0.6
rxn11703,>,-7.51,0.82
rxn11704,>,-20.14,0.87
rxn11710,>,-7.35,0.02
rxn11711,>,-7.35,0.02
rxn11712,>,-7.35,0.02
rxn11713,>,-7.35,0.02
rxn11714,>,-7.35,0.02
rxn11715,>,-7.35,0.02
rxn11716,>,-7.35,0.02
rxn11717,>,-7.35,0.02
rxn11718,>,-7.35,0.02
rxn11719,>,-7.35,0.02
rxn11720,>,-7.35,0.02
rxn11721,>,-7.35,0.02
rxn11722,>,-7.35,0.02
rxn11723,>,-7.35,0.02
rxn11724,>,-7.35,0.02
rxn11725,>,-7.35,0.02
rxn11726,>,-7.35,0.02
rxn11727,>,-7.35,0.02
rxn11728,=,4.12,0.17
rxn11729,=,0.31,0.16
rxn11730,=,0.44,0.17
rxn11731,=,0.54,0.03
rxn11732,=,6.74,0.18
rxn11733,>,0.14,0.88
rxn11734,>,-16.61,0.03
rxn11735,=,-1.57,0.18
rxn11737,>,-95.98,1.1
rxn11738,>,-105.61,0.44
rxn11739,>,-90.68,0.39
rxn11740,>,-118.0,0.73
rxn11741,>,-94.07,0.72
rxn11742,=,-0.12,0.44
rxn11743,>,-34.41,0.13
rxn11744,>,-61.57,0.19
rxn11745,=,2.16,0.09
rxn11746,=,2.16,0.09
rxn11749,=,0.72,0.31
rxn11750,=,-0.13,0.31
rxn11754,<,8.62,0.68
rxn11755,=,-1.85,0.23
rxn11756,=,-3.62,0.24
rxn11757,=,0.14,0.31
rxn11758,=,0.34,0.31
rxn11759,>,-2.7,0.31
rxn11760,=,-3.41,0.02
rxn11761,=,-3.41,0.02
rxn11762,=,1.09,0.93
rxn11763,>,-56.47,0.54
rxn11765,>,-5.81,0.31
rxn11766,>,-0.07,0.35
rxn11767,<,17.99,0.98
rxn11768,=,4.01,0.49
rxn11771,>,-7.94,0.02
rxn11772,>,-11.76,0.6
rxn11773,>,-5.59,0.31
rxn11774,>,-12.46,1.11
rxn11775,=,-2.54,0.35
rxn11776,>,-9.36,0.38
rxn11777,=,5.21,0.48
rxn11778,>,-9.55,0.38
rxn11779,<,20.59,0.48
rxn11781,>,-31.09,0.39
rxn11782,>,-34.8,0.39
rxn11787,>,-14.11,0.46
rxn11788,<,9.78,0.47
rxn11789,>,-9.83,0.47
rxn11790,>,-14.46,0.42
rxn11791,>,-9.83,0.47
rxn11794,>,-57.16,0.38
rxn11795,>,-95.9,0.05
rxn11798,>,-95.9,0.05
rxn11799,>,-95.21,0.09
rxn11801,>,-7.35,0.02
rxn11802,>,-95.21,0.35
rxn11803,>,-88.75,0.31
rxn11805,>,-21.23,0.31
rxn11806,=,3.85,0.45
rxn11807,>,-30.04,0.68
rxn11808,<,17.4,0.83
rxn11809,=,-5.61,0.13
rxn11810,=,-9.3,0.13
rxn11811,=,-9.88,0.13
rxn11813,>,-88.75,0.31
rxn11816,=,-4.63,0.45
rxn11817,>,-30.04,0.68
rxn11818,<,10.08,0.13
rxn11819,>,-21.23,0.31
rxn11822,>,-90.69,0.22
rxn11828,=,7.28,0.37
rxn11831,>,-95.9,0.05
rxn11832,>,-86.86,0.36
rxn11834,=,4.53,0.37
rxn11835,=,-2.5,0.12
rxn11837,<,9.76,0.48
rxn11838,=,-5.54,0.46
rxn11840,>,-73.42,0.89
rxn11841,>,-90.6,0.27
rxn11842,<,10.6,0.21
rxn11844,=,6.34,1.39
rxn11847,=,-0.98,1.13
rxn11849,<,15.79,0.44
rxn11851,>,-12.71,0.41
rxn11852,>,-96.12,0.09
rxn11853,>,-95.79,0.04
rxn11854,>,-95.92,0.14
rxn11855,>,-4.82,0.05
rxn11856,>,-3.93,0.68
rxn11857,>,-13.38,0.15
rxn11858,>,-7.47,0.18
rxn11859,>,-7.47,0.18
rxn11862,>,-14.11,0.16
rxn11863,>,-12.84,0.58
rxn11864,>,-13.84,0.52
rxn11875,>,-21.23,0.04
rxn11876,>,-37.51,0.05
rxn11877,=,2.97,0.2
rxn11885,>,1.81,0.77
rxn11887,>,-32.74,1.84
rxn11890,=,2.14,0.03
rxn11891,=,2.21,0.29
rxn11892,>,-12.15,0.03
rxn11893,=,2.72,0.03
rxn11894,=,2.14,0.03
rxn11895,>,-30.8,0.31
rxn11896,=,1.41,0.31
rxn11900,>,-94.82,0.35
rxn11901,>,-77.23,0.91
rxn11902,>,-96.78,0.34
rxn11917,<,26.28,0.63
rxn11934,<,6.55,0.05
rxn11946,=,7.28,1.01
rxn11953,>,-6.09,0.44
rxn11961,>,-10.48,0.26
rxn11962,>,-72.41,1.27
rxn11964,>,-35.68,0.16
rxn11966,=,3.34,0.45
rxn11970,>,-29.9,0.43
rxn11972,<,17.18,0.83
rxn11985,>,-79.24,0.43
rxn11989,=,-4.39,0.2
rxn11994,>,-12.39,0.71
rxn11998,>,-11.79,0.39
rxn12004,>,-21.85,0.3
rxn12008,<,22.44,0.76
rxn12009,>,-16.26,0.46
rxn12015,>,-154.02,1.34
rxn12018,>,-112.42,0.75
rxn12019,>,-4.2,0.74
rxn12020,>,-15.19,0.61
rxn12021,=,-1.33,0.52
rxn12023,>,-8.73,0.43
rxn12025,=,-0.8,0.02
rxn12026,=,-0.23,0.02
rxn12028,=,3.48,0.47
rxn12030,=,3.48,0.47
rxn12033,=,8.39,0.35
rxn12035,>,-13.14,0.19
rxn12036,>,-26.08,0.57
rxn12037,=,-6.71,0.24
rxn12038,>,-15.96,0.26
rxn12039,>,-18.38,0.3
rxn12040,=,-4.71,0.22
rxn12041,=,-4.71,0.22
rxn12042,>,-2.95,0.31
rxn12043,>,-2.97,0.31
rxn12044,>,-3.19,0.31
rxn12045,>,-1.68,0.22
rxn12046,=,4.37,0.03
rxn12047,=,4.39,0.03
rxn12048,=,-11.94,0.75
rxn12049,=,-4.21,0.85
rxn12056,>,-19.24,0.99
rxn12057,>,-30.05,0.86
rxn12058,>,-3.06,0.32
rxn12060,<,30.55,1.65
rxn12064,<,6.54,0.06
rxn12074,<,15.86,0.47
rxn12075,>,-18.07,0.38
rxn12076,<,33.86,0.8
rxn12079,=,1.6,0.23
rxn12081,=,0.44,0.72
rxn12085,>,-1.14,1.01
rxn12086,>,-33.77,0.69
rxn12087,=,1.05,0.88
rxn12088,=,-8.15,0.46
rxn12092,>,-21.33,0.79
rxn12094,>,-30.1,0.8
rxn12095,>,-23.12,0.8
rxn12100,>,-39.0,0.65
rxn12101,>,-23.29,0.8
rxn12106,>,-36.75,0.54
rxn12107,=,4.45,0.23
rxn12109,<,14.86,0.56
rxn12110,=,8.26,0.77
rxn12111,<,14.66,0.6
rxn12112,=,8.26,0.77
rxn12129,>,-19.71,0.73
rxn12130,<,20.62,0.64
rxn12135,>,-16.9,0.96
rxn12141,<,13.32,0.7
rxn12146,=,0.17,0.18
rxn12147,>,-11.42,0.59
rxn12153,<,5.52,0.45
rxn12154,>,-17.71,0.32
rxn12157,>,-122.12,0.46
rxn12158,=,2.22,0.02
rxn12159,=,1.86,0.9
rxn12169,>,-97.85,0.95
rxn12170,>,-6.77,0.2
rxn12171,=,-1.2,0.17
rxn12172,>,-2.41,0.24
rxn12173,=,-1.2,0.17
rxn12174,>,-15.06,0.42
rxn12175,=,1.53,0.03
rxn12177,=,9.89,0.32
rxn12178,=,3.38,0.79
rxn12179,>,-34.7,0.83
rxn12181,>,-6.79,1.26
rxn12182,>,-25.07,1.18
rxn12183,>,-23.56,1.36
rxn12185,=,-0.2,0.03
rxn12186,>,-26.82,0.51
rxn12187,>,-19.15,1.3
rxn12188,>,-3.75,0.02
rxn12191,=,4.46,0.2
rxn12193,=,-1.63,0.22
rxn12204,=,-1.53,0.02
rxn12206,>,-6.85,0.13
rxn12217,=,-5.98,0.03
rxn12510,=,-4.81,0.11
rxn12512,>,-11.62,0.49
rxn12649,<,11.45,0.04
rxn12746,>,-88.95,0.24
rxn12748,>,-9.92,0.4
rxn12749,>,-97.84,0.66
rxn13134,>,-2.97,0.02
rxn13186,=,2.16,1.16
rxn13251,>,-13.64,0.03
rxn13385,<,11.21,1.06
rxn13388,>,-16.02,0.49
rxn13400,>,-2.25,0.04
rxn13477,>,-67.33,2.29
rxn13771,>,-110.95,0.04
rxn13801,=,3.97,0.03
rxn13802,>,-1.45,0.38
rxn13808,<,96.12,0.04
rxn13914,>,-12.94,0.74
rxn13930,=,4.96,0.03
rxn13931,=,-3.92,0.23
rxn13932,>,-14.8,1.34
rxn13933,=,2.75,0.03
rxn13937,=,2.65,0.2
rxn13939,=,4.96,0.03
rxn13940,=,7.33,0.38
rxn13941,=,-3.92,0.23
rxn13942,>,-14.8,1.34
rxn13943,=,2.75,0.03
rxn13947,=,2.65,0.2
rxn13948,=,-4.09,0.2
rxn13949,>,-4.92,0.28
rxn13952,>,-79.71,0.93
rxn13953,>,-109.74,1.18
rxn13954,=,-3.73,0.03
rxn13955,>,-11.65,0.49
rxn13956,=,-0.78,0.78
rxn13957,>,-23.15,0.76
rxn13958,=,-1.49,0.34
rxn13960,>,-13.18,0.43
rxn13965,>,-5.48,0.13
rxn13966,>,-181.05,0.57
rxn13967,>,-13.27,0.43
rxn13968,>,-140.61,1.46
rxn13969,>,-134.25,0.37
rxn13970,=,-6.71,0.41
rxn13971,=,10.72,0.44
rxn13972,=,-7.42,0.37
rxn13973,=,-20.06,2.03
rxn13975,=,2.51,0.23
rxn13977,>,-16.45,0.18
rxn13979,>,-23.64,0.65
rxn13980,=,5.6,0.47
rxn13981,>,-18.97,1.0
rxn13983,>,-16.45,0.18
rxn13984,>,-184.2,0.6
rxn13986,>,-184.2,0.6
rxn13988,>,-90.95,0.28
rxn13989,>,-11.2,0.48
rxn13990,=,-2.52,0.04
rxn13993,=,5.18,0.98
rxn13995,=,2.4,0.23
rxn13997,=,-1.17,0.34
rxn13998,>,-2.27,0.36
rxn13999,=,-2.51,0.31
rxn14000,=,10.97,0.03
rxn14001,>,-27.97,0.6
rxn14002,>,-192.01,0.58
rxn14004,>,-6.68,0.18
rxn14005,>,-133.77,0.54
rxn14007,=,3.05,0.21
rxn14008,>,-27.27,0.25
rxn14009,>,-3.06,0.32
rxn14011,>,-23.15,0.76
rxn14012,>,-22.44,0.76
rxn14013,>,-142.63,1.6
rxn14016,=,-0.16,0.56
rxn14019,=,-2.53,0.21
rxn14020,>,-95.92,0.05
rxn14022,<,75.25,0.71
rxn14023,>,-24.09,1.08
rxn14025,>,-20.13,0.87
rxn14026,=,8.93,0.57
rxn14028,<,96.12,0.04
rxn14030,>,-12.25,0.37
rxn14031,=,4.76,0.44
rxn14038,>,-12.99,0.25
rxn14039,=,-1.23,0.39
rxn14040,>,-23.15,0.76
rxn14041,=,4.08,1.24
rxn14043,>,-4.28,0.21
rxn14044,=,-3.01,0.26
rxn14049,=,5.6,0.47
rxn14050,>,-86.66,0.31
rxn14051,>,-14.68,0.34
rxn14053,>,-80.56,0.37
rxn14054,=,3.81,0.39
rxn14056,=,-0.44,0.1
rxn14058,>,-300.66,0.13
rxn14059,=,2.4,0.23
rxn14060,<,7.49,0.64
rxn14061,>,-23.15,0.76
rxn14063,=,7.58,0.03
rxn14065,>,-14.73,0.34
rxn14068,>,-4.2,0.74
rxn14069,>,-18.94,0.21
rxn14072,>,-95.95,0.13
rxn14074,=,-8.86,0.8
rxn14075,>,-13.2,0.43
rxn14077,=,1.88,0.03
rxn14078,<,15.92,0.41
rxn14079,=,1.53,0.03
rxn14080,>,-3.06,0.32
rxn14081,>,-99.55,0.32
rxn14082,>,-57.71,0.42
rxn14083,>,-124.33,0.49
rxn14084,>,-136.85,1.7
rxn14085,>,-25.1,0.81
rxn14089,=,2.3,0.35
rxn14090,>,-14.77,0.48
rxn14091,>,-163.83,1.23
rxn14093,=,-6.0,0.32
rxn14094,=,-0.71,0.54
rxn14096,=,6.35,1.75
rxn14097,=,8.61,2.24
rxn14099,=,4.82,0.59
rxn14100,>,-2.07,0.26
rxn14101,=,2.37,0.53
rxn14102,>,-5.25,0.18
rxn14103,>,-13.27,0.43
rxn14104,=,0.48,0.02
rxn14106,=,-1.77,0.35
rxn14107,>,-57.42,0.75
rxn14112,=,-0.86,0.24
rxn14115,=,-0.06,3.27
rxn14120,=,12.62,0.04
rxn14121,=,1.57,0.31
rxn14122,>,-16.45,0.18
rxn14123,=,-1.03,0.36
rxn14124,=,-0.16,0.27
rxn14126,>,-23.23,0.88
rxn14127,>,-181.52,0.54
rxn14129,>,-77.76,0.91
rxn14130,>,-4.18,0.74
rxn14133,>,-20.14,0.88
rxn14134,>,-95.97,0.04
rxn14135,=,1.58,0.31
rxn14136,=,-5.81,0.26
rxn14138,=,4.32,1.38
rxn14139,>,-72.35,1.05
rxn14140,=,-6.82,0.6
rxn14142,=,3.89,0.94
rxn14143,>,-197.89,1.73
rxn14144,=,-4.33,0.18
rxn14146,>,-10.26,0.03
rxn14148,=,2.42,0.22
rxn14149,>,-107.88,1.02
rxn14150,=,3.21,0.04
rxn14153,=,4.97,0.19
rxn14156,=,2.4,0.23
rxn14157,=,-1.71,0.28
rxn14161,>,-184.2,0.6
rxn14163,>,-28.15,1.18
rxn14164,>,-93.85,0.32
rxn14165,>,-178.66,0.56
rxn14167,=,5.03,0.48
rxn14169,>,-13.08,0.3
rxn14170,>,-81.97,1.84
rxn14172,>,-18.66,0.17
rxn14174,=,5.6,0.47
rxn14176,=,-0.16,0.27
rxn14177,=,3.04,0.35
rxn14179,=,3.04,0.35
rxn14180,<,28.58,0.57
rxn14181,=,-0.87,0.29
rxn14182,>,-16.45,0.18
rxn14183,>,-5.25,0.18
rxn14184,>,-40.3,0.08
rxn14185,=,-2.28,0.37
rxn14186,>,-80.85,0.41
rxn14189,=,-3.13,0.16
rxn14190,>,-3.4,0.57
rxn14192,>,-22.47,0.89
rxn14193,>,-7.19,0.29
rxn14194,=,-8.91,0.79
rxn14196,>,-62.63,1.21
rxn14199,>,-22.96,0.84
rxn14200,=,2.42,1.0
rxn14203,=,0.58,0.24
rxn14205,>,-5.25,0.18
rxn14206,=,-6.68,0.41
rxn14209,>,-181.04,0.57
rxn14211,>,-12.4,0.27
rxn14212,=,-11.34,1.27
rxn14213,=,2.38,0.53
rxn14214,=,8.93,0.57
rxn14215,>,-1.05,0.74
rxn14217,>,-19.94,0.82
rxn14222,=,11.46,0.86
rxn14223,>,-140.91,1.42
rxn14224,=,4.17,0.44
rxn14225,>,-23.08,0.87
rxn14228,>,-9.09,0.33
rxn14233,>,-27.83,1.2
rxn14236,>,-218.77,0.22
rxn14237,>,-184.2,0.6
rxn14238,<,28.58,0.57
rxn14239,=,4.39,0.19
rxn14242,=,-0.27,0.06
rxn14243,>,-2.29,0.36
rxn14244,>,-16.45,0.18
rxn14245,=,0.14,0.55
rxn14246,>,-4.5,0.58
rxn14248,=,2.4,0.23
rxn14249,>,-13.26,0.43
rxn14250,>,-101.43,0.47
rxn14253,>,-20.64,0.93
rxn14255,=,14.75,1.2
rxn14257,>,-30.92,0.53
rxn14258,>,-23.09,0.83
rxn14259,>,-112.42,0.61
rxn14260,>,-4.38,0.12
rxn14261,=,4.7,0.84
rxn14262,=,-4.05,0.3
rxn14263,=,-2.38,0.03
rxn14264,>,-27.8,0.45
rxn14267,=,4.09,0.29
rxn14269,>,-112.7,0.7
rxn14270,=,-1.74,0.84
rxn14271,=,-1.76,0.56
rxn14273,>,-112.41,0.61
rxn14274,=,0.0,0.02
rxn14275,=,-2.67,0.23
rxn14276,=,2.47,0.21
rxn14278,=,2.39,0.23
rxn14279,>,-6.97,0.35
rxn14282,>,-92.48,0.05
rxn14284,>,-14.69,0.34
rxn14285,>,-184.2,0.6
rxn14286,>,-27.69,0.84
rxn14287,>,-2.43,0.24
rxn14288,<,9.34,0.54
rxn14291,=,4.82,0.59
rxn14292,>,-137.45,1.53
rxn14294,>,-7.26,0.78
rxn14295,=,2.86,0.31
rxn14296,>,-13.21,1.14
rxn14301,=,-1.96,0.23
rxn14302,=,-3.75,0.17
rxn14303,>,-93.85,0.32
rxn14305,>,-184.2,0.6
rxn14306,>,-121.27,0.57
rxn14307,=,-4.33,0.25
rxn14308,>,-5.25,0.18
rxn14310,=,-0.28,0.35
rxn14311,=,0.0,0.02
rxn14316,>,-105.52,0.32
rxn14318,=,8.89,0.14
rxn14319,=,5.21,0.49
rxn14320,>,-13.72,0.38
rxn14321,=,-0.02,0.6
rxn14322,=,-4.66,0.54
rxn14323,>,-121.57,0.39
rxn14324,=,-8.9,0.39
rxn14326,=,-3.35,0.32
rxn14327,>,-93.19,0.55
rxn14329,<,2.66,0.25
rxn14331,>,-112.42,0.61
rxn14332,>,-2.43,0.24
rxn14333,>,-23.15,0.76
rxn14334,>,-23.15,0.76
rxn14335,>,-10.39,0.28
rxn14336,=,1.01,0.57
rxn14337,>,-22.57,0.91
rxn14339,>,-4.23,0.76
rxn14340,>,-109.01,0.03
rxn14341,<,120.21,0.46
rxn14342,=,-0.39,0.09
rxn14344,<,7.36,0.02
rxn14345,=,-0.3,0.03
rxn14346,=,-2.07,0.44
rxn14347,>,-5.25,0.18
rxn14350,>,-62.63,1.21
rxn14354,>,-112.42,0.75
rxn14357,=,-1.14,0.35
rxn14359,=,0.89,0.6
rxn14360,=,7.24,0.25
rxn14362,>,-20.14,0.88
rxn14363,=,4.2,0.29
rxn14365,>,-14.33,0.4
rxn14368,>,-5.66,0.28
rxn14370,=,-4.74,0.43
rxn14371,>,-218.77,0.22
rxn14372,>,-7.47,0.03
rxn14375,=,-0.16,0.27
rxn14376,>,-181.33,0.55
rxn14378,=,-3.46,0.3
rxn14379,=,-4.05,1.34
rxn14387,>,-23.12,0.8
rxn14389,=,-3.97,0.27
rxn14394,<,21.47,0.44
rxn14395,<,94.37,0.04
rxn14397,=,-6.42,0.25
rxn14398,=,1.0,0.45
rxn14400,>,-14.71,0.34
rxn15002,=,-2.98,0.03
rxn15003,=,-5.12,0.36
rxn15004,=,-5.12,0.36
rxn15005,=,2.51,0.33
rxn15007,=,6.13,0.49
rxn15008,=,2.37,0.65
rxn15009,=,2.37,0.65
rxn15010,=,5.81,0.49
rxn15011,=,5.81,0.49
rxn15012,>,-10.93,0.26
rxn15013,>,-10.93,0.26
rxn15014,>,-10.74,0.31
rxn15015,>,-10.74,0.31
rxn15017,=,10.36,0.79
rxn15018,=,-3.04,0.03
rxn15019,=,2.1,0.35
rxn15021,<,11.13,0.26
rxn15022,>,1.43,0.04
rxn15023,>,1.43,0.04
rxn15024,=,-0.2,0.03
rxn15025,=,2.91,0.24
rxn15026,=,2.91,0.24
rxn15027,>,-21.51,0.29
rxn15028,>,-21.51,0.29
rxn15029,>,-2.96,0.02
rxn15030,>,-4.49,0.02
rxn15033,=,-2.88,0.03
rxn15035,=,0.21,0.02
rxn15036,>,-7.51,0.31
rxn15037,>,-7.51,0.31
rxn15038,=,-7.58,0.03
rxn15039,=,-7.58,0.03
rxn15040,>,-14.44,0.13
rxn15044,=,3.44,0.18
rxn15045,=,2.01,0.03
rxn15046,=,2.01,0.03
rxn15047,=,-2.54,0.03
rxn15048,=,-2.54,0.03
rxn15049,=,5.15,0.51
rxn15050,>,-29.06,0.54
rxn15051,=,0.68,0.39
rxn15052,=,0.68,0.39
rxn15055,>,-13.84,0.43
rxn15056,>,2.02,0.04
rxn15057,>,2.02,0.04
rxn15058,=,-3.43,0.02
rxn15059,=,-3.43,0.02
rxn15060,>,-11.43,0.03
rxn15061,=,0.54,0.03
rxn15062,=,0.7,0.27
rxn15063,=,-3.77,0.02
rxn15064,=,-3.32,0.03
rxn15065,=,-3.55,0.02
rxn15066,=,-3.77,0.02
rxn15067,=,-6.22,0.03
rxn15068,=,-6.22,0.03
rxn15069,=,4.84,0.34
rxn15070,=,2.36,0.03
rxn15071,=,2.36,0.03
rxn15072,=,-0.79,0.03
rxn15073,=,-2.96,0.03
rxn15075,=,-7.62,0.27
rxn15078,=,-1.43,0.22
rxn15079,=,-0.77,0.03
rxn15080,=,-0.77,0.03
rxn15081,=,3.82,0.21
rxn15082,=,-3.33,0.03
rxn15083,=,-3.33,0.03
rxn15084,=,-3.43,0.02
rxn15085,=,-0.78,0.03
rxn15086,=,-0.78,0.03
rxn15087,=,-4.62,0.25
rxn15090,=,-0.85,0.38
rxn15091,=,-0.85,0.38
rxn15092,<,10.43,0.22
rxn15093,<,10.43,0.22
rxn15094,=,-6.98,0.26
rxn15095,=,0.34,0.25
rxn15097,=,1.61,0.03
rxn15098,=,1.61,0.03
rxn15100,=,0.64,0.03
rxn15101,=,0.64,0.03
rxn15102,>,-5.12,0.03
rxn15103,>,-5.12,0.03
rxn15106,>,-9.0,0.15
rxn15107,>,-9.0,0.15
rxn15108,=,-0.54,0.03
rxn15109,=,-0.06,0.03
rxn15111,=,7.24,0.25
rxn15112,=,1.67,0.32
rxn15113,=,-5.84,0.44
rxn15114,=,0.25,0.03
rxn15115,=,-1.97,0.03
rxn15116,=,-0.73,0.28
rxn15117,=,-9.3,0.21
rxn15118,=,-4.81,0.03
rxn15120,=,-5.74,0.33
rxn15121,=,-5.74,0.33
rxn15122,=,-5.87,0.16
rxn15123,=,-5.87,0.16
rxn15124,=,-3.48,0.03
rxn15125,=,-3.48,0.03
rxn15126,=,-5.28,0.16
rxn15127,=,-5.28,0.16
rxn15128,=,-0.79,0.03
rxn15129,=,-0.79,0.03
rxn15130,=,-4.06,0.03
rxn15131,=,-4.06,0.03
rxn15132,>,-39.93,0.16
rxn15133,>,-39.93,0.16
rxn15134,>,-26.16,0.22
rxn15135,>,-26.16,0.22
rxn15136,=,-2.88,0.03
rxn15139,=,-2.17,0.03
rxn15140,=,-1.34,0.03
rxn15141,=,-1.34,0.03
rxn15142,=,1.05,0.37
rxn15143,=,1.05,0.37
rxn15145,=,11.35,0.39
rxn15146,=,11.35,0.39
rxn15147,=,-2.38,0.03
rxn15148,=,-3.43,0.02
rxn15149,=,-3.43,0.02
rxn15150,=,-3.43,0.02
rxn15151,>,-92.67,0.5
rxn15152,=,-2.17,0.03
rxn15153,=,-2.17,0.03
rxn15154,=,-1.8,0.32
rxn15155,=,-3.43,0.02
rxn15156,>,-13.22,0.3
rxn15157,>,-39.16,0.29
rxn15158,>,-5.45,0.32
rxn15159,=,-0.53,0.26
rxn15161,=,0.77,0.03
rxn15162,=,-3.04,0.03
rxn15163,=,7.13,0.43
rxn15164,>,-9.17,0.04
rxn15165,>,-8.54,0.04
rxn15166,>,0.4,0.26
rxn15167,=,-7.53,0.26
rxn15168,=,-0.71,0.56
rxn15171,=,1.81,0.02
rxn15172,=,1.81,0.02
rxn15173,=,-4.26,0.03
rxn15174,=,-4.26,0.03
rxn15175,=,-4.26,0.03
rxn15176,=,-4.26,0.03
rxn15179,=,-2.17,0.03
rxn15180,=,-4.26,0.03
rxn15181,=,-4.26,0.03
rxn15185,=,-6.28,0.26
rxn15186,=,-6.28,0.26
rxn15187,=,-6.87,0.26
rxn15188,=,-6.87,0.26
rxn15189,=,3.6,0.03
rxn15190,=,3.6,0.03
rxn15191,=,0.83,0.02
rxn15192,=,0.83,0.02
rxn15195,=,-4.88,0.22
rxn15196,=,-4.88,0.22
rxn15197,>,-35.64,0.14
rxn15198,>,-35.64,0.14
rxn15202,=,-3.85,0.03
rxn15203,=,-3.85,0.03
rxn15205,<,5.41,0.2
rxn15206,<,5.41,0.2
rxn15207,=,2.39,0.36
rxn15208,=,2.39,0.36
rxn15209,=,-2.51,0.18
rxn15212,=,8.13,0.25
rxn15213,=,0.15,0.03
rxn15214,=,-1.09,0.29
rxn15215,=,0.17,0.3
rxn15219,=,-4.04,0.03
rxn15220,=,-2.79,0.04
rxn15222,<,3.6,0.26
rxn15223,>,-4.24,0.19
rxn15224,>,-4.24,0.19
rxn15225,=,-0.88,0.03
rxn15226,=,-0.88,0.03
rxn15227,=,1.25,0.03
rxn15228,=,1.38,0.03
rxn15229,=,-1.83,0.03
rxn15230,=,1.95,0.25
rxn15233,=,2.66,0.25
rxn15234,=,-3.29,0.38
rxn15235,=,-3.29,0.38
rxn15236,>,-7.24,0.26
rxn15237,>,-7.24,0.26
rxn15238,=,10.19,0.28
rxn15239,=,10.19,0.28
rxn15240,=,9.61,0.28
rxn15241,=,9.61,0.28
rxn15244,=,1.16,0.03
rxn15245,=,1.16,0.03
rxn15248,=,-2.38,0.03
rxn15249,=,-3.43,0.02
rxn15250,>,-2.96,0.02
rxn15254,<,14.84,0.03
rxn15255,<,14.84,0.03
rxn15256,>,-2.59,0.08
rxn15257,>,-2.59,0.08
rxn15258,=,7.09,0.4
rxn15259,=,7.09,0.4
rxn15260,=,8.0,0.4
rxn15261,=,8.0,0.4
rxn15262,=,6.48,0.38
rxn15263,=,6.48,0.38
rxn15266,=,1.87,0.03
rxn15267,=,1.87,0.03
rxn15270,<,7.3,0.21
rxn15271,=,-4.45,0.21
rxn15272,=,-5.77,0.13
rxn15273,<,5.61,0.32
rxn15274,<,5.61,0.32
rxn15276,=,4.7,0.03
rxn15277,=,-0.65,0.03
rxn15278,=,5.08,0.18
rxn15279,=,5.08,0.18
rxn15280,=,0.18,0.03
rxn15281,=,0.18,0.03
rxn15282,=,0.57,0.41
rxn15283,=,0.57,0.41
rxn15284,=,-2.91,0.02
rxn15285,>,-40.24,0.12
rxn15286,>,-57.08,0.58
rxn15287,=,-2.91,0.02
rxn15288,=,-2.91,0.02
rxn15290,=,3.84,0.26
rxn15291,=,-9.43,0.16
rxn15293,=,0.32,0.03
rxn15294,=,0.04,0.34
rxn15295,<,6.94,0.95
rxn15296,>,-10.34,0.03
rxn15297,=,4.53,0.33
rxn15298,=,-2.41,0.28
rxn15301,=,-8.44,0.26
rxn15306,=,5.17,0.51
rxn15307,=,-2.33,0.04
rxn15310,=,-4.62,0.04
rxn15312,<,18.78,0.47
rxn15313,<,19.35,0.47
rxn15317,=,6.02,0.22
rxn15319,=,-7.71,0.35
rxn15320,=,-1.72,0.14
rxn15324,>,-6.92,0.27
rxn15325,>,-6.92,0.27
rxn15326,=,4.46,0.2
rxn15327,=,-1.57,0.2
rxn15328,=,-1.57,0.2
rxn15329,>,-109.05,0.17
rxn15330,>,-109.05,0.17
rxn15331,>,-2.31,0.16
rxn15332,>,-2.31,0.16
rxn15333,=,0.58,0.25
rxn15334,=,7.25,0.47
rxn15335,<,8.05,0.46
rxn15336,<,8.05,0.46
rxn15337,=,0.05,0.03
rxn15338,=,0.05,0.03
rxn15339,=,0.93,0.27
rxn15340,=,0.93,0.27
rxn15341,=,1.63,0.23
rxn15342,=,3.98,0.16
rxn15343,=,3.98,0.16
rxn15345,=,7.09,0.19
rxn15346,=,7.09,0.19
rxn15348,=,6.45,0.43
rxn15349,=,6.45,0.43
rxn15354,=,10.41,0.21
rxn15358,>,-9.96,0.41
rxn15359,<,4.48,0.26
rxn15360,<,4.48,0.26
rxn15361,=,0.87,0.22
rxn15362,=,-8.68,0.25
rxn15364,=,2.63,0.33
rxn15368,=,6.96,0.36
rxn15369,>,-24.28,0.44
rxn15370,>,-21.93,0.55
rxn15373,=,3.54,0.29
rxn15378,=,-3.89,0.58
rxn15379,=,-1.34,0.03
rxn15380,=,-1.34,0.03
rxn15382,=,4.28,0.14
rxn15383,>,-4.72,0.36
rxn15386,=,-0.03,0.51
rxn15387,=,-0.03,0.51
rxn15389,=,7.87,0.31
rxn15390,=,7.87,0.31
rxn15393,=,-4.62,0.29
rxn15394,=,-4.62,0.29
rxn15395,>,-18.38,0.38
rxn15396,=,-9.32,0.57
rxn15399,=,-5.6,0.29
rxn15400,=,-5.6,0.29
rxn15401,>,-2.03,0.26
rxn15403,>,-6.58,0.45
rxn15407,=,2.31,0.18
rxn15408,=,2.31,0.18
rxn15410,<,13.92,0.5
rxn15412,=,8.25,0.42
rxn15413,=,8.25,0.42
rxn15417,=,-1.34,0.03
rxn15418,=,-1.34,0.03
rxn15419,=,6.43,0.69
rxn15420,=,6.43,0.69
rxn15422,>,-112.35,0.74
rxn15425,=,1.63,0.24
rxn15426,=,1.63,0.24
rxn15427,=,-3.85,0.03
rxn15428,=,-3.85,0.03
rxn15429,>,-108.46,0.71
rxn15430,=,-3.95,0.13
rxn15431,=,-2.99,0.52
rxn15432,=,-2.99,0.52
rxn15433,=,0.9,0.75
rxn15435,=,-2.41,0.24
rxn15436,=,4.04,0.49
rxn15437,=,4.04,0.49
rxn15438,=,-2.64,0.22
rxn15439,=,-2.64,0.22
rxn15440,=,5.81,0.47
rxn15441,=,5.81,0.47
rxn15446,>,-32.33,0.81
rxn15447,>,-32.33,0.81
rxn15456,=,-5.78,0.5
rxn15457,=,-5.78,0.5
rxn15460,>,-28.96,0.3
rxn15461,>,-28.96,0.3
rxn15462,>,-10.53,0.31
rxn15463,>,-10.53,0.31
rxn15466,=,-2.12,0.42
rxn15467,>,-10.92,0.4
rxn15471,=,4.9,0.51
rxn15472,=,4.9,0.51
rxn15475,=,0.73,0.49
rxn15476,=,1.7,0.33
rxn15477,=,-6.45,0.26
rxn15479,=,1.28,0.92
rxn15480,=,1.28,0.92
rxn15482,=,-0.69,0.44
rxn15489,=,-3.61,0.24
rxn15490,=,-3.61,0.24
rxn15491,=,3.81,0.5
rxn15493,=,-4.99,0.28
rxn15494,=,-1.41,0.28
rxn15495,=,1.05,0.53
rxn15496,>,-11.64,0.58
rxn15497,>,-29.9,0.41
rxn15500,>,-22.33,0.73
rxn15503,<,20.5,1.0
rxn15505,=,3.62,0.41
rxn15506,=,3.62,0.41
rxn15507,=,-0.76,0.17
rxn15508,>,-9.3,0.25
rxn15509,>,-9.3,0.25
rxn15510,=,5.25,0.32
rxn15511,<,6.69,0.41
rxn15519,=,0.59,0.59
rxn15520,=,-1.11,0.12
rxn15521,=,-1.11,0.12
rxn15522,=,-1.11,0.12
rxn15523,=,-1.11,0.12
rxn15524,>,-23.12,0.8
rxn15525,=,2.88,0.39
rxn15537,<,9.58,0.32
rxn15539,>,-6.73,0.04
rxn15540,=,9.07,0.35
rxn15541,=,-2.17,0.03
rxn15544,>,-14.68,0.34
rxn15545,=,4.46,0.15
rxn15546,=,3.88,0.15
rxn15547,>,-28.69,0.04
rxn15548,>,-28.69,0.04
rxn15550,<,4.49,0.26
rxn15552,>,-98.29,0.35
rxn15560,<,3.6,0.26
rxn15568,>,-5.12,0.03
rxn15607,=,-4.03,1.54
rxn15612,>,-81.2,0.81
rxn15613,>,-81.2,0.81
rxn15614,>,-107.46,1.37
rxn15615,>,-107.46,1.37
rxn15616,>,-198.98,0.38
rxn15617,>,-80.37,1.37
rxn15618,>,-68.52,0.91
rxn15619,>,-68.52,0.91
rxn15620,>,-74.84,1.08
rxn15621,>,-74.84,1.08
rxn15622,>,-140.3,2.16
rxn15623,>,-140.3,2.16
rxn15624,>,-158.99,2.3
rxn15625,>,-158.99,2.3
rxn15626,>,-141.71,2.14
rxn15627,>,-141.71,2.14
rxn15628,>,-158.09,2.28
rxn15629,>,-158.09,2.28
rxn15630,=,-5.36,0.44
rxn15634,>,-21.28,0.51
rxn15635,>,-36.3,1.12
rxn15636,>,-95.45,0.3
rxn15638,>,-82.39,0.88
rxn15639,=,3.44,0.7
rxn15640,>,-19.67,1.09
rxn15641,=,1.57,0.38
rxn15642,=,-2.04,0.62
rxn15643,<,10.75,0.41
rxn15644,<,10.75,0.41
rxn15645,<,8.35,0.4
rxn15646,<,8.35,0.4
rxn15647,<,22.94,0.93
rxn15648,<,22.94,0.93
rxn15649,>,-77.51,0.52
rxn15650,>,-77.51,0.52
rxn15651,<,8.79,0.2
rxn15652,>,-16.54,0.38
rxn15653,>,-77.52,0.53
rxn15656,=,6.78,0.12
rxn15657,=,4.42,0.03
rxn15658,=,3.52,0.03
rxn15659,=,3.52,0.03
rxn15660,=,1.5,0.24
rxn15661,=,3.84,0.03
rxn15662,=,-0.79,0.03
rxn15664,<,5.8,0.39
rxn15665,<,5.8,0.39
rxn15668,>,-16.1,0.34
rxn15669,>,-16.1,0.34
rxn15670,>,-106.65,0.13
rxn15675,>,-106.93,0.86
rxn15676,>,-91.99,0.18
rxn15677,=,0.35,0.35
rxn15678,>,-75.63,0.66
rxn15680,>,-98.43,0.97
rxn15681,>,-12.76,1.88
rxn15685,>,-6.69,0.79
rxn15686,>,-6.69,0.79
rxn15687,<,19.54,0.64
rxn15688,=,2.51,1.42
rxn15689,>,-93.03,0.36
rxn15692,>,-96.76,0.38
rxn15693,=,3.79,0.19
rxn15695,>,-53.25,0.52
rxn15696,>,-53.25,0.52
rxn15697,=,6.39,0.28
rxn15698,>,-11.03,0.43
rxn15699,<,13.82,0.32
rxn15700,>,-93.05,0.09
rxn15701,>,-93.05,0.09
rxn15702,<,14.95,0.27
rxn15703,>,-9.12,0.52
rxn15704,<,10.94,0.54
rxn15706,>,-97.77,0.68
rxn15707,<,35.91,0.74
rxn15710,>,-74.27,1.35
rxn15711,=,-5.05,0.89
rxn15717,=,-7.31,0.21
rxn15718,=,-7.31,0.21
rxn15719,=,-8.8,0.34
rxn15720,=,-7.31,0.21
rxn15721,=,6.6,0.54
rxn15722,=,6.6,0.54
rxn15723,=,6.6,0.54
rxn15724,=,6.6,0.54
rxn15725,<,11.18,0.43
rxn15726,=,6.74,0.18
rxn15727,<,9.78,0.47
rxn15736,<,12.88,0.8
rxn15738,=,-2.53,0.55
rxn15740,>,-122.12,0.46
rxn15741,>,-122.12,0.46
rxn15742,=,-0.2,0.03
rxn15743,=,-0.2,0.03
rxn15744,>,-13.67,0.83
rxn15745,=,-6.72,0.26
rxn15747,>,-15.74,0.96
rxn15748,>,-11.33,0.3
rxn15749,=,3.97,0.37
rxn15750,=,4.38,0.03
rxn15751,=,3.24,0.12
rxn15754,>,-12.68,0.83
rxn15756,=,0.39,0.02
rxn15758,<,11.39,0.14
rxn15759,>,-14.33,0.4
rxn15760,>,-14.33,0.4
rxn15761,>,-13.72,0.38
rxn15762,>,-13.72,0.38
rxn15764,>,-55.0,0.82
rxn15770,=,-4.33,0.18
rxn15771,>,-27.27,0.25
rxn15772,>,-27.27,0.25
rxn15773,=,0.89,0.14
rxn15774,>,-49.45,0.3
rxn15775,>,-12.01,0.25
rxn15776,<,4.1,0.31
rxn15777,>,-10.98,0.09
rxn15778,>,-10.98,0.09
rxn15779,>,-2.25,0.04
rxn15780,<,12.38,0.52
rxn15786,>,-32.49,1.16
rxn15787,>,-93.88,0.09
rxn15789,>,-23.08,0.87
rxn15790,>,-23.08,0.83
rxn15791,=,0.99,0.88
rxn15792,>,-8.49,0.51
rxn15793,>,-8.51,0.51
rxn15794,<,8.22,0.58
rxn15795,<,10.13,0.58
rxn15796,<,10.29,0.6
rxn15801,>,-24.29,0.64
rxn15802,>,-10.39,0.28
rxn15803,>,-10.39,0.28
rxn15804,>,-24.26,0.64
rxn15805,>,-24.32,0.64
rxn15806,>,-12.4,0.27
rxn15807,>,-12.4,0.27
rxn15808,>,-19.58,0.55
rxn15809,>,-19.61,0.55
rxn15810,=,8.83,1.0
rxn15811,>,-22.35,0.8
rxn15812,<,14.45,0.84
rxn15813,>,-18.39,0.63
rxn15814,>,-27.84,0.83
rxn15815,>,-5.7,0.78
rxn15816,=,-0.77,0.21
rxn15817,>,-10.73,0.23
rxn15819,<,13.4,0.86
rxn15821,>,-94.06,0.36
rxn15822,>,-104.53,0.55
rxn15823,>,-94.89,0.36
rxn15824,>,-103.7,0.55
rxn15826,=,-3.47,0.13
rxn15827,>,-50.99,0.39
rxn15828,>,-73.4,0.37
rxn15829,=,5.98,0.69
rxn15831,=,-0.28,0.35
rxn15833,=,7.58,0.03
rxn15834,=,2.42,0.22
rxn15835,=,2.42,0.22
rxn15842,>,-11.4,0.26
rxn15844,=,3.62,0.23
rxn15845,=,-2.7,0.3
rxn15846,=,8.51,0.27
rxn15847,=,-1.69,0.77
rxn15848,>,-10.79,0.3
rxn15849,=,-2.05,0.3
rxn15850,>,-25.19,0.2
rxn15851,=,4.0,0.2
rxn15852,>,-6.79,0.18
rxn15853,>,-5.1,0.02
rxn15854,=,-8.74,0.23
rxn15855,=,-7.09,0.33
rxn15856,>,-25.01,0.19
rxn15857,=,2.44,0.23
rxn15858,=,-0.19,0.27
rxn15864,=,2.19,0.41
rxn15865,=,1.9,0.28
rxn15866,=,4.2,0.29
rxn15867,=,4.2,0.29
rxn15868,<,12.61,0.34
rxn15872,=,0.56,0.32
rxn15873,=,8.84,1.44
rxn15874,=,9.77,0.34
rxn15875,>,-6.97,0.35
rxn15876,=,-3.73,0.03
rxn15877,=,-3.73,0.03
rxn15878,=,-1.14,0.35
rxn15879,<,10.35,0.54
rxn15880,=,-6.0,0.32
rxn15881,=,-0.44,0.1
rxn15882,=,-2.52,0.04
rxn15883,>,-19.94,0.82
rxn15884,=,15.9,0.27
rxn15885,>,-5.17,0.36
rxn15886,=,-6.42,0.25
rxn15887,>,-13.39,1.34
rxn15891,>,-23.23,0.8
rxn15895,<,8.61,1.08
rxn15897,>,-89.95,0.74
rxn15898,=,-0.79,0.36
rxn15899,=,-2.43,0.33
rxn15900,=,2.01,1.05
rxn15901,>,-109.31,0.03
rxn15907,=,5.81,0.47
rxn15908,=,5.81,0.47
rxn15909,=,5.81,0.47
rxn15910,>,-21.92,0.5
rxn15912,>,-94.82,0.35
rxn15916,>,-28.91,0.79
rxn15917,=,3.91,0.22
rxn15918,>,-47.26,0.83
rxn15919,=,-2.99,0.27
rxn15922,<,14.08,0.66
rxn15924,<,20.29,2.14
rxn15925,>,-14.01,0.59
rxn15926,>,-1.91,1.72
rxn15927,>,-18.86,1.92
rxn15928,>,-16.3,2.37
rxn15929,<,54.88,1.11
rxn15937,>,-11.02,2.91
rxn15938,=,7.96,2.9
rxn15939,=,0.04,2.82
rxn15940,=,-0.55,2.82
rxn15944,>,-15.9,0.55
rxn15945,>,-15.49,0.49
rxn15946,>,-16.31,0.49
rxn15947,=,-17.69,0.56
rxn15948,=,-19.27,0.53
rxn15949,>,-11.08,0.32
rxn15950,>,-11.06,0.32
rxn15952,=,-4.34,0.28
rxn15953,=,-2.79,0.02
rxn15954,=,-2.79,0.02
rxn15959,<,83.95,0.61
rxn15960,>,-3.46,0.04
rxn15961,>,-12.7,1.17
rxn15962,=,12.57,0.29
rxn15963,>,-17.18,0.32
rxn15964,=,-2.76,0.03
rxn15968,>,-19.57,0.67
rxn15970,>,-16.86,0.54
rxn15971,=,0.9,0.4
rxn15972,=,-4.56,0.26
rxn15974,>,-11.1,0.35
rxn15976,>,-24.7,0.87
rxn15978,>,-11.1,0.35
rxn15980,>,-31.99,0.89
rxn15981,>,-26.01,0.79
rxn15982,>,-24.01,0.93
rxn15984,>,-16.76,0.97
rxn15985,>,-24.46,0.91
rxn15986,>,-94.82,0.5
rxn15987,>,-36.34,1.83
rxn15988,>,-9.6,0.32
rxn15991,=,6.95,0.36
rxn15992,>,-97.08,1.02
rxn15993,>,-96.49,1.02
rxn15994,<,53.64,1.15
rxn15995,<,53.06,1.15
rxn15996,>,-159.27,1.26
rxn15997,<,21.87,1.12
rxn15998,=,-6.61,0.66
rxn15999,=,-8.88,0.65
rxn16000,=,-7.71,0.65
rxn16002,>,-13.98,1.27
rxn16003,>,-82.47,0.44
rxn16010,>,-90.71,0.14
rxn16011,>,-11.16,0.13
rxn16013,>,-100.33,0.74
rxn16014,>,-107.46,0.74
rxn16016,<,9.6,0.25
rxn16017,<,17.13,0.25
rxn16019,=,1.44,0.75
rxn16021,>,-90.11,0.76
rxn16022,>,-91.14,0.77
rxn16023,>,-58.43,1.02
rxn16024,=,11.42,0.83
rxn16025,>,-142.05,0.74
rxn16026,=,2.56,0.27
rxn16027,>,-82.54,0.77
rxn16028,>,4.46,0.86
rxn16029,>,-69.23,1.1
rxn16030,<,11.01,0.64
rxn16031,>,-84.4,1.06
rxn16032,<,7.54,0.89
rxn16033,>,-84.41,1.06
rxn16034,<,7.55,0.89
rxn16035,=,9.82,1.66
rxn16036,>,-84.41,1.06
rxn16037,<,7.55,0.89
rxn16038,=,11.48,1.66
rxn16039,>,-23.12,0.8
rxn16040,>,-84.4,1.06
rxn16041,<,7.54,0.89
rxn16044,>,-93.17,0.63
rxn16045,<,25.46,0.79
rxn16046,>,-102.49,0.67
rxn16047,<,38.63,0.8
rxn16048,>,-12.38,0.19
rxn16051,=,-1.77,0.76
rxn16052,>,-218.01,1.36
rxn16053,=,8.16,1.7
rxn16054,<,7.67,0.75
rxn16055,>,-107.12,1.2
rxn16056,=,3.75,1.01
rxn16057,>,-5.24,0.17
rxn16062,=,4.8,1.54
rxn16063,>,-94.29,0.74
rxn16066,>,-74.17,0.87
rxn16067,>,-4.22,0.8
rxn16068,>,-142.1,0.71
rxn16069,=,6.43,0.48
rxn16070,=,2.56,0.27
rxn16071,>,-74.17,0.87
rxn16073,<,10.6,0.72
rxn16074,>,-2.68,0.91
rxn16075,<,34.76,0.9
rxn16076,>,-135.18,1.11
rxn16077,<,14.91,1.07
rxn16078,>,-2.89,0.81
rxn16079,=,7.29,0.76
rxn16081,>,-19.16,0.83
rxn16082,>,-11.61,0.54
rxn16083,<,22.84,1.05
rxn16084,=,-8.05,0.53
rxn16085,=,3.73,0.49
rxn16086,=,-13.76,0.41
rxn16087,=,0.09,0.65
rxn16088,=,-5.18,0.65
rxn16089,>,-80.42,0.57
rxn16090,=,15.73,0.69
rxn16091,=,0.29,0.66
rxn16092,>,-94.41,0.48
rxn16093,>,-93.84,0.51
rxn16094,>,-94.38,0.48
rxn16095,>,-67.95,0.71
rxn16096,>,-123.56,0.93
rxn16097,>,-93.86,0.51
rxn16098,<,32.0,0.98
rxn16099,>,-129.39,0.83
rxn16100,=,-4.25,0.27
rxn16101,=,3.47,0.83
rxn16102,>,-92.66,0.48
rxn16103,>,-92.09,0.51
rxn16104,>,-92.63,0.48
rxn16105,>,-92.11,0.51
rxn16106,>,-162.05,5.31
rxn16107,>,-44.89,1.53
rxn16108,>,-89.78,3.05
rxn16110,>,-157.11,5.34
rxn16111,>,-112.22,3.82
rxn16112,<,4.45,0.17
rxn16113,>,-5.32,0.22
rxn16114,=,-0.14,0.03
rxn16115,>,-3.75,0.43
rxn16116,>,-3.9,0.43
rxn16117,>,-3.76,0.43
rxn16130,<,30.54,0.39
rxn16131,<,30.53,0.39
rxn16132,>,-114.92,0.71
rxn16133,<,17.62,0.44
rxn16134,<,57.91,0.75
rxn16135,>,-64.43,0.38
rxn16136,>,-85.9,0.82
rxn16137,>,-8.23,0.43
rxn16138,=,2.47,0.28
rxn16139,=,-0.97,0.02
rxn16140,=,-0.31,0.03
rxn16141,=,2.3,0.03
rxn16142,<,3.35,0.46
rxn16143,=,0.81,0.41
rxn16144,>,-19.23,0.54
rxn16145,<,9.99,0.27
rxn16146,=,-0.94,0.15
rxn16147,<,15.68,0.34
rxn16148,>,-47.39,0.61
rxn16149,=,5.13,0.03
rxn16150,=,8.48,0.28
rxn16151,=,3.8,0.33
rxn16156,<,9.84,0.75
rxn16157,>,-16.7,0.87
rxn16161,<,25.69,1.03
rxn16162,>,-84.37,0.32
rxn16163,>,-97.13,0.62
rxn16168,>,-92.4,0.57
rxn16169,=,-2.31,0.33
rxn16170,=,1.05,0.45
rxn16172,>,-15.88,0.52
rxn16173,>,-10.53,0.38
rxn16175,>,-25.19,0.29
rxn16176,>,-29.39,0.47
rxn16178,=,14.08,0.27
rxn16179,>,-88.43,0.37
rxn16180,=,-0.74,0.24
rxn16182,>,-21.11,1.13
rxn16183,>,-14.96,0.47
rxn16184,>,-23.01,1.07
rxn16186,>,-23.64,0.76
rxn16199,<,16.76,0.37
rxn16204,>,-106.46,0.15
rxn16205,>,-13.4,0.25
rxn16206,=,-7.69,0.71
rxn16207,=,8.94,0.66
rxn16208,>,-137.16,0.95
rxn16209,=,5.52,0.7
rxn16210,=,-0.92,1.02
rxn16211,=,8.62,1.18
rxn16212,=,8.92,0.89
rxn16213,>,-96.03,0.7
rxn16214,=,2.17,0.18
rxn16215,=,1.48,0.37
rxn16216,=,-2.55,0.56
rxn16217,=,-4.82,0.11
rxn16218,>,-9.97,0.03
rxn16222,>,-79.15,0.6
rxn16224,<,4.35,0.47
rxn16225,=,3.15,0.27
rxn16226,>,-78.57,0.6
rxn16227,>,-87.63,0.45
rxn16228,>,-29.44,0.45
rxn16229,>,-29.19,0.45
rxn16230,>,-78.82,0.59
rxn16231,>,-0.13,0.66
rxn16233,>,-44.16,1.55
rxn16234,=,4.98,0.24
rxn16235,=,-1.15,0.27
rxn16236,>,-6.09,0.34
rxn16237,>,-6.18,0.39
rxn16238,>,-6.36,0.39
rxn16239,>,-77.89,0.39
rxn16240,>,-182.55,0.55
rxn16241,>,-86.55,0.66
rxn16242,>,-86.17,0.59
rxn16243,>,-80.67,0.58
rxn16244,>,-82.27,0.66
rxn16245,>,-82.27,0.66
rxn16246,=,-8.47,0.77
rxn16247,<,8.47,0.26
rxn16248,>,-18.32,0.54
rxn16249,<,11.87,0.41
rxn16250,<,10.26,0.39
rxn16251,<,9.87,0.12
rxn16252,<,11.47,0.13
rxn16253,>,-97.76,0.9
rxn16254,<,7.46,0.38
rxn16255,>,-78.55,0.51
rxn16257,=,3.52,0.45
rxn16258,>,-84.79,0.3
rxn16260,>,-89.2,0.31
rxn16261,>,-89.2,0.31
rxn16262,>,-84.79,0.3
rxn16263,=,-7.54,0.42
rxn16264,=,-13.28,0.31
rxn16268,=,0.25,0.66
rxn16269,=,0.25,0.66
rxn16270,=,-1.93,0.66
rxn16271,=,4.28,0.69
rxn16278,>,-93.07,0.39
rxn16279,>,-104.06,1.38
rxn16280,<,11.01,0.64
rxn16281,=,11.06,0.6
rxn16283,>,-69.35,0.06
rxn16284,>,-12.24,0.19
rxn16285,>,-12.24,0.19
rxn16286,>,-12.81,0.03
rxn16289,>,-95.79,0.04
rxn16290,>,-95.79,0.04
rxn16291,>,-95.79,0.04
rxn16292,>,-95.79,0.04
rxn16293,>,-12.81,0.03
rxn16294,>,-12.81,0.03
rxn16298,>,-99.4,0.19
rxn16299,>,-95.79,0.04
rxn16300,>,-95.79,0.04
rxn16301,>,-95.79,0.04
rxn16304,<,6.82,0.4
rxn16305,<,6.82,0.4
rxn16306,<,6.82,0.4
rxn16307,<,6.82,0.4
rxn16313,>,-22.85,0.29
rxn16314,>,-89.99,0.37
rxn16318,>,-31.21,1.98
rxn16319,=,4.18,0.03
rxn16320,=,4.18,0.03
rxn16321,=,4.18,0.03
rxn16322,=,4.06,0.13
rxn16329,<,14.31,0.94
rxn16330,=,7.54,0.33
rxn16337,>,-21.3,0.05
rxn16340,=,4.52,0.73
rxn16354,>,-89.56,0.88
rxn16355,>,-141.5,0.5
rxn16356,>,-107.91,0.6
rxn16357,>,-96.56,0.11
rxn16358,>,-91.72,1.01
rxn16359,>,-87.41,0.27
rxn16362,<,18.94,0.43
rxn16363,<,17.98,0.42
rxn16364,=,8.92,0.89
rxn16365,=,2.58,0.1
rxn16366,>,-22.09,1.17
rxn16367,>,-3.85,1.22
rxn16368,=,0.41,0.17
rxn16369,<,13.01,0.54
rxn16370,=,-3.79,0.64
rxn16371,<,40.41,0.5
rxn16372,=,-5.15,0.84
rxn16373,=,-1.25,0.02
rxn16374,=,-0.54,0.65
rxn16375,=,-0.54,0.65
rxn16376,=,9.39,0.5
rxn16378,=,3.46,0.03
rxn16379,>,-2.78,0.03
rxn16380,>,-8.05,0.03
rxn16381,=,0.44,0.06
rxn16382,>,-19.0,1.25
rxn16386,=,3.14,0.04
rxn16387,=,-0.23,0.11
rxn16388,=,9.16,0.64
rxn16389,=,-0.9,0.48
rxn16390,=,8.25,0.59
rxn16391,>,-95.53,0.85
rxn16392,=,1.03,0.04
rxn16393,=,1.03,0.04
rxn16394,=,1.03,0.04
rxn16396,<,14.18,0.69
rxn16397,<,17.47,0.69
rxn16398,=,-8.81,0.29
rxn16399,>,-95.24,0.76
rxn16400,=,4.19,0.75
rxn16401,=,-2.45,0.18
rxn16402,>,-6.11,1.37
rxn16403,=,-0.11,0.69
rxn16404,>,-39.87,0.41
rxn16405,<,4.96,0.03
rxn16406,>,-13.35,0.62
rxn16407,>,-73.78,0.04
rxn16408,=,-15.39,0.55
rxn16409,>,-134.77,0.85
rxn16410,>,-265.51,2.92
rxn16411,>,-383.36,1.56
rxn16412,<,11.26,0.73
rxn16413,>,-7.76,0.74
rxn16414,>,-113.58,0.36
rxn16416,>,-102.44,0.34
rxn16417,>,-191.03,0.57
rxn16418,>,-25.09,1.16
rxn16419,>,-89.6,0.95
rxn16420,>,-92.28,0.32
rxn16421,>,-102.89,0.42
rxn16422,>,-181.04,0.58
rxn16423,>,-59.48,0.45
rxn16424,>,-58.32,0.42
rxn16425,>,-63.25,0.66
rxn16426,>,-59.48,0.45
rxn16427,>,-58.32,0.42
rxn16428,>,-74.21,0.66
rxn16429,>,-68.56,0.43
rxn16431,=,1.31,0.28
rxn16432,=,2.73,0.43
rxn16434,>,-12.96,0.42
rxn16437,>,-7.1,0.4
rxn16438,>,-3.98,0.11
rxn16440,>,-3.78,0.17
rxn16441,>,-3.37,0.17
rxn16442,=,-0.24,0.09
rxn16443,>,-72.68,1.17
rxn16444,>,-69.05,0.48
rxn16445,>,-145.5,1.84
rxn16448,>,-34.35,1.27
rxn16449,>,-32.67,1.21
rxn16450,>,-32.34,1.13
rxn16451,>,-26.64,1.23
rxn16452,>,-24.08,1.09
rxn16453,>,-46.2,1.59
rxn16454,>,-23.06,0.8
rxn16455,>,-23.14,0.8
rxn16456,>,-32.01,1.28
rxn16457,>,-30.43,1.24
rxn16458,>,-21.16,1.24
rxn16459,>,-8.07,1.18
rxn16460,>,1.81,0.77
rxn16461,>,-30.18,1.19
rxn16462,>,-30.18,0.85
rxn16463,>,-49.08,1.05
rxn16464,>,-8.03,0.37
rxn16465,>,-23.53,1.28
rxn16466,>,-19.49,1.04
rxn16467,>,-10.79,0.96
rxn16468,>,-20.66,1.29
rxn16469,>,-14.96,1.33
rxn16470,>,-13.63,1.15
rxn16471,>,-13.25,1.36
rxn16472,>,-12.71,1.28
rxn16473,>,-3.75,0.17
rxn16474,<,8.55,0.41
rxn16475,<,8.55,0.41
rxn16476,<,8.55,0.41
rxn16477,>,-45.17,1.61
rxn16478,=,-5.88,0.42
rxn16479,=,-6.51,0.41
rxn16480,=,-8.45,0.3
rxn16481,=,-0.2,0.83
rxn16482,>,-36.33,0.44
rxn16483,=,-7.17,0.76
rxn16484,=,5.26,0.41
rxn16485,=,0.12,0.02
rxn16486,=,-3.18,0.4
rxn16487,>,-1.79,0.16
rxn16490,=,-1.01,0.47
rxn16491,>,-3.88,0.21
rxn16492,>,-3.47,0.52
rxn16493,>,-2.33,0.35
rxn16494,=,-2.73,0.33
rxn16498,=,-2.9,0.47
rxn16500,=,2.52,0.58
rxn16503,=,-5.65,0.02
rxn16504,=,0.66,0.04
rxn16507,>,-2.63,0.08
rxn16508,=,-7.88,0.27
rxn16509,=,-7.65,0.35
rxn16510,=,-5.46,0.47
rxn16511,<,3.38,0.04
rxn16512,=,8.19,0.28
rxn16513,=,7.18,0.37
rxn16519,>,-12.21,0.7
rxn16522,>,-24.88,0.81
rxn16523,>,-71.09,2.4
rxn16524,>,-2.21,0.35
rxn16525,>,-23.21,1.17
rxn16527,>,-9.51,0.14
rxn16528,>,-3.52,0.77
rxn16529,>,-21.19,1.7
rxn16530,>,-14.06,0.9
rxn16531,>,-8.56,0.97
rxn16532,>,-8.56,0.97
rxn16533,>,-8.56,0.97
rxn16534,>,-27.99,1.9
rxn16535,>,-26.17,1.64
rxn16536,=,25.16,2.89
rxn16540,>,-13.05,0.29
rxn16541,=,4.62,0.53
rxn16542,>,-8.43,0.51
rxn16543,>,-12.36,0.27
rxn16545,>,-57.44,0.85
rxn16546,=,1.9,1.37
rxn16547,=,11.68,1.85
rxn16548,=,2.06,0.67
rxn16551,=,-0.02,0.02
rxn16552,=,-0.0,0.02
rxn16553,>,-8.1,0.59
rxn16554,=,-0.05,0.76
rxn16555,>,-22.98,1.49
rxn16556,>,-31.62,1.92
rxn16557,>,-30.89,1.96
rxn16558,>,-11.47,1.78
rxn16559,>,-16.06,0.81
rxn16560,>,-12.81,1.17
rxn16561,>,-9.66,1.25
rxn16563,=,-1.89,0.14
rxn16564,>,-3.69,0.22
rxn16565,=,3.78,1.01
rxn16566,=,1.55,0.18
rxn16569,>,-10.64,0.2
rxn16570,>,-10.64,0.2
rxn16571,>,-10.64,0.2
rxn16572,=,-5.28,0.34
rxn16574,=,-0.25,0.03
rxn16577,=,0.13,0.38
rxn16578,>,-162.12,5.34
rxn16580,=,-7.67,0.36
rxn16581,=,-7.15,0.33
rxn16582,=,-6.57,0.29
rxn16586,=,11.99,0.04
rxn16591,=,11.51,1.93
rxn16592,=,5.98,0.78
rxn16593,=,7.7,0.82
rxn16594,=,7.7,0.82
rxn16595,>,-193.52,0.76
rxn16596,=,-1.82,0.03
rxn16597,=,1.12,0.09
rxn16598,=,-3.09,0.03
rxn16599,=,-7.52,0.25
rxn16600,=,-3.21,0.86
rxn16601,=,4.75,0.39
rxn16602,=,4.46,0.39
rxn16603,=,4.46,0.39
rxn16604,>,-10.62,0.31
rxn16607,>,-22.9,1.16
rxn16608,>,-16.38,0.35
rxn16609,>,-8.45,0.81
rxn16611,<,7.02,0.28
rxn16612,>,-10.31,0.35
rxn16613,=,-1.83,0.02
rxn16614,=,-1.05,0.03
rxn16615,=,-9.04,0.84
rxn16616,=,-5.67,1.03
rxn16622,=,3.61,0.21
rxn16623,=,-3.6,1.06
rxn16624,>,-73.18,0.73
rxn16625,=,-0.32,0.34
rxn16626,>,-109.47,0.08
rxn16627,>,-104.97,0.56
rxn16628,>,-76.01,0.62
rxn16630,>,-14.36,1.18
rxn16631,>,-10.8,1.19
rxn16632,>,-19.62,0.91
rxn16633,>,-22.38,0.82
rxn16634,>,-22.47,0.82
rxn16635,>,-7.01,1.1
rxn16636,=,6.04,0.38
rxn16637,=,4.87,0.37
rxn16638,=,0.0,0.02
rxn16639,>,-83.28,0.86
rxn16641,<,10.08,0.51
rxn16642,=,-3.61,0.21
rxn16643,=,-8.26,0.54
rxn16644,>,-8.25,0.54
rxn16646,>,-13.55,0.04
rxn16647,=,4.07,0.13
rxn16648,>,-27.86,0.33
rxn16649,=,-0.99,0.43
rxn16651,>,-25.98,0.59
rxn16652,>,-24.27,0.61
rxn16653,>,-94.82,0.35
rxn16654,>,-103.15,0.53
rxn16655,>,-197.97,0.54
rxn16656,>,-93.36,0.43
rxn16657,>,-102.96,0.51
rxn16658,>,-196.32,0.45
rxn16659,>,-85.55,0.29
rxn16660,>,-79.34,0.37
rxn16661,=,-7.05,0.03
rxn16662,=,6.83,1.45
rxn16663,>,-7.69,0.75
rxn16664,>,-12.27,0.71
rxn16665,=,-0.4,0.23
rxn16666,=,-2.41,0.39
rxn16669,>,-3.06,0.32
rxn16670,>,1.23,0.79
rxn16671,=,9.24,0.03
rxn16672,>,-13.66,0.6
rxn16673,>,-6.78,0.03
rxn16674,>,-7.41,0.03
rxn16675,=,-4.76,0.3
rxn16676,<,17.6,0.81
rxn16677,=,-1.61,0.76
rxn16678,<,16.04,0.79
rxn16679,>,-106.62,0.79
rxn16680,<,9.34,0.4
rxn16681,>,-2.76,0.18
rxn16682,>,-9.07,0.49
rxn16683,>,-5.77,0.31
rxn16684,>,-0.68,0.21
rxn16689,<,11.96,0.52
rxn16690,=,-5.35,0.32
rxn16691,=,-0.55,0.02
rxn16692,>,-13.1,1.01
rxn16694,<,10.42,0.49
rxn16695,=,4.26,0.23
rxn16697,=,0.48,0.76
rxn16698,>,-15.7,0.42
rxn16699,=,3.18,0.23
rxn16700,>,-96.53,0.13
rxn16701,>,-92.27,0.64
rxn16702,>,-96.79,0.2
rxn16703,>,-96.46,0.68
rxn16704,>,-106.34,0.2
rxn16705,>,-112.87,0.13
rxn16706,>,-315.67,0.77
rxn16707,>,-93.23,0.42
rxn16708,>,-94.78,0.48
rxn16709,>,-94.7,0.47
rxn16710,>,-22.49,0.82
rxn16711,>,-25.24,1.08
rxn16712,>,-47.73,1.78
rxn16713,>,-6.19,0.3
rxn16714,>,-10.91,1.53
rxn16715,>,-4.17,0.56
rxn16716,>,-4.78,0.03
rxn16717,>,-26.51,0.78
rxn16718,=,-8.38,0.03
rxn16719,>,-8.69,0.03
rxn16720,>,-8.73,0.03
rxn16721,=,-0.46,0.61
rxn16723,<,21.37,0.87
rxn16724,>,-28.24,1.25
rxn16725,>,-27.92,1.36
rxn16726,>,-34.04,1.37
rxn16727,>,-25.31,1.15
rxn16728,>,-28.25,1.21
rxn16729,>,-13.51,1.36
rxn16730,>,-24.36,1.23
rxn16731,>,-27.91,1.36
rxn16732,>,-20.46,1.29
rxn16733,>,-18.62,1.25
rxn16734,>,-14.77,1.41
rxn16735,>,-31.39,1.18
rxn16736,>,-10.78,1.19
rxn16737,>,-6.34,0.81
rxn16738,>,-27.33,1.1
rxn16739,>,-33.78,1.18
rxn16740,>,-34.03,1.18
rxn16741,>,-31.45,0.91
rxn16742,=,0.57,0.32
rxn16743,>,-67.17,0.47
rxn16744,>,-23.15,1.9
rxn16745,>,-31.7,1.85
rxn16746,>,-22.62,1.51
rxn16747,>,-33.51,1.98
rxn16748,>,-25.9,1.99
rxn16749,>,-15.91,1.77
rxn16750,>,-30.07,1.91
rxn16751,>,-13.94,1.3
rxn16752,>,-30.54,1.9
rxn16753,>,-32.82,1.92
rxn16754,>,-31.81,1.9
rxn16755,>,-30.76,1.84
rxn16756,>,-26.04,1.16
rxn16758,=,6.56,0.52
rxn16759,>,-314.14,0.49
rxn16760,>,-88.79,0.95
rxn16761,>,-88.79,0.95
rxn16762,>,-102.05,0.68
rxn16763,>,-193.3,0.81
rxn16764,>,-193.3,0.81
rxn16765,>,-193.3,0.81
rxn16766,=,3.15,0.52
rxn16767,=,8.32,0.81
rxn16768,=,9.75,0.84
rxn16769,=,1.71,0.49
rxn16771,<,14.52,0.34
rxn16772,=,-7.03,0.71
rxn16773,=,-7.03,0.71
rxn16774,>,-93.17,0.35
rxn16775,>,-95.13,0.7
rxn16776,>,-33.83,0.7
rxn16777,>,-38.14,0.77
rxn16779,=,0.93,0.72
rxn16780,=,-6.02,1.17
rxn16781,<,7.07,0.39
rxn16782,<,7.07,0.39
rxn16783,<,7.07,0.39
rxn16784,<,6.39,0.33
rxn16785,<,6.39,0.33
rxn16786,=,-0.37,0.28
rxn16787,=,-0.37,0.28
rxn16788,=,-0.37,0.28
rxn16790,=,-0.35,0.17
rxn16791,=,-0.35,0.17
rxn16792,=,-0.35,0.17
rxn16793,=,-1.0,0.19
rxn16794,=,-2.58,0.38
rxn16795,>,-4.93,0.38
rxn16796,=,-2.58,0.38
rxn16797,>,-4.93,0.38
rxn16798,=,9.49,0.46
rxn16799,=,3.13,0.31
rxn16800,=,12.62,0.48
rxn16801,=,12.04,0.48
rxn16802,<,7.32,0.55
rxn16803,=,7.54,1.02
rxn16804,=,-1.11,0.43
rxn16805,>,-3.51,0.28
rxn16806,>,-18.98,0.35
rxn16807,=,-10.91,0.42
rxn16808,>,-27.83,1.12
rxn16809,>,-9.83,0.79
rxn16810,>,-30.17,0.8
rxn16811,=,6.79,0.97
rxn16812,>,-21.98,0.87
rxn16813,>,-21.77,0.85
rxn16814,>,-8.29,0.82
rxn16815,>,-26.69,0.89
rxn16816,>,-14.22,0.93
rxn16817,>,-24.48,0.9
rxn16818,>,-24.47,0.87
rxn16819,>,-7.56,1.13
rxn16820,>,-30.07,0.84
rxn16821,>,-24.13,0.91
rxn16822,>,-16.73,1.17
rxn16823,=,-0.58,0.87
rxn16824,=,-7.58,0.35
rxn16825,>,-9.02,0.39
rxn16826,=,-2.72,0.38
rxn16827,>,-85.55,0.44
rxn16829,=,2.64,0.43
rxn16830,=,2.45,0.14
rxn16831,=,1.86,0.14
rxn16832,=,4.1,0.33
rxn16833,=,3.52,0.33
rxn16834,=,5.01,0.83
rxn16835,=,10.18,0.68
rxn16836,=,8.14,0.29
rxn16839,=,2.08,0.22
rxn16842,>,-32.92,0.06
rxn16843,=,-6.57,0.39
rxn16844,>,-12.32,0.32
rxn16845,>,-10.63,0.32
rxn16855,=,3.31,0.35
rxn16860,=,7.16,0.26
rxn16862,=,5.6,0.47
rxn16863,=,-2.35,0.25
rxn16866,=,-0.57,0.26
rxn16879,=,5.38,0.21
rxn16887,=,4.51,0.3
rxn16888,=,4.51,0.3
rxn16889,=,4.51,0.3
rxn16895,<,69.06,0.48
rxn16896,<,109.72,0.58
rxn16897,<,127.83,0.78
rxn16898,<,69.06,0.48
rxn16900,<,10.79,0.72
rxn16994,=,-3.33,0.03
rxn16995,=,-3.33,0.03
rxn17060,=,-3.91,0.6
rxn17061,>,-60.95,0.13
rxn17075,>,-178.66,0.56
rxn17080,>,-81.15,0.43
rxn17081,>,-89.7,0.36
rxn17086,>,-88.59,0.31
rxn17087,>,-78.07,0.41
rxn17088,>,-86.23,0.39
rxn17089,>,-56.2,0.38
rxn17092,>,-133.53,0.7
rxn17093,>,-313.73,0.8
rxn17095,>,-90.61,0.27
rxn17096,>,-94.71,0.09
rxn17097,>,-94.53,0.91
rxn17099,>,-108.41,0.69
rxn17124,<,67.18,0.51
rxn17199,=,1.27,0.02
rxn17223,=,10.77,1.18
rxn17226,>,-98.83,0.48
rxn17243,=,9.44,0.04
rxn17246,=,8.58,0.03
rxn17247,=,10.91,0.04
rxn17248,>,-16.02,0.49
rxn17259,>,-18.39,0.35
rxn17276,=,-12.23,0.75
rxn17378,=,2.0,0.47
rxn17384,=,0.11,0.03
rxn17404,>,-20.15,2.61
rxn17405,>,-23.12,0.8
rxn17412,=,-0.75,0.89
rxn17414,=,-7.35,1.73
rxn17440,>,-9.66,0.43
rxn17441,=,1.38,0.76
rxn17468,=,-1.56,0.35
rxn17474,=,7.09,0.4
rxn17475,=,8.0,0.4
rxn17487,=,-5.6,0.29
rxn17640,>,-21.92,0.5
rxn17648,>,-20.3,0.6
rxn17649,>,-27.8,0.45
rxn17650,>,-14.77,0.48
rxn17652,=,0.94,0.03
rxn17660,>,-11.62,0.36
rxn17662,>,-9.89,0.22
rxn17663,>,-13.07,0.25
rxn17669,<,11.21,1.06
rxn17678,=,1.78,0.15
rxn17703,=,-2.28,0.37
rxn17704,=,-0.23,0.03
rxn17705,=,-0.23,0.03
rxn17713,>,-2.42,0.22
rxn17725,<,42.64,0.72
rxn17743,>,-139.5,0.72
rxn17744,=,-5.69,0.16
rxn17745,=,-6.4,0.04
rxn17748,=,-1.0,0.02
rxn17749,=,-6.18,0.41
rxn17751,=,-1.27,0.03
rxn17752,=,-1.27,0.03
rxn17753,=,2.99,0.27
rxn17754,=,2.99,0.27
rxn17763,=,-1.08,0.21
rxn17765,=,-1.1,0.21
rxn17766,=,-1.09,0.21
rxn17767,=,-0.88,0.21
rxn17806,>,-7.35,0.02
rxn17810,>,-7.35,0.02
rxn17811,>,-7.35,0.02
rxn17853,=,2.95,0.26
rxn17854,=,3.5,0.22
rxn18179,=,-1.85,0.3
rxn18911,>,-6.4,0.02
rxn18917,=,-0.98,0.02
rxn18924,>,-2.72,0.31
rxn18925,>,-5.36,0.25
rxn18927,=,4.73,0.03
rxn18934,>,-11.89,0.06
rxn18956,>,-25.8,0.85
rxn18964,=,4.42,0.03
rxn18965,>,-21.92,0.5
rxn18967,>,-13.9,0.56
rxn18970,>,-2.97,0.02
rxn18972,>,-2.98,0.02
rxn18973,>,-3.0,0.02
rxn18974,>,-2.96,0.02
rxn18975,>,-2.81,0.02
rxn18977,=,1.07,0.22
rxn18989,=,-4.97,1.57
rxn18999,=,-11.34,1.27
rxn19000,>,-13.21,1.14
rxn19004,>,-33.98,0.47
rxn19010,=,-0.02,0.04
rxn19011,>,-19.22,0.45
rxn19015,=,-4.99,0.28
rxn19017,=,-5.16,0.03
rxn19018,=,-5.16,0.03
rxn19025,=,2.96,0.29
rxn19028,<,15.51,0.48
rxn19030,>,-6.85,0.23
rxn19031,=,6.29,0.03
rxn19039,=,1.99,0.03
rxn19040,=,0.18,0.03
rxn19041,>,-12.06,0.05
rxn19042,>,-12.06,0.05
rxn19071,>,-16.45,0.72
rxn19073,>,-19.67,0.03
rxn19075,=,-6.48,0.21
rxn19085,=,0.0,0.03
rxn19092,=,3.73,0.52
rxn19123,=,-11.01,0.03
rxn19126,=,2.36,0.03
rxn19127,=,2.36,0.03
rxn19140,=,7.25,0.47
rxn19141,=,7.25,0.47
rxn19142,>,-21.02,0.79
rxn19144,=,6.25,0.71
rxn19149,>,-21.38,0.25
rxn19157,>,-16.84,0.29
rxn19159,=,1.08,0.28
rxn19161,=,-5.01,0.03
rxn19174,>,-12.42,0.21
rxn19180,>,-6.75,0.06
rxn19181,=,-6.86,0.06
rxn19198,>,-16.75,0.58
rxn19199,>,-16.75,0.58
rxn19208,>,-3.93,0.04
rxn19213,<,42.6,0.59
rxn19217,=,-2.21,0.12
rxn19218,=,-2.21,0.12
rxn19219,=,-2.21,0.12
rxn19224,=,-11.1,0.32
rxn19225,>,-95.9,0.05
rxn19239,=,-4.73,0.21
rxn19240,=,-4.13,0.24
rxn19241,=,-0.3,0.03
rxn19242,=,1.86,0.19
rxn19253,=,5.28,0.88
rxn19259,=,-1.57,0.2
rxn19260,=,-1.57,0.2
rxn19261,>,-4.75,0.43
rxn19263,=,7.78,0.55
rxn19264,>,-46.54,0.06
rxn19276,=,-0.0,0.02
rxn19309,>,-30.45,0.84
rxn19316,=,8.33,0.02
rxn19321,<,88.09,1.85
rxn19322,<,88.09,1.85
rxn19327,=,3.15,0.02
rxn19338,>,-19.88,0.37
rxn19339,>,-19.87,0.37
rxn19340,>,-19.88,0.37
rxn19341,>,-17.35,0.33
rxn19347,>,0.4,0.26
rxn19368,>,-23.87,0.16
rxn19384,=,0.0,0.02
rxn19449,=,0.01,0.02
rxn19465,=,0.01,0.02
rxn19466,<,34.11,0.4
rxn19487,>,-41.64,0.5
rxn19488,>,-2.2,0.52
rxn19545,>,-12.07,0.27
rxn19568,>,-2.16,1.04
rxn19641,=,-2.35,0.35
rxn19642,=,7.42,0.37
rxn19643,=,-0.21,0.02
rxn19645,=,-0.2,0.02
rxn19646,=,2.1,0.21
rxn19662,=,0.21,0.03
rxn19663,=,0.21,0.03
rxn19664,=,0.21,0.03
rxn19666,=,0.22,0.03
rxn19668,=,0.21,0.03
rxn19669,=,0.72,0.03
rxn19672,>,-29.4,1.61
rxn19673,=,-2.3,0.03
rxn19682,>,-64.24,0.89
rxn19683,=,-0.73,0.28
rxn19684,=,-1.41,0.28
rxn19685,=,-1.41,0.28
rxn19689,>,-22.44,0.76
rxn19690,>,-22.44,0.76
rxn19691,>,-22.44,0.76
rxn19714,=,-5.09,0.03
rxn19730,>,-22.44,0.76
rxn19731,=,-2.41,0.24
rxn19732,>,-12.01,0.25
rxn19733,>,-14.46,0.28
rxn19738,=,1.28,0.03
rxn19739,=,-0.01,0.18
rxn19740,=,0.82,0.02
rxn19742,=,1.46,0.03
rxn19762,=,1.85,0.02
rxn19763,=,5.84,0.04
rxn19769,=,0.01,0.02
rxn19774,=,0.57,0.23
rxn19775,=,-5.3,0.25
rxn19776,=,-0.36,0.02
rxn19794,=,0.21,0.02
rxn19800,=,-2.91,0.02
rxn19801,>,-5.45,0.32
rxn19804,>,-5.96,0.32
rxn19806,>,-5.96,0.32
rxn19808,>,-5.96,0.32
rxn19814,>,-2.96,0.02
rxn19825,=,0.37,0.34
rxn19827,=,9.22,0.02
rxn19830,=,-3.01,0.59
rxn19831,>,-2.78,0.03
rxn19834,>,-1.73,0.37
rxn19835,=,-3.62,0.03
rxn19836,=,-3.62,0.03
rxn19841,=,4.11,0.03
rxn19842,=,4.11,0.03
rxn19849,=,7.52,0.02
rxn19855,=,-0.07,0.03
rxn19858,>,-13.25,1.14
rxn19870,=,1.7,0.03
rxn19871,>,-6.88,0.11
rxn19872,>,-21.24,0.89
rxn19878,=,-3.4,0.02
rxn19884,<,75.8,0.47
rxn19887,>,-14.8,1.34
rxn19892,=,-2.28,0.28
rxn19893,>,-13.97,0.93
rxn19896,=,3.66,0.21
rxn19898,>,-7.29,0.02
rxn19905,=,-4.08,0.15
rxn19917,<,19.24,0.5
rxn19924,>,-20.33,0.26
rxn19930,=,1.4,0.44
rxn19933,=,-3.43,0.02
rxn19935,=,-1.18,0.03
rxn19936,=,-1.18,0.03
rxn19940,=,0.24,0.03
rxn19941,=,2.01,0.03
rxn19942,>,1.43,0.04
rxn19943,>,1.43,0.04
rxn19944,>,-72.84,0.41
rxn19945,>,-72.84,0.41
rxn19950,=,8.65,0.48
rxn19956,=,-14.15,0.85
rxn19957,<,14.73,0.85
rxn19967,=,2.55,0.19
rxn19968,=,2.55,0.19
rxn19970,=,2.55,0.19
rxn19974,=,2.55,0.19
rxn19976,=,2.55,0.19
rxn19977,=,2.55,0.19
rxn19979,<,2.55,0.19
rxn19980,=,2.55,0.19
rxn19982,<,2.55,0.19
rxn19986,<,2.55,0.19
rxn19988,<,2.55,0.19
rxn19989,=,2.55,0.19
rxn19997,>,-24.28,0.44
rxn20003,>,-18.57,0.45
rxn20013,>,-4.85,0.18
rxn20015,>,-23.06,0.07
rxn20016,>,-23.06,0.07
rxn20024,>,-31.32,1.8
rxn20025,>,-31.32,1.8
rxn20036,=,12.66,1.55
rxn20037,>,-7.28,0.79
rxn20040,=,9.12,0.71
rxn20041,=,15.77,0.44
rxn20046,>,-7.93,0.02
rxn20057,>,-6.75,0.06
rxn20059,>,3.19,0.06
rxn20068,=,7.32,0.02
rxn20158,=,6.74,0.02
rxn20161,>,-24.88,0.04
rxn20162,=,8.28,0.03
rxn20170,<,19.58,0.5
rxn20171,=,-13.82,0.62
rxn20172,>,-2.96,0.03
rxn20173,>,-12.38,0.25
rxn20174,>,-12.31,0.25
rxn20179,=,2.12,0.03
rxn20181,=,10.0,0.21
rxn20190,>,-23.73,0.05
rxn20197,<,2.61,0.18
rxn20202,=,-1.81,0.03
rxn20204,=,-4.61,0.15
rxn20209,>,-8.05,0.8
rxn20219,>,-16.1,0.34
rxn20227,=,-1.8,0.32
rxn20228,>,-13.22,0.3
rxn20263,=,-4.33,0.25
rxn20269,>,-8.15,0.03
rxn20461,=,-0.22,0.02
rxn20471,=,6.89,0.75
rxn20474,=,5.89,0.03
rxn20475,=,4.4,0.03
rxn20478,=,5.89,0.03
rxn20479,=,5.89,0.03
rxn20480,=,5.89,0.03
rxn20481,=,5.9,0.03
rxn20490,>,-68.01,1.57
rxn20493,>,-6.9,0.03
rxn20495,>,-5.96,0.04
rxn20496,=,4.33,0.05
rxn20498,=,-3.94,0.04
rxn20499,=,-3.94,0.04
rxn20502,>,-7.35,0.02
rxn20503,>,-7.35,0.02
rxn20509,=,6.57,0.02
rxn20522,=,2.96,0.33
rxn20523,=,8.49,0.02
rxn20533,=,-3.47,0.15
rxn20539,>,-5.36,0.25
rxn20541,=,2.35,0.02
rxn20544,=,4.44,0.02
rxn20546,=,3.98,3.24
rxn20583,=,3.31,0.25
rxn20592,=,-0.65,0.02
rxn20599,>,-15.15,0.55
rxn20600,>,-15.15,0.55
rxn20608,>,-12.19,0.51
rxn20619,=,-0.62,0.13
rxn20626,<,19.34,0.03
rxn20627,>,-69.4,3.11
rxn20630,=,2.67,0.02
rxn20637,>,-20.94,0.04
rxn20638,>,-20.94,0.04
rxn20643,>,-35.02,1.1
rxn20644,>,-35.02,1.1
rxn20649,=,1.24,0.06
rxn20655,=,4.64,0.02
rxn20656,=,-7.91,0.04
rxn20658,>,-128.01,1.01
rxn20659,<,8.05,0.46
rxn20661,<,76.6,0.62
rxn20663,<,12.63,0.38
rxn20738,=,3.89,0.19
rxn20739,>,-90.21,0.41
rxn20740,>,-24.65,0.63
rxn20741,=,-0.2,0.46
rxn20772,>,-43.87,0.65
rxn20774,=,2.72,0.03
rxn20777,=,0.05,0.03
rxn20779,=,-1.23,0.39
rxn20788,>,-8.63,0.04
rxn20800,>,-31.14,0.88
rxn20818,=,3.97,0.37
rxn20834,>,-44.08,0.66
rxn20839,=,-0.57,0.02
rxn20881,>,-11.25,0.05
rxn20915,=,4.26,0.8
rxn20968,>,-95.79,0.04
rxn20986,=,7.88,1.24
rxn21003,<,6.82,0.4
rxn21057,=,-0.98,0.02
rxn21092,=,-2.59,0.44
rxn21095,>,-72.5,1.31
rxn21097,>,-14.85,0.49
rxn21102,<,8.55,0.41
rxn21103,>,-2.78,0.03
rxn21112,=,6.13,0.49
rxn21114,>,-27.65,0.29
rxn21116,=,-7.26,0.45
rxn21132,>,-16.24,0.22
rxn21134,=,-0.13,0.03
rxn21140,>,-73.4,0.37
rxn21152,=,2.14,0.03
rxn21153,=,2.14,0.03
rxn21210,>,-23.12,0.8
rxn21211,>,-20.93,0.4
rxn21212,>,-18.27,0.45
rxn21213,>,-23.12,0.8
rxn21214,>,-20.93,0.4
rxn21215,=,-2.5,0.12
rxn21216,>,-18.27,0.45
rxn21239,=,7.33,1.07
rxn21240,=,7.33,1.07
rxn21241,<,11.07,1.02
rxn21244,=,8.11,1.06
rxn21245,=,3.79,0.19
rxn21273,=,-0.67,0.32
rxn21274,=,-0.67,0.32
rxn21299,=,30.93,1.17
rxn21328,=,0.86,0.43
rxn21329,=,-0.37,0.41
rxn21362,=,-0.92,0.89
rxn21378,=,7.28,0.27
rxn21379,=,7.28,0.27
rxn21400,>,-93.05,0.09
rxn21401,=,-1.25,0.02
rxn21497,>,-81.8,0.4
rxn21501,>,-6.17,0.41
rxn21589,=,-14.52,0.34
rxn21635,>,-75.38,0.66
rxn21639,>,-8.45,0.81
rxn21665,=,-2.9,0.47
rxn21749,>,-12.63,0.27
rxn21750,=,5.15,0.24
rxn21751,<,6.98,0.28
rxn21759,=,2.98,0.78
rxn21808,>,-81.8,0.4
rxn21829,>,-87.03,0.56
rxn21852,>,-10.64,0.2
rxn21865,>,-112.22,3.82
rxn21866,>,-112.22,3.82
rxn21890,>,-107.71,0.34
rxn21891,=,3.82,0.21
rxn21914,>,-93.05,0.09
rxn21915,>,-93.05,0.09
rxn21916,>,-93.05,0.09
rxn21936,=,-0.79,0.36
rxn22000,>,-13.35,0.62
rxn22017,=,-13.82,0.62
rxn22087,<,16.76,0.37
rxn22126,>,-7.11,1.61
rxn22189,>,-92.11,0.76
rxn22190,<,35.9,0.7
rxn22285,=,-3.73,0.81
rxn22367,>,-59.48,0.45
rxn22368,>,-58.32,0.42
rxn22369,>,-74.21,0.66
rxn22376,=,-5.28,0.16
rxn22384,>,-16.31,0.49
rxn22404,>,-46.54,0.06
rxn22407,=,-3.11,1.06
rxn22467,=,0.93,0.27
rxn22518,>,-6.39,0.02
rxn22637,<,41.7,0.52
rxn22647,>,-11.23,0.42
rxn22648,>,-0.47,0.22
rxn22651,>,-43.84,0.6
rxn22724,>,-26.58,1.32
rxn22749,>,-13.82,0.62
rxn22772,>,-110.69,0.48
rxn22781,=,-5.47,0.23
rxn22782,=,2.06,0.67
rxn22783,=,-0.05,0.76
rxn22784,=,-3.35,2.17
rxn22791,=,-3.04,0.03
rxn22815,=,-4.41,0.7
rxn22816,>,-12.01,0.21
rxn22826,=,-9.04,0.84
rxn22827,=,-5.67,1.03
rxn22862,>,-69.52,1.47
rxn22914,<,14.74,0.46
rxn22946,>,-33.82,1.15
rxn22947,>,-26.34,1.24
rxn22960,=,-4.23,0.85
rxn22961,=,-6.85,0.06
rxn22962,>,-27.83,1.2
rxn23000,=,12.57,0.04
rxn23024,>,-72.6,0.66
rxn23042,>,-10.19,0.42
rxn23045,>,-21.79,0.34
rxn23048,=,5.28,0.45
rxn23055,=,2.51,0.33
rxn23058,<,6.39,0.33
rxn23129,>,-8.78,0.53
rxn23132,>,-11.87,0.44
rxn23134,>,-22.33,0.73
rxn23135,>,-22.33,0.73
rxn23155,=,-0.85,0.44
rxn23163,>,-83.02,0.49
rxn23164,>,-6.8,0.38
rxn23233,>,-11.12,0.06
rxn23243,>,-192.93,0.37
rxn23248,>,-95.45,0.39
rxn23260,=,-11.72,0.59
rxn23355,>,-16.0,0.3
rxn23361,>,-3.07,0.03
rxn23363,<,8.99,0.28
rxn23371,>,-22.11,0.42
rxn23373,>,-18.38,0.3
rxn23374,=,-5.89,0.03
rxn23375,>,-39.26,0.33
rxn23378,>,-3.67,0.43
rxn23383,=,4.32,0.33
rxn23384,=,-2.59,0.44
rxn23385,>,-39.17,0.33
rxn23398,>,-27.27,0.25
rxn23402,=,-7.53,0.23
rxn23403,>,-10.39,0.26
rxn23404,>,-10.69,0.26
rxn23405,=,-1.49,0.47
rxn23406,=,5.67,0.28
rxn23413,>,-29.63,0.55
rxn23414,>,-28.99,0.55
rxn23415,=,-0.85,0.44
rxn23417,=,5.41,0.29
rxn23418,=,-8.42,0.23
rxn23419,=,4.0,0.2
rxn23420,=,-8.72,0.23
rxn23430,>,-82.56,0.05
rxn23435,>,-24.97,0.27
rxn23443,=,2.44,0.23
rxn23445,>,-25.64,0.54
rxn23446,>,-14.33,0.4
rxn23447,>,-13.72,0.38
rxn23449,>,-27.46,2.36
rxn23454,>,-315.69,0.46
rxn23455,>,-311.96,0.92
rxn23456,>,-322.61,1.23
rxn23461,>,-198.59,0.51
rxn23463,>,-18.04,0.32
rxn23464,=,6.58,0.22
rxn23465,<,10.81,0.38
rxn23469,>,-24.55,0.74
rxn23510,>,-12.22,0.32
rxn23524,=,-9.25,0.36
rxn23587,=,-1.39,0.03
rxn23588,=,-1.39,0.03
rxn23589,=,1.66,0.34
rxn23598,>,-30.81,2.91
rxn23599,>,-30.02,1.14
rxn23627,>,-70.37,0.81
rxn23628,=,-8.19,0.46
rxn23644,>,-195.18,0.44
rxn23645,>,-201.59,0.97
rxn23647,<,36.92,0.81
rxn23648,=,14.42,1.43
rxn23649,=,5.6,1.6
rxn23650,=,17.75,2.23
rxn23652,=,7.32,0.02
rxn23662,<,6.98,0.2
rxn23667,>,-53.65,0.59
rxn23700,>,-27.8,0.29
rxn23701,>,-192.01,0.58
rxn23720,=,-3.43,0.02
rxn23731,=,-5.12,0.36
rxn23755,>,-12.84,0.37
rxn23757,<,30.54,0.39
rxn23761,=,-3.0,0.48
rxn23777,<,20.86,0.44
rxn23779,>,-6.68,0.18
rxn23781,>,-184.2,0.6
rxn23791,>,-40.3,0.65
rxn23796,>,-21.3,1.08
rxn23797,=,-5.18,0.82
rxn23798,=,4.34,0.92
rxn23799,=,4.34,0.92
rxn23800,=,-0.04,1.0
rxn23804,>,-25.1,0.81
rxn23805,=,-5.18,0.82
rxn23806,=,-5.18,0.82
rxn23816,=,-0.78,0.03
rxn23817,=,-5.06,0.05
rxn23830,>,-85.27,0.93
rxn23831,>,-124.35,1.33
rxn23832,>,-89.11,0.81
rxn23848,>,-97.36,0.4
rxn23851,>,-13.35,0.47
rxn23856,>,-19.0,1.25
rxn23857,>,-19.0,1.25
rxn23858,>,-19.0,1.25
rxn23869,=,0.84,0.56
rxn23870,>,-15.69,0.51
rxn23871,=,-5.2,0.03
rxn23873,>,-78.07,0.41
rxn23874,>,-78.07,0.41
rxn23875,>,-78.07,0.41
rxn23876,>,-78.07,0.41
rxn23877,>,-72.83,0.41
rxn23878,>,-72.83,0.41
rxn23885,>,-22.47,0.82
rxn23886,=,7.1,0.91
rxn23921,>,-23.06,0.37
rxn23922,>,-23.06,0.37
rxn23923,>,-23.06,0.37
rxn23951,>,-14.85,0.68
rxn23952,>,-86.86,0.36
rxn23953,>,-27.75,0.45
rxn23954,>,-26.41,0.46
rxn23955,>,-102.84,0.85
rxn23956,>,-98.77,0.56
rxn24021,=,-4.03,1.54
rxn24022,>,-16.76,0.97
rxn24023,>,-31.99,0.89
rxn24024,>,-24.01,0.93
rxn24036,>,-53.01,0.44
rxn24037,>,-53.01,0.44
rxn24038,>,-58.32,0.42
rxn24039,>,-58.32,0.42
rxn24040,>,-67.34,0.62
rxn24041,>,-67.34,0.62
rxn24042,=,0.0,0.56
rxn24043,=,0.0,0.56
rxn24060,>,-105.78,0.35
rxn24062,>,-92.03,0.22
rxn24063,>,-107.92,0.44
rxn24064,>,-122.65,1.06
rxn24067,=,3.1,0.38
rxn24068,=,3.1,0.38
rxn24109,<,19.17,0.88
rxn24118,>,-3.59,0.02
rxn24132,>,-4.14,0.04
rxn24133,=,2.63,0.33
rxn24134,>,-10.24,0.6
rxn24142,>,-6.12,0.72
rxn24149,=,-7.51,0.56
rxn24177,>,-4.85,0.18
rxn24178,<,3.65,0.38
rxn24198,<,19.5,0.8
rxn24199,<,21.95,0.8
rxn24200,>,-23.12,0.8
rxn24201,>,-22.47,0.82
rxn24202,=,-0.26,0.35
rxn24207,>,-9.58,0.05
rxn24212,=,1.3,0.03
rxn24213,=,1.3,0.03
rxn24215,>,-71.34,1.02
rxn24251,>,-10.42,0.22
rxn24314,>,-88.95,0.24
rxn24318,>,-111.65,0.65
rxn24346,>,-12.26,0.25
rxn24350,>,-97.36,0.4
rxn24354,=,3.89,0.94
rxn24355,=,-0.71,0.54
rxn24356,=,4.7,0.84
rxn24367,>,-95.98,1.1
rxn24368,>,-105.61,0.44
rxn24376,=,-5.35,0.32
rxn24377,=,-5.35,0.32
rxn24382,=,5.61,0.13
rxn24403,=,8.61,0.25
rxn24414,>,-15.96,0.39
rxn24415,=,3.24,0.93
rxn24416,>,-81.97,1.84
rxn24417,=,2.01,1.05
rxn24420,>,-58.32,0.42
rxn24421,>,-63.25,0.65
rxn24433,>,-78.3,0.26
rxn24434,>,-7.29,0.04
rxn24478,>,-20.99,0.76
rxn24487,=,6.48,0.38
rxn24542,>,-79.72,0.9
rxn24543,>,-80.31,0.9
rxn24546,>,-79.72,0.9
rxn24547,>,-80.31,0.9
rxn24548,>,-13.73,1.18
rxn24549,>,-13.73,1.18
rxn24576,=,-3.73,0.8
rxn24578,>,-8.04,0.87
rxn24580,>,-94.82,0.49
rxn24581,>,-100.63,0.64
rxn24583,=,7.84,0.53
rxn24636,>,-17.89,0.34
rxn24663,<,4.1,0.31
rxn24667,<,89.77,0.76
rxn24681,<,23.35,0.64
rxn24829,>,-0.13,0.66
rxn24879,>,-94.07,0.72
rxn24910,>,-27.69,1.36
rxn24911,>,-32.04,1.2
rxn24915,>,-25.44,1.18
rxn24941,>,-14.84,0.43
rxn24943,>,-145.5,1.84
rxn24971,>,-24.7,0.87
rxn25000,>,-24.1,1.28
rxn25019,>,-24.61,1.22
rxn25026,>,-30.64,1.19
rxn25031,>,-25.74,1.31
rxn25038,>,-96.79,0.91
rxn25039,>,-33.72,1.22
rxn25046,=,4.2,0.02
rxn25050,>,-3.65,0.19
rxn25051,>,-3.65,0.19
rxn25068,<,14.84,0.45
rxn25069,<,14.83,0.35
rxn25080,>,-79.72,0.93
rxn25081,>,-79.71,0.93
rxn25082,<,109.72,0.58
rxn25121,>,-116.85,0.66
rxn25164,=,0.75,0.02
rxn25165,=,0.75,0.02
rxn25183,>,-107.29,0.71
rxn25216,=,0.12,0.02
rxn25233,>,-21.92,0.5
rxn25235,>,-94.82,0.35
rxn25258,>,-24.48,0.43
rxn25259,>,-1.79,0.64
rxn25260,>,-129.88,0.57
rxn25470,>,-9.0,0.32
rxn25492,>,-7.51,0.82
rxn25493,>,-13.55,0.42
rxn25494,>,-13.55,0.42
rxn25495,>,-22.47,0.82
rxn25497,>,-133.77,0.54
rxn25548,=,-0.14,0.48
rxn25582,=,0.92,0.35
rxn25605,>,-98.09,0.22
rxn25606,>,-98.09,0.22
rxn25609,=,1.35,0.22
rxn25611,=,3.08,0.58
rxn25625,>,-181.31,0.96
rxn25626,>,-181.31,0.96
rxn25652,>,-9.37,0.19
rxn25668,<,12.26,0.33
rxn25680,=,5.74,0.39
rxn25701,>,-125.58,0.11
rxn25709,>,-7.35,0.02
rxn25713,>,-7.35,0.02
rxn25721,>,-57.8,0.43
rxn25722,>,-57.8,0.43
rxn25725,>,-58.32,0.42
rxn25726,>,-58.32,0.42
rxn25763,=,3.78,0.35
rxn25769,>,-21.46,0.04
rxn25795,=,-3.89,0.71
rxn25824,=,4.52,0.73
rxn25846,>,-86.81,1.17
rxn25851,>,-95.79,0.04
rxn25852,<,6.82,0.4
rxn25853,>,-95.79,0.04
rxn25866,=,1.48,0.75
rxn25891,>,-7.19,0.29
rxn25892,>,-9.09,0.33
rxn25947,=,5.08,0.18
rxn25948,=,5.08,0.18
rxn25963,>,-2.59,0.08
rxn25964,=,11.35,0.39
rxn25965,=,11.35,0.39
rxn25970,=,-0.3,0.03
rxn25971,=,-1.91,0.27
rxn25973,=,1.92,0.76
rxn25975,=,8.11,1.06
rxn25989,>,-104.19,0.95
rxn26013,>,-12.17,0.03
rxn26064,<,11.78,0.38
rxn26073,>,-10.26,0.03
rxn26077,=,-2.79,0.26
rxn26078,=,-2.79,0.26
rxn26100,>,-2.45,0.02
rxn26130,>,-3.75,0.02
rxn26144,=,-3.37,0.26
rxn26146,=,1.15,0.04
rxn26310,>,2.98,0.03
rxn26363,<,19.34,0.03
rxn26447,>,-13.34,0.27
rxn26454,>,-28.99,0.55
rxn26456,<,18.04,0.36
rxn26457,>,-7.79,0.02
rxn26458,>,-7.79,0.02
rxn26480,<,15.32,0.85
rxn26481,<,15.91,0.85
rxn26503,>,-9.05,0.87
rxn26505,=,-3.73,0.8
rxn26506,=,-3.73,0.81
rxn26509,>,-108.51,0.35
rxn26510,>,-119.04,0.38
rxn26515,>,-111.72,0.82
rxn26517,>,-64.5,0.72
rxn26518,<,102.47,0.03
rxn26736,>,-313.73,0.8
rxn26737,>,-313.73,0.8
rxn26743,=,8.76,0.25
rxn26890,=,-8.28,0.63
rxn26891,>,-16.44,0.9
rxn26898,=,1.26,0.75
rxn26931,=,-2.53,0.21
rxn26967,=,9.77,1.02
rxn26973,=,4.42,0.54
rxn26999,=,3.46,0.03
rxn27000,>,-16.69,0.29
rxn27001,>,-23.12,0.8
rxn27013,>,-5.25,0.18
rxn27014,>,-16.45,0.18
rxn27015,>,-16.45,0.18
rxn27016,>,-16.45,0.18
rxn27017,>,-16.45,0.18
rxn27018,>,-16.45,0.18
rxn27031,>,-184.2,0.6
rxn27032,>,-184.2,0.6
rxn27033,>,-184.2,0.6
rxn27034,>,-184.2,0.6
rxn27035,>,-184.2,0.6
rxn27104,=,1.62,0.03
rxn27106,>,-5.74,0.25
rxn27107,>,-5.74,0.25
rxn27108,=,-1.61,0.03
rxn27109,=,-1.61,0.03
rxn27110,=,14.02,0.59
rxn27205,>,-2.93,0.02
rxn27213,>,-85.58,0.7
rxn27224,>,-3.79,0.16
rxn27228,=,0.09,0.02
rxn27251,=,-5.61,0.03
rxn27252,>,-6.5,0.02
rxn27259,<,11.34,0.03
rxn27260,<,13.92,0.03
rxn27265,>,-40.9,0.05
rxn27268,<,4.1,0.31
rxn27269,=,-8.35,0.98
rxn27270,=,-8.35,0.98
rxn27271,=,-8.35,0.98
rxn27272,=,-8.35,0.98
rxn27282,>,-5.88,0.3
rxn27286,=,-4.62,0.28
rxn27287,>,-79.72,0.93
rxn27288,>,-23.29,0.66
rxn27322,>,-88.84,0.6
rxn27323,>,-88.84,0.6
rxn27332,>,-8.14,0.61
rxn27333,<,57.53,0.03
rxn27334,=,-4.27,0.77
rxn27340,>,-95.9,0.05
rxn27341,>,-13.64,0.28
rxn27385,>,-106.54,0.15
rxn27386,=,-1.83,0.02
rxn27401,>,-59.48,0.45
rxn27409,>,-5.4,0.32
rxn27410,>,-5.4,0.32
rxn27419,>,-5.84,0.02
rxn27420,>,-5.84,0.02
rxn27425,>,-29.16,0.6
rxn27426,>,-29.16,0.6
rxn27427,>,-6.11,0.05
rxn27428,>,-6.11,0.05
rxn27429,=,1.21,0.03
rxn27432,>,-9.74,1.26
rxn27433,>,-26.95,0.5
rxn27436,=,-1.41,0.33
rxn27455,=,4.4,0.03
rxn27458,=,4.51,0.3
rxn27459,=,3.3,0.04
rxn27460,=,6.33,0.03
rxn27468,>,-95.03,0.46
rxn27481,=,-5.69,0.16
rxn27484,<,17.26,0.5
rxn27488,=,0.58,0.02
rxn27489,<,59.74,1.25
rxn27491,=,6.29,0.04
rxn27493,=,1.79,0.35
rxn27495,=,1.38,0.03
rxn27497,=,8.21,0.17
rxn27502,=,-7.35,1.73
rxn27520,>,-27.28,1.7
rxn27521,=,5.99,0.29
rxn27522,=,4.53,0.33
rxn27524,=,0.02,0.03
rxn27525,>,-6.9,0.15
rxn27529,=,-0.28,0.03
rxn27531,<,42.64,0.72
rxn27533,=,-5.69,0.16
rxn27534,=,-5.36,0.18
rxn27536,=,-4.45,0.21
rxn27538,=,1.03,0.16
rxn27539,=,2.72,0.03
rxn27542,=,6.16,0.26
rxn27543,>,-2.71,0.46
rxn27547,=,-2.22,0.22
rxn27548,=,-2.22,0.22
rxn27586,>,-6.4,0.02
rxn27587,>,-6.4,0.02
rxn27588,>,-6.4,0.02
rxn27616,>,-6.4,0.02
rxn27617,>,-6.4,0.02
rxn27618,=,3.57,0.46
rxn27619,>,-9.6,0.76
rxn27624,=,2.61,0.04
rxn27625,=,3.2,0.04
rxn27656,=,-3.77,0.03
rxn27657,=,0.85,0.02
rxn27658,=,0.85,0.02
rxn27659,=,-1.08,0.02
rxn27660,=,-1.08,0.02
rxn27661,=,3.2,0.02
rxn27662,=,3.2,0.02
rxn27664,<,11.13,0.26
rxn27665,<,15.51,0.48
rxn27667,>,-6.85,0.23
rxn27668,=,0.66,0.16
rxn27669,=,2.8,0.21
rxn27670,=,-4.79,0.26
rxn27671,=,5.34,0.05
rxn27678,=,-3.43,0.02
rxn27683,=,8.31,0.03
rxn27684,=,-0.65,0.02
rxn27685,=,-0.65,0.02
rxn27686,>,0.75,0.03
rxn27688,=,-6.48,0.21
rxn27690,>,-8.02,0.04
rxn27691,=,2.95,0.03
rxn27692,=,1.42,0.03
rxn27693,>,-20.44,0.86
rxn27694,=,-2.69,0.03
rxn27695,=,-2.69,0.03
rxn27697,=,0.16,0.02
rxn27698,=,0.16,0.02
rxn27700,=,5.19,0.02
rxn27702,=,-0.32,0.03
rxn27708,=,1.93,0.03
rxn27709,>,-15.68,0.62
rxn27710,>,-12.15,0.02
rxn27716,=,3.01,0.03
rxn27717,>,0.41,0.03
rxn27719,=,0.72,0.02
rxn27720,=,0.72,0.02
rxn27723,=,-3.4,0.03
rxn27724,=,4.33,0.03
rxn27725,>,-5.04,0.03
rxn27728,=,-2.21,0.12
rxn27737,=,-4.13,0.24
rxn27738,=,-0.3,0.03
rxn27739,=,1.86,0.19
rxn27740,=,1.15,0.04
rxn27741,=,1.15,0.04
rxn27743,=,-1.62,0.03
rxn27744,>,-46.54,0.06
rxn27747,=,-0.0,0.02
rxn27748,=,-0.0,0.02
rxn27752,<,6.99,0.69
rxn27765,=,8.33,0.02
rxn27766,=,-0.61,0.02
rxn27771,>,-4.84,0.03
rxn27772,<,19.75,0.88
rxn27773,=,0.2,0.03
rxn27774,=,0.2,0.03
rxn27777,=,0.0,0.02
rxn27778,=,0.0,0.02
rxn27779,=,1.1,0.48
rxn27780,=,0.01,0.02
rxn27781,=,0.01,0.02
rxn27785,>,-19.66,0.78
rxn27786,=,0.01,0.02
rxn27787,=,0.01,0.02
rxn27788,>,-6.27,0.06
rxn27789,=,-0.19,0.03
rxn27791,=,1.46,0.02
rxn27792,=,1.46,0.02
rxn27793,=,6.53,0.03
rxn27794,=,-0.88,0.03
rxn27812,>,-13.64,0.03
rxn27813,>,-13.64,0.03
rxn27815,=,15.14,0.26
rxn27816,=,15.72,0.26
rxn27818,>,-12.07,0.27
rxn27839,=,-0.21,0.02
rxn27840,=,-0.21,0.02
rxn27841,=,-0.79,0.02
rxn27842,=,-0.2,0.02
rxn27843,=,-0.2,0.02
rxn27844,>,-7.99,0.02
rxn27845,>,-10.84,0.13
rxn27851,=,-0.73,0.28
rxn27855,>,-25.58,0.46
rxn27859,>,-76.78,0.54
rxn27860,>,-13.52,0.83
rxn27861,>,-13.52,0.83
rxn27866,<,16.74,0.03
rxn27867,=,1.46,0.03
rxn27871,=,1.85,0.02
rxn27872,=,7.0,0.39
rxn27873,=,0.01,0.02
rxn27874,=,0.01,0.02
rxn27876,=,-3.03,0.02
rxn27877,=,-5.3,0.25
rxn27887,=,8.64,0.02
rxn27888,=,12.0,0.03
rxn27889,=,11.41,0.03
rxn27891,>,-74.05,0.04
rxn27892,>,-10.66,0.28
rxn27893,>,-8.73,0.45
rxn27895,=,-4.02,0.02
rxn27898,=,5.75,0.03
rxn27899,=,-8.41,0.02
rxn27900,=,7.52,0.02
rxn27909,=,2.85,0.03
rxn27914,=,1.7,0.03
rxn27915,=,10.16,0.03
rxn27916,>,-11.83,0.51
rxn27917,=,-0.6,0.02
rxn27918,>,-10.44,0.57
rxn27919,>,-7.66,0.57
rxn27920,=,2.59,0.28
rxn27921,=,2.59,0.28
rxn27924,=,-0.61,0.02
rxn27926,=,-1.82,0.03
rxn27927,>,-3.75,0.15
rxn27932,=,5.46,0.03
rxn27933,=,6.04,0.03
rxn27936,<,60.97,0.47
rxn27937,=,-0.66,0.2
rxn27938,=,5.68,0.3
rxn27940,=,8.94,0.28
rxn27943,=,7.52,0.02
rxn27944,=,1.4,0.44
rxn27945,>,-18.93,0.66
rxn27946,>,-3.82,0.02
rxn27947,>,-3.82,0.02
rxn27948,>,-3.82,0.02
rxn27953,=,2.01,0.03
rxn27955,>,2.02,0.04
rxn27956,=,-3.25,0.68
rxn27959,=,-0.46,0.13
rxn27962,>,-61.83,0.75
rxn27972,>,-22.9,0.53
rxn27976,=,7.32,0.02
rxn27982,=,2.71,0.04
rxn27983,=,2.71,0.04
rxn27986,>,-5.88,0.17
rxn27994,=,-16.75,0.22
rxn27997,=,-6.66,0.85
rxn27998,>,-13.08,0.64
rxn28001,=,-0.8,0.49
rxn28002,<,3.03,0.21
rxn28003,=,-2.84,0.03
rxn28025,=,-0.02,0.02
rxn28042,=,-0.22,0.02
rxn28044,=,-0.22,0.02
rxn28045,>,-18.38,0.38
rxn28046,=,-6.97,0.31
rxn28048,>,-22.44,0.76
rxn28050,>,-22.44,0.76
rxn28051,>,-6.9,0.03
rxn28053,=,-3.45,0.03
rxn28054,=,1.17,0.4
rxn28059,=,8.49,0.02
rxn28060,=,-0.13,0.03
rxn28067,=,2.35,0.02
rxn28068,=,2.35,0.02
rxn28078,=,-3.59,0.02
rxn28081,>,-38.95,0.74
rxn28082,>,-12.29,0.43
rxn28083,=,-1.08,0.24
rxn28084,=,-1.08,0.24
rxn28085,=,6.23,0.86
rxn28086,<,20.85,0.86
rxn28087,=,6.76,0.45
rxn28088,=,1.5,0.03
rxn28089,=,1.5,0.03
rxn28090,=,8.26,0.18
rxn28091,=,8.26,0.18
rxn28098,<,19.34,0.03
rxn28099,>,-69.4,3.11
rxn28100,<,2.49,0.32
rxn28101,<,22.8,0.43
rxn28104,=,-5.84,0.44
rxn28105,=,-5.84,0.44
rxn28106,=,4.84,0.18
rxn28107,=,4.84,0.18
rxn28108,=,6.63,0.76
rxn28109,=,4.31,0.19
rxn28114,=,12.39,0.03
rxn28115,=,12.98,0.03
rxn28116,=,-1.19,0.02
rxn28118,>,-4.14,0.04
rxn28121,=,5.02,0.03
rxn28139,=,3.89,0.19
rxn28141,=,0.25,0.03
rxn28146,=,-1.14,0.03
rxn28163,>,-11.03,0.25
rxn28164,=,6.13,0.49
rxn28168,>,-9.02,0.51
rxn28169,>,-2.57,0.51
rxn28199,=,0.65,0.06
rxn28201,=,-2.21,0.22
rxn28202,=,-2.21,0.22
rxn28252,=,4.84,0.34
rxn28253,=,4.84,0.34
rxn28254,=,4.84,0.34
rxn28255,=,4.84,0.34
rxn28256,=,4.84,0.34
rxn28267,=,-0.78,0.03
rxn28268,=,3.65,0.38
rxn28277,=,7.1,0.91
rxn28285,>,-23.06,0.37
rxn28286,>,-23.06,0.37
rxn28287,>,-23.06,0.37
rxn28295,>,-72.83,0.41
rxn28305,>,-9.83,0.79
rxn28307,>,-79.24,0.43
rxn28308,>,-90.02,1.05
rxn28309,=,-2.21,1.01
rxn28310,=,-3.57,0.47
rxn28311,=,3.1,0.38
rxn28318,=,5.04,0.2
rxn28322,=,-5.47,0.23
rxn28323,=,-5.04,0.45
rxn28324,=,9.26,0.15
rxn28325,=,9.26,0.15
rxn28327,=,1.9,0.04
rxn28328,=,1.3,0.03
rxn28333,>,-72.18,0.43
rxn28338,>,-18.91,0.36
rxn28345,>,-10.9,0.66
rxn28346,>,-79.24,0.43
rxn28350,>,-11.02,2.91
rxn28352,=,5.61,0.13
rxn28356,<,8.61,0.25
rxn28364,>,-58.32,0.42
rxn28365,>,-63.25,0.65
rxn28376,=,-0.61,0.02
rxn28377,=,-4.56,0.26
rxn28380,>,-91.83,1.06
rxn28381,=,1.38,0.27
rxn28382,>,-9.91,1.16
rxn28386,>,-96.76,0.38
rxn28387,>,-96.76,0.38
rxn28388,>,-7.03,1.18
rxn28389,=,3.62,0.41
rxn28390,=,-3.68,1.06
rxn28400,>,-22.9,0.53
rxn28401,>,-23.76,0.59
rxn28404,>,-7.26,0.78
rxn28406,=,4.2,0.02
rxn28413,>,-112.22,3.82
rxn28414,>,-112.22,3.82
rxn28415,<,20.9,0.56
rxn28489,=,3.78,0.35
rxn28543,=,8.11,1.06
rxn28560,>,-12.99,0.25
rxn28615,=,4.6,0.03
rxn28646,=,7.3,0.19
rxn28681,=,-0.47,0.04
rxn28769,<,9.34,0.4
rxn28770,<,9.34,0.4
rxn28800,>,-37.19,1.95
rxn28803,=,-2.72,0.98
rxn28804,>,-193.52,0.76
rxn28811,>,-6.3,0.94
rxn28840,=,7.1,0.91
rxn28889,=,-3.47,0.15
rxn28890,>,-7.01,1.1
rxn28899,>,-119.2,0.25
rxn28902,=,5.28,0.45
rxn28908,>,-5.25,0.18
rxn28909,>,-5.25,0.18
rxn28910,>,-5.25,0.18
rxn28911,>,-5.25,0.18
rxn28979,=,17.96,0.73
rxn28980,=,8.93,0.68
rxn28981,<,3.91,0.03
rxn28982,>,-3.64,0.03
rxn28984,=,1.62,0.03
rxn28985,=,-1.07,0.03
rxn28986,=,-1.07,0.03
rxn28987,>,-19.34,0.03
rxn28988,=,-4.21,0.85
rxn28991,=,0.1,0.02
rxn29001,=,5.0,0.05
rxn29002,=,-6.19,0.03
rxn29006,=,-1.23,0.03
rxn29010,>,-88.84,0.6
rxn29011,>,-6.45,0.04
rxn29012,>,-9.64,0.15
rxn29013,=,-7.6,0.4
rxn29018,>,-89.78,3.05
rxn29019,>,-89.78,3.05
rxn29020,>,-157.11,5.34
rxn29021,>,-157.11,5.34
rxn29022,>,-67.33,2.29
rxn29023,>,-67.33,2.29
rxn29919,=,6.87,0.21
rxn29923,=,-8.68,0.25
rxn29924,>,-2.95,0.03
rxn29936,>,-7.58,0.04
rxn29938,>,-59.48,0.45
rxn29942,<,3.14,0.03
rxn29945,>,-2.42,0.22
rxn29946,=,1.7,0.19
rxn29950,>,-3.93,0.04
rxn29951,>,-2.97,0.02
rxn29952,>,-2.98,0.02
rxn29953,>,-3.0,0.02
rxn29954,>,-16.69,0.29
rxn29955,>,-2.81,0.02
rxn29956,>,-2.82,0.02
rxn29957,>,-4.49,0.02
rxn29958,=,-6.54,0.32
rxn29959,=,-6.68,0.35
rxn29960,>,-18.72,0.53
rxn29962,>,-2.78,0.03
rxn29963,=,-0.62,0.2
rxn29964,=,5.28,0.45
rxn29965,=,-2.88,0.03
rxn29966,>,-16.84,0.29
rxn29967,>,-16.69,0.29
rxn29975,>,-2.45,0.02
rxn29977,=,-2.98,0.03
rxn29978,>,-7.93,0.02
rxn29979,>,-2.96,0.02
rxn29982,>,-21.38,0.25
rxn29985,=,-5.65,0.02
rxn29986,=,-4.99,0.03
rxn29989,=,-3.47,0.15
rxn29992,>,-3.93,0.04
rxn29993,=,-4.4,0.04
rxn29994,=,3.43,0.02
rxn29995,=,-5.65,0.02
rxn29996,<,6.37,0.04
rxn29997,>,-13.74,0.51
rxn29999,=,2.45,0.26
rxn30000,>,-0.7,0.04
rxn30001,>,0.4,0.26
rxn30003,=,-3.77,0.03
rxn30004,=,-5.65,0.02
rxn30005,=,2.1,0.35
rxn30006,=,-4.26,0.03
rxn30007,=,-3.72,0.03
rxn30012,=,-2.55,0.56
rxn30017,>,-7.2,0.22
rxn30018,=,4.84,0.34
rxn30019,=,1.48,0.28
rxn30020,>,-5.71,0.32
rxn30021,=,0.54,0.03
rxn30022,=,-3.62,0.03
rxn30023,=,8.64,0.02
rxn30024,>,-2.78,0.03
rxn30025,=,5.84,0.04
rxn30029,=,1.48,0.47
rxn30031,=,-1.13,0.57
rxn30032,>,-68.01,1.57
rxn30039,=,0.08,0.51
rxn30040,>,-8.29,0.51
rxn30041,>,-6.41,0.51
rxn30045,=,-5.57,0.18
rxn30055,>,-23.3,0.05
rxn30059,>,-14.19,0.06
rxn30060,>,-8.19,0.22
rxn30061,>,-7.13,0.03
rxn30064,>,-6.45,0.04
rxn30065,=,5.04,0.02
rxn30068,=,-0.02,0.02
rxn30069,>,-6.11,0.05
rxn30071,>,-8.32,0.04
rxn30072,<,14.19,1.52
rxn30073,=,-2.06,0.03
rxn30074,=,-3.88,0.03
rxn30075,=,9.22,0.02
rxn30076,>,-7.66,0.57
rxn30077,>,-4.6,0.56
rxn30078,=,5.92,0.36
rxn30082,=,1.81,0.02
rxn30083,=,5.19,0.02
rxn30086,>,-11.6,0.03
rxn30087,=,-8.57,0.13
rxn30088,=,-5.18,0.25
rxn30089,=,5.34,0.05
rxn30104,=,6.53,0.03
rxn30107,>,-1.72,0.26
rxn30129,>,-13.52,0.83
rxn30130,=,5.81,0.49
rxn30135,>,-2.34,0.2
rxn30141,>,2.02,0.04
rxn30142,=,5.08,0.18
rxn30143,>,-6.45,0.04
rxn30144,=,5.71,0.36
rxn30145,>,-12.07,0.27
rxn30146,=,4.92,0.03
rxn30151,<,8.21,0.17
rxn30152,=,-0.14,0.14
rxn30153,=,2.3,0.04
rxn30154,=,-9.94,0.18
rxn30157,=,8.85,0.04
rxn30158,=,1.83,0.03
rxn30159,=,-1.33,0.03
rxn30160,=,-1.12,0.03
rxn30169,<,6.9,0.03
rxn30176,<,12.32,0.04
rxn30177,=,0.9,0.04
rxn30180,>,-7.26,0.22
rxn30181,=,-0.32,0.03
rxn30182,=,2.96,0.33
rxn30187,>,-6.41,0.51
rxn30188,=,1.9,0.03
rxn30189,<,3.11,0.03
rxn30190,=,-2.84,0.03
rxn30193,=,0.08,0.51
rxn30194,<,12.63,0.38
rxn30204,>,-3.55,0.03
rxn30207,>,-5.29,0.23
rxn30209,=,-5.01,0.03
rxn30210,>,-3.07,0.39
rxn30213,=,0.6,0.03
rxn30214,>,0.86,0.03
rxn30217,=,-0.28,0.03
rxn30218,=,-0.17,0.03
rxn30219,=,-2.98,0.03
rxn30220,>,-16.84,0.29
rxn30251,=,-2.88,0.03
rxn30256,=,-6.06,1.33
rxn30302,=,9.38,0.02
rxn30303,>,-9.58,0.43
rxn30304,>,-22.27,0.04
rxn30306,>,1.63,0.32
rxn30307,>,-22.83,0.04
rxn30308,=,-4.33,0.03
rxn30313,=,-2.89,0.28
rxn30314,=,12.07,0.03
rxn30320,>,-16.75,0.22
rxn30324,>,-7.32,0.04
rxn30325,=,2.16,1.16
rxn30326,>,-94.7,0.82
rxn30327,=,8.91,0.85
rxn30328,<,7.79,0.03
rxn30329,=,2.3,0.3
rxn30330,=,6.62,0.2
rxn30331,=,0.66,0.16
rxn30332,=,2.8,0.21
rxn30333,>,-6.85,0.23
rxn30334,<,11.13,0.26
rxn30335,>,-7.24,0.02
rxn30337,>,-5.17,0.39
rxn30338,=,-1.08,0.02
rxn30339,=,3.03,0.21
rxn30344,=,-3.47,0.15
rxn30346,>,-23.02,0.25
rxn30347,>,-2.48,0.03
rxn30348,=,-5.18,0.25
rxn30349,>,-5.18,0.25
rxn30350,=,-5.65,0.02
rxn30351,>,-21.2,0.04
rxn30353,>,-3.93,0.04
rxn30355,=,0.72,0.02
rxn30361,>,-16.24,0.22
rxn30362,=,-10.2,0.39
rxn30363,>,0.4,0.26
rxn30366,>,-17.87,0.04
rxn30367,>,-10.92,0.4
rxn30368,=,3.4,0.36
rxn30369,>,-22.63,0.45
rxn30370,=,0.21,0.03
rxn30377,=,-0.98,0.02
rxn30378,<,19.34,0.03
rxn30380,>,-26.87,0.46
rxn30381,=,6.33,0.03
rxn30382,>,-6.54,0.05
rxn30383,=,-0.79,0.03
rxn30388,=,5.84,0.04
rxn30389,=,-3.4,0.19
rxn30390,=,5.89,0.03
rxn30391,>,-9.94,0.18
rxn30392,=,1.15,0.04
rxn30393,=,7.6,0.23
rxn30395,<,8.42,0.2
rxn30396,=,-4.08,0.11
rxn30397,=,0.02,0.38
rxn30398,=,-0.56,0.38
rxn30399,>,1.43,0.04
rxn30400,>,1.43,0.04
rxn30402,=,-2.12,0.42
rxn30406,=,4.96,0.25
rxn30407,=,10.44,0.19
rxn30408,=,13.73,1.03
rxn30409,>,-7.62,0.18
rxn30410,>,-8.15,0.03
rxn30412,=,0.08,0.51
rxn30413,>,-5.79,0.02
rxn30414,>,-6.41,0.51
rxn30415,=,4.4,0.33
rxn30416,<,5.61,0.32
rxn30417,=,4.49,0.28
rxn30418,=,-7.91,0.04
rxn30419,<,15.56,0.29
rxn30422,>,-69.4,3.11
rxn30423,>,-22.44,0.76
rxn30432,>,-2.99,0.02
rxn30433,<,7.16,0.25
rxn30434,=,-6.22,0.03
rxn30435,>,-2.25,0.04
rxn30439,=,2.78,0.11
rxn30440,>,-6.45,0.04
rxn30442,=,-2.98,0.03
rxn30444,=,0.02,0.03
rxn30445,=,0.02,0.03
rxn30446,=,-0.79,0.02
rxn30447,=,-0.78,0.02
rxn30486,>,1.19,0.03
rxn30500,>,-3.59,0.02
rxn30523,=,-8.35,0.98
rxn30524,>,-31.78,0.05
rxn30544,=,5.03,0.49
rxn30549,=,5.09,0.24
rxn30550,=,8.92,0.03
rxn30552,>,-0.8,0.02
rxn30554,=,11.08,0.19
rxn30576,=,-1.0,0.02
rxn30578,=,-6.18,0.41
rxn30579,>,-3.54,0.33
rxn30580,=,-1.27,0.03
rxn30582,=,0.87,0.22
rxn30583,=,2.95,0.26
rxn30589,=,6.77,0.29
rxn30590,>,-7.51,0.39
rxn30591,=,7.33,1.07
rxn30592,=,-0.02,0.04
rxn30596,=,-4.79,0.26
rxn30600,=,8.31,0.03
rxn30601,=,-6.86,0.06
rxn30602,>,-8.02,0.04
rxn30606,=,0.36,0.03
rxn30607,=,0.58,0.25
rxn30611,>,-2.97,0.02
rxn30615,=,-6.86,0.06
rxn30616,>,-108.97,0.06
rxn30617,>,-8.32,0.04
rxn30618,>,-3.93,0.04
rxn30619,=,1.99,0.03
rxn30620,=,0.18,0.03
rxn30627,=,-1.62,0.03
rxn30632,=,6.45,0.43
rxn30633,>,1.63,0.32
rxn30634,>,0.4,0.26
rxn30635,=,-7.53,0.26
rxn30649,>,-17.87,0.04
rxn30654,=,2.15,0.36
rxn30658,>,-12.07,0.27
rxn30660,>,-69.28,0.83
rxn30661,>,-8.28,0.3
rxn30665,=,-1.41,0.28
rxn30667,>,-25.58,0.46
rxn30669,>,-14.16,0.66
rxn30677,>,-9.64,0.24
rxn30679,=,8.64,0.02
rxn30680,>,-2.78,0.03
rxn30686,=,1.7,0.03
rxn30689,>,-6.88,0.11
rxn30697,>,-13.97,0.93
rxn30698,>,-3.75,0.15
rxn30708,>,-20.33,0.26
rxn30710,>,-18.93,0.66
rxn30717,>,-3.88,0.27
rxn30718,<,19.37,0.17
rxn30719,=,4.99,0.59
rxn30722,>,-22.27,0.04
rxn30731,=,5.92,0.36
rxn30733,>,-13.08,0.64
rxn30734,=,0.46,0.23
rxn30737,>,-3.55,0.03
rxn30738,>,-6.41,0.51
rxn30742,>,-114.89,0.04
rxn30743,>,-68.01,1.57
rxn30747,>,-23.3,0.05
rxn30748,>,-15.15,0.55
rxn30752,=,-5.84,0.44
rxn30759,=,-9.07,0.69
rxn30760,=,-1.6,0.58
rxn30763,=,1.54,0.03
rxn30766,>,-2.93,0.02
rxn30773,<,6.82,0.4
rxn30780,<,41.7,0.52
rxn30785,>,-27.8,0.29
rxn30787,>,-43.84,0.62
rxn30789,>,-57.71,0.42
rxn30792,=,-6.22,0.03
rxn30805,=,5.81,0.49
rxn30836,>,-2.97,0.02
rxn30842,>,-2.97,0.02
rxn30859,>,-2.02,0.02
rxn30860,>,-3.59,0.02
rxn30865,>,-10.24,0.6
rxn30867,>,-22.4,0.05
rxn30870,=,-5.04,0.45
rxn30873,>,-13.67,0.35
rxn30878,=,1.32,0.32
rxn30897,>,-9.02,0.51
rxn30904,>,-111.65,0.65
rxn30907,>,-2.96,0.02
rxn30908,>,-3.0,0.02
rxn30920,>,-116.77,0.98
rxn30921,>,-114.31,1.0
rxn30937,>,-13.73,1.18
rxn30938,>,-13.73,1.18
rxn30940,=,3.62,0.41
rxn30972,<,20.9,0.56
rxn30974,=,8.11,1.06
rxn30979,>,-12.17,0.03
rxn30983,>,-2.45,0.02
rxn30985,=,2.66,0.35
rxn31000,>,-115.69,0.48
rxn31004,>,-64.5,0.72
rxn31053,=,1.69,0.27
rxn31054,=,5.28,0.45
rxn31059,>,-2.81,0.02
rxn31075,>,-21.52,0.27
rxn31076,>,-3.64,0.03
rxn31079,<,31.59,0.59
rxn31083,>,-4.25,0.27
rxn31084,=,-0.59,0.02
rxn31088,>,-9.64,0.15
rxn31091,=,-8.14,0.61
rxn31095,>,-2.95,0.03
rxn31096,>,-7.58,0.04
rxn31097,>,-8.28,0.3
rxn31098,=,1.25,0.28
rxn31100,>,-29.16,0.6
rxn31104,>,-26.95,0.5
rxn31106,>,-2.96,0.02
rxn31207,=,5.81,0.49
rxn31208,>,-15.03,0.27
rxn31209,=,6.29,0.03
rxn31210,=,6.29,0.03
rxn31211,=,0.16,0.02
rxn31212,<,13.94,0.27
rxn31213,=,6.74,0.02
rxn31214,>,-21.46,0.04
rxn31215,>,-2.88,0.04
rxn31216,=,-1.62,0.03
rxn31217,>,-11.17,0.43
rxn31218,>,-2.62,0.02
rxn31222,=,1.81,0.02
rxn31223,=,1.99,0.03
rxn31226,=,0.18,0.03
rxn31239,>,-23.12,0.8
rxn31240,=,-0.32,0.03
rxn31241,>,-69.4,3.11
rxn31248,>,-23.1,0.8
rxn31264,>,-22.33,0.73
rxn31265,>,-15.79,0.33
rxn31266,>,-16.77,0.37
rxn31309,>,-185.27,6.1
rxn31313,>,-2.96,0.02
rxn31319,=,-0.02,0.04
rxn31335,<,5.31,0.02
rxn31337,>,-97.77,0.68
rxn31339,>,-96.76,0.38
rxn31340,>,-96.76,0.38
rxn31341,>,-96.76,0.38
rxn31342,>,-93.03,0.36
rxn31343,>,-93.03,0.36
rxn31344,>,-93.03,0.36
rxn31345,>,-15.0,0.72
rxn31354,=,4.4,0.33
rxn31355,>,-37.19,1.95
rxn31360,>,-7.32,0.43
rxn31361,>,-7.32,0.43
rxn31362,=,-11.01,0.03
rxn31363,>,-11.6,0.03
rxn31364,>,-3.18,0.43
rxn31365,>,-3.18,0.43
rxn31366,=,2.8,0.03
rxn31381,>,-46.54,0.06
rxn31389,=,3.3,0.04
rxn31391,=,3.07,0.21
rxn31392,>,1.43,0.04
rxn31397,>,-70.26,0.05
rxn31400,=,10.74,0.03
rxn31401,>,-11.64,0.26
rxn31404,>,-83.3,0.37
rxn31410,=,-6.54,0.32
rxn31412,=,8.14,0.04
rxn31416,=,5.53,0.19
rxn31419,=,7.69,0.05
rxn31422,=,1.95,0.25
rxn31428,>,-20.97,0.27
rxn31435,>,-13.19,0.36
rxn31436,=,2.99,0.27
rxn31439,=,5.53,0.19
rxn31441,=,5.53,0.19
rxn31444,=,5.53,0.19
rxn31450,=,5.53,0.19
rxn31451,=,5.53,0.19
rxn31470,>,-12.27,0.42
rxn31473,>,-83.02,0.49
rxn31531,>,-93.05,0.09
rxn31550,=,-8.74,0.23
rxn31607,<,14.43,0.41
rxn31746,=,-9.05,0.59
rxn31747,=,-1.85,0.3
rxn31749,=,-5.41,0.25
rxn31750,<,20.26,0.86
rxn31751,=,0.42,0.03
rxn31753,=,0.42,0.03
rxn31755,=,-8.14,0.61
rxn31757,=,4.57,0.09
rxn31758,=,0.85,0.02
rxn31760,=,4.57,0.09
rxn31763,>,-30.8,0.31
rxn31765,>,-30.8,0.31
rxn31766,=,-1.73,0.44
rxn31767,=,-1.73,0.44
rxn31768,<,22.44,0.76
rxn31769,<,22.44,0.76
rxn31772,=,-2.17,0.03
rxn31773,>,-27.8,0.29
rxn31776,=,-1.73,0.44
rxn31777,=,-0.3,0.03
rxn31778,=,-0.32,0.03
rxn31779,=,-1.73,0.44
rxn31783,=,4.57,0.09
rxn31784,>,-1.45,0.38
rxn31785,>,-13.74,0.05
rxn31786,=,5.75,0.03
rxn31789,>,-81.8,0.4
rxn31790,>,-6.09,0.02
rxn31792,=,0.47,0.48
rxn31796,=,-7.31,0.21
rxn31797,>,-40.24,0.12
rxn31799,>,-40.24,0.12
rxn31801,=,8.49,0.02
rxn31803,=,-0.17,0.03
rxn31807,=,-1.93,0.31
rxn31808,=,-1.93,0.31
rxn31815,=,-0.17,0.03
rxn31816,=,-0.17,0.03
rxn31822,<,13.86,0.86
rxn31823,<,13.86,0.86
rxn31824,<,13.86,0.86
rxn31825,<,13.86,0.86
rxn31834,>,-2.93,0.02
rxn31836,>,-2.03,0.26
rxn31837,<,9.37,0.19
rxn31838,>,-2.03,0.26
rxn31839,=,4.99,0.3
rxn31841,<,9.37,0.19
rxn31847,=,0.0,0.02
rxn31851,=,4.71,0.03
rxn31853,=,-3.16,0.26
rxn31854,=,-3.16,0.26
rxn31855,=,-3.16,0.26
rxn31857,=,4.96,0.25
rxn31860,>,-57.71,0.42
rxn31863,=,0.85,0.03
rxn31864,>,-57.71,0.42
rxn31866,=,4.96,0.25
rxn31868,<,3.91,0.03
rxn31869,=,6.37,0.63
rxn31870,<,8.85,0.04
rxn31875,=,-3.28,0.53
rxn31877,=,-3.28,0.53
rxn31878,=,0.85,0.03
rxn31881,=,-3.28,0.53
rxn31882,>,-30.76,0.44
rxn31883,=,-3.28,0.53
rxn31885,>,-3.07,0.03
rxn31886,=,2.41,0.03
rxn31888,=,-5.65,0.02
rxn31891,=,4.99,0.14
rxn31892,=,2.61,0.17
rxn31893,=,2.61,0.17
rxn31894,=,-5.61,0.03
rxn31895,=,-5.47,0.23
rxn31896,=,0.83,0.02
rxn31899,=,0.83,0.02
rxn31901,=,-3.47,0.15
rxn31902,>,-109.31,0.03
rxn31904,=,2.12,0.03
rxn31917,=,-3.88,0.03
rxn31919,>,-4.25,0.27
rxn31920,<,33.22,0.39
rxn31921,=,2.12,0.03
rxn31922,<,33.22,0.39
rxn31923,=,-1.33,0.03
rxn31924,=,-1.89,0.03
rxn31928,<,33.22,0.39
rxn31929,=,-0.98,0.02
rxn31931,<,33.22,0.39
rxn31932,=,-0.98,0.02
rxn31933,=,-9.07,0.69
rxn31934,=,-2.91,0.02
rxn31936,=,-2.91,0.02
rxn31938,=,-5.65,0.02
rxn31940,=,-5.65,0.02
rxn31942,=,-5.65,0.02
rxn31944,<,6.9,0.03
rxn31945,=,-0.28,0.03
rxn31946,<,6.9,0.03
rxn31947,=,2.65,0.38
rxn31950,=,-3.64,0.03
rxn31951,=,-3.64,0.03
rxn31952,=,2.65,0.38
rxn31954,=,-5.39,0.03
rxn31955,=,-3.64,0.03
rxn31960,>,-23.3,0.05
rxn31961,>,-51.59,0.66
rxn31962,>,-51.59,0.66
rxn31965,>,-2.97,0.02
rxn31971,>,-2.97,0.02
rxn31973,>,-2.97,0.02
rxn31975,>,-6.75,0.06
rxn31977,>,-6.75,0.06
rxn31978,>,-218.71,0.11
rxn31980,=,4.57,0.09
rxn31981,=,4.57,0.09
rxn31982,=,4.57,0.09
rxn31983,=,-4.23,0.11
rxn31984,=,0.99,1.06
rxn31987,=,0.02,0.03
rxn31988,=,-6.86,0.06
rxn31990,=,5.6,0.56
rxn31991,>,-28.06,1.21
rxn31993,>,-21.2,0.04
rxn31994,>,-10.16,0.03
rxn31995,>,-28.06,1.21
rxn31996,=,5.6,0.56
rxn31997,>,-21.2,0.04
rxn31998,>,-17.51,0.29
rxn32001,=,1.89,0.57
rxn32002,=,1.89,0.57
rxn32003,>,-6.4,0.02
rxn32004,>,-6.4,0.02
rxn32006,>,-6.4,0.02
rxn32015,<,3.65,0.38
rxn32019,=,-2.06,0.03
rxn32021,>,-55.34,0.97
rxn32022,<,14.95,0.27
rxn32023,<,14.95,0.27
rxn32025,=,7.1,0.91
rxn32026,>,-95.92,0.05
rxn32027,=,0.84,0.03
rxn32028,=,0.84,0.03
rxn32044,=,0.84,0.03
rxn32045,>,-3.55,0.03
rxn32048,=,8.55,0.04
rxn32049,=,4.38,0.03
rxn32050,=,4.38,0.03
rxn32052,=,-9.07,0.34
rxn32053,>,-22.27,0.04
rxn32055,>,-42.83,1.04
rxn32056,>,-42.83,1.04
rxn32058,=,-2.06,0.03
rxn32060,=,3.81,0.5
rxn32062,=,-2.91,0.02
rxn32064,>,-5.04,0.45
rxn32065,=,-2.91,0.02
rxn32066,>,-57.88,0.51
rxn32068,>,-2.97,0.02
rxn32069,<,6.79,0.22
rxn32070,>,-57.88,0.51
rxn32071,<,6.79,0.22
rxn32072,<,6.79,0.22
rxn32073,>,-57.88,0.51
rxn32074,=,2.72,0.03
rxn32076,>,-3.88,0.27
rxn32078,<,6.79,0.22
rxn32079,>,-8.25,0.32
rxn32084,=,7.33,1.07
rxn32086,<,9.37,0.19
rxn32091,=,2.28,0.2
rxn32093,<,9.37,0.19
rxn32095,=,-0.79,0.02
rxn32099,=,5.11,0.03
rxn32100,=,5.11,0.03
rxn32102,=,-5.0,0.59
rxn32103,<,15.06,0.26
rxn32104,=,-4.47,0.33
rxn32105,>,-17.87,0.04
rxn32107,>,-6.5,0.02
rxn32108,<,14.15,0.48
rxn32110,<,14.15,0.48
rxn32111,<,14.15,0.48
rxn32112,=,-0.85,0.38
rxn32113,=,-13.32,0.27
rxn32114,=,-5.12,0.03
rxn32116,=,-0.85,0.38
rxn32117,=,-13.32,0.27
rxn32118,=,-0.85,0.38
rxn32119,=,-2.88,0.03
rxn32122,=,-5.12,0.03
rxn32127,=,3.52,0.03
rxn32130,>,-10.43,0.41
rxn32131,>,-10.43,0.41
rxn32132,>,-8.15,0.17
rxn32133,=,4.11,0.03
rxn32139,=,-8.41,0.02
rxn32141,>,-8.73,1.29
rxn32143,>,-8.32,0.02
rxn32144,>,-8.73,1.29
rxn32147,>,-8.73,1.29
rxn32148,>,-8.32,0.02
rxn32150,<,10.68,0.66
rxn32152,>,-8.73,1.29
rxn32154,>,-6.5,0.02
rxn32155,=,6.76,0.45
rxn32159,=,-1.02,0.15
rxn32164,=,-5.86,0.05
rxn32165,=,-0.61,0.02
rxn32166,<,35.33,0.04
rxn32167,=,5.08,0.18
rxn32168,=,-0.61,0.02
rxn32170,>,-27.97,0.6
rxn32171,=,5.08,0.18
rxn32173,>,-27.97,0.6
rxn32174,>,-25.58,0.46
rxn32175,=,-0.61,0.02
rxn32176,=,-0.61,0.02
rxn32178,=,-1.02,0.15
rxn32185,>,-0.8,0.02
rxn32187,>,-0.8,0.02
rxn32189,>,-0.8,0.02
rxn32191,=,-5.06,0.03
rxn32193,>,-0.8,0.02
rxn32194,=,-5.06,0.03
rxn32195,=,-6.19,0.03
rxn32196,=,2.14,0.03
rxn32198,>,-2.96,0.03
rxn32200,=,3.52,0.03
rxn32203,=,-5.65,0.02
rxn32204,=,-5.65,0.02
rxn32205,>,-18.34,0.38
rxn32209,=,-9.37,0.19
rxn32210,=,-9.37,0.19
rxn32212,=,4.27,0.49
rxn32213,>,-6.75,0.06
rxn32216,=,0.08,0.51
rxn32218,>,-77.94,0.09
rxn32219,>,-77.94,0.09
rxn32220,=,4.27,0.49
rxn32222,>,-2.96,0.03
rxn32226,=,-3.28,0.11
rxn32227,>,-7.17,0.04
rxn32228,>,-13.9,0.56
rxn32229,=,0.94,0.03
rxn32232,>,-10.43,0.22
rxn32233,>,-11.09,0.43
rxn32234,=,0.94,0.03
rxn32235,>,-10.43,0.22
rxn32238,=,-0.76,0.17
rxn32242,>,-12.9,0.62
rxn32243,=,-3.54,0.33
rxn32244,>,-10.43,0.22
rxn32246,=,-2.33,0.04
rxn32247,=,-5.65,0.02
rxn32248,>,-7.99,0.02
rxn32249,=,2.69,0.17
rxn32251,=,-5.65,0.02
rxn32252,=,-0.76,0.17
rxn32253,=,-0.76,0.17
rxn32255,>,-21.46,0.04
rxn32257,>,-7.99,0.02
rxn32258,=,-10.06,0.52
rxn32259,<,7.42,0.37
rxn32262,=,-10.06,0.52
rxn32265,>,-2.97,0.02
rxn32266,=,8.36,0.28
rxn32270,=,8.36,0.28
rxn32271,=,-1.9,0.18
rxn32287,>,-4.37,0.37
rxn32289,>,-33.93,0.44
rxn32290,>,-33.93,0.44
rxn32291,=,-10.06,0.52
rxn32292,>,-12.76,1.88
rxn32295,>,-88.84,0.6
rxn32297,=,5.12,0.04
rxn32299,=,5.12,0.04
rxn32303,=,5.12,0.04
rxn32305,>,-134.25,0.37
rxn32307,=,2.85,0.03
rxn32308,=,0.01,0.02
rxn32309,=,0.12,0.63
rxn32311,=,-2.51,0.18
rxn32312,=,5.54,0.36
rxn32315,>,-13.63,1.72
rxn32318,>,-13.63,1.72
rxn32319,=,1.07,0.22
rxn32321,=,-8.79,0.03
rxn32324,=,-8.79,0.03
rxn32325,>,-3.0,0.02
rxn32327,=,6.19,0.76
rxn32329,>,-4.33,0.37
rxn32330,>,-4.33,0.37
rxn32333,=,-3.54,0.53
rxn32343,>,-12.06,0.05
rxn32344,>,-8.69,0.28
rxn32345,>,-23.2,0.4
rxn32347,>,-8.69,0.28
rxn32349,=,0.51,0.03
rxn32350,=,-5.86,0.05
rxn32351,=,0.51,0.03
rxn32352,=,0.51,0.03
rxn32355,=,0.51,0.03
rxn32357,=,7.28,1.01
rxn32358,=,-4.31,0.15
rxn32361,<,3.85,0.5
rxn32364,=,3.81,0.03
rxn32365,<,19.37,0.17
rxn32367,=,-3.32,0.03
rxn32369,=,-3.32,0.03
rxn32371,=,-3.32,0.03
rxn32376,>,-185.27,6.1
rxn32378,>,-3.0,0.02
rxn32380,=,5.93,0.03
rxn32381,<,34.74,0.04
rxn32382,=,5.93,0.03
rxn32383,=,5.93,0.03
rxn32384,=,-4.62,0.25
rxn32385,=,5.93,0.03
rxn32386,=,5.93,0.03
rxn32387,=,-4.62,0.25
rxn32388,=,8.33,0.02
rxn32389,=,-5.18,0.25
rxn32395,=,-3.41,0.02
rxn32396,>,-97.43,0.66
rxn32397,>,-97.43,0.66
rxn32399,=,5.72,0.19
rxn32401,>,-97.43,0.66
rxn32404,=,-8.35,0.98
rxn32406,=,-5.74,0.33
rxn32409,=,-5.74,0.33
rxn32411,<,6.69,0.41
rxn32413,<,13.94,0.27
rxn32415,>,-97.43,0.66
rxn32416,=,-6.55,0.25
rxn32417,=,-6.55,0.25
rxn32418,>,-43.02,1.28
rxn32419,=,-6.55,0.25
rxn32421,=,8.94,0.04
rxn32424,=,-1.23,0.39
rxn32430,=,5.66,0.39
rxn32434,<,7.11,0.03
rxn32446,=,-0.66,0.03
rxn32450,=,-0.66,0.03
rxn32460,>,-15.41,0.58
rxn32462,>,-114.77,0.17
rxn32470,=,-0.64,0.02
rxn32471,>,-13.08,0.64
rxn32473,=,-0.64,0.02
rxn32477,=,-4.26,0.03
rxn32478,=,-4.26,0.03
rxn32479,=,3.58,0.21
rxn32481,=,-4.26,0.03
rxn32483,>,-98.79,0.34
rxn32484,=,-4.26,0.03
rxn32486,>,-98.79,0.34
rxn32487,>,-3.82,0.02
rxn32488,=,-4.26,0.03
rxn32490,=,3.37,0.79
rxn32492,=,-3.55,0.02
rxn32497,=,5.0,0.05
rxn32500,<,6.69,0.41
rxn32508,=,5.31,0.87
rxn32509,>,-58.32,0.42
rxn32511,=,-3.54,0.42
rxn32512,=,-3.54,0.42
rxn32513,=,-3.54,0.42
rxn32515,=,-2.92,0.17
rxn32516,=,-2.92,0.17
rxn32529,<,10.36,1.02
rxn32531,=,6.94,0.02
rxn32533,=,-0.4,0.02
rxn32534,>,-5.75,0.02
rxn32536,=,-0.4,0.02
rxn32541,<,15.56,0.29
rxn32543,>,-121.57,0.39
rxn32545,>,-108.13,0.54
rxn32550,>,-16.1,0.34
rxn32553,>,-12.32,0.43
rxn32554,>,-8.97,0.59
rxn32556,=,-7.6,0.4
rxn32557,=,-2.69,0.03
rxn32558,=,0.85,0.03
rxn32559,>,-23.68,0.45
rxn32560,=,8.13,0.25
rxn32562,=,0.85,0.03
rxn32567,=,-4.26,0.03
rxn32569,=,-0.03,0.03
rxn32571,=,-3.77,0.02
rxn32572,>,-108.13,0.54
rxn32573,>,-121.57,0.39
rxn32580,=,0.58,0.02
rxn32581,>,-5.17,0.39
rxn32587,=,0.18,0.03
rxn32588,=,0.18,0.03
rxn32589,=,0.18,0.03
rxn32590,>,-20.21,0.54
rxn32591,<,14.06,1.56
rxn32593,>,-11.5,0.23
rxn32594,=,5.81,0.49
rxn32595,=,5.81,0.49
rxn32596,=,2.11,0.23
rxn32598,>,-11.5,0.23
rxn32599,>,-11.5,0.23
rxn32604,>,-43.84,0.62
rxn32605,=,2.11,0.23
rxn32607,>,-8.28,0.3
rxn32608,>,-43.84,0.62
rxn32609,>,-23.12,0.8
rxn32612,>,-6.74,0.02
rxn32616,>,-6.74,0.02
rxn32620,=,-3.43,0.02
rxn32622,=,-3.43,0.02
rxn32623,>,-23.15,0.76
rxn32624,>,-0.7,1.62
rxn32625,>,-0.7,1.62
rxn32630,>,-105.52,0.32
rxn32631,>,-93.98,0.38
rxn32633,=,-3.43,0.02
rxn32635,>,-9.6,0.02
rxn32636,=,1.03,0.16
rxn32643,=,0.6,0.03
rxn32653,>,-6.02,0.39
rxn32654,>,-6.02,0.39
rxn32656,=,0.27,0.03
rxn32657,=,3.82,0.21
rxn32658,=,3.82,0.21
rxn32659,=,0.27,0.03
rxn32665,=,7.09,0.19
rxn32668,=,7.87,0.31
rxn32671,>,-101.71,0.38
rxn32672,>,-101.71,0.38
rxn32673,<,25.1,0.74
rxn32674,<,7.3,0.21
rxn32676,=,2.56,0.53
rxn32679,=,2.56,0.53
rxn32682,>,-16.34,0.31
rxn32683,=,2.31,0.29
rxn32684,<,7.3,0.21
rxn32686,=,2.64,0.38
rxn32687,=,2.64,0.38
rxn32688,=,2.64,0.38
rxn32690,>,-11.64,0.26
rxn32692,>,-9.17,0.04
rxn32698,>,-9.17,0.04
rxn32700,=,6.57,0.02
rxn32702,>,-14.81,1.07
rxn32704,>,-7.48,0.12
rxn32706,>,-7.48,0.12
rxn32708,=,-0.55,0.39
rxn32710,=,-3.77,0.03
rxn32711,=,-3.77,0.03
rxn32713,=,-1.01,0.39
rxn32717,=,-1.01,0.39
rxn32718,=,-3.0,0.48
rxn32720,=,-1.01,0.39
rxn32726,<,19.24,0.5
rxn32727,>,-8.19,0.22
rxn32730,>,-13.38,0.34
rxn32731,>,-13.38,0.34
rxn32735,>,-109.74,1.18
rxn32736,=,10.44,0.19
rxn32737,<,8.35,0.4
rxn32738,=,10.44,0.19
rxn32739,=,10.44,0.19
rxn32740,>,-5.88,0.17
rxn32743,>,-63.25,0.65
rxn32745,>,-23.13,0.8
rxn32747,=,2.45,0.26
rxn32748,=,2.45,0.26
rxn32750,=,7.0,0.39
rxn32752,<,148.55,0.65
rxn32754,=,1.1,0.03
rxn32757,>,-13.38,0.34
rxn32760,=,2.07,0.24
rxn32766,>,-13.19,0.36
rxn32767,>,-13.19,0.36
rxn32775,=,6.56,0.02
rxn32776,=,-5.6,0.49
rxn32777,=,1.83,0.03
rxn32778,=,5.6,0.56
rxn32779,>,-19.65,0.03
rxn32780,=,5.6,0.56
rxn32781,=,5.6,0.56
rxn32792,>,-25.22,0.42
rxn32794,=,-5.26,0.33
rxn32797,=,2.07,0.24
rxn32798,=,2.07,0.24
rxn32803,=,-3.77,0.02
rxn32807,>,-11.94,0.23
rxn32808,>,-23.15,0.76
rxn32810,=,0.06,0.21
rxn32813,>,-22.44,0.76
rxn32814,>,-24.67,0.13
rxn32816,>,-22.44,0.76
rxn32817,=,3.54,0.42
rxn32819,=,-3.09,0.03
rxn32820,>,-19.52,0.31
rxn32821,=,-1.97,0.03
rxn32822,=,3.54,0.42
rxn32823,<,14.95,0.27
rxn32824,=,-3.09,0.03
rxn32825,=,-3.09,0.03
rxn32828,=,-0.0,0.02
rxn32830,>,-5.9,0.24
rxn32836,>,-11.94,0.23
rxn32837,>,-11.94,0.23
rxn32838,>,-11.94,0.23
rxn32840,=,-0.0,0.02
rxn32841,=,-3.01,0.03
rxn32842,=,-1.41,0.33
rxn32843,<,20.73,0.58
rxn32844,=,-5.88,0.03
rxn32848,<,9.37,0.19
rxn32850,<,9.37,0.19
rxn32851,>,-20.44,0.86
rxn32855,>,-19.19,0.25
rxn32857,>,-19.19,0.25
rxn32867,=,-9.43,0.16
rxn32871,=,10.16,0.03
rxn32872,>,-81.8,0.4
rxn32875,<,22.94,0.93
rxn32876,<,22.94,0.93
rxn32891,>,-5.75,0.02
rxn32893,=,-9.43,0.16
rxn32896,=,-9.43,0.16
rxn32898,=,-0.21,0.02
rxn32901,=,1.24,0.06
rxn32907,<,15.86,0.69
rxn32917,=,1.45,0.44
rxn32920,<,5.41,0.03
rxn32921,<,5.41,0.03
rxn32923,<,5.41,0.03
rxn32924,=,-6.61,0.29
rxn32931,<,23.39,1.05
rxn32932,=,-2.55,0.56
rxn32933,<,23.39,1.05
rxn32936,=,-0.6,0.02
rxn32938,=,1.63,0.03
rxn32939,=,-0.6,0.02
rxn32940,=,-1.34,0.03
rxn32941,<,59.74,1.25
rxn32943,>,-29.9,0.41
rxn32944,>,-112.42,0.75
rxn32945,>,-29.9,0.41
rxn32946,>,-112.42,0.75
rxn32947,>,-29.9,0.41
rxn32953,<,59.74,1.25
rxn32954,=,-2.5,0.7
rxn32956,=,-2.5,0.7
rxn32961,>,-7.13,0.03
rxn32966,>,-40.9,0.05
rxn32967,<,5.41,0.03
rxn32968,<,5.41,0.03
rxn32969,<,5.41,0.03
rxn32974,>,-8.39,0.02
rxn32977,>,-5.4,0.32
rxn32978,>,-5.4,0.32
rxn32979,=,6.56,0.02
rxn32981,=,-0.0,0.02
rxn32982,>,-2.98,0.02
rxn32985,>,-19.67,0.03
rxn32987,>,-3.84,0.02
rxn32988,>,-7.35,0.02
rxn32989,=,1.32,0.32
rxn32990,=,2.64,0.38
rxn32991,=,1.32,0.32
rxn32993,>,-78.16,0.04
rxn32996,=,2.41,0.03
rxn32998,=,2.41,0.03
rxn33004,<,24.92,0.52
rxn33005,<,24.92,0.52
rxn33006,=,6.45,0.43
rxn33008,>,-9.12,0.52
rxn33010,>,-9.12,0.52
rxn33015,>,-4.34,0.46
rxn33016,=,2.14,0.03
rxn33019,=,-0.32,0.76
rxn33023,>,-4.2,0.74
rxn33024,=,0.01,0.02
rxn33029,<,19.01,0.29
rxn33032,>,-6.02,0.39
rxn33035,=,-1.83,0.02
rxn33036,>,-4.2,0.74
rxn33038,>,-22.44,0.76
rxn33040,>,-22.44,0.76
rxn33041,=,4.56,0.23
rxn33042,=,6.77,0.29
rxn33043,=,4.56,0.23
rxn33047,>,-23.15,0.76
rxn33049,<,14.95,0.27
rxn33054,<,14.95,0.27
rxn33059,=,28.87,0.94
rxn33060,=,28.87,0.94
rxn33061,=,7.24,0.25
rxn33062,>,-4.6,0.27
rxn33064,=,28.87,0.94
rxn33065,=,28.87,0.94
rxn33066,=,4.94,0.03
rxn33067,>,0.86,0.03
rxn33068,<,9.37,0.19
rxn33074,>,-15.68,0.26
rxn33075,>,-15.68,0.26
rxn33077,>,-15.68,0.26
rxn33078,<,20.85,0.86
rxn33079,=,-3.4,0.19
rxn33080,>,-92.57,0.18
rxn33082,<,9.37,0.19
rxn33083,>,-2.7,0.51
rxn33086,>,-15.28,0.44
rxn33087,=,-3.77,0.02
rxn33091,=,1.93,0.02
rxn33092,=,1.93,0.02
rxn33097,=,0.67,0.04
rxn33098,=,2.78,0.11
rxn33104,=,-6.22,0.03
rxn33114,>,-11.67,0.32
rxn33116,>,-11.67,0.32
rxn33120,<,2.61,0.18
rxn33129,>,-3.07,0.39
rxn33130,=,-2.79,0.12
rxn33131,=,-5.6,0.03
rxn33132,=,-5.6,0.03
rxn33133,>,-6.4,0.02
rxn33134,=,-1.07,0.03
rxn33135,=,-0.47,0.04
rxn33143,<,17.5,0.52
rxn33145,=,-2.79,0.12
rxn33146,>,-107.51,0.95
rxn33147,>,-107.51,0.95
rxn33148,>,-92.67,0.5
rxn33150,>,0.42,0.03
rxn33151,=,2.88,0.03
rxn33152,>,0.42,0.03
rxn33154,>,-92.57,0.18
rxn33155,>,-92.67,0.5
rxn33157,>,-2.13,0.59
rxn33160,=,-7.17,0.38
rxn33164,=,5.71,0.36
rxn33165,>,-5.96,0.32
rxn33166,>,-6.02,0.38
rxn33174,=,5.0,0.05
rxn33180,>,-8.28,0.3
rxn33181,=,-3.59,0.02
rxn33182,>,-8.28,0.3
rxn33193,>,-4.98,0.27
rxn33194,=,-3.25,0.03
rxn33195,=,-3.25,0.03
rxn33199,=,-3.25,0.03
rxn33201,=,-3.6,0.02
rxn33205,>,-5.96,0.32
rxn33206,=,-7.17,0.38
rxn33207,=,1.39,0.36
rxn33208,=,-4.06,0.91
rxn33211,>,-87.03,0.56
rxn33212,>,-18.96,0.17
rxn33213,=,0.27,0.03
rxn33222,=,0.08,0.21
rxn33224,=,-7.31,0.21
rxn33225,=,-0.47,0.04
rxn33227,=,1.99,0.03
rxn33228,=,2.98,0.46
rxn33231,=,1.99,0.03
rxn33232,>,-59.48,0.45
rxn33237,=,3.44,0.18
rxn33239,=,2.98,0.46
rxn33242,>,-4.84,0.03
rxn33243,=,-1.13,0.57
rxn33244,=,-0.26,0.03
rxn33245,=,-1.13,0.57
rxn33250,=,-1.13,0.57
rxn33251,=,-1.13,0.57
rxn33253,=,-0.26,0.03
rxn33255,=,-0.26,0.03
rxn33256,=,-1.13,0.57
rxn33258,=,3.44,0.18
rxn33259,=,3.44,0.18
rxn33264,=,-3.41,0.02
rxn33266,>,0.82,0.02
rxn33267,=,-3.43,0.02
rxn33269,=,-9.76,0.03
rxn33270,=,-9.76,0.03
rxn33272,=,-9.76,0.03
rxn33277,>,1.71,0.57
rxn33280,>,1.71,0.57
rxn33281,=,4.6,0.03
rxn33284,=,-1.82,0.03
rxn33286,<,43.42,0.78
rxn33288,<,43.42,0.78
rxn33290,>,-8.15,0.03
rxn33291,>,1.71,0.57
rxn33292,>,1.71,0.57
rxn33295,=,-2.22,0.22
rxn33296,=,6.12,0.36
rxn33298,>,-18.91,0.36
rxn33299,>,-30.45,0.84
rxn33302,=,-1.34,0.03
rxn33304,=,2.61,0.04
rxn33311,=,-0.47,0.04
rxn33315,=,4.33,0.05
rxn33316,=,3.24,0.12
rxn33318,=,3.24,0.12
rxn33320,>,-23.15,0.76
rxn33323,=,2.61,0.04
rxn33324,>,-2.88,0.04
rxn33325,<,9.37,0.19
rxn33327,<,9.37,0.19
rxn33328,>,-2.88,0.04
rxn33331,>,-7.97,0.02
rxn33332,>,-95.2,0.31
rxn33337,>,-5.75,0.02
rxn33340,=,-0.2,0.02
rxn33342,>,-95.2,0.31
rxn33345,>,-74.05,0.04
rxn33346,=,6.23,0.86
rxn33349,>,-74.05,0.04
rxn33350,=,-4.17,0.54
rxn33351,=,-4.17,0.54
rxn33352,>,-0.7,0.04
rxn33354,>,-17.28,0.4
rxn33357,=,-4.17,0.54
rxn33359,=,-5.55,0.33
rxn33360,=,3.63,0.45
rxn33361,=,-3.0,0.48
rxn33363,=,-3.0,0.48
rxn33365,=,5.46,0.04
rxn33367,=,1.41,0.31
rxn33370,=,1.41,0.31
rxn33373,=,3.63,0.45
rxn33374,>,-3.4,0.03
rxn33377,>,-56.35,0.69
rxn33382,<,2.6,0.03
rxn33383,=,0.01,0.02
rxn33386,>,-21.38,0.25
rxn33387,<,3.98,0.19
rxn33388,>,-52.58,0.59
rxn33389,=,0.42,0.03
rxn33390,=,0.42,0.03
rxn33391,=,-1.61,0.54
rxn33392,=,-5.11,0.29
rxn33394,=,5.61,0.03
rxn33398,=,-6.54,0.32
rxn33400,=,8.31,0.03
rxn33401,=,-3.43,0.02
rxn33404,=,-3.43,0.02
rxn33412,>,-5.16,0.02
rxn33415,=,6.11,0.25
rxn33417,=,6.11,0.25
rxn33425,=,-12.23,0.75
rxn33426,>,1.63,0.32
rxn33428,>,1.63,0.32
rxn33431,=,5.28,0.45
rxn33432,=,-7.26,0.45
rxn33434,>,-8.32,0.04
rxn33435,=,-3.47,0.41
rxn33436,>,-5.26,0.39
rxn33438,>,-4.68,0.13
rxn33439,>,-8.32,0.04
rxn33440,=,-5.47,0.26
rxn33441,>,-8.32,0.04
rxn33442,>,-4.68,0.13
rxn33443,=,-3.47,0.41
rxn33446,=,-0.59,0.02
rxn33448,>,-8.32,0.04
rxn33449,>,-77.12,1.5
rxn33451,=,-6.86,0.06
rxn33452,=,-6.86,0.06
rxn33453,>,-4.68,0.13
rxn33454,=,-0.83,0.03
rxn33455,=,2.95,0.26
rxn33456,=,-0.83,0.03
rxn33463,=,-3.77,0.03
rxn33465,>,-77.12,1.5
rxn33467,>,-14.85,0.49
rxn33468,=,-0.83,0.03
rxn33469,=,-3.43,0.02
rxn33470,>,-23.12,0.8
rxn33471,>,-2.97,0.02
rxn33472,>,-6.4,0.02
rxn33474,>,-2.97,0.02
rxn33479,>,-57.42,0.75
rxn33483,>,-72.83,0.41
rxn33484,>,-15.03,0.27
rxn33485,=,-6.22,0.03
rxn33486,=,2.96,0.33
rxn33487,=,-1.78,0.33
rxn33488,=,-6.22,0.03
rxn33489,=,-1.78,0.33
rxn33490,<,11.34,0.03
rxn33491,=,-1.78,0.33
rxn33492,=,-1.78,0.33
rxn33493,=,6.62,0.2
rxn33495,=,-3.43,0.02
rxn33496,>,-133.53,0.7
rxn33497,=,-3.43,0.02
rxn33498,=,-1.0,0.02
rxn33499,=,3.2,0.04
rxn33501,>,-17.8,0.17
rxn33502,=,0.9,0.04
rxn33507,>,1.63,0.32
rxn33514,=,0.7,0.03
rxn33515,<,6.49,0.27
rxn33516,=,-8.77,0.04
rxn33517,<,6.49,0.27
rxn33519,>,-9.6,0.76
rxn33524,>,-14.16,0.66
rxn33526,=,-8.77,0.04
rxn33532,=,2.01,0.03
rxn33534,=,2.01,0.03
rxn33536,=,5.71,0.03
rxn33539,=,-10.2,0.39
rxn33540,=,5.71,0.03
rxn33549,=,3.2,0.04
rxn33550,=,-0.22,0.02
rxn33553,>,-81.15,0.43
rxn33554,>,-81.15,0.43
rxn33556,=,-10.2,0.39
rxn33557,=,0.63,1.18
rxn33558,=,0.05,0.03
rxn33559,=,-7.62,0.31
rxn33560,=,-4.57,0.03
rxn33563,=,0.65,0.06
rxn33564,>,-9.12,0.52
rxn33567,=,3.62,0.41
rxn33568,>,-8.37,0.02
rxn33569,=,3.62,0.41
rxn33570,=,-0.0,0.02
rxn33571,=,3.31,0.25
rxn33573,=,-0.0,0.02
rxn33575,=,0.05,0.03
rxn33576,>,-23.15,0.76
rxn33580,=,6.13,0.49
rxn33581,>,-5.71,0.32
rxn33582,=,8.94,0.28
rxn33583,>,-5.71,0.32
rxn33584,<,11.16,0.13
rxn33586,<,11.16,0.13
rxn33587,<,11.16,0.13
rxn33590,<,11.16,0.13
rxn33593,=,-5.31,0.03
rxn33595,=,-0.24,0.03
rxn33597,=,-3.43,0.03
rxn33600,=,-5.31,0.03
rxn33606,<,22.23,1.11
rxn33607,>,-93.72,0.27
rxn33610,>,-1.72,0.26
rxn33612,>,-93.72,0.27
rxn33613,=,-4.35,0.83
rxn33614,=,0.21,0.02
rxn33615,=,-4.35,0.83
rxn33616,=,0.21,0.02
rxn33617,>,-11.9,0.25
rxn33618,=,-3.93,0.05
rxn33619,=,-10.18,0.39
rxn33622,>,-20.97,0.27
rxn33623,>,-7.74,0.3
rxn33628,=,1.69,0.27
rxn33629,>,-102.56,0.28
rxn33630,=,0.21,0.02
rxn33633,=,-1.07,0.03
rxn33637,=,-1.9,0.18
rxn33639,>,-61.83,0.75
rxn33642,=,1.62,0.03
rxn33659,=,-10.18,0.39
rxn33662,>,-5.75,0.02
rxn33663,>,-5.75,0.02
rxn33664,>,-14.32,0.31
rxn33666,>,-11.65,0.54
rxn33672,=,-0.79,0.02
rxn33674,>,-23.15,0.76
rxn33683,=,-0.83,0.03
rxn33686,=,-11.1,0.32
rxn33688,>,-23.11,0.8
rxn33691,=,-0.69,0.31
rxn33696,=,-5.2,0.03
rxn33698,=,1.48,0.28
rxn33699,=,1.48,0.28
rxn33700,>,-17.74,0.52
rxn33701,>,-17.74,0.52
rxn33702,>,-7.35,0.02
rxn33703,>,-23.15,0.8
rxn33706,>,-4.49,0.36
rxn33708,=,3.84,0.26
rxn33709,=,-0.04,0.02
rxn33710,=,-0.04,0.02
rxn33712,=,0.0,0.02
rxn33714,=,-0.04,0.02
rxn33715,=,-0.04,0.02
rxn33723,>,-14.19,0.06
rxn33724,=,5.87,0.39
rxn33725,=,4.49,0.28
rxn33728,>,-7.35,0.02
rxn33730,>,-14.19,0.06
rxn33735,=,-1.76,0.38
rxn33739,=,7.52,0.23
rxn33740,=,-2.21,0.22
rxn33750,=,-3.46,0.04
rxn33751,=,8.34,1.11
rxn33760,=,2.64,0.38
rxn33762,>,-2.96,0.02
rxn33768,=,0.47,0.35
rxn33769,=,0.47,0.35
rxn33770,=,-1.6,0.58
rxn33775,>,-39.46,0.45
rxn33777,>,-39.46,0.45
rxn33785,=,0.1,0.02
rxn33789,=,0.47,0.35
rxn33793,>,-81.15,0.43
rxn33806,>,1.43,0.04
rxn33811,=,0.0,0.02
rxn33819,=,-5.3,0.03
rxn33820,=,-5.3,0.03
rxn33822,>,-22.4,0.05
rxn33826,=,-0.98,0.02
rxn33833,=,3.84,0.26
rxn33834,>,-23.15,0.76
rxn33836,=,3.84,0.26
rxn33837,=,3.84,0.26
rxn33851,=,-8.49,0.04
rxn33852,=,-8.49,0.04
rxn33856,=,0.82,0.02
rxn33857,=,0.82,0.02
rxn33858,=,0.82,0.02
rxn33862,=,0.02,0.29
rxn33867,=,0.89,0.14
rxn33873,>,-3.64,0.03
rxn33880,=,2.01,0.03
rxn33881,=,8.28,0.03
rxn33891,>,-8.33,0.02
rxn33931,=,0.7,0.03
rxn33943,<,8.64,0.02
rxn33977,=,1.7,0.03
rxn33981,>,-3.53,0.22
rxn33994,>,-7.58,0.04
rxn33995,=,-0.54,0.03
rxn34009,<,35.33,0.04
rxn34014,>,-322.61,1.23
rxn34185,=,-0.32,0.03
rxn34190,=,1.81,0.02
rxn34191,>,-10.83,0.02
rxn34194,=,4.61,0.02
rxn34196,>,-9.6,0.02
rxn34204,=,8.33,0.02
rxn34212,=,0.87,0.35
rxn34213,>,-14.16,0.66
rxn34218,=,-0.79,0.03
rxn34220,=,-0.32,0.03
rxn34226,=,-4.03,0.02
rxn34231,>,-21.46,0.04
rxn34232,=,-3.43,0.02
rxn34233,=,7.95,0.03
rxn34235,=,5.85,0.03
rxn34239,=,6.58,0.02
rxn34240,=,6.58,0.02
rxn34243,=,8.28,0.03
rxn34244,=,8.28,0.03
rxn34245,=,7.32,0.02
rxn34246,=,-1.12,0.03
rxn34248,>,-4.25,0.04
rxn34257,=,-3.77,0.02
rxn34258,<,5.02,0.03
rxn34259,=,0.21,0.02
rxn34260,>,-6.88,0.11
rxn34262,=,-1.97,0.03
rxn34267,=,0.25,0.03
rxn34271,<,12.32,0.04
rxn34273,=,1.38,0.03
rxn34298,=,2.35,0.02
rxn34299,=,3.2,0.02
rxn34300,=,10.74,0.03
rxn34304,=,0.18,0.03
rxn34557,>,-22.27,0.04
rxn34558,>,-3.93,0.04
rxn34560,=,0.54,0.03
rxn34566,=,3.58,0.21
rxn34567,=,3.58,0.21
rxn34576,=,-4.5,0.85
rxn34579,>,-22.4,0.05
rxn34581,>,-14.85,0.49
rxn34582,=,-5.11,0.29
rxn34588,<,94.59,0.37
rxn34626,=,3.81,0.5
rxn34627,<,2.04,0.03
rxn34630,=,0.72,0.03
rxn34632,=,3.81,0.03
rxn34633,=,2.72,0.03
rxn34648,>,-24.74,0.88
rxn34662,>,-39.84,0.56
rxn34663,>,-39.84,0.56
rxn34664,=,-3.57,0.25
rxn34665,>,-16.75,0.22
rxn34670,=,4.8,0.31
rxn34671,=,-3.57,0.25
rxn34672,>,-56.97,0.41
rxn34674,<,-0.7,0.04
rxn34679,>,-21.23,0.04
rxn34682,=,7.28,0.37
rxn34685,=,8.39,0.35
rxn34692,=,-3.62,0.24
rxn34728,=,0.22,0.03
rxn34729,=,0.21,0.03
rxn34730,=,0.21,0.03
rxn34731,=,0.21,0.03
rxn34732,=,0.21,0.03
rxn34733,=,0.21,0.03
rxn34734,=,5.9,0.03
rxn34735,=,5.89,0.03
rxn34736,=,5.89,0.03
rxn34737,=,5.89,0.03
rxn34738,=,5.89,0.03
rxn34739,=,5.89,0.03
rxn34758,>,-14.63,0.83
rxn34768,=,7.16,0.25
rxn34769,=,-2.17,0.03
rxn34770,=,-5.74,0.33
rxn34771,>,-39.93,0.16
rxn34772,=,1.05,0.37
rxn34773,=,-0.83,0.03
rxn34777,=,-1.34,0.03
rxn34778,=,-2.17,0.03
rxn34779,=,-2.17,0.03
rxn34781,=,-1.34,0.03
rxn34785,=,-1.34,0.03
rxn34786,>,-8.75,0.04
rxn34787,>,-2.78,0.03
rxn34788,=,4.69,0.03
rxn34789,=,4.69,0.03
rxn34790,=,9.22,0.02
rxn34791,=,-3.62,0.03
rxn34792,=,-3.62,0.03
rxn34793,=,9.22,0.02
rxn34794,=,8.64,0.02
rxn34797,=,6.29,0.04
rxn35164,>,-25.88,0.04
rxn35209,>,-21.38,0.25
rxn35211,=,5.92,0.22
rxn35212,=,2.85,0.03
rxn35214,=,2.41,0.03
rxn35215,>,-7.13,0.03
rxn35218,=,-1.0,0.02
rxn35234,=,-0.98,0.02
rxn35241,=,4.44,0.02
rxn35242,=,6.57,0.02
rxn35245,>,-14.16,0.66
rxn35246,=,-1.12,0.03
rxn35247,>,-6.88,0.11
rxn35251,>,-20.97,0.27
rxn35254,>,-2.67,0.33
rxn35258,=,5.5,0.25
rxn35274,>,-18.86,0.05
rxn35281,>,-17.81,0.37
rxn35282,>,0.4,0.26
rxn35284,=,-8.42,0.56
rxn35310,=,-0.28,0.03
rxn35311,=,-0.17,0.03
rxn35314,=,-0.02,0.04
rxn35315,>,-14.16,0.66
rxn35318,=,10.48,0.24
rxn35319,<,9.79,0.04
rxn35343,=,5.87,0.39
rxn35344,<,7.1,0.4
rxn35345,=,-9.07,0.34
rxn35346,<,9.44,0.04
rxn35351,=,-2.12,0.42
rxn35352,>,-9.98,0.03
rxn35353,=,4.92,0.03
rxn35355,=,-0.79,0.03
rxn35356,=,-0.54,0.03
rxn35359,>,-12.9,0.62
rxn35369,>,-8.02,0.04
rxn35370,>,-8.02,0.04
rxn35371,>,-6.75,0.06
rxn35372,>,-6.16,0.05
rxn35374,>,-20.94,0.04
rxn35376,=,6.91,0.91
rxn35377,>,-109.01,0.03
rxn35409,>,-68.01,1.57
rxn35412,>,-26.95,0.5
rxn35413,>,-13.29,2.46
rxn35415,>,-9.74,1.26
rxn35416,=,6.77,0.29
rxn35417,=,6.77,0.29
rxn35418,<,19.01,0.29
rxn35424,>,-17.51,0.29
rxn35425,=,-0.46,0.13
rxn35427,=,10.6,0.45
rxn35428,=,3.05,0.03
rxn35429,>,1.68,0.03
rxn35430,=,6.56,0.02
rxn35431,>,-10.87,0.03
rxn35432,>,-10.01,0.03
rxn35433,=,0.36,0.03
rxn35435,=,0.58,0.25
rxn35436,>,-10.24,0.6
rxn35437,>,-8.89,0.03
rxn35438,>,-9.44,0.03
rxn35439,=,6.57,0.02
rxn35440,>,-10.0,0.03
rxn35441,>,-7.66,0.57
rxn35442,=,6.56,0.02
rxn35443,>,1.63,0.03
rxn35444,=,-1.85,0.3
rxn35447,>,-29.16,0.6
rxn35448,>,-5.04,0.03
rxn35449,=,-0.88,0.03
rxn35450,>,-13.64,0.03
rxn35456,>,-72.68,1.17
rxn35473,=,-2.55,0.56
rxn35479,>,-11.87,0.44
rxn35480,>,-11.87,0.44
rxn35505,=,-8.68,0.25
rxn35517,<,77.32,0.49
rxn35518,=,1.81,0.02
rxn35519,=,2.54,0.04
rxn35524,=,-0.0,0.02
rxn35525,>,-23.02,0.25
rxn35526,=,0.47,0.48
rxn35527,>,-10.92,0.4
rxn35528,>,-12.07,0.27
rxn35529,=,2.07,0.24
rxn35530,=,4.57,0.09
rxn35531,=,4.57,0.09
rxn35533,>,-6.45,0.04
rxn35536,=,-1.01,0.39
rxn35541,>,-14.6,0.74
rxn35543,>,-2.03,0.26
rxn35544,=,5.25,0.32
rxn35545,=,4.99,0.3
rxn35548,=,-6.98,0.26
rxn35549,>,-9.78,0.44
rxn35553,>,-8.59,0.44
rxn35554,>,-10.3,0.44
rxn35556,>,-22.76,0.05
rxn35560,=,1.95,0.25
rxn35561,=,4.47,0.33
rxn35571,=,8.93,0.68
rxn35572,=,2.95,0.03
rxn35580,>,-12.47,0.29
rxn35582,<,7.07,0.56
rxn35616,>,-80.85,0.41
rxn35624,>,-94.77,0.84
rxn35679,>,-21.92,0.5
rxn35698,=,2.95,0.03
rxn35719,=,3.73,0.52
rxn35926,=,5.73,0.33
rxn36169,=,5.23,0.36
rxn36714,=,0.27,0.03
rxn36715,=,0.85,0.03
rxn36750,=,-3.54,0.24
rxn36857,=,-12.39,0.71
rxn37012,=,5.72,0.03
rxn37013,=,6.3,0.03
rxn37014,=,2.0,0.07
rxn37040,<,7.98,0.32
rxn37127,>,-18.4,0.72
rxn37181,=,7.92,0.27
rxn37184,>,-315.09,0.56
rxn37185,>,-316.84,0.56
rxn37186,>,-159.45,1.8
rxn37187,>,-160.62,1.8
rxn37283,=,-0.55,2.82
rxn37284,=,0.04,2.82
rxn37332,=,-0.98,0.02
rxn37337,=,-0.98,0.02
rxn37384,=,3.34,0.21
rxn37385,=,3.92,0.21
rxn37386,>,-112.22,3.82
rxn37424,=,-6.09,0.27
rxn37425,>,-13.82,0.62
rxn37427,>,-95.17,0.45
rxn37520,>,-0.92,0.48
rxn37546,=,8.93,0.68
rxn37583,>,-97.68,0.6
rxn37585,=,-3.04,0.03
rxn37586,=,-3.04,0.03
rxn37599,=,-2.38,0.03
rxn37600,=,-2.38,0.03
rxn37609,<,22.44,0.76
rxn37610,>,-22.44,0.76
rxn37611,>,-22.44,0.76
rxn37612,>,-22.44,0.76
rxn37640,=,1.15,0.04
rxn37658,=,-5.69,0.16
rxn37661,=,0.74,0.25
rxn37671,=,8.36,0.03
rxn37672,=,8.94,0.03
rxn37674,<,6.37,0.04
rxn37675,=,5.02,0.03
rxn37685,=,5.68,0.3
rxn37686,>,-7.35,0.02
rxn37694,=,-1.8,0.24
rxn37696,>,-95.79,0.04
rxn37706,<,18.81,0.61
rxn37718,>,-10.19,0.42
rxn37739,=,0.0,0.49
rxn37740,>,-72.5,1.31
rxn37741,>,-145.94,1.57
rxn37776,=,-8.59,0.42
rxn37777,=,-6.96,0.37
rxn37778,=,-8.59,0.42
rxn37796,=,9.61,0.28
rxn37797,=,-14.13,0.4
rxn37804,>,-13.64,0.03
rxn37807,=,-5.64,0.05
rxn37809,=,-2.22,0.22
rxn37816,=,1.67,0.21
rxn37861,>,-8.14,0.61
rxn37863,=,0.7,0.03
rxn37869,=,4.51,0.3
rxn37870,=,4.51,0.3
rxn37871,=,4.51,0.3
rxn37872,=,3.3,0.04
rxn37873,=,6.33,0.03
rxn37874,>,-23.27,0.52
rxn37881,>,-95.86,0.36
rxn37882,>,-96.44,0.36
rxn37883,>,-57.73,0.77
rxn37884,>,-57.73,0.77
rxn37885,>,-57.73,0.77
rxn37886,>,-57.73,0.77
rxn37887,>,-95.03,0.46
rxn37888,=,1.27,0.02
rxn37890,=,1.26,0.75
rxn37893,=,8.58,0.03
rxn37906,=,4.92,0.03
rxn37912,=,3.54,0.42
rxn37920,=,-5.39,0.32
rxn37921,=,-5.39,0.32
rxn37929,>,-16.82,0.7
rxn37930,=,-0.83,0.03
rxn37933,>,-26.58,1.32
rxn37934,>,-21.92,0.5
rxn37935,>,-17.63,2.2
rxn37937,=,0.02,0.03
rxn37938,=,-0.29,0.03
rxn37952,=,-1.0,0.02
rxn37953,=,-1.0,0.02
rxn37956,=,6.16,0.26
rxn37980,<,16.76,0.58
rxn37993,>,-6.4,0.02
rxn37994,>,-6.4,0.02
rxn37995,>,-98.79,0.34
rxn37997,>,-23.6,0.8
rxn37998,>,-9.6,0.76
rxn37999,>,-9.6,0.76
rxn38000,=,-0.02,0.04
rxn38002,=,-4.99,0.28
rxn38003,=,-4.99,0.28
rxn38004,=,-4.99,0.28
rxn38006,=,2.61,0.04
rxn38007,=,3.2,0.04
rxn38009,=,2.61,0.04
rxn38010,=,3.2,0.04
rxn38011,=,0.66,0.16
rxn38020,=,-3.43,0.02
rxn38021,>,-6.4,0.02
rxn38022,>,-6.4,0.02
rxn38023,>,-6.4,0.02
rxn38024,<,4.75,0.03
rxn38026,=,0.67,0.04
rxn38028,=,0.16,0.02
rxn38029,=,0.16,0.02
rxn38030,=,0.0,0.03
rxn38033,=,5.19,0.02
rxn38034,=,5.19,0.02
rxn38042,>,-15.68,0.62
rxn38043,>,-15.68,0.62
rxn38044,<,7.74,0.76
rxn38046,>,-7.17,0.04
rxn38053,=,-4.13,0.24
rxn38054,=,-0.3,0.03
rxn38055,=,1.86,0.19
rxn38059,>,-10.61,0.55
rxn38060,=,-1.62,0.03
rxn38064,=,-4.38,0.02
rxn38069,>,-17.87,0.04
rxn38070,>,-1.45,0.38
rxn38072,<,20.47,0.6
rxn38073,<,20.47,0.6
rxn38074,<,20.47,0.6
rxn38075,<,20.47,0.6
rxn38076,<,20.47,0.6
rxn38078,=,1.46,0.02
rxn38079,=,-3.97,0.4
rxn38082,>,-13.64,0.03
rxn38087,>,-12.61,0.54
rxn38091,=,7.42,0.37
rxn38092,=,7.42,0.37
rxn38094,=,-4.31,0.15
rxn38096,>,-64.24,0.89
rxn38097,=,-0.73,0.28
rxn38099,>,-22.44,0.76
rxn38104,>,-22.44,0.76
rxn38105,=,2.98,0.46
rxn38106,=,2.98,0.46
rxn38113,=,1.85,0.02
rxn38114,>,-9.64,0.24
rxn38115,=,-5.3,0.25
rxn38117,=,-0.03,0.02
rxn38118,=,0.21,0.02
rxn38121,=,0.73,0.03
rxn38122,=,3.07,0.21
rxn38123,=,3.07,0.21
rxn38124,=,-4.02,0.02
rxn38130,=,1.7,0.03
rxn38131,=,5.61,0.03
rxn38132,=,5.61,0.03
rxn38133,>,-10.44,0.57
rxn38134,>,-10.44,0.57
rxn38135,>,-21.24,0.89
rxn38136,=,2.59,0.28
rxn38141,>,-2.48,0.03
rxn38142,>,-2.48,0.03
rxn38143,>,-14.8,1.34
rxn38148,=,-1.82,0.03
rxn38151,=,-4.08,0.15
rxn38152,=,-4.08,0.15
rxn38153,=,-4.08,0.15
rxn38157,>,-3.82,0.02
rxn38158,>,-3.82,0.02
rxn38159,=,2.01,0.03
rxn38162,=,4.99,0.59
rxn38163,>,-77.12,1.5
rxn38171,=,8.48,0.04
rxn38173,>,-16.1,0.34
rxn38174,>,-16.1,0.34
rxn38181,>,-8.15,0.03
rxn38182,<,35.33,0.04
rxn38188,>,-6.19,0.02
rxn38189,>,-6.18,0.02
rxn38190,>,-6.17,0.02
rxn38192,>,-6.39,0.02
rxn38196,>,-6.19,0.02
rxn38197,>,-6.18,0.02
rxn38198,>,-6.17,0.02
rxn38200,>,-6.39,0.02
rxn38204,>,-6.19,0.02
rxn38205,>,-6.18,0.02
rxn38206,>,-6.17,0.02
rxn38208,>,-6.39,0.02
rxn38212,>,-6.19,0.02
rxn38213,>,-6.18,0.02
rxn38214,>,-6.17,0.02
rxn38216,>,-6.39,0.02
rxn38220,>,-6.19,0.02
rxn38221,>,-6.18,0.02
rxn38222,>,-6.17,0.02
rxn38224,>,-6.39,0.02
rxn38228,>,-6.19,0.02
rxn38229,>,-6.4,0.02
rxn38230,>,-6.18,0.02
rxn38231,>,-6.17,0.02
rxn38233,>,-6.4,0.02
rxn38234,>,-6.39,0.02
rxn38238,>,-6.19,0.02
rxn38239,>,-6.4,0.02
rxn38240,>,-6.18,0.02
rxn38241,>,-6.17,0.02
rxn38243,=,-3.45,0.03
rxn38244,=,1.17,0.4
rxn38253,=,2.96,0.33
rxn38254,=,-0.13,0.03
rxn38256,=,4.44,0.02
rxn38257,=,4.44,0.02
rxn38258,=,3.98,3.24
rxn38263,=,-3.59,0.02
rxn38273,=,-0.54,0.03
rxn38274,<,22.8,0.43
rxn38275,=,6.78,0.03
rxn38277,=,-1.6,0.58
rxn38278,=,-1.6,0.58
rxn38279,>,-6.41,0.51
rxn38280,>,-6.41,0.51
rxn38281,=,3.89,0.19
rxn38282,=,3.89,0.19
rxn38283,=,3.89,0.19
rxn38284,=,0.25,0.03
rxn38286,=,-8.63,0.04
rxn38313,>,-102.56,0.28
rxn38314,>,-102.56,0.28
rxn38315,=,4.53,0.37
rxn38316,=,4.53,0.37
rxn38317,=,4.53,0.37
rxn38318,=,4.53,0.37
rxn38326,>,-93.05,0.09
rxn38340,>,-44.89,1.53
rxn38341,=,-1.34,0.03
rxn38342,=,-1.34,0.03
rxn38343,=,3.82,0.21
rxn38344,=,-2.41,0.24
rxn38345,>,-93.05,0.09
rxn38356,=,4.4,0.33
rxn38359,=,-3.43,0.02
rxn38360,=,-5.12,0.36
rxn38370,=,5.6,0.56
rxn38372,>,-29.37,1.01
rxn38373,>,-31.2,1.0
rxn38374,=,4.98,1.02
rxn38375,=,4.98,1.02
rxn38377,=,-8.59,0.42
rxn38379,=,-8.59,0.42
rxn38381,>,-92.03,0.22
rxn38392,>,-3.55,0.03
rxn38393,>,-3.55,0.03
rxn38395,=,-3.97,0.4
rxn38396,=,5.04,0.2
rxn38397,=,5.04,0.2
rxn38398,=,5.04,0.2
rxn38399,=,2.63,0.33
rxn38401,>,-114.25,0.61
rxn38402,>,-114.84,0.61
rxn38424,=,5.61,0.13
rxn38425,=,5.61,0.13
rxn38429,<,8.61,0.25
rxn38430,<,8.61,0.25
rxn38437,=,-3.97,0.4
rxn38444,>,-79.72,0.9
rxn38445,>,-80.31,0.9
rxn38447,>,-79.72,0.9
rxn38448,>,-80.31,0.9
rxn38459,=,4.2,0.02
rxn38465,=,-3.87,1.15
rxn38467,>,-21.92,0.5
rxn38499,=,-5.36,0.44
rxn38509,>,-10.5,0.55
rxn38512,=,1.92,0.76
rxn38535,<,9.34,0.4
rxn38537,<,102.47,0.03
rxn38538,<,102.47,0.03
rxn38539,<,102.47,0.03
rxn38541,>,-13.26,0.43
rxn38543,>,-6.3,0.94
rxn38667,<,8.76,0.25
rxn38668,<,8.76,0.25
rxn38669,<,8.76,0.25
rxn38670,=,-0.14,0.03
rxn38674,=,-0.12,0.6
rxn38675,=,-0.12,0.6
rxn38677,>,-16.44,0.9
rxn38679,>,-85.58,0.7
rxn38680,=,1.63,0.03
rxn38681,=,1.63,0.03
rxn38682,=,9.77,1.02
rxn38689,>,-5.17,0.39
rxn38691,>,-7.16,0.31
rxn38692,>,-7.08,0.31
rxn38693,>,-24.93,0.05
rxn38694,=,-6.62,0.31
rxn38696,=,-2.84,0.03
rxn38701,>,-5.18,0.25
rxn38702,>,-5.18,0.25
rxn38706,>,-19.52,0.31
rxn38708,=,-5.26,0.33
rxn38709,=,-5.26,0.33
rxn38710,=,-5.26,0.33
rxn38718,=,-0.31,0.02
rxn38807,=,11.99,0.04
rxn38808,=,9.37,0.19
rxn38810,=,11.99,0.04
rxn38811,=,9.37,0.19
rxn38812,>,-2.95,0.03
rxn38818,>,-11.09,0.05
rxn38824,=,-0.26,0.03
rxn38827,=,0.7,0.03
rxn38829,=,0.7,0.03
rxn38830,=,-3.59,0.02
rxn38831,=,-3.59,0.02
rxn38832,=,-3.6,0.02
rxn38833,=,-3.6,0.02
rxn38834,>,-9.43,1.38
rxn38835,=,0.83,0.02
rxn38862,=,-3.16,0.19
rxn38885,=,6.94,0.02
rxn38887,>,-25.67,0.17
rxn38888,>,-20.13,0.04
rxn38890,>,-22.97,0.05
rxn38904,>,-22.44,0.76
rxn38909,=,12.39,0.03
rxn38910,=,12.98,0.03
rxn38969,=,5.54,0.36
rxn38970,=,6.12,0.36
rxn38971,=,2.3,0.03
rxn38972,=,2.88,0.03
rxn38981,=,0.18,0.15
rxn39038,>,-113.56,0.46
rxn39041,>,-71.34,1.02
rxn39086,<,13.92,0.5
rxn39259,=,-2.58,0.04
rxn39260,>,-17.52,0.04
rxn39275,>,-5.14,0.41
rxn39276,>,-5.12,0.41
rxn39278,=,-4.56,0.02
rxn39279,=,2.18,0.25
rxn39280,=,1.78,0.15
rxn39282,=,0.7,0.4
rxn39287,>,-123.04,0.36
rxn39299,=,4.4,0.03
rxn39300,>,-43.3,0.33
rxn39301,=,-3.35,0.32
rxn39302,>,-27.23,0.04
rxn39303,=,1.53,0.23
rxn39305,>,-9.0,0.02
rxn39310,=,2.66,0.25
rxn39313,<,5.61,0.32
rxn39328,=,3.62,0.35
rxn39329,=,3.04,0.35
rxn39337,=,4.46,0.2
rxn39338,=,-1.57,0.2
rxn39339,>,-109.05,0.17
rxn39340,>,-2.31,0.16
rxn39344,=,-4.06,0.15
rxn39345,=,-5.57,0.18
rxn39346,>,-5.18,0.25
rxn39348,=,-3.94,0.13
rxn39351,>,-23.12,0.8
rxn39359,>,-7.26,0.22
rxn39370,=,2.96,0.29
rxn39371,>,-31.97,0.5
rxn39372,=,4.28,0.14
rxn39373,=,3.77,0.03
rxn39374,=,1.22,0.27
rxn39381,=,-5.69,0.16
rxn39386,=,-4.62,0.29
rxn39388,>,-4.74,0.43
rxn39395,=,-4.5,0.17
rxn39396,=,-2.37,0.21
rxn39397,=,-9.68,0.35
rxn39404,=,-3.54,0.65
rxn39406,>,-134.77,0.85
rxn39409,<,94.59,0.37
rxn39411,=,-4.39,0.2
rxn39413,>,-94.26,0.84
rxn39414,=,-2.66,0.22
rxn39415,=,-0.15,0.4
rxn39416,>,-114.89,0.04
rxn39420,=,2.26,0.36
rxn39421,=,1.68,0.36
rxn39424,>,-231.29,0.66
rxn39430,<,33.22,0.39
rxn39432,>,-15.15,0.55
rxn39433,=,4.84,0.34
rxn39434,=,0.0,0.02
rxn39435,=,4.04,0.49
rxn39436,=,0.69,0.02
rxn39437,>,-23.1,0.8
rxn39438,=,-2.59,0.64
rxn39439,=,-0.17,0.29
rxn39443,=,0.43,0.02
rxn39448,>,-11.79,0.39
rxn39449,=,-2.33,0.35
rxn39450,=,2.49,0.35
rxn39451,<,15.72,0.26
rxn39452,<,15.14,0.26
rxn39455,=,14.43,0.41
rxn39456,=,-5.78,0.5
rxn39457,<,27.72,0.62
rxn39458,>,-91.24,0.81
rxn39465,=,-7.68,0.27
rxn39466,=,-0.0,0.02
rxn39472,>,-12.94,0.74
rxn39476,<,20.5,1.0
rxn39477,>,-23.11,0.8
rxn39478,=,-0.13,0.22
rxn39480,>,-2.89,0.24
rxn39484,>,-99.28,0.78
rxn39485,>,-77.89,0.39
rxn39487,=,2.88,0.39
rxn39493,>,-23.12,0.8
rxn39498,=,1.71,0.57
rxn39499,>,-11.94,0.23
rxn39500,>,-107.4,0.36
rxn39501,>,-93.72,0.27
rxn39502,>,-104.34,0.43
rxn39503,>,-96.27,0.39
rxn39504,>,-96.27,0.39
rxn39505,=,-2.67,0.23
rxn39506,=,-7.64,0.49
rxn39508,>,-52.84,0.04
rxn39509,>,-7.57,0.28
rxn39510,=,3.98,3.24
rxn39512,=,14.19,1.52
rxn39513,<,9.38,0.8
rxn39598,>,-12.09,0.54
rxn39608,=,9.19,0.55
rxn39681,>,-25.14,0.9
rxn39682,>,-21.08,0.93
rxn39683,>,-21.4,0.93
rxn39684,>,-24.53,0.98
rxn39685,>,-22.44,1.03
rxn39686,>,-13.22,1.0
rxn39688,>,-94.48,0.54
rxn39689,>,-105.78,0.35
rxn39690,=,-2.93,0.34
rxn39691,=,-8.76,0.39
rxn39693,>,-7.32,0.55
rxn39694,=,3.15,0.27
rxn39695,=,3.15,0.27
rxn39696,=,3.98,0.27
rxn39697,=,3.98,0.27
rxn39698,=,3.98,0.27
rxn39699,=,3.98,0.27
rxn39700,=,3.15,0.27
rxn39701,=,3.15,0.27
rxn39702,>,-94.3,0.34
rxn39703,>,-94.3,0.34
rxn39704,>,-93.63,0.34
rxn39705,>,-91.02,0.33
rxn39706,=,-5.81,0.26
rxn39707,=,0.8,0.36
rxn39708,=,-1.82,0.34
rxn39709,=,3.98,0.27
rxn39710,>,-87.63,0.45
rxn39713,>,-81.2,0.81
rxn39714,=,-1.76,0.56
rxn39715,=,3.36,0.73
rxn39716,=,3.36,0.73
rxn39717,=,0.58,0.25
rxn39718,=,1.69,0.2
rxn39719,=,-2.28,0.23
rxn39720,=,-0.99,0.3
rxn39721,<,11.88,0.29
rxn39722,>,-198.98,0.38
rxn39723,>,-80.37,1.37
rxn39724,>,-192.93,0.37
rxn39725,>,-11.98,0.44
rxn39726,>,-11.61,0.3
rxn39727,>,-11.69,0.3
rxn39728,=,-2.07,0.48
rxn39731,>,-77.43,0.43
rxn39732,=,7.31,1.02
rxn39733,=,0.57,0.25
rxn39734,=,-2.87,0.02
rxn39736,>,-1.14,0.92
rxn39737,>,-32.5,0.47
rxn39738,=,-2.67,0.48
rxn39747,=,3.48,0.66
rxn39748,>,-92.39,0.57
rxn39749,=,1.05,0.45
rxn39750,>,-82.21,0.3
rxn39751,<,20.15,0.52
rxn39752,>,-20.25,0.78
rxn39753,>,-95.45,0.3
rxn39754,>,-106.26,0.14
rxn39755,>,-92.64,0.09
rxn39756,>,-96.95,0.13
rxn39757,>,-107.96,0.14
rxn39758,>,-17.05,0.83
rxn39759,>,-86.99,0.62
rxn39760,>,-106.41,1.98
rxn39761,>,-94.42,0.57
rxn39762,<,19.21,0.8
rxn39764,=,-2.37,0.79
rxn39770,>,-12.92,0.49
rxn39771,>,-3.96,1.76
rxn39774,>,-22.44,0.82
rxn39775,>,-11.87,0.43
rxn39780,>,-108.41,0.69
rxn39781,=,-1.49,0.47
rxn39782,>,-82.13,0.26
rxn39784,=,-1.2,0.17
rxn39785,>,-9.19,0.93
rxn39786,>,-60.5,0.83
rxn39787,>,-218.71,0.11
rxn39788,<,8.94,0.49
rxn39792,>,-24.97,0.3
rxn39801,<,10.21,0.31
rxn39802,<,6.34,0.25
rxn39804,=,10.97,0.54
rxn39813,<,2.83,1.25
rxn39817,>,-97.77,0.68
rxn39819,>,-11.96,0.9
rxn39821,>,-96.76,0.38
rxn39822,>,-93.03,0.36
rxn39823,>,-93.03,0.36
rxn39824,>,-93.03,0.36
rxn39829,=,-5.76,0.47
rxn39845,>,-3.11,0.78
rxn39847,=,17.46,2.23
rxn39849,>,-132.72,0.55
rxn39850,>,-129.28,0.56
rxn39851,=,-15.0,0.72
rxn39853,=,-6.84,0.45
rxn39854,>,-69.05,0.48
rxn39855,>,-31.2,1.0
rxn39858,=,-6.06,1.33
rxn39859,>,-70.83,0.99
rxn39860,<,67.62,0.95
rxn39862,=,5.55,0.39
rxn39863,>,-63.57,0.84
rxn39880,=,4.4,0.33
rxn39882,=,-9.43,0.59
rxn39883,>,-12.59,0.47
rxn39884,>,-12.41,0.04
rxn39886,=,2.16,0.09
rxn39887,=,2.16,0.09
rxn39889,=,1.09,0.93
rxn39890,>,-56.47,0.54
rxn39891,>,-5.81,0.31
rxn39892,>,-0.07,0.35
rxn39895,>,-27.83,1.2
rxn39900,=,1.6,0.23
rxn39901,=,4.45,0.23
rxn39902,<,14.66,0.6
rxn39903,=,8.26,0.77
rxn39904,=,0.17,0.18
rxn39908,>,-15.06,0.42
rxn39912,>,-12.68,0.83
rxn39915,=,-0.86,0.24
rxn39917,>,-3.4,0.57
rxn39921,>,-93.88,0.09
rxn39922,=,-3.13,0.16
rxn39923,=,1.58,0.31
rxn39924,>,-50.99,0.39
rxn39925,=,-0.44,0.1
rxn39926,>,-15.34,0.34
rxn39929,>,-100.33,0.74
rxn39930,>,-107.46,0.74
rxn39932,>,-157.11,5.34
rxn39933,=,4.45,0.17
rxn39934,<,17.62,0.44
rxn39954,>,-89.99,0.37
rxn39957,=,-1.22,0.61
rxn39958,=,2.65,0.2
rxn39964,>,-18.35,0.72
rxn39965,>,-22.72,1.33
rxn39967,=,11.53,0.17
rxn39972,>,-306.13,0.69
rxn39973,>,-66.43,0.66
rxn39974,=,-2.1,0.29
rxn39975,>,-136.98,0.65
rxn39976,>,-138.13,0.72
rxn39977,=,0.0,0.56
rxn39978,>,-96.48,0.05
rxn39979,>,-83.74,0.36
rxn39980,>,-96.62,0.56
rxn39981,>,-90.53,0.37
rxn39982,>,-7.28,0.04
rxn39985,=,6.52,0.29
rxn39986,=,-3.4,0.44
rxn39988,>,-15.55,1.08
rxn39989,>,-174.13,0.66
rxn39991,>,-93.17,0.13
rxn39992,>,-94.46,0.45
rxn39993,>,-11.33,0.35
rxn39994,>,-102.16,0.39
rxn39995,>,-2.81,0.54
rxn39999,>,-5.39,0.42
rxn40000,>,-5.41,0.42
rxn40001,=,7.33,0.69
rxn40003,>,-6.07,0.33
rxn40004,>,-6.65,0.31
rxn40005,>,-18.67,0.3
rxn40007,>,-302.41,0.13
rxn40008,>,-69.0,0.62
rxn40009,>,-164.42,1.23
rxn40010,>,-83.08,0.8
rxn40011,<,12.7,0.58
rxn40012,=,1.93,0.29
rxn40013,=,3.33,0.31
rxn40023,=,7.23,0.69
rxn40024,=,2.66,0.22
rxn40025,<,14.48,0.84
rxn40026,<,13.89,0.84
rxn40027,<,20.89,0.87
rxn40028,>,-10.61,0.29
rxn40029,=,0.58,0.23
rxn40032,=,6.71,0.39
rxn40033,=,0.15,0.35
rxn40034,>,-115.33,0.61
rxn40035,>,-106.61,0.65
rxn40036,>,-221.94,0.48
rxn40037,>,-27.51,0.44
rxn40042,=,-2.09,0.31
rxn40043,>,-91.13,0.5
rxn40044,>,-92.42,0.53
rxn40045,=,3.15,0.12
rxn40046,>,-107.36,0.1
rxn40049,>,-35.88,0.79
rxn40050,=,11.19,0.45
rxn40052,=,-3.05,0.67
rxn40055,=,2.35,0.86
rxn40056,=,2.35,0.86
rxn40057,=,4.71,1.71
rxn40060,<,69.71,0.84
rxn40061,>,-6.8,0.37
rxn40062,=,0.5,3.8
rxn40063,>,-34.29,1.92
rxn40064,=,2.58,2.19
rxn40065,=,-3.55,0.23
rxn40067,=,3.9,0.35
rxn40068,>,-144.93,0.57
rxn40069,>,-69.44,1.41
rxn40071,<,7.17,1.17
rxn40072,=,2.35,0.86
rxn40073,=,2.35,0.86
rxn40074,=,2.35,0.86
rxn40075,=,2.35,0.86
rxn40076,=,4.71,1.71
rxn40077,>,-3.83,0.22
rxn40078,>,-32.2,0.83
rxn40080,>,-159.86,0.46
rxn40081,>,-8.87,0.59
rxn40083,>,-72.25,0.69
rxn40084,=,12.56,0.29
rxn40087,=,14.73,0.37
rxn40088,=,-0.04,0.86
rxn40089,>,-75.8,0.47
rxn40092,>,-16.97,0.67
rxn40093,>,-5.75,0.02
rxn40097,>,-23.6,0.51
rxn40098,>,-0.76,0.82
rxn40099,=,13.17,0.05
rxn40100,=,-2.98,0.35
rxn40103,>,-13.63,0.59
rxn40104,>,-9.0,0.32
rxn40106,=,-4.41,0.44
rxn40107,>,-78.13,0.41
rxn40108,>,-37.59,0.58
rxn40109,>,-66.34,0.39
rxn40110,>,-14.05,0.47
rxn40115,=,-0.58,2.13
rxn40116,>,-5.56,0.25
rxn40117,>,-35.43,1.23
rxn40118,>,-31.32,1.24
rxn40119,>,-25.06,1.15
rxn40120,>,-13.34,1.15
rxn40121,>,-33.45,1.26
rxn40122,>,-5.71,0.85
rxn40124,=,-4.1,0.13
rxn40125,=,3.59,0.2
rxn40126,>,-20.36,1.17
rxn40127,=,6.25,0.76
rxn40128,=,-4.63,0.36
rxn40129,>,-5.58,0.34
rxn40130,=,-4.41,0.44
rxn40131,=,-4.41,0.44
rxn40132,=,-4.41,0.44
rxn40133,>,-12.54,0.47
rxn40134,>,-12.52,0.47
rxn40135,>,-12.47,0.47
rxn40136,>,-37.63,0.58
rxn40137,>,-37.48,0.58
rxn40138,>,-14.07,0.47
rxn40139,>,-14.01,0.47
rxn40140,>,-13.4,0.38
rxn40141,=,3.38,3.25
rxn40142,>,-13.16,0.27
rxn40145,=,3.59,0.04
rxn40146,>,-114.27,0.35
rxn40147,>,-94.32,0.75
rxn40148,>,-106.56,0.8
rxn40149,>,-112.15,0.8
rxn40150,>,-313.03,0.76
rxn40151,>,-100.33,0.05
rxn40152,>,-177.48,0.75
rxn40153,>,-94.72,0.2
rxn40155,>,-129.1,0.64
rxn40157,=,-12.76,2.8
rxn40158,=,-17.43,2.8
rxn40159,>,-34.56,0.79
rxn40160,>,-22.13,1.17
rxn40161,>,-56.68,1.16
rxn40164,=,-0.62,0.48
rxn40168,>,-38.35,0.54
rxn40169,>,-14.43,0.35
rxn40170,>,3.07,0.03
rxn40171,=,0.31,0.47
rxn40172,>,-24.97,0.46
rxn40173,>,-89.29,0.61
rxn40174,>,-78.49,0.69
rxn40175,>,-28.11,1.23
rxn40176,=,-2.28,0.25
rxn40177,>,-115.37,0.6
rxn40178,>,-91.16,0.33
rxn40179,>,-105.27,0.43
rxn40180,>,-91.55,0.52
rxn40181,>,-67.14,0.88
rxn40182,>,-92.47,0.46
rxn40183,>,-91.55,0.52
rxn40184,>,-24.6,0.87
rxn40185,>,-93.1,0.59
rxn40186,>,-273.06,1.49
rxn40187,>,-93.38,0.41
rxn40188,>,-61.27,0.95
rxn40189,>,-13.05,0.36
rxn40190,>,-200.79,0.35
rxn40192,>,-94.53,0.38
rxn40193,>,-392.7,0.4
rxn40194,>,-264.17,0.77
rxn40195,>,-13.05,0.36
rxn40196,>,-93.38,0.41
rxn40197,>,-10.73,0.53
rxn40198,>,-63.8,0.95
rxn40199,>,-61.68,0.85
rxn40204,=,1.69,0.19
rxn40205,=,1.69,0.19
rxn40207,=,-3.13,0.27
rxn40208,=,-1.22,0.61
rxn40209,=,-1.48,0.64
rxn40210,=,-3.39,0.17
rxn40211,>,-10.72,0.29
rxn40215,>,-6.73,0.12
rxn40217,>,-10.59,0.43
rxn40218,>,-108.69,0.14
rxn40219,>,-177.12,0.41
rxn40220,>,-108.3,0.51
rxn40221,=,7.45,0.33
rxn40222,=,2.37,0.6
rxn40223,=,3.39,0.04
rxn40224,=,1.69,0.24
rxn40225,=,1.1,0.24
rxn40228,>,-14.86,0.39
rxn40229,=,-5.14,0.78
rxn40230,=,-9.08,0.37
rxn40231,=,-4.2,0.25
rxn40232,>,-10.49,0.29
rxn40233,>,-10.15,0.35
rxn40234,=,-9.11,0.3
rxn40235,=,2.81,0.04
rxn40236,=,6.0,3.28
rxn40237,=,-8.16,0.29
rxn40238,=,-1.93,0.27
rxn40243,>,-102.78,0.22
rxn40244,=,1.61,0.8
rxn40245,=,1.63,0.84
rxn40246,<,16.72,0.8
rxn40247,>,-11.71,0.49
rxn40248,=,-1.0,0.79
rxn40250,>,-32.19,0.83
rxn40251,>,-31.02,0.65
rxn40252,=,3.64,0.78
rxn40253,=,-6.73,0.25
rxn40254,=,-1.79,0.27
rxn40255,>,-29.52,0.38
rxn40256,>,7.65,0.27
rxn40257,<,26.39,0.37
rxn40258,=,11.43,0.39
rxn40259,=,0.49,0.32
rxn40260,<,10.4,0.74
rxn40262,>,-40.19,0.35
rxn40263,>,-18.27,0.59
rxn40264,>,-81.96,0.04
rxn40265,>,-20.29,0.78
rxn40266,>,-9.0,0.32
rxn40267,>,-127.5,0.68
rxn40268,>,-96.7,0.18
rxn40269,>,-96.7,0.18
rxn40270,>,-90.41,0.78
rxn40273,>,-12.05,0.53
rxn40274,>,-106.42,0.38
rxn40275,=,0.84,0.2
rxn40276,=,-4.27,0.77
rxn40277,=,-3.62,0.8
rxn40278,>,-5.61,0.86
rxn40279,=,3.1,0.15
rxn40280,>,-26.79,0.97
rxn40284,>,-12.69,0.25
rxn40285,=,4.24,0.22
rxn40286,>,-1.54,0.19
rxn40289,=,-3.64,0.99
rxn40293,>,-6.37,0.33
rxn40296,>,-109.79,0.04
rxn40297,=,6.89,0.27
rxn40299,=,5.86,0.79
rxn40300,=,4.2,0.8
rxn40302,>,0.95,0.83
rxn40303,>,-106.15,0.38
rxn40305,>,0.81,0.86
rxn40307,=,-0.74,0.27
rxn40309,=,8.03,0.55
rxn40310,>,-105.37,0.38
rxn40311,>,-93.75,0.34
rxn40312,=,5.7,0.22
rxn40313,>,-105.64,0.38
rxn40314,>,-15.85,0.27
rxn40315,>,-13.03,0.33
rxn40316,<,20.1,0.52
rxn40317,<,17.07,0.78
rxn40318,>,-3.52,0.02
rxn40323,=,0.14,0.17
rxn40324,>,-19.52,0.67
rxn40325,=,4.41,0.21
rxn40331,=,-1.57,0.3
rxn40334,>,-20.33,0.73
rxn40335,>,-21.97,0.61
rxn40336,>,-21.97,0.61
rxn40337,=,7.42,0.26
rxn40339,=,8.52,0.64
rxn40340,=,6.13,0.55
rxn40341,=,-6.48,0.35
rxn40344,>,-22.32,0.82
rxn40345,>,-12.03,0.68
rxn40346,>,-94.2,0.33
rxn40347,=,12.84,0.33
rxn40351,>,-10.17,0.63
rxn40352,=,-0.98,0.14
rxn40354,>,-113.43,0.06
rxn40356,=,-7.52,0.16
rxn40358,>,-12.0,0.44
rxn40359,>,-10.85,0.53
rxn40362,>,-5.72,0.03
rxn40364,=,-2.68,0.04
rxn40365,=,-9.0,0.02
rxn40366,=,2.55,0.03
rxn40368,<,4.83,0.25
rxn40371,>,-9.21,0.66
rxn40372,>,-9.21,0.66
rxn40374,>,-97.35,0.28
rxn40375,>,-195.74,0.57
rxn40376,>,-195.74,0.57
rxn40377,>,-41.92,0.59
rxn40378,<,37.6,0.64
rxn40379,>,-42.51,0.59
rxn40380,<,39.93,0.59
rxn40383,>,-25.77,0.52
rxn40384,>,-25.18,0.52
rxn40385,>,-133.53,0.7
rxn40386,>,-10.79,0.16
rxn40387,=,-6.84,0.51
rxn40388,=,-4.43,0.31
rxn40389,=,-5.54,0.3
rxn40390,=,1.56,0.32
rxn40402,>,-97.87,0.52
rxn40405,>,-85.0,0.61
rxn40406,>,-64.96,0.51
rxn40407,>,-114.06,0.49
rxn40408,>,-179.02,0.51
rxn40409,=,1.76,0.41
rxn40410,>,-9.72,0.68
rxn40411,>,-33.56,0.9
rxn40413,>,-112.42,0.75
rxn40414,>,-181.05,0.58
rxn40415,>,-112.42,0.75
rxn40416,=,9.26,0.18
rxn40417,=,8.09,0.31
rxn40418,=,-1.44,0.2
rxn40419,>,-5.62,0.4
rxn40420,>,-18.85,0.62
rxn40421,>,-18.98,0.63
rxn40422,=,-5.09,1.05
rxn40423,>,-5.95,0.47
rxn40429,<,12.45,0.62
rxn40430,=,-6.26,0.86
rxn40431,=,-2.69,0.3
rxn40433,>,-272.66,1.42
rxn40434,>,-0.13,0.86
rxn40435,>,-270.53,1.49
rxn40436,=,-5.65,0.02
rxn40437,<,19.13,0.62
rxn40438,=,0.42,0.29
rxn40439,=,3.35,0.3
rxn40440,=,-1.67,0.28
rxn40441,>,-99.86,0.05
rxn40442,=,2.28,0.02
rxn40443,>,-113.15,0.38
rxn40444,=,11.9,0.38
rxn40446,>,-25.1,0.81
rxn40447,=,-5.18,0.82
rxn40448,>,-8.07,0.03
rxn40452,=,6.38,0.21
rxn40453,=,6.1,0.12
rxn40454,>,-199.78,0.93
rxn40455,>,-50.05,0.39
rxn40456,>,-165.92,0.53
rxn40457,>,-113.85,0.21
rxn40458,>,-86.23,0.38
rxn40459,>,-90.89,0.41
rxn40460,>,-31.85,1.2
rxn40461,>,-179.1,1.19
rxn40462,>,-109.53,0.73
rxn40463,>,-89.89,0.92
rxn40464,>,-6.59,0.47
rxn40466,>,-109.84,0.13
rxn40467,=,-7.23,0.64
rxn40471,>,-127.67,0.82
rxn40472,>,-130.55,0.63
rxn40473,>,-90.85,0.45
rxn40474,>,-18.22,0.83
rxn40476,>,-1.69,0.39
rxn40477,>,-1.95,0.39
rxn40478,=,-1.44,0.11
rxn40480,=,-0.01,0.28
rxn40481,=,9.54,0.53
rxn40482,=,1.63,0.44
rxn40483,>,-9.03,0.49
rxn40485,<,12.23,0.63
