rxn	name	ec_class	dg_gc	dg_eq	dg_dgp	cluster
rxn00001	diphosphate phosphohydrolase	3	4.180	-4.070	-3.820	3
rxn00002	urea-1-carboxylate amidohydrolase	3	-9.710	-19.770	-23.020	-1
rxn00003	pyruvate:pyruvate acetaldehydetransferase (decarboxylating)	2	10.560	7.140	5.710	-1
rxn00004	4-hydroxy-4-methyl-2-oxoglutarate pyruvate-lyase (pyruvate-forming)	4	3.170	3.380	-1.480	5
rxn00006	hydrogen-peroxide:hydrogen-peroxide oxidoreductase	1	-45.350	-45.860	-46.540	-1
rxn00007	alpha,alpha-trehalose glucohydrolase	3	-3.110	-2.740	-2.980	-1
rxn00008	Mn(II):hydrogen-peroxide oxidoreductase	1	62.320	62.330	-64.690	-1
rxn00009	GTP:GTP guanylyltransferase	2	-8.430	2.850	0.420	-1
rxn00010	glyoxylate carboxy-lyase (dimerizing; tartronate-semialdehyde-forming)	4	-10.600	-4.490	-5.170	-1
rxn00011	pyruvate:thiamin diphosphate acetaldehydetransferase (decarboxylating)	1;2;4	6.900	6.990	-7.320	-1
rxn00012	sucrose:sucrose 1'-beta-D-fructosyltransferase	2	0.000	-1.380	-5.120	16
rxn00015	putrescine:putrescine 4-aminobutyltransferase (ammonia-forming)	2	-0.520	-1.160	-4.600	-1
rxn00016	chitobiose N-acetylglucosaminohydrolase	3	-3.110	-2.990	2.510	10
rxn00017	hydroxylamine:NAD+ oxidoreductase	1	18.540	-20.460	-4.450	-1
rxn00018	3-phospho-D-glycerate carboxy-lyase (dimerizing; D-ribulose-1,5-bisphosphate-forming)	4	-7.850	-6.310	-8.630	-1
rxn00020	cellobiose glucohydrolase	3	-3.110	-2.700	6.130	10
rxn00021	2-hydroxy-1,2-diphenylethanone benzaldehyde-lyase (benzaldehyde-forming)	4	2.470	2.900	2.370	19
rxn00022	maltose glucohydrolase	3	-3.110	-3.400	5.810	10
rxn00024	1,2-Benzenediol:oxygen oxidoreductase	1	-82.880	-126.040	-48.690	-1
rxn00025	beta-Carotene:oxygen 15,15'-oxidoreductase (bond-cleaving)	1	-87.460	-85.960	-72.680	23
rxn00026	thiamine:oxygen 5-oxidoreductase	1	-26.490	-26.710	-29.070	37
rxn00029	5-aminolevulinate hydro-lyase (adding 5-aminolevulinate and cyclizing; porphobilinogen-forming)	4	-15.270	-24.440	-38.950	-1
rxn00030	4-hydroxy-3-hexanone propanal-lyase (propanal-forming)	4	-4.020	-2.950	-8.440	-1
rxn00033	4-hydroxyphenylpyruvate:oxygen oxidoreductase (decarboxylating)	1	-136.560	-160.170	-128.620	-1
rxn00034	1,2-bis(4-hydroxy-3-methoxyphenyl)ethylene:oxygen oxidoreductase (alpha-beta-bond-cleaving)	1	-83.780	-87.680	-61.990	-1
rxn00035	columbamine:oxygen oxidoreductase (cyclizing)	1	-121.350	-118.720	-28.330	-1
rxn00036	3,4-dihydroxy-L-phenylalanine:oxygen oxidoreductase	1	-79.730	-82.130	-148.190	-1
rxn00038	(R)-3-((R)-3-Hydroxybutanoyloxy)-butanoate hydroxybutanoylhydrolase	3	-2.110	-12.830	-8.600	20
rxn00039	1-O-galloyl-beta-D-glucose:1-O-galloyl-beta-D-glucose O-galloyltransferase	2	0.000	-2.610	-10.930	-1
rxn00040	digallate acylhydrolase	3	-2.110	-14.240	-17.930	20
rxn00041	orsellinate-depside hydrolase	3	-2.110	-14.330	-18.280	20
rxn00042	inosine:oxygen 5'-oxidoreductase	1	-98.330	-101.260	-96.380	-1
rxn00043	catechol:oxygen oxidoreductase	1	-82.170	-71.420	-131.460	-1
rxn00044	N-(6-aminohexanoyl)-6-aminohexanoate amidohydrolase	3	-0.460	1.150	0.080	-1
rxn00046	1-O-sinapoyl-beta-D-glucose:1-O-sinapoyl-beta-D-glucose 1-O-sinapoyltransferase	2	0.000	-1.180	-10.740	-1
rxn00048	6,7-Dimethyl-8-(1-D-ribityl)lumazine:6,7-dimethyl-8-(1-D-ribityl)lumazine 2,3-butanediyltransferase	2	-44.070	-22.960	14.060	-1
rxn00051	D-urobilinogen:oxygen oxidoreductase	none	-84.110	-117.030	-106.660	-1
rxn00052	thiamine-aldehyde:oxygen 5-oxidoreductase	1	-41.480	-40.380	-34.790	34
rxn00054	2-aminophenol:oxygen oxidoreductase (dimerizing)	1	-286.300	-236.000	-292.350	-1
rxn00055	S-adenosyl-L-methionine:S-adenosyl-L-methionine 3-amino-3-carboxypropyltransferase	2	-24.460	2.360	-17.630	-1
rxn00057	Catechol:oxygen oxidoreductase (dimerizing)	1	-264.920	-160.970	-216.780	-1
rxn00060	porphobilinogen:(4-[2-carboxyethyl]-3-[carboxymethyl]pyrrol-2-yl)methyltransferase (hydrolysing)	2;4	-25.970	-31.810	-68.010	-1
rxn00061	ATP diphosphohydrolase (phosphate-forming)	3	-23.070	-13.030	-12.150	-1
rxn00062	ATP phosphohydrolase	3;5;7	-6.780	-6.540	-6.400	43
rxn00063	ATP diphosphohydrolase (diphosphate-forming)	3	-27.240	-8.970	-8.330	30
rxn00064	ATP aminohydrolase	3	-8.510	-13.300	-5.650	-1
rxn00065	ATP diphosphate-lyase (cyclizing; 3',5'-cyclic-AMP-forming)	4	-8.450	0.800	1.680	6
rxn00066	NADH:hydrogen-peroxide oxidoreductase	1	-77.090	-77.510	-78.750	23
rxn00067	CoA:NAD+ oxidoreductase	1	2.940	-2.960	2.350	-1
rxn00069	L-glutamate:NAD+ oxidoreductase (transaminating)	1	13.440	12.120	12.000	-1
rxn00070	glutathione:NAD+ oxidoreductase	1	-4.940	3.720	4.690	6
rxn00075	NAD nucleosidase, mitochondrial	3	-3.640	-7.950	-4.330	-1
rxn00076	NAD+ phosphohydrolase	3	-28.310	-8.260	-8.150	30
rxn00077	ATP:NAD+ 2'-phosphotransferase	2	-14.000	-2.400	-2.840	32
rxn00078	ATP:NADH 2'-phosphotransferase	2	-14.000	-2.430	-3.430	32
rxn00083	NADPH:NAD+ oxidoreductase	1	0.000	0.030	0.580	16
rxn00084	NADPH:hydrogen-peroxide oxidoreductase	1	-77.090	-77.480	-78.160	23
rxn00085	L-Glutamate:NADP+ oxidoreductase (transaminating)	1	13.440	12.090	11.410	-1
rxn00086	glutathione:NADP+ oxidoreductase	1	-4.940	3.690	4.110	6
rxn00088	NADP+ 2'-phosphohydrolase	3	7.220	-4.140	-3.550	3
rxn00090	glutathione:oxygen oxidoreductase	1	-36.680	-27.930	-27.520	-1
rxn00092	ADP phosphohydrolase	3	-16.280	-6.490	-5.750	32
rxn00093	ADP aminohydrolase	3	-8.510	-13.620	-5.650	-1
rxn00095	P1,P4-bis(5'-adenosyl)-tetraphosphate nucleotidebisphosphohydrolase	3	-9.310	-9.270	-9.440	-1
rxn00096	ADP:ATP adenylyltransferase	2	2.530	2.730	3.050	19
rxn00097	ATP:AMP phosphotransferase	2	9.500	-0.050	-0.650	4
rxn00098	Adenosine-tetraphosphate phosphohydrolase	3	-6.780	-8.490	-6.070	-1
rxn00099	(6S)-6-Hydroxy-1,4,5,6-tetrahydronicotinamide-adenine-dinucleotide hydro-lyase (ATP-hydrolysing)	4	-13.070	-12.740	-29.630	-1
rxn00100	ATP:dephospho-CoA 3'-phosphotransferase	2	-14.000	1.280	0.860	-1
rxn00101	Urea amidohydrolase	3	-5.810	-6.960	-7.320	42
rxn00102	carbonate hydro-lyase (carbon-dioxide-forming)	4	0.810	1.240	1.150	-1
rxn00103	formate:NADP+ oxidoreductase	1	-3.090	-3.430	-3.460	-1
rxn00105	ATP:nicotinamide-nucleotide adenylyltransferase	2	1.070	-0.700	-0.170	12
rxn00107	ATP:2'-deoxy-5-hydroxymethylcytidine-5'-diphosphate phosphotransferase	2	0.000	1.410	0.010	16
rxn00108	ATP:5-hydroxymethyldeoxycytidylate phosphotransferase	2	-9.500	-0.960	0.610	-1
rxn00109	ammonia:NAD+ oxidoreductase	1	23.030	-19.770	60.970	-1
rxn00113	Carbon-dioxide:ammonia ligase (ADP-forming,carbamate-phosphorylating)	6	-16.810	0.270	-0.020	-1
rxn00114	ATP:carbamate phosphotransferase	2	-10.030	6.810	6.370	6
rxn00116	UDP phosphohydrolase	3	-16.280	-6.260	-5.610	32
rxn00117	ATP:UDP phosphotransferase	2	-0.000	0.050	-0.220	16
rxn00118	Uridine triphosphate:AMP phosphotransferase	2	9.500	-0.100	-0.420	4
rxn00119	ATP:UMP phosphotransferase	2	9.500	-0.280	-0.790	4
rxn00120	UTP phosphohydrolase	3	-6.780	-6.590	-6.170	43
rxn00121	FAD nucleotidohydrolase	3	-28.310	-5.350	-5.260	-1
rxn00122	ATP:FMN adenylyltransferase	2	1.070	-3.080	-3.070	-1
rxn00123	pyridoxal-5'-phosphate phosphohydrolase	3	7.220	-3.080	0.770	-1
rxn00124	ATP:pyridoxal 5'-phosphotransferase	2	-14.000	-3.460	-7.160	32
rxn00125	S-Adenosyl-L-methionine hydrolase	3	-7.440	12.270	10.950	6
rxn00126	ATP:L-methionine S-adenosyltransferase	2	-12.580	-21.060	17.960	10
rxn00127	S-adenosyl-L-methionine carboxy-lyase [(5-deoxy-5-adenosyl)(3-aminopropyl)methylsulfonium-forming]	4	-3.120	-5.480	-8.150	31
rxn00128	S-adenosyl-L-methionine methylthioadenosine-lyase (1-aminocyclopropane-1-carboxylate-forming)	4	-3.020	-12.950	-9.600	-1
rxn00129	S-Adenosyl-L-methionine alkyltransferase (cyclizing)	2	1.850	13.620	10.360	-1
rxn00130	AMP aminohydrolase	3	-8.510	-7.700	-5.650	-1
rxn00131	AMP phosphoribohydrolase	3	-0.730	-4.270	-3.040	-1
rxn00132	Adenosine 5'-monophosphate phosphohydrolase	3	7.220	-3.540	-2.970	3
rxn00133	P1,P4-bis(5'-adenosyl)-tetraphosphate adenylohydrolase	3	-18.810	-9.230	-8.800	-1
rxn00134	ATP:adenosine 5'-phosphotransferase	2	-14.000	-3.000	-3.430	32
rxn00136	P1,P3-bis(5'-adenosyl)-triphosphate adenylohydrolase	3	-18.810	-10.630	-8.890	-1
rxn00137	Adenosine 3',5'-bisphosphate 3'-phosphohydrolase	3	7.220	-1.920	0.060	-1
rxn00138	deamido-NAD+:ammonia ligase (AMP-forming)	6	-22.520	-4.360	0.080	-1
rxn00139	AMP:diphosphate phospho-D-ribosyltransferase	2	12.510	4.620	4.750	-1
rxn00140	adenosine 3',5'-phosphate 5'-nucleotidohydrolase	3	-18.790	-9.770	-10.010	-1
rxn00141	S-Adenosyl-L-homocysteine hydrolase	3	5.680	8.300	8.310	19
rxn00142	S-Adenosyl-L-homocysteine aminohydrolase	3	-8.510	-5.460	-5.650	38
rxn00143	S-Adenosyl-L-homocysteine homocysteinylribohydrolase	3	-0.730	-3.910	0.460	-1
rxn00144	2,3-diaminopropanoate ammonia-lyase (adding water; pyruvate-forming)	4	-3.830	0.390	2.100	-1
rxn00147	ATP:pyruvate,water phosphotransferase	2	-21.170	0.100	0.820	-1
rxn00148	ATP:pyruvate 2-O-phosphotransferase	2	-4.890	6.590	6.570	6
rxn00149	pyruvaldehyde:NAD+ oxidoreductase	1	-9.740	-7.390	-3.160	-1
rxn00150	2-Oxopropanal:NADP+ oxidoreductase	1	-9.740	-7.420	-3.750	-1
rxn00151	ATP:pyruvate,phosphate phosphotransferase	2	-25.350	4.170	4.640	-1
rxn00152	Pyruvate:oxygen 2-oxidoreductase (phosphorylating)	1	-45.720	-37.660	-37.760	34
rxn00153	Phosphoenolpyruvate phosphohydrolase	3	-1.890	-13.130	-12.970	20
rxn00154	pyruvate:NAD+ 2-oxidoreductase (CoA-acetylating)	1;2	-8.140	-8.130	-7.910	-1
rxn00155	pyruvate:NADP+ 2-oxidoreductase (CoA-acetylating)	1	-8.140	-8.160	-8.490	-1
rxn00156	pyruvate:oxygen 2-oxidoreductase (CoA-acetylating)	1	-39.880	-39.780	-40.110	34
rxn00157	Acetyl-CoA:formate C-acetyltransferase	2	5.050	4.730	5.020	19
rxn00158	O-carbamoyl-L-serine ammonia-lyase (decarboxylating; pyruvate-forming)	4	-6.490	-92.050	-20.720	-1
rxn00159	(S)-malate:NAD+ oxidoreductase (decarboxylating)	1	1.320	2.940	3.300	-1
rxn00160	(R)-Malate:NAD+ oxidoreductase (decarboxylating)	1	1.320	4.830	5.770	-1
rxn00161	(S)-Malate:NADP+ oxidoreductase(oxaloacetate-decarboxylating)	1	1.320	2.910	2.710	18
rxn00162	oxaloacetate carboxy-lyase (pyruvate-forming)	1;4	-4.930	-4.120	-4.030	-1
rxn00164	2-Hydroxyethylenedicarboxylate carboxy-lyase (pyruvate-forming)	4	4.930	4.120	4.030	19
rxn00165	L-serine ammonia-lyase	4	-7.510	-7.220	-7.130	43
rxn00166	D-serine ammonia-lyase	4	-7.510	-6.880	-8.190	-1
rxn00168	pyruvate carboxy-lyase (acetaldehyde-forming)	4	-3.470	-3.920	-4.140	-1
rxn00170	Acetyl-CoA hydrolase	3	-7.260	-7.680	-7.240	-1
rxn00171	acetaldehyde:NAD+ oxidoreductase (CoA-acetylating)	1	-4.670	-4.210	-3.770	-1
rxn00172	Acetate:CoA ligase (ADP-forming)	6	0.480	1.140	0.850	-1
rxn00173	acetyl-CoA:phosphate acetyltransferase	2	-5.840	2.120	2.350	6
rxn00174	malonyl-CoA carboxy-lyase (acetyl-CoA-forming)	4	-4.930	-3.670	-5.880	-1
rxn00175	Acetate:CoA ligase (AMP-forming)	6	-19.980	-1.290	-1.080	-1
rxn00176	acetyl adenylate:CoA acetyltransferase	6	-22.240	-282.760	-15.030	-1
rxn00177	(3S)-citramalyl-CoA pyruvate-lyase (acetyl-CoA-forming)	4	3.170	1.690	1.090	-1
rxn00178	Acetyl-CoA:acetyl-CoA C-acetyltransferase	2	7.060	5.970	6.290	19
rxn00179	ATP:L-glutamate 5-phosphotransferase	2	-6.900	6.820	3.070	6
rxn00181	ATP:L-glutamate 1-phosphotransferase	2	-6.900	6.120	2.780	6
rxn00182	L-glutamate:NAD+ oxidoreductase (deaminating)	1	8.720	8.720	9.220	21
rxn00183	L-Glutamate 5-semialdehyde:NAD+ oxidoreductase	1	-9.740	-10.760	-5.300	41
rxn00184	L-Glutamate:NADP+ oxidoreductase (deaminating)	1	8.720	8.690	8.640	21
rxn00185	L-Glutamate:oxygen oxidoreductase (deaminating)	1	-23.020	-22.930	-22.990	37
rxn00186	5-oxo-L-proline amidohydrolase (ATP-hydrolysing)	3	-4.110	-1.070	-7.510	-1
rxn00187	L-Glutamate:ammonia ligase (ADP-forming)	6	-2.060	-3.130	-3.620	29
rxn00188	N-carbamyl-L-glutamate amidohydrolase	3	-2.670	13.200	2.630	-1
rxn00189	L-Glutamine amidohydrolase	3;6	-4.720	-3.410	-2.780	33
rxn00190	Deamido-NAD+:L-glutamine amido-ligase (AMP-forming)	6	-27.240	-7.760	-2.700	-1
rxn00191	L-Alanine:2-oxoglutarate aminotransferase	2	0.000	0.040	0.160	16
rxn00192	acetyl-CoA:L-glutamate N-acetyltransferase	2	-5.260	-5.490	-1.720	-1
rxn00193	glutamate racemase	5	0.000	0.130	0.040	16
rxn00194	L-glutamate 1-carboxy-lyase (4-aminobutanoate-forming)	4	-3.120	-5.650	-8.750	31
rxn00195	L-threo-3-Methylaspartate carboxy-aminomethylmutase	5	1.810	-1.670	-1.590	-1
rxn00196	2,5-dioxopentanoate:NADP+ 5-oxidoreductase	1	-9.740	-8.920	-6.180	41
rxn00197	2-oxoglutarate:NADP+ 2-oxidoreductase (CoA-succinylating)	1	-8.140	-6.720	-6.980	-1
rxn00198	Isocitrate:NADP+ oxidoreductase (decarboxylating)	1	3.130	1.310	1.430	18
rxn00199	oxalosuccinate carboxy-lyase (2-oxoglutarate-forming)	1;4	-3.120	-3.140	-3.650	-1
rxn00200	2-oxoglutaramate amidohydrolase	3	-4.720	-0.770	-3.070	-1
rxn00201	R00270	none	4.720	10.090	9.790	19
rxn00202	acetyl-CoA:2-oxoglutarate C-acetyltransferase (thioester-hydrolysing, carboxymethyl forming)	2;4	8.890	6.660	-9.940	-1
rxn00203	2-Oxoglutarate carboxy-lyase	4	-4.120	-4.080	-7.290	31
rxn00204	oxalate:oxygen oxidoreductase	1	-40.490	-39.020	-39.340	34
rxn00205	glutathione:hydrogen-peroxide oxidoreductase	1	-82.030	-73.800	-74.050	23
rxn00208	Pyridoxamine-5'-phosphate:oxygen oxidoreductase (deaminating)	1	-25.570	-23.120	-23.300	37
rxn00209	Pyridoxine 5-phosphate:oxygen oxidoreductase	1	-28.040	-26.960	-24.930	37
rxn00210	D-Glutamate:oxygen oxidoreductase (deaminating)	1	-23.020	-23.060	-23.030	37
rxn00211	UDP-glucose:NAD+ 6-oxidoreductase	1	-4.490	-4.600	1.870	10
rxn00212	UDP-glucose glucophosphohydrolase	3	-28.310	-6.150	-7.930	-1
rxn00213	UTP:alpha-D-glucose-1-phosphate uridylyltransferase	2	1.070	-2.630	-0.030	12
rxn00214	UDP-glucose 4-epimerase	5	0.000	0.310	0.700	16
rxn00215	UDP-glucose 4,6-hydro-lyase (UDP-4-dehydro-6-deoxy-D-glucose-forming)	4	-13.900	-15.270	-8.280	-1
rxn00216	ATP:D-glucose 6-phosphotransferase	2	-14.000	-4.280	-3.430	32
rxn00217	D-Glucose:NAD+ 1-oxidoreductase	1	-1.970	-1.050	-0.200	-1
rxn00218	D-Glucose:NADP+ 1-oxidoreductase	1	-1.730	-2.640	2.910	10
rxn00219	D-glucose:oxygen 2-oxidoreductase	1	-29.410	-31.520	-21.510	-1
rxn00220	D-Glucose-6-phosphate phosphohydrolase	3	7.220	-2.260	-2.960	3
rxn00221	D-Glucose-1-phosphate phosphohydrolase	3	7.220	-6.260	-4.490	3
rxn00222	cellobiose glucohydrolase	3	-3.110	-3.490	-2.880	-1
rxn00223	D-glucose aldose-ketose-isomerase	5	-0.890	0.280	0.210	13
rxn00225	ATP:acetate phosphotransferase	2	-5.360	3.260	3.200	6
rxn00226	ATP:acetate adenylyltransferase	6	2.260	281.470	13.940	-1
rxn00227	Acetyl phosphate phosphohydrolase	3	-1.420	-9.800	-9.600	-1
rxn00228	Phosphonoacetate phosphonohydrolase	3	-16.590	-20.590	-39.000	-1
rxn00229	(S)-lactate:oxygen 2-oxidoreductase (decarboxylating)	1	-117.990	-118.580	-119.520	-1
rxn00230	diphosphate:acetate phosphotransferase	2	5.600	5.730	5.780	19
rxn00231	Acetamide amidohydrolase	3	-6.260	-5.980	-9.580	-1
rxn00232	5'-acetylphosphoadenosine acetylhydrolase	3	-29.500	-290.430	-22.270	-1
rxn00233	2,4-dioxopentanoate acetylhydrolase	3	-26.550	-10.350	-8.550	30
rxn00234	(2S)-2-hydroxy-2-methylbutanedioate pyruvate-lyase (acetate-forming)	4	1.630	0.560	0.490	15
rxn00235	6-Acetyl-D-glucose acetylhydrolase	3	-3.650	-7.140	-7.510	31
rxn00236	GDP phosphohydrolase	3	-16.280	-6.450	-5.790	32
rxn00237	ATP:GDP phosphotransferase	2	0.000	-0.670	0.010	16
rxn00239	ATP:GMP phosphotransferase	2	9.500	-0.090	-0.610	4
rxn00241	GTP phosphohydrolase	3	-6.780	-5.870	-6.400	43
rxn00242	guanosine-3',5'-bis(diphosphate) 3'-diphosphohydrolase	3	-3.740	-6.380	-4.600	-1
rxn00243	GDP-glucose glucohydrolase	3	-4.810	-5.280	-7.580	-1
rxn00244	Oxaloacetate acetylhydrolase	3	-11.580	-12.560	-12.040	35
rxn00245	(R,R)-tartrate hydro-lyase (oxaloacetate-forming)	4	-8.170	-8.110	-12.890	40
rxn00247	ATP:oxaloacetate carboxy-lyase (transphosphorylating;phosphoenolpyruvate-forming)	4	-9.820	2.470	2.540	6
rxn00248	(S)-malate:NAD+ oxidoreductase	1	6.250	7.060	7.320	19
rxn00249	(S)-malate:NADP+ oxidoreductase	1	6.250	7.030	6.740	19
rxn00250	Pyruvate:carbon-dioxide ligase (ADP-forming)	6	-1.040	-1.180	-1.190	-1
rxn00251	phosphate:oxaloacetate carboxy-lyase (adding phosphate;phosphoenolpyruvate-forming)	4	-3.040	9.010	8.940	6
rxn00252	diphosphate:oxaloacetate carboxy-lyase (transphosphorylating;phosphoenolpyruvate-forming)	4	1.140	4.940	5.120	-1
rxn00253	erythro-3-hydroxy-Ls-aspartate ammonia-lyase (oxaloacetate-forming)	4	-5.700	-6.100	-9.650	-1
rxn00254	2-oxosuccinamate amidohydrolase	3	-4.720	-1.940	-4.850	-1
rxn00255	4-carboxy-4-hydroxy-2-oxoadipate oxaloacetate-lyase (pyruvate-forming)	4	3.170	4.120	2.840	19
rxn00256	acetyl-CoA:oxaloacetate C-acetyltransferase (thioester-hydrolysing)	2;4	8.890	8.580	8.330	21
rxn00257	acetyl-CoA:oxaloacetate C-acetyltransferase [(pro-S)-carboxymethyl-forming, ADP-phosphorylating]	2	2.110	2.040	1.930	18
rxn00258	Malonyl-CoA:pyruvate carboxytransferase	2	-0.000	0.450	-1.850	-1
rxn00260	L-Aspartate:2-oxoglutarate aminotransferase	2	-0.000	0.680	0.720	16
rxn00262	L-Aspartic acid:oxygen oxidoreductase (deaminating)	1	-23.020	-22.250	-22.270	37
rxn00263	D-Aspartate:oxygen oxidoreductase (deaminating)	1	-23.020	-23.490	-23.870	37
rxn00264	(S)-Malate:oxygen oxidoreductase	1	-25.490	-24.590	-24.880	37
rxn00265	citrate oxaloacetate-lyase (forming acetate from the pro-S carboxymethyl group of citrate)	4	1.630	0.910	1.090	-1
rxn00266	Oxaloacetate keto-enol-isomerase	5	0.000	1.360	-0.000	16
rxn00268	glycine:NAD+ oxidoreductase (deaminating)	1	10.180	10.760	12.070	21
rxn00269	glycine:oxygen oxidoreductase (deaminating)	1	-21.560	-20.890	-20.130	36
rxn00270	S-Adenosyl-L-methionine:glycine N-methyltransferase	2	-10.430	2.690	12.150	6
rxn00271	N-(carboxymethyl)-D-alanine:NAD+ oxidoreductase (glycine-forming)	1	9.240	8.410	3.480	-1
rxn00272	L-Alanine:glyoxylate aminotransferase	2	-1.460	-2.000	-2.690	-1
rxn00274	Acetyl-CoA:glycine C-acetyltransferase	2	5.250	8.270	5.920	-1
rxn00275	Glycine:2-oxoglutarate aminotransferase	2	1.460	2.040	2.850	-1
rxn00276	Glycine:oxaloacetate aminotransferase	2	1.460	1.360	2.130	18
rxn00278	L-Alanine:NAD+ oxidoreductase (deaminating)	1	8.720	8.760	9.380	21
rxn00279	L-aspartate 4-carboxy-lyase (L-alanine-forming)	4	-4.930	-3.490	-3.470	-1
rxn00280	2,2'-iminodipropanoate:NAD+ oxidoreductase (L-alanine-forming)	1	9.240	8.160	8.360	21
rxn00282	L-alanine:oxaloacetate aminotransferase	2	0.000	-0.640	-0.560	16
rxn00283	alanine racemase	5	0.000	-0.010	0.000	16
rxn00284	succinate:NAD+ oxidoreductase	1	15.030	14.630	16.740	22
rxn00285	Succinate:CoA ligase (ADP-forming)	6	-1.060	-0.420	0.100	13
rxn00286	succinyl-CoA:malate CoA-transferase	2	-0.000	-1.430	-0.780	16
rxn00287	Succinyl-CoA hydrolase	3	-5.720	-6.120	-6.500	42
rxn00288	Succinate:(acceptor) oxidoreductase	1	10.190	11.270	12.320	21
rxn00289	(2S,3R)-3-hydroxybutane-1,2,3-tricarboxylate pyruvate-lyase (succinate-forming)	4	4.980	1.420	4.960	-1
rxn00290	succinyl-CoA:acetoacetate CoA-transferase	2	-0.000	3.010	2.590	-1
rxn00291	N-succinyl-L-glutamate amidohydrolase	3	-0.460	-0.530	-0.550	-1
rxn00292	UDP-N-acetyl-D-glucosamine 2-epimerase	3;5	-4.810	-5.870	-5.430	-1
rxn00293	UTP:N-acetyl-alpha-D-glucosamine-1-phosphate uridylyltransferase	2	1.070	-2.680	-0.020	12
rxn00295	UDP-N-acetyl-D-glucosamine 4-epimerase	5	0.000	0.370	0.220	16
rxn00297	UDP-N-acetyl-D-glucosamine 2-epimerase	5	0.000	0.370	-0.570	-1
rxn00298	UDP-N-acetyl-D-glucosamine:NAD+ 6-oxidoreductase	1	-4.490	-4.860	1.820	10
rxn00299	GTP 7,8-8,9-dihydrolase	3	0.610	-18.540	-40.130	-1
rxn00300	GTP 7,8-8,9-dihydrolase (diphosphate-forming)	3	-23.210	-17.990	-4.370	-1
rxn00301	GTP diphosphohydrolase (diphosphate-forming)	3	-27.240	-8.260	-8.370	30
rxn00303	ATP:GTP 3'-diphosphotransferase	2	-23.500	-2.080	-4.980	-1
rxn00304	GTP:pyruvate 2-O-phosphotransferase	2	-4.890	7.260	6.560	6
rxn00305	GTP:oxaloacetate carboxy-lyase (adding GTP;phosphoenolpyruvate-forming)	4	-9.820	3.140	2.530	6
rxn00306	Succinate:CoA ligase (GDP-forming)	6	-1.060	0.250	0.090	13
rxn00307	GTP diphosphate-lyase (cyclizing; 3',5'-cyclic-GMP-forming)	4	-8.450	-0.310	1.630	-1
rxn00308	L-lysine:NAD+ oxidoreductase (deaminating, cyclizing)	1	-6.190	-4.470	0.340	10
rxn00309	L-Lysine:NAD+ 6-oxidoreductase (deaminating)	1	7.720	8.810	10.970	21
rxn00310	L-lysine:oxygen 2-oxidoreductase (deaminating)	1	-23.020	-24.920	-22.290	37
rxn00311	L-lysine,NADPH:oxygen oxidoreductase (6-hydroxylating)	1	-90.630	-55.650	-56.200	-1
rxn00312	L-Lysine:oxygen 2-oxidoreductase (decarboxylating)	1	-109.260	-111.310	-108.970	24
rxn00313	meso-2,6-diaminoheptanedioate carboxy-lyase (L-lysine-forming)	4	-3.120	-4.390	-6.270	31
rxn00314	N2-(D-1-carboxylethyl)-L-lysine:NADP+ oxidoreductase (L-lysine-forming)	1	9.240	9.420	11.700	21
rxn00315	L-Lysine:pyruvate aminotransferase	2	-1.000	0.050	1.590	13
rxn00316	acetyl-CoA:L-lysine N6-acetyltransferase	2	-5.260	-6.160	-1.010	-1
rxn00317	L-Lysine:2-oxoglutarate 6-aminotransferase	2	-1.000	0.090	1.750	13
rxn00318	N6-acetyl-L-lysine amidohydrolase	3	-2.000	-1.520	-6.240	-1
rxn00319	rxn00319	4	5.710	-9.710	-5.960	3
rxn00320	lysine racemase	5	0.000	0.000	-0.190	16
rxn00321	L-Lysine 2,3-aminomutase	5	0.000	-1.110	-1.100	16
rxn00322	L-lysine carboxy-lyase (cadaverine-forming)	4	-3.120	-5.980	-6.750	31
rxn00323	L-Lysine-1,6-lactam lactamhydrolase	3	-0.440	4.580	0.330	-1
rxn00324	glycolate:NADP+ oxidoreductase	1	7.710	10.530	10.160	21
rxn00325	Glyoxylate:oxygen oxidoreductase	1	-38.740	-38.030	-37.960	34
rxn00326	Glyoxylate:NADP+ oxidoreductase (CoA-oxalylating)	1	-4.020	-3.410	-1.770	-1
rxn00327	(S)-ureidoglycolate amidohydrolase (decarboxylating)	3	-1.570	-5.750	-6.110	29
rxn00328	4-hydroxy-2-oxoglutarate glyoxylate-lyase (pyruvate-forming)	4	3.210	4.270	4.420	19
rxn00330	acetyl-CoA:glyoxylate C-acetyltransferase (thioester-hydrolysing, carboxymethyl-forming)	2;4	8.930	8.560	8.280	21
rxn00331	(3S)-3-carboxy-3-hydroxypropanoyl-CoA glyoxylate-lyase (acetyl-CoA-forming)	4	3.210	3.860	2.560	19
rxn00332	2-oxoglutarate:glyoxylate succinaldehydetransferase (decarboxylating)	2	10.600	7.090	6.390	-1
rxn00333	Glycolate:oxygen 2-oxidoreductase	1	-24.030	-21.090	-21.460	37
rxn00334	3-oxalomalate glyoxylate-lyase (oxaloacetate-forming)	4	5.020	4.230	-10.280	-1
rxn00335	erythro-3-hydroxy-Ls-aspartate glyoxylate-lyase (glycine-forming)	4	5.020	0.840	-2.020	-1
rxn00336	isocitrate glyoxylate-lyase (succinate-forming)	4	5.020	2.280	2.010	-1
rxn00337	ATP:L-aspartate 4-phosphotransferase	2	-6.900	5.320	4.330	6
rxn00338	L-aspartate:oxygen oxidoreductase	1	-17.270	-17.200	-18.570	-1
rxn00339	L-Aspartate:ammonia ligase (ADP-forming)	6	-2.060	-2.380	-2.470	29
rxn00340	L-aspartate:ammonia ligase (AMP-forming)	6	-22.520	-4.810	-4.400	-1
rxn00341	N-Carbamoyl-L-aspartate amidohydrolase	3	2.670	-8.040	-7.730	3
rxn00342	L-Asparagine amidohydrolase	3	-4.720	-4.160	-3.930	-1
rxn00344	Acetyl-CoA:L-aspartate N-acetyltransferase	2	-5.260	-4.890	3.370	10
rxn00345	N-Acetyl-L-aspartate amidohydrolase	3	-2.000	-2.780	-10.620	29
rxn00346	L-aspartate 1-carboxy-lyase (beta-alanine-forming)	4	-3.120	-4.730	-5.370	31
rxn00347	L-Aspartate ammonia-lyase	3;4	3.080	3.150	3.430	19
rxn00348	aspartate racemase	5	0.000	1.240	1.610	-1
rxn00350	glutathione gamma-glutamylaminopeptidase	2;3	-0.460	-0.440	5.280	-1
rxn00351	gamma-L-glutamyl-L-cysteine:glycine ligase (ADP-forming)	6	-6.320	-6.800	-10.660	-1
rxn00352	S-Succinylglutathione hydrolase	3	-1.780	-7.640	-6.820	-1
rxn00354	UDP-D-galactose:NAD+ 6-oxidoreductase	1	-4.490	-5.180	0.900	10
rxn00355	UTP:alpha-D-galactose-1-phosphate uridylyltransferase	2	1.070	-1.000	-2.420	-1
rxn00356	UDP-galactose:D-glucose 4-beta-D-galactosyltransferase	2	-1.700	-2.210	-2.540	29
rxn00357	UDP-galactose:UDP-N-acetyl-D-glucosamine galactose phosphotransferase	2	-14.000	52.200	-0.740	-1
rxn00358	UDP-D-galactopyranose furanomutase	5	0.240	0.650	4.250	-1
rxn00359	3'-phosphoadenylyl-sulfate sulfohydrolase	3	-30.280	-21.160	-19.650	-1
rxn00360	3'-Phospho-5'-adenylyl sulfate 3'-phosphohydrolase	3	7.220	-2.990	0.080	3
rxn00361	ATP:adenylylsulfate 3'-phosphotransferase	2	-14.000	-3.550	-6.480	32
rxn00362	Cytidine-5'-monophosphate phosphoribohydrolase	3	-0.730	-2.240	5.150	-1
rxn00363	Cytidine-5'-monophosphate phosphohydrolase	3	7.220	-3.390	-2.980	3
rxn00364	ATP:CMP phosphotransferase	2	9.500	0.310	-0.610	4
rxn00365	ATP:cytidine 5'-phosphotransferase	2	-14.000	-3.150	-3.420	32
rxn00366	CDP phosphohydrolase	3	-16.280	-6.850	-5.780	32
rxn00367	CTP diphosphohydrolase (diphosphate-forming)	3	-27.240	-9.390	-8.350	30
rxn00368	UTP:cytidine 5'-phosphotransferase	2	-14.000	-3.200	-3.190	32
rxn00369	GTP:cytidine 5'-phosphotransferase	2	-14.000	-2.480	-3.420	32
rxn00370	ATP:formate phosphotransferase	2	-10.660	-3.690	16.540	-1
rxn00371	Formate:NAD+ oxidoreductase	1	-3.090	-3.400	-2.880	-1
rxn00372	Formyl-CoA hydrolase	3	-4.520	-1.570	-21.740	8
rxn00373	Oxalate carboxy-lyase	4	-5.660	-3.970	-4.250	-1
rxn00374	Formamide amidohydrolase	3	-17.820	-7.020	-14.160	-1
rxn00375	N-Formyl-L-glutamate amidohydrolase	3	0.740	-7.840	-8.290	-1
rxn00376	N-Formyl-L-aspartate amidohydrolase	3	0.740	-7.440	-13.380	-1
rxn00377	S-Formylglutathione hydrolase	3	-0.580	-1.360	-19.520	-1
rxn00379	ATP:sulfate adenylyltransferase	2	3.040	11.120	11.340	-1
rxn00380	ADP:sulfate adenylyltransferase	2	14.000	13.590	13.920	22
rxn00381	Adenylylsulfate sulfohydrolase	3	-30.280	-20.090	-19.670	-1
rxn00382	L-Serine-O-sulfate ammonia-lyase (pyruvate-forming)	4	-23.790	33.390	-37.030	-1
rxn00383	Sulfite:oxygen oxidoreductase	1	-40.600	-41.210	-40.900	34
rxn00384	D-Glucose 6-sulfate sulfohydrolase	3	-16.280	40.080	-29.060	-1
rxn00385	3'-Phosphoadenylylsulfate:17beta-estradiol 3-sulfotransferase	2	-14.000	-67.980	-7.770	11
rxn00386	3'-Phosphoadenylylsulfate:phenolic-steroid sulfotransferase	2	-14.000	-68.650	-9.440	11
rxn00387	3'-Phosphoadenylylsulfate:phenolic-steroid sulfotransferase	2	-14.000	-68.650	-8.410	11
rxn00391	riboflavin-5-phosphate phosphohydrolase (acid optimum)	3	7.220	-4.040	-5.170	3
rxn00392	ATP:riboflavin 5'-phosphotransferase	2	-14.000	-2.120	-1.230	-1
rxn00393	D-Glucose-1-phosphate:riboflavin 5'-phosphotransferase	2	0.000	-0.820	0.680	-1
rxn00394	L-Arginine amidinohydrolase	3	-3.900	-8.110	-6.860	-1
rxn00395	L-Arginine iminohydrolase	3	-12.380	-8.880	-8.320	-1
rxn00396	ATP:L-arginine Nomega-phosphotransferase	2	32.200	2.010	1.270	-1
rxn00400	L-Arginine,NADPH:oxygen oxidoreductase (N-(omega)-hydroxyarginine-forming)	1	-59.180	1.570	-68.410	-1
rxn00401	L-Arginine:oxygen 2-oxidoreductase (decarboxylating)	1	-109.260	-106.500	-108.970	24
rxn00402	N2-(D-1-carboxyethyl)-L-arginine:NAD+ oxidoreductase (L-arginine-forming)	1	9.240	7.510	7.820	21
rxn00403	N2-(D-1,3-dicarboxypropyl)-L-arginine:NADP+ oxidoreductase (L-arginine-forming)	1	9.240	3.510	12.760	-1
rxn00404	L-Arginine:glycine amidinotransferase	2	0.000	-0.110	-0.070	16
rxn00405	L-arginine carboxy-lyase (agmatine-forming)	4	-3.120	-1.170	-6.750	-1
rxn00406	arginine racemase	5	0.000	4.310	-0.190	-1
rxn00407	CTP aminohydrolase	3	-5.170	-5.510	-4.330	-1
rxn00408	CTP phosphohydrolase	3	-6.780	-6.600	-6.390	43
rxn00409	ATP:CDP phosphotransferase	2	0.000	0.060	-0.000	16
rxn00410	UTP:ammonia ligase (ADP-forming)	6	-1.610	-1.030	-2.060	-1
rxn00411	CTP:pyruvate 2-O-phosphotransferase	2	-4.890	6.530	6.580	6
rxn00412	UTP:L-glutamine amido-ligase (ADP-forming)	6	-6.330	-4.440	-4.840	-1
rxn00413	CTP diphosphate-lyase (cyclizing; 3',5'-cyclic-CMP-forming)	4	-8.450	-0.850	1.650	-1
rxn00414	hydrogen-carbonate:L-glutamine amido-ligase (ADP-forming, carbamate-phosphorylating)	6	-20.720	-1.890	-1.620	-1
rxn00415	L-Glutamine:pyruvate aminotransferase	2	-0.000	-2.680	0.130	-1
rxn00416	L-aspartate:L-glutamine amido-ligase (AMP-forming)	6	-27.240	-8.210	-7.170	30
rxn00417	glutamine racemase	5	0.000	1.490	0.040	16
rxn00419	L-serine:NAD+ oxidoreductase (deaminating)	1	8.720	9.740	11.000	21
rxn00420	O-phospho-L-serine phosphohydrolase	3	7.220	-2.530	-2.450	3
rxn00421	diphosphate:L-serine O-phosphotransferase	2	-3.040	-1.540	-1.370	-1
rxn00422	L-Serine:pyruvate aminotransferase	2	0.000	0.970	1.620	-1
rxn00423	acetyl-CoA:L-serine O-acetyltransferase	2	-3.610	-1.500	-1.610	-1
rxn00424	L-Serine:glyoxylate aminotransferase	2	-1.460	-1.020	-1.070	-1
rxn00425	serine racemase	5	0.000	-0.340	1.070	-1
rxn00426	L-Serine hydro-lyase	4	-0.870	-1.440	-7.270	-1
rxn00427	methanol:hydrogen-peroxide oxidoreductase	1	-70.620	-69.490	-70.260	-1
rxn00429	Formaldehyde:NAD+ oxidoreductase	1	-9.740	-10.960	-9.760	40
rxn00430	methanol:NAD+ oxidoreductase	1	6.470	8.020	8.480	19
rxn00432	Methanol:oxygen oxidereductase	1	-25.270	-23.630	-23.730	37
rxn00433	sarcosine:oxygen oxidoreductase (demethylating)	1	-19.030	-16.840	-21.520	-1
rxn00434	N6-Methyl-L-lysine:oxygen oxidoreductase (demethylating)	1	-19.030	-15.410	-16.000	-1
rxn00435	Formaldehyde:formaldehyde oxidoreductase	1	-16.210	-18.980	-18.240	-1
rxn00436	Thiamin diphosphate phosphohydrolase	3	-16.280	4.710	-6.090	1
rxn00437	ATP:thiamine-diphosphate phosphotransferase	2	0.000	1.840	0.350	-1
rxn00438	ATP:thiamin-phosphate phosphotransferase	2	9.500	-11.250	-0.310	-1
rxn00439	Thiamin-triphosphate phosphohydrolase	3	-6.780	-8.380	-6.740	-1
rxn00440	ATP:thiamine diphosphotransferase	2	-14.000	-0.880	-3.280	-1
rxn00441	R00621	1	-6.900	-6.560	-11.170	-1
rxn00445	L-Galactono-1,4-lactone:oxygen 3-oxidoreductase	1	-29.410	-31.990	-24.650	37
rxn00448	R00646	1	-123.330	-121.030	-127.430	-1
rxn00449	R00647	1	2.460	0.080	-0.000	15
rxn00450	L-Methionine:oxygen oxidoreductase (deaminating)	1	-23.020	-25.410	-25.670	37
rxn00451	S-Adenosyl-L-methionine:L-methionine S-methyltransferase	2	-0.000	-0.150	9.120	-1
rxn00452	S-Adenosyl-L-methionine:L-homocysteine S-methyltransferase	2	-13.120	0.260	-1.650	-1
rxn00453	O-acetyl-L-homoserine:methanethiol 3-amino-3-carboxypropyltransferase	2;4	-9.330	-13.850	-23.200	-1
rxn00454	L-Methionine:glyoxylate aminotransferase	2	-1.460	-4.520	-5.540	-1
rxn00455	N-Formyl-L-methionine amidohydrolase	3	0.740	-5.980	-3.490	-1
rxn00456	L-methionine methanethiol-lyase (deaminating;2-oxobutanoate-forming)	4	-1.830	-2.110	5.920	10
rxn00457	methionine racemase	5	0.000	-0.610	-2.450	-1
rxn00458	L-methionine carboxy-lyase (3-methylthiopropanamine-forming)	4	-3.120	-5.700	-9.750	31
rxn00459	2-phospho-D-glycerate hydro-lyase (phosphoenolpyruvate-forming)	4	-0.870	-0.910	-1.000	-1
rxn00460	UTP:pyruvate 2-O-phosphotransferase	2	-4.890	6.540	6.800	6
rxn00461	Phosphoenolpyruvate:UDP-N-acetyl-D-glucosamine 1-carboxyvinyl-transferase	2	10.330	-3.530	-6.140	3
rxn00462	phosphoenolpyruvate 2,3-phosphonomutase	5	13.160	3.880	3.640	-1
rxn00463	Uridine triphosphate pyrophosphohydrolase	3	-27.240	-8.780	-7.960	30
rxn00464	Bezoyl-CoA:L-ornithine N-benzoyltransferase	2	-10.520	-15.940	-14.570	35
rxn00465	L-Citrulline N5-carbamoyldihydrolase	3	2.670	-6.190	-5.860	-1
rxn00466	N5-(L-1-carboxyethyl)-L-ornithine:NADP+ oxidoreductase (L-ornithine-dorming)	1	9.240	10.510	10.110	21
rxn00467	L-Ornithine:2-oxo-acid aminotransferase	2	-1.000	-0.990	4.330	-1
rxn00468	L-ornithine:2-oxoglutarate aminotransferase	2	-15.030	-9.120	-13.840	-1
rxn00469	N2-Acetyl-L-ornithine amidohydrolase	3	-2.000	-1.640	-4.790	29
rxn00470	L-ornithine carboxy-lyase (putrescine-forming)	4	-3.120	-7.060	-6.750	31
rxn00471	L-ornithine ammonia-lyase (cyclizing; L-proline-forming)	4	4.150	-5.430	-5.960	3
rxn00472	ornithine racemase	5	0.000	-2.280	-0.190	-1
rxn00473	L-tryptophan indole-lyase (deaminating; pyruvate-forming)	4	4.440	4.910	5.040	19
rxn00474	L-serine hydro-lyase (adding indole; L-tryptophan-forming)	4	-11.950	-12.130	-12.170	35
rxn00475	L-Tryptophan:NAD+ oxidoreductase (deaminating)	1	8.720	-0.650	-1.870	3
rxn00476	L-Tryptophan:NADP+ oxidoreductase (deaminating)	1	8.720	-0.680	-2.460	3
rxn00477	L-Tryptophan:oxygen oxidoreductase (deaminating)	1	-23.020	-32.300	-34.080	-1
rxn00478	L-tryptophan:oxygen 2,3-oxidoreductase (decyclizing)	1	-92.100	-81.710	-88.310	-1
rxn00479	L-tryptophan:oxygen 2-oxidoreductase (decarboxylating)	1	-109.260	-114.320	-116.480	-1
rxn00480	L-Tryptophan:oxygen 2'-oxidoreductase (side-chain-cleaving)	1	-89.820	-94.190	-92.510	-1
rxn00481	L-Tryptophanamide amidohydrolase	3	-4.720	0.660	-3.610	-1
rxn00482	S-Adenosyl-L-methionine:L-tryptophan N-methyltransferase	none	-10.430	-1.750	2.830	-1
rxn00483	L-Tryptophan:2-oxoglutarate aminotransferase	2	0.000	-9.370	-11.090	-1
rxn00484	L-Tryptophan decarboxy-lyase	4	-3.120	-8.600	-11.640	-1
rxn00485	L-Phenylalanine racemase (ATP-hydrolysing)	5	-27.240	-10.570	-12.520	-1
rxn00486	ATP:L-phenylalanine adenylyltransferase	2	-21.180	191.630	72.890	-1
rxn00487	L-phenylalanine:NAD+ oxidoreductase (deaminating)	1	8.720	5.240	9.090	-1
rxn00488	L-Phenylalanine:oxygen oxidoreductase (deaminating)	1	-23.020	-26.410	-23.120	37
rxn00489	L-Phenylalanine:oxygen 2-oxidoreductase (decarboxylating)	1	-109.260	-112.410	-105.520	24
rxn00490	L-arogenate hydro-lyase (decarboxylating; L-phenylalanine-forming)	4	-29.100	-18.420	5.280	-1
rxn00491	L-phenylalanine:pyruvate aminotransferase	2	0.000	-3.520	-0.290	-1
rxn00492	Acetyl-CoA:L-phenylalanine N-acetyltransferase	2	-5.260	-7.380	-5.350	-1
rxn00493	L-Phenylalanine:2-oxoglutarate aminotransferase	2	0.000	-3.480	-0.130	-1
rxn00494	L-Aspartate:phenylpyruvate aminotransferase	2	-0.000	4.160	0.850	-1
rxn00495	L-phenylalanine ammonia-lyase (trans-cinnamate-forming)	4	-0.190	-0.880	-0.800	16
rxn00497	L-phenylalanine carboxy-lyase (phenylethylamine-forming)	4	-3.120	-6.690	-11.640	-1
rxn00498	farnesyl-diphosphate:farnesyl-diphosphate farnesyltransferase	2	-27.300	-37.220	-26.580	-1
rxn00499	(S)-Lactate:NAD+ oxidoreductase	1	6.250	6.400	6.580	19
rxn00500	(R)-Lactate:NAD+ oxidoreductase	1	6.250	5.660	5.850	19
rxn00501	3-Oxopropanoate:NAD+ oxidoreductase (decarboxylating, CoA-acetylating)	1	-8.950	-6.010	-5.060	38
rxn00502	3-Oxopropanoate:NADP+ oxidoreductase (decarboxylating, CoA-acetylating)	1	-8.950	-6.040	-5.640	38
rxn00503	(S)-1-pyrroline-5-carboxylate:NAD+ oxidoreductase	1	4.280	-9.620	1.240	-1
rxn00504	(S)-1-pyrroline-5-carboxylate:NADP+ oxidoreductase	1	4.280	-9.650	0.650	-1
rxn00505	Isocitrate:NAD+ oxidoreductase (decarboxylating)	1	3.130	1.340	2.020	18
rxn00506	Acetaldehyde:NAD+ oxidoreductase	1	-11.930	-11.890	-11.010	35
rxn00507	Acetaldehyde:NADP+ oxidoreductase	1	-11.930	-11.920	-11.600	35
rxn00508	Succinate-semialdehyde:NAD+ oxidoreductase	1	-9.740	-8.730	-5.610	41
rxn00509	Succinate-semialdehyde:NADP+ oxidoreductase	1	-9.740	-8.760	-6.190	41
rxn00510	N6-(L-1,3-Dicarboxypropyl)-L-lysine:NAD+ oxidoreductase (L-lysine-forming)	1	9.240	8.750	9.160	21
rxn00511	N6-(L-1,3-Dicarboxypropyl)-L-lysine:NADP+ oxidoreductase (L-lysine-forming)	1	9.240	8.720	8.580	21
rxn00512	Glycolate:NAD+ oxidoreductase	1	7.710	10.560	10.740	21
rxn00513	ITP phosphohydrolase	3	-6.780	-6.860	-6.400	43
rxn00514	Inosine 5'-triphosphate pyrophosphohydrolase	3	-27.240	-3.370	-8.320	-1
rxn00515	ATP:IDP phosphotransferase	2	0.000	0.320	-0.000	16
rxn00516	Inosine 5'-tetraphosphate phosphohydrolase	3	-6.780	-18.370	-6.070	-1
rxn00517	ITP:pyruvate 2-O-phosphotransferase	2	-4.890	6.280	6.570	6
rxn00518	ITP:D-glucose 6-phosphotransferase	2	-14.000	-4.590	-3.430	32
rxn00519	ITP:oxaloacetate carboxy-lyase (adding ITP; phosphoenolpyruvate-forming)	4	-9.820	2.150	2.540	6
rxn00520	Succinate:CoA ligase (IDP-forming)	6	-1.060	-0.740	0.100	13
rxn00521	L-tyrosine phenol-lyase (deaminating; pyruvate-forming)	4	5.660	-6.550	7.040	2
rxn00522	L-Tyrosine:oxygen oxidoreductase (deaminating)	1	-23.020	-22.830	-22.970	37
rxn00523	L-tyrosine,NADPH:oxygen oxidoreductase (N-hydroxylating)	1	-90.630	-67.310	-59.480	-1
rxn00524	L-Tyrosine:oxygen oxidoreductase	1	-81.090	-102.420	-64.130	-1
rxn00525	L-arogenate:NAD+ oxidoreductase	1	-16.120	-4.900	19.750	-1
rxn00526	L-arogenate:NADP+ oxidoreductase	1	-16.120	-4.930	19.170	-1
rxn00527	L-tyrosine:2-oxoglutarate aminotransferase	2	0.000	0.100	0.020	16
rxn00528	L-Tyrosine:L-arginine ligase (AMP-forming)	6	-26.780	-17.220	-10.250	-1
rxn00529	L-tyrosine carboxy-lyase (tyramine-forming)	4	-3.120	-16.870	-11.640	-1
rxn00530	L-tyrosine ammonia-lyase (trans-p-hydroxycinnamate-forming)	4	-0.190	-9.500	-0.800	-1
rxn00531	L-Tyrosine 2,3-aminomutase	5	0.000	-11.780	-4.630	-1
rxn00532	3-oxopropanoate:NADP+ oxidoreductase (CoA-malonylating)	1	-4.020	-2.370	0.240	10
rxn00533	Acetyl-CoA:carbon-dioxide ligase (ADP-forming)	6	-1.040	-1.630	0.660	-1
rxn00534	Acetyl-CoA:malonate CoA-transferase	2	-1.540	-2.780	-0.970	-1
rxn00536	Ethanol:NADP+ oxidoreductase	1	5.810	5.010	4.610	19
rxn00537	2-Phosphonoacetaldehyde phosphonohydrolase	3	-14.400	-18.490	-30.310	-1
rxn00538	ethanolamine-phosphate phosphate-lyase (deaminating; acetaldehyde-forming)	4	-0.640	-9.690	-9.290	-1
rxn00539	ethanolamine ammonia-lyase (acetaldehyde-forming)	4	-7.860	-8.580	-7.200	-1
rxn00540	4-hydroxy-2-oxopentanoate pyruvate-lyase (acetaldehyde-forming)	4	-1.400	-2.800	-4.850	29
rxn00541	L-threonine acetaldehyde-lyase (glycine-forming)	4	3.210	2.380	2.410	19
rxn00542	(S)-lactate acetaldehyde-lyase (formate-forming)	4	5.870	5.870	5.330	19
rxn00543	ethanol:NAD+ oxidoreductase	1	5.810	5.050	5.190	19
rxn00544	R00755	4	-3.430	-3.070	-3.180	-1
rxn00545	ATP:D-fructose-6-phosphate 1-phosphotransferase	2	-14.000	-4.530	-3.770	32
rxn00546	D-Mannitol-1-phosphate:NAD+ 5-oxidoreductase	1	2.040	3.460	2.750	-1
rxn00547	ATP:D-fructose 6-phosphotransferase	2	-14.000	-2.880	-3.430	32
rxn00548	D-fructose-6-phosphate D-erythrose-4-phosphate-lyase (adding phosphate; acetyl-phosphate-forming)	4	-20.320	-12.660	-11.430	-1
rxn00549	D-Fructose-1,6-bisphosphate 1-phosphohydrolase	3	7.220	-2.010	-2.620	3
rxn00550	beta-D-fructose-2,6-bisphosphate 2-phosphohydrolase	3	7.220	-7.470	-6.390	3
rxn00551	diphosphate:D-fructose-6-phosphate 1-phosphotransferase	2	-3.040	-2.060	-1.200	-1
rxn00552	D-glucosamine-6-phosphate aminohydrolase (ketol isomerizing)	3	1.580	1.190	0.540	-1
rxn00553	UDP-glucose:D-fructose-6-phosphate 2-alpha-D-glucosyltransferase	2	-1.700	0.040	0.700	-1
rxn00554	CTP:D-fructose-6-phosphate 1-phosphotransferase	2	-14.000	-4.590	-3.770	32
rxn00555	L-glutamine:D-fructose-6-phosphate isomerase (deaminating)	2	-6.300	-4.600	-3.320	-1
rxn00556	UTP:D-fructose-6-phosphate 1-phosphotransferase	2	-14.000	-4.580	-3.550	32
rxn00557	ITP:D-fructose-6-phosphate 1-phosphotransferase	2	-14.000	-4.840	-3.770	32
rxn00558	D-glucose-6-phosphate aldose-ketose-isomerase	5	-0.890	1.680	0.210	-1
rxn00559	D-mannose-6-phosphate aldose-ketose-isomerase	5	-0.890	-0.120	0.050	13
rxn00560	Urea:carbon-dioxide ligase (ADP-forming)	6	-2.070	7.510	10.480	6
rxn00561	Guanidinoacetate amidohydrolase	3	-3.900	-8.000	-6.790	-1
rxn00562	(S)-ureidoglycolate urea-lyase (glyoxylate-forming)	4	4.240	1.210	1.210	-1
rxn00563	N-Amidino-L-aspartate amidinohydrolase	3	-3.900	-15.250	-15.570	-1
rxn00566	L-Cysteine hydrogen-sulfide-lyase (deaminating; pyruvate-forming)	4	-11.680	-1.100	-0.700	-1
rxn00568	NIRBD-RXN.c	1	101.250	93.370	96.120	-1
rxn00569	Nitrite reductase (NAD(P)H)	1	101.250	93.270	94.370	-1
rxn00570	Hydroxylamine:oxygen oxidoreductase	1	30.610	-0.000	75.800	-1
rxn00571	nitrite:NAD+ oxidoreductase	1	25.250	34.340	35.330	-1
rxn00572	nitrite:NADP+ oxidoreductase	1	25.250	34.310	34.740	-1
rxn00575	sucrose glucohydrolase	3	-3.110	-5.590	-6.220	31
rxn00577	sucrose:phosphate alpha-D-glucosyltransferase	2	-10.330	0.670	-1.730	-1
rxn00578	sucrose-6F-phosphate phosphohydrolase	3	7.220	-4.270	-4.250	3
rxn00579	UDP-glucose:D-fructose 2-alpha-D-glucosyltransferase	2	-1.700	-0.570	-0.590	-1
rxn00580	Sucrose:(acceptor) 3-oxidoreductase	1	-2.510	-3.290	0.690	10
rxn00581	UDP-galactose:sucrose 6F-alpha-D-galactosyltransferase	2	-1.700	-4.960	-3.250	-1
rxn00582	Sucrose glucosylmutase	5	0.000	-4.700	-4.050	-1
rxn00583	cis-1,2-dihydrobenzene-1,2-diol:NAD+ oxidoreductase	1	-9.310	-19.390	28.650	10
rxn00584	(1R,6S)-1,6-dihydroxycyclohexa-2,4-diene-1-carboxylate:NAD+ oxidoreductase (decarboxylating)	1	-11.300	-21.730	20.640	10
rxn00585	trans-1,2-dihydrobenzene-1,2-diol:NADP+ oxidoreductase	1	-9.310	-19.420	27.150	10
rxn00586	phenol,NADPH:oxogen oxidoreductase (2-hydroxylating)	1	-95.860	-105.790	-83.150	26
rxn00587	Catechol:oxygen 2,3-oxidoreductase (decyclizing)	1	-77.810	-62.220	-112.270	-1
rxn00588	Catechol:oxygen 1,2-oxidoreductase(decyclizing)	1	-96.460	-74.030	-120.790	-1
rxn00589	salicylate,NADH:oxygen oxidoreductase (1-hydroxylating, decarboxylating)	1	-95.990	-108.370	-83.300	26
rxn00592	2,3-dihydroxybenzoate carboxy-lyase	4	-0.130	-2.540	-1.740	16
rxn00593	3,4-dihydroxybenzoate carboxy-lyase (catechol-forming)	4	-0.130	-2.540	-1.620	16
rxn00594	Anthranilate,NADH:oxygen oxidoreductase (1,2-hydroxylating, deaminating, decarboxylating)	1	-92.310	-113.370	-82.630	-1
rxn00595	Anthranilate,NADPH:oxygen oxidoreductase (1,2-hydroxylating, deaminating, decarboxylating)	1	-92.310	-113.340	-82.050	-1
rxn00596	S-Adenosyl-L-methionine:catechol O-methyltransferase	2	-4.330	-1.830	-23.120	8
rxn00598	Succinyl-CoA:acetyl-CoA C-acyltransferase	2	7.060	6.840	-4.750	5
rxn00599	succinyl-CoA:glycine C-succinyltransferase (decarboxylating)	2	2.130	3.520	-2.340	5
rxn00601	succinyl-CoA:L-arginine N2-succinyltransferase	2	-5.260	-1.390	-6.020	-1
rxn00602	(R)-Methylmalonyl-CoA CoA-carbonylmutase	5	1.810	-2.000	-1.810	-1
rxn00603	D-Sorbitol 6-phosphate:NADP+ 1-oxidoreductase	1	2.930	2.820	2.360	19
rxn00604	D-glucose-6-phosphate:NADP+ 1-oxidoreductase	1	-1.970	-0.940	-0.790	-1
rxn00605	UDP-glucose:D-glucose-6-phosphate 1-alpha-D-glucosyltransferase	2	-1.700	-3.880	-3.850	29
rxn00606	alpha,alpha-Trehalose-6-phosphate phosphoglucohydrolase	3	-3.110	-2.280	-2.960	-1
rxn00607	Maltose-6'-phosphate 6-phosphoglucohydrolase	3	-3.110	-4.880	-7.620	31
rxn00608	6-phospho-beta-D-glucosyl-(1->4)-D-glucose 6-phosphoglucohydrolase	3	-3.110	-4.880	-1.430	-1
rxn00610	sn-glycerol-3-phosphate phosphohydrolase	3	7.220	-3.140	-3.730	3
rxn00611	sn-Glycerol-3-phosphate:NAD+ 2-oxidoreductase	1	3.790	6.150	6.330	19
rxn00612	sn-Glycerol-3-phosphate:NADP+ 2-oxidoreductase	1	3.790	6.120	5.750	19
rxn00613	sn-glycerol-3-phosphate:NADP+ 1-oxidoreductase	1	5.250	7.450	7.570	19
rxn00614	sn-Glycerol-3-phosphate:oxygen 2-oxidoreductase	1	-27.950	-25.500	-25.880	37
rxn00615	ATP:glycerol 3-phosphotransferase	2	-14.000	-3.400	-2.660	32
rxn00616	sn-Glycerol-3-phosphate:(acceptor) 2-oxidoreductase	1	-1.050	2.540	1.900	-1
rxn00617	sn-Glycerol-3-phosphate:D-glucose 6-phosphotransferase	2	0.000	-0.880	-0.770	16
rxn00618	UDP-galactose:sn-glycerol-3-phosphate 2-alpha-D-galactosyltransferase	2	-1.700	-2.150	-4.130	29
rxn00619	UDP-galactose:sn-glycerol-3-phosphate 1-alpha-D-galactosyltransferase	2	-1.700	-3.780	-2.060	-1
rxn00620	CDPglycerol phosphoglycerohydrolase	3	-28.310	-8.980	-7.510	30
rxn00621	CTP:sn-glycerol-3-phosphate cytidylyltransferase	2	1.070	-0.410	-0.840	-1
rxn00623	hydrogen-sulfide:NADP+ oxidoreductase	1	37.880	28.830	30.030	-1
rxn00627	ATP:D-fructose 1-phosphotransferase	2	-14.000	-3.700	-2.650	32
rxn00629	D-Mannitol:NAD+ 2-oxidoreductase	1;2;3;4;5	2.040	2.680	-12.310	-1
rxn00630	D-Mannitol:NADP+ 2-oxidoreductase	1;2;3;4;5	2.040	2.650	-12.380	-1
rxn00631	D-Fructose:NADP+ 5-oxidoreductase	1;2;3;4;5	5.540	4.390	-12.010	-1
rxn00632	D-Fructose 2-phosphate phosphatase	3	7.220	-8.990	-7.520	3
rxn00633	D-Glucose:D-fructose oxidoreductase	1	-4.010	-4.130	-3.330	-1
rxn00634	D-Glucitol:NAD+ 2-oxidoreductase	1;2;3;4;5	2.040	3.080	-12.260	-1
rxn00635	ITP:D-fructose 6-phosphotransferase	2	-14.000	-3.200	-3.430	32
rxn00636	D-mannose aldose-ketose-isomerase	5	-0.890	-0.360	-0.780	-1
rxn00638	GDP-D-mannose:NAD+ 6-oxidoreductase	1	-4.490	-2.620	0.450	10
rxn00639	GDP-mannose mannophosphohydrolase	3	-28.310	-4.230	-7.300	-1
rxn00640	GDP:D-mannose-1-phosphate guanylyltransferase	2	12.030	-2.230	1.510	-1
rxn00641	GTP:alpha-D-mannose-1-phosphate guanylyltransferase	2	1.070	-4.030	-1.070	-1
rxn00642	GDP-mannose 4,6-hydro-lyase (GDP-4-dehydro-6-deoxy-D-mannose-forming)	4	-13.900	-13.240	-9.640	-1
rxn00643	GDP-mannose 3,5-epimerase	5	0.000	0.400	0.420	16
rxn00644	L-cysteine:NAD+ oxidoreductase	1	-4.940	-1.620	-0.990	-1
rxn00646	L-glutamate:L-cysteine gamma-ligase (ADP-forming)	6	-6.320	-7.890	-8.730	-1
rxn00647	L-Cysteine:2-oxoglutarate aminotransferase	2	-3.940	-4.070	-3.570	-1
rxn00649	O3-acetyl-L-serine:hydrogen-sulfide 2-amino-2-carboxyethyltransferase	2	0.520	-12.290	-12.060	-1
rxn00650	L-cysteinylglycine dipeptidase	3	-0.460	2.050	1.320	-1
rxn00651	L-cysteine hydrogen-sulfide-lyase (adding sulfite; L-cysteate-forming)	4	-16.960	-68.380	49.290	-1
rxn00652	2-Amino-3-mercaptopropionic acid racemase	5	0.000	-2.190	-3.160	16
rxn00653	3-aminopropanal:NAD+ oxidoreductase	1	9.740	9.720	-5.470	5
rxn00654	N-Carbamoyl-beta-alanine amidohydrolase	3	2.670	-13.680	-5.110	3
rxn00655	N-(D-1-carboxyethyl)-beta-alanine:NAD+ oxidoreductase (beta-alanine-forming)	1	9.240	8.080	10.290	21
rxn00656	L-Alanine:3-oxopropanoate aminotransferase	2	1.000	0.880	0.940	-1
rxn00657	beta-alanine:2-oxoglutarate aminotransferase	2	-1.000	-0.840	-0.780	-1
rxn00658	N-Acetyl-beta-alanine amidohydrolase	3	-2.000	-3.110	-5.670	29
rxn00659	L-lysine:beta-alanine ligase (AMP-forming)	6	-26.780	-9.040	-5.140	-1
rxn00660	beta-Alanyl-L-lysine hydrolase	3	-0.460	0.070	-1.260	-1
rxn00661	L-arginine:beta-alanine ligase (AMP-forming)	6	-26.780	-4.210	-5.120	-1
rxn00662	3-Guanidinopropanoate amidinopropionase	3	-3.900	-15.270	-6.390	-1
rxn00668	propanoyl-CoA:NADP+ 2-oxidoreductase	1	-15.920	-14.440	10.600	10
rxn00669	Propanoate:CoA ligase (ADP-forming)	6	-1.060	2.820	3.430	-1
rxn00670	propanoyl-CoA:phosphate propanoyltransferase	2	-5.840	4.990	4.840	6
rxn00671	2-Methyl-3-oxopropanoate:NAD+ oxidoreductase (CoA-propanoylating)	1	-7.140	-7.130	-9.180	-1
rxn00672	(S)-methylmalonyl-CoA carboxy-lyase (propanoyl-CoA-forming)	4;7	-3.120	-4.640	-4.610	-1
rxn00673	Propanoyl-CoA:(acceptor) 2,3-oxidoreductase	1	11.080	10.530	6.760	21
rxn00674	Propanoate:CoA ligase (AMP-forming)	6	-21.520	0.390	1.500	-1
rxn00675	Propionyladenylate:CoA propionyltransferase	6	-34.090	-280.960	-17.510	-1
rxn00676	acetyl-CoA:propanoyl-CoA 2-C-acetyltransferase	2	5.250	7.480	2.610	-1
rxn00677	Acetyl-CoA:propanoate CoA-transferase	2	-1.540	1.690	2.580	-1
rxn00678	(S)-2-Methyl-3-oxopropanoyl-CoA:pyruvate carboxyltransferase	2	1.810	-0.520	-0.580	15
rxn00679	propanoyl-CoA:oxaloacetate C-propanoyltransferase (thioester-hydrolysing, 1-carboxyethyl-forming)	2;4	10.700	8.980	10.440	21
rxn00680	propanoyl-CoA:glyoxylate C-propanoyltransferase (thioester-hydrolysing, 2-carboxyethyl-forming)	2	8.930	9.450	10.430	21
rxn00682	L-erythro-3-Methylmalyl-CoA glyoxylate-lyase (propanoyl-CoA-forming)	4	-5.020	-3.600	-4.440	-1
rxn00684	5,6,7,8-tetrahydrofolate:NAD+ oxidoreductase	1	-13.680	5.240	7.110	6
rxn00686	5,6,7,8-tetrahydrofolate:NADP+ oxidoreductase	1	-13.680	5.210	6.530	6
rxn00688	10-formyltetrahydrofolate:NADP+ oxidoreductase	1	-9.000	-8.520	-8.530	-1
rxn00690	Formate:tetrahydrofolate ligase (ADP-forming)	6	-0.870	-1.450	-1.330	-1
rxn00691	10-Formyltetrahydrofolate amidohydrolase	3	-5.910	-5.090	-5.060	-1
rxn00692	5,10-Methylenetetrahydrofolate:glycine hydroxymethyltransferase	2	-0.050	2.420	1.700	-1
rxn00693	5-Methyltetrahydrofolate:L-homocysteine S-methyltransferase	2	-6.410	0.030	-9.070	-1
rxn00695	ATP:alpha-D-glucose-1-phosphate adenylyltransferase	2	1.070	-4.230	-0.360	-1
rxn00697	ADP-glucose Glucose-1-phosphohydrolase	3	-28.310	-4.740	-7.970	-1
rxn00698	cellobiose:phosphate alpha-D-glucosyltransferase	2	-10.330	2.780	1.610	6
rxn00699	3-beta-D-glucosyl-D-glucose:phosphate alpha-D-glucosyltransferase	2	-10.330	3.000	0.640	6
rxn00700	GTP:alpha-D-glucose-1-phosphate guanylyltransferase	2	1.070	-2.780	0.510	-1
rxn00701	UDP-glucose:alpha-D-galactose-1-phosphate uridylyltransferase	2	0.000	1.630	-2.390	-1
rxn00702	CTP:alpha-D-glucose-1-phosphate cytidylyltransferase	2	1.070	-3.550	-0.380	12
rxn00703	alpha-D-Glucose-1-phosphate:alpha-D-glucose-1-phosphate 4-alpha-D-glucosyltransferase (dephosphorylating)	2	17.550	-9.120	-5.120	-1
rxn00704	alpha-D-Glucose 1-phosphate 1,6-phosphomutase	5	0.000	-4.000	0.890	-1
rxn00706	IDP phosphohydrolase	3	-16.280	-0.580	-5.750	-1
rxn00707	ITP:cytidine 5'-phosphotransferase	2	-14.000	-3.460	-3.420	32
rxn00708	Uridine 5'-monophosphate phosphohydrolase	3	7.220	-2.170	-2.810	3
rxn00709	ATP:uridine 5'-phosphotransferase	2	-14.000	-4.370	-3.590	32
rxn00710	orotidine-5'-phosphate carboxy-lyase (UMP-forming)	4	-1.350	-6.220	1.170	-1
rxn00711	UMP:diphosphate phospho-alpha-D-ribosyltransferase	2	21.070	3.320	3.140	-1
rxn00712	UTP:uridine 5'-phosphotransferase	2	-14.000	-4.420	-3.370	32
rxn00713	GTP:uridine 5'-phosphotransferase	2	-14.000	-3.700	-3.600	32
rxn00714	P1,P4-bis(5'-uridyl)-tetraphosphate uridylohydrolase	3	-18.810	-8.880	-8.150	-1
rxn00715	ITP:uridine 5'-phosphotransferase	2	-14.000	-4.680	-3.590	32
rxn00716	uracil-5-carboxylate carboxy-lyase (uracil-forming)	4	-1.320	-4.970	-1.760	-1
rxn00717	Cytosine aminohydrolase	3	3.390	-7.270	-13.740	-1
rxn00718	5,6-Dihydrouracil:oxygen oxidoreductase	1	-18.400	-31.110	-14.360	-1
rxn00719	5,6-Dihydrouracil:NAD+ oxidoreductase	1	13.340	0.610	17.840	-1
rxn00720	5,6-Dihydrouracil:NADP+ oxidoreductase	1	13.340	0.610	17.260	-1
rxn00721	ATP:anthranilate N-adenylyltransferase	2	-19.970	194.610	70.270	-1
rxn00722	Anthranilate,NADPH:oxygen oxidoreductase (3-hydroxylating, deaminating)	1	-92.180	-110.790	-80.310	-1
rxn00723	Anthranilate:CoA ligase (AMP-forming)	6	-21.520	-2.510	-0.010	-1
rxn00724	2,3-Dihydroxyindole:oxygen 2,3-oxidoreductase (decyclizing)	1	-113.050	-107.460	-156.350	-1
rxn00725	S-Adenosyl-L-methionine:anthranilate N-methyltransferase	2	-14.170	0.520	-10.770	-1
rxn00726	chorismate pyruvate-lyase (amino-accepting; anthranilate-forming)	4	-39.410	-21.980	-12.900	-1
rxn00727	Chorismate pyruvate-lyase (amino-accepting)	4	-44.130	-25.380	-15.680	-1
rxn00728	L-Kynurenine hydrolase	3	-12.780	-12.730	-9.390	-1
rxn00729	N-Formylanthranilate amidohydrolase	3	-0.470	-7.960	0.860	-1
rxn00730	Malonyl-CoA:anthranilate N-malonyltransferase	2	-4.050	-4.270	-12.260	-1
rxn00731	2-Aminobenzoate carboxy-lyase	4	-0.130	-2.540	-4.330	-1
rxn00735	(2R,3S)-3-methylmalate:NAD+ oxidoreductase	1	-3.130	0.600	2.280	13
rxn00736	methyloxaloacetate carboxy-lyase (2-oxobutanoate-forming)	4	3.120	5.070	8.310	19
rxn00737	L-threonine ammonia-lyase (2-oxobutanoate-forming)	4	-5.700	-5.760	-6.450	42
rxn00738	1-aminocyclopropane-1-carboxylate aminohydrolase (isomerizing)	3;4	-11.930	10.110	6.770	6
rxn00739	acetyl-CoA:2-oxobutanoate C-acetyltransferase (thioester-hydrolysing, carboxymethyl-forming)	2	8.890	4.910	5.110	-1
rxn00740	O-Succinyl-L-homoserine succinate-lyase (deaminating; 2-oxobutanoate-forming)	2;4	-9.620	-14.070	-16.750	-1
rxn00741	2-Hydroxybutyrate:NAD+ oxidoreductase	1	6.250	4.460	4.580	19
rxn00742	L-cystathionine cysteine-lyase (deaminating; 2-oxobutanoate-forming)	4	2.110	0.690	1.630	-1
rxn00743	Glycerone phosphate phosphohydrolase	3	7.220	-3.580	-3.910	3
rxn00744	ATP:glycerone phosphotransferase	2	-14.000	-2.970	-2.480	32
rxn00745	Phosphoenolpyruvate:glycerone phosphotransferase	2	-9.110	-9.560	-9.060	40
rxn00746	erythrulose-1-phosphate formaldehyde-lyase (glycerone-phosphate-forming)	4	5.220	6.950	4.640	19
rxn00747	D-glyceraldehyde-3-phosphate aldose-ketose-isomerase	5	-1.460	-1.330	-1.830	-1
rxn00748	glycerone-phosphate phosphate-lyase (methylglyoxal-forming)	4	-1.300	-14.300	-16.980	20
rxn00749	acetaldehyde:pyrroloquinoline-quinone oxidoreductase	1	-55.680	-27.690	19.540	-1
rxn00751	ATP:choline phosphotransferase	2	-14.000	-4.480	-4.380	32
rxn00752	Choline:oxygen 1-oxidoreductase	1	-26.490	-27.430	-27.160	37
rxn00753	Acetyl-CoA:choline O-acetyltransferase	2	-3.610	-2.370	-2.320	33
rxn00754	Acetylcholine aectylhydrolase	3	-3.650	-5.300	-4.920	-1
rxn00758	sn-Glycero-3-phosphocholine glycerophosphohydrolase	3	-14.310	-60.830	-6.540	11
rxn00762	glycerol:NAD+ 2-oxidoreductase	1	3.790	5.720	6.150	19
rxn00763	Glycerol:NAD+ oxidoreductase	1	5.250	9.350	8.940	19
rxn00764	glycerol:NADP+ 2-oxidoreductase (glycerone-forming)	1	3.790	5.690	5.570	19
rxn00765	Glycerol:NADP+ oxidoreductase	1	5.250	9.320	8.360	19
rxn00766	Glycerol-2-phosphate phosphohydrolase	3	7.220	-6.570	-0.620	3
rxn00767	diphosphate:glycerol 1-phosphotransferase	2	-3.040	-0.930	1.780	-1
rxn00768	glycerol hydro-lyase (3-hydroxypropanal-forming)	4	-9.170	-8.020	-9.340	-1
rxn00769	Glycerol hydro-lyase	4	-10.980	-9.070	-9.000	-1
rxn00770	ATP:D-ribose-5-phosphate diphosphotransferase	2	-14.000	-0.070	-0.540	-1
rxn00771	ATP:D-ribose-5-phosphate 1-phosphotransferase	2	-14.000	-2.740	-0.060	-1
rxn00772	ATP:D-ribose 5-phosphotransferase	2	-14.000	-5.850	-3.430	32
rxn00773	ADP:D-ribose-5-phosphate adenylyltransferase	2	12.030	-1.080	7.240	-1
rxn00774	Ribose-5-phosphate:ammonia ligase (ADP-forming)	6	-9.250	-8.690	1.670	10
rxn00775	ADP-ribose ribophosphohydrolase	3	-28.310	-5.420	-12.990	-1
rxn00776	uracil hydro-lyase (adding D-ribose 5-phosphate;pseudouridine-5'-phosphate-forming)	3;4	-13.530	-8.050	-5.840	-1
rxn00777	D-ribose-5-phosphate aldose-ketose-isomerase	5	0.620	0.500	0.250	15
rxn00778	D-Ribose 1,5-phosphomutase	5	0.000	-2.740	-1.970	16
rxn00779	D-glyceraldehyde 3-phosphate:NADP+ oxidoreductase	1	-9.740	-10.090	-9.570	40
rxn00780	ATP:D-glyceraldehyde 3-phosphotransferase	2	-14.000	-5.270	-3.450	32
rxn00781	D-glyceraldehyde-3-phosphate:NAD+ oxidoreductase (phosphorylating)	1	-9.860	1.100	1.850	6
rxn00782	D-glyceraldehyde-3-phosphate:NADP+ oxidoreductase (phosphorylating)	1	-9.860	1.070	1.270	6
rxn00783	2-dehydro-3-deoxy-D-galactonate-6-phosphate D-glyceraldehyde-3-phosphate-lyase (pyruvate-forming)	4	0.750	3.310	3.130	-1
rxn00784	2-deoxy-D-ribose-5-phosphate acetaldehyde-lyase (D-glyceraldehyde-3-phosphate-forming)	4	1.680	0.370	4.970	-1
rxn00785	D-Fructose 6-phosphate:D-glyceraldehyde-3-phosphate glycolaldehyde transferase	2	1.750	1.400	2.800	-1
rxn00786	D-fructose-1,6-bisphosphate D-glyceraldehyde-3-phosphate-lyase (glycerone-phosphate-forming)	4	4.310	5.350	5.310	19
rxn00787	D-tagatose 1,6-bisphosphate D-glyceraldehyde-3-phosphate-lyase (glycerone-phosphate-forming)	4	4.310	5.220	2.010	19
rxn00789	1-(5-phospho-D-ribosyl)-ATP:diphosphate phospho-alpha-D-ribosyl-transferase	2	26.680	11.810	42.600	-1
rxn00790	5-phosphoribosylamine:diphosphate phospho-alpha-D-ribosyltransferase (glutamate-amidating)	2	20.430	14.450	2.490	-1
rxn00791	N-(5-Phospho-D-ribosyl)anthranilate:pyrophosphate phosphoribosyl-transferase	2	19.970	14.390	22.800	-1
rxn00792	biotin:CoA ligase (AMP-forming)	6	12.570	278.740	13.820	-1
rxn00793	biotin:CoA ligase (AMP-forming)	6	-21.520	-2.510	-0.970	-1
rxn00794	Biotin-amide amidohydrolase	3	-4.720	-3.250	-2.770	33
rxn00795	N6-D-Biotinyl-L-lysine amidohydrolase	3	-0.460	1.070	1.620	-1
rxn00797	Uridine ribohydrolase	3	7.830	-2.990	-4.810	3
rxn00798	D-ribose aldose-ketose-isomerase	5	0.670	-4.320	0.860	-1
rxn00799	(S)-malate hydro-lyase (fumarate-forming)	4	0.610	0.820	0.820	-1
rxn00800	N6-(1,2-dicarboxyethyl)AMP AMP-lyase (fumarate-forming)	4	7.340	7.600	1.930	-1
rxn00801	3-fumarylpyruvate fumarylhydrolase	3	-12.780	-10.790	-4.350	-1
rxn00802	2-(Nomega-L-arginino)succinate arginine-lyase (fumarate-forming)	4	7.340	-2.330	3.010	2
rxn00803	Maleate cis-trans-isomerase	5	0.000	-1.800	-1.200	16
rxn00804	L-leucine:NAD+ oxidoreductase (deaminating)	1	8.720	8.800	8.920	21
rxn00805	Acetyl-CoA:L-leucine N-acetyltransferase	2	-5.260	-4.150	-3.680	-1
rxn00806	L-Leucine:2-oxoglutarate aminotransferase	2	-0.000	0.080	-0.300	16
rxn00807	(2S)-alpha-leucine 2,3-aminomutase	5	0.000	1.650	-2.820	-1
rxn00808	ATP:D-galactose 1-phosphotransferase	2	-14.000	-1.610	-5.740	32
rxn00810	D-Galactose:NAD+ 1-oxidoreductase	1	-1.730	-2.070	-3.480	29
rxn00812	D-Galactose:NADP+ 1-oxidoreductase	1	-1.970	-3.290	-0.790	-1
rxn00813	D-Galactose:NADP+ 1-oxidoreductase	1	-1.730	-2.100	-4.060	29
rxn00814	D-Galactose:oxygen 6-oxidoreductase	1	-39.160	-39.380	-39.930	34
rxn00815	D-Galactose:oxygen 6-oxidoreductase	1	-24.170	-25.320	-26.160	37
rxn00816	Lactose galactohydrolase	3	-3.110	97.690	-2.880	-1
rxn00817	melibiose galactohydrolase	3	-3.110	97.700	-2.170	-1
rxn00818	Raffinose galactohydrolase	3	-3.110	-1.150	-1.340	-1
rxn00819	Galactosylglycerol galactohydrolase	3	-3.110	-2.190	1.050	10
rxn00822	Glutathione:cystine oxidoreductase	1	-0.000	-0.150	1.260	16
rxn00824	coenzyme A:glutathione-disulfide oxidoreductase	1	3.940	-0.660	0.150	-1
rxn00826	Glutathione:L-cystine oxidoreductase	1	0.000	5.340	5.680	-1
rxn00827	CTP:N-acetylneuraminate cytidylyltransferase	2	-12.930	54.930	11.350	-1
rxn00829	ATP:(R)-5-diphosphomevalonate carboxy-lyase (adding ATP; isopentenyl-diphosphate-forming)	4	-7.800	-8.260	-19.440	-1
rxn00830	Isopentenyl-diphosphate delta3-delta2-isomerase	5	0.660	-1.160	-1.180	-1
rxn00831	Inosine 5'-monophosphate phosphohydrolase	3	7.220	-1.350	-2.960	3
rxn00832	IMP 1,2-hydrolase (decyclizing)	2;3	-2.580	4.680	-18.930	-1
rxn00833	5'-Inosinate phosphoribohydrolase	3	-0.730	-1.980	-2.380	-1
rxn00834	IMP:NAD+ oxidoreductase	1	1.610	4.670	1.400	-1
rxn00835	ATP:inosine 5'-phosphotransferase	2	-14.000	-5.190	-3.430	32
rxn00836	IMP:diphosphate phospho-D-ribosyltransferase	2	12.510	6.910	5.410	-1
rxn00837	inosine-5'-phosphate:NADP+ oxidoreductase (aminating)	1	10.520	-60.420	1.480	-1
rxn00838	IMP:L-aspartate ligase (GDP-forming)	6	-2.530	-2.620	0.750	10
rxn00839	ATP:dADP phosphotransferase	2	0.000	0.570	0.000	16
rxn00840	dATP:pyruvate 2-O-phosphotransferase	2	-4.890	6.030	6.570	6
rxn00841	dATP:D-glucose 6-phosphotransferase	2	-14.000	-4.850	-3.430	32
rxn00842	dATP:D-fructose 6-phosphotransferase	2	-14.000	-3.450	-3.430	32
rxn00843	Methane,NADH:oxygen oxidoreductase (hydroxylating)	1	-90.070	-90.220	-91.220	-1
rxn00844	methane,NADPH:oxygen oxidoreductase (hydroxylating)	1	-90.070	-90.190	-90.640	-1
rxn00845	Oxaloacetate-4-methyl-ester oxaloacetohydrolase	3	1.140	-0.140	11.120	-1
rxn00846	Monomethyl-sulfate sulfohydrolase	3	-13.030	43.040	-9.960	-1
rxn00848	Pyridoxamine-5'-phosphate:2-oxoglutarate aminotransferase	2	-2.550	-0.250	-0.470	-1
rxn00849	D-Alanine:2-oxoglutarate aminotransferase	2	0.000	0.190	0.200	16
rxn00850	L-Glutamine:D-alanine gamma-glutamyltransferase	2	-4.260	-1.980	-1.940	-1
rxn00851	D-alanine:D-alanine ligase (ADP-forming)	6	-6.320	-6.150	-1.450	-1
rxn00852	Putrescine:oxygen oxidoreductase (deaminating)	1	-24.020	-21.950	-20.940	37
rxn00853	N-Carbamoylputrescine amidohydrolase	3	2.670	-12.710	-6.160	3
rxn00854	S-Adenosyl-L-methionine:putrescine N-methyltransferase	2	-10.430	1.750	6.630	6
rxn00855	acetyl-CoA:putrescine N-acetyltransferase	2	-5.260	-5.250	-0.690	-1
rxn00856	putrescine:2-oxoglutarate aminotransferase	2	-1.000	0.980	2.040	13
rxn00857	N-Acetylputrescine acetylhydrolase	3	-2.000	-2.420	-6.550	29
rxn00858	Agmatine amidinohydrolase	3	-3.900	-14.000	-6.860	-1
rxn00859	L-Histidinol:NAD+ oxidoreductase	1	-4.490	-2.420	1.380	10
rxn00860	S-adenosyl-L-methionine:L-histidine N-methyltransferase	2	6.710	-6.120	1.680	-1
rxn00861	acetyl-CoA:L-histidine N-acetyltransferase	2	-5.260	-6.950	-2.220	-1
rxn00862	L-histidine:2-oxoglutarate aminotransferase	2	0.000	-3.050	-1.420	16
rxn00863	L-histidinal:NAD+ oxidoreductase	1	-9.740	-7.320	-2.280	-1
rxn00864	L-histidine:beta-alanine ligase (AMP-forming)	6	-26.780	-9.810	-4.750	-1
rxn00865	Nalpha-(beta-alanyl)-L-histidine hydrolase	3	-0.460	0.840	-1.640	-1
rxn00866	L-histidine carboxy-lyase (histamine-forming)	4	-3.120	-6.460	-8.690	31
rxn00867	L-histidine ammonia-lyase (urocanate-forming)	4	-0.190	1.650	1.190	16
rxn00868	Butanoyl-CoA:(acceptor) 2,3-oxidoreductase	1	16.580	12.830	12.570	-1
rxn00869	butanal:NAD+ oxidoreductase (CoA-acylating)	1	-4.020	-1.790	2.040	10
rxn00870	butanal:NADP+ oxidoreductase (CoA-acylating)	1	-4.020	-1.820	1.460	10
rxn00871	butanoyl-CoA:phosphate butanoyltransferase	2	-5.840	5.390	2.130	6
rxn00872	Butanoyl-CoA:oxygen 2-oxidoreductase	1	11.740	9.500	8.140	-1
rxn00873	Butanoate:CoA ligase (AMP-forming)	6	-21.520	-0.250	-0.980	-1
rxn00874	butanoyl-CoA:acetyl-CoA C-butanoyltransferase	2	7.060	7.270	2.550	-1
rxn00875	Butanoyl-CoA:acetate CoA-transferase	2	1.540	-1.040	-0.110	12
rxn00876	butanoyl-CoA:glyoxylate C-butanoyltransferase (thioester-hydrolysing, 1-carboxypropyl-forming)	2	10.740	8.500	7.400	21
rxn00877	2-Methylpropanoyl-CoA CoA-carbonylmutase	5	1.810	-0.670	0.430	-1
rxn00878	ATP:myo-inositol 1-phosphotransferase	2	-14.000	-1.020	2.630	-1
rxn00879	myo-Inositol:NAD+ 2-oxidoreductase	1	2.330	-0.600	12.620	-1
rxn00880	myo-Inositol:oxygen oxidoreductase	1	-111.650	-95.580	-92.670	-1
rxn00881	1D-myo-Inositol 1-phosphate phosphohydrolase	3	7.220	-5.520	-9.020	3
rxn00882	1D-myo-Inositol 4-phosphate phosphohydrolase	3	7.220	-5.520	-2.570	3
rxn00883	1D-myo-Inositol 3-phosphate phosphohydrolase	3	7.220	-5.520	-0.800	3
rxn00884	S-adenosyl-L-methionine:1D-myo-inositol 1-O-methyltransferase	2	-4.330	7.050	-2.740	1
rxn00885	S-adenosyl-L-methionine:1D-myo-inositol 3-O-methyltransferase	2	-4.330	7.050	-7.840	1
rxn00886	S-adenosyl-L-methionine:1D-myo-inositol 4-methyltransferase	2	-4.330	7.050	-9.270	1
rxn00888	UDP-galactose:myo-inositol 3-alpha-D-galactosyltransferase	2	-1.700	-4.060	-3.250	29
rxn00889	1-(sn-glycero-3-phospho)-1D-myo-inositol glycerophosphohydrolase	3	-14.310	-63.030	-18.720	-1
rxn00890	3-O-alpha-D-Galactosyl-1D-myo-inositol galactohydrolase	3	-3.110	-2.400	-2.170	33
rxn00891	N-Acetyl-D-glucosamine amidohydrolase	3	-2.000	-2.190	-1.800	-1
rxn00892	ATP:N-acetyl-D-glucosamine 6-phosphotransferase	2	-14.000	-2.290	-3.430	32
rxn00893	N-Acetyl-D-glucosamine:NAD+ 1-oxidoreductase	1	-7.420	-8.570	-13.220	40
rxn00894	N-acetyl-D-glucosamine:oxygen 1-oxidoreductase	1	-39.160	-40.220	-39.160	34
rxn00895	Acetyl-CoA:D-glucosamine N-acetyltransferase	2	-5.260	-5.490	-5.450	42
rxn00896	UDP-galactose:N-acetyl-D-glucosamine 4-beta-D-galactosyltransferase	2	-1.700	-3.220	-0.530	-1
rxn00898	2,3-Dihydroxy-3-methylbutanoate hydro-lyase	4	-6.750	-8.830	-12.320	40
rxn00899	3-methyl-2-oxobutanoate:NAD+ oxidoreductase (CoA-mehtylpropanoylating)	1	-8.140	-5.290	-5.690	38
rxn00900	(R)-3,3-Dimethylmalate:NAD+ oxidoreductase (decarboxylating)	1	4.550	-0.000	2.450	-1
rxn00901	L-valine:NADP+ oxidoreductase (deaminating)	1	8.720	9.110	10.490	21
rxn00902	acetyl-CoA:3-methyl-2-oxobutanoate C-acetyltransferase (thioester-hydrolysing, carboxymethyl-forming)	2;4	8.890	5.650	8.210	-1
rxn00903	L-Valine:2-oxoglutarate aminotransferase	2	-0.000	0.420	1.860	16
rxn00904	L-Valine:pyruvate aminotransferase	2	0.000	0.380	1.700	16
rxn00905	2-dehydropantoate formaldehyde-lyase (3-methyl-2-oxobutanoate-forming)	2;4	6.640	4.560	12.160	-1
rxn00906	5,10-methylenetetrahydrofolate:NAD+ oxidoreductase	1	1.950	2.130	2.410	18
rxn00907	5,10-methylenetetrahydrofolate:NADP+ oxidoreductase	1	1.950	2.100	1.830	18
rxn00908	glycine synthase	1;2	2.090	4.490	5.840	19
rxn00910	5-methyltetrahydrofolate:NADP+ oxidoreductase	1	3.820	10.370	8.850	-1
rxn00911	5,10-Methylenetetrahydrofolate:D-alanine 2-hydroxymethyltransferase	2	-1.470	1.680	0.780	13
rxn00912	5,10-Methylenetetrahydrofolate:3-methyl-2-oxobutanoate hydroxymethyltransferase	2	-1.470	2.310	-6.180	-1
rxn00913	Guanosine 5'-monophosphate phosphohydrolase	3	7.220	-1.890	-3.000	3
rxn00914	ATP:guanosine 5'-phosphotransferase	2	-14.000	-4.660	-3.400	32
rxn00915	GMP:diphosphate 5-phospho-alpha-D-ribosyltransferase	2	12.510	7.080	5.930	-1
rxn00916	Xanthosine-5'-phosphate:ammonia ligase (AMP-forming)	6	-18.330	-74.030	-7.660	11
rxn00917	Xanthosine-5'-phosphate:L-glutamine amido-ligase (AMP-forming)	6	-23.050	-77.430	-10.440	11
rxn00918	P1,P4-bis(5'-guanosyl)-tetraphosphate guanylylhydrolase	3	-18.810	-11.110	-8.790	-1
rxn00919	GDPglucose sugarphosphohydrolase	3	-28.310	-5.480	-8.880	-1
rxn00920	Guanosine 3',5'-cyclic phosphate 5'-nucleotidohydrolase	3	-18.790	-7.950	-10.000	-1
rxn00921	4-hydroxybenzoate carboxy-lyase (phenol-forming)	4	-0.130	-2.540	0.380	-1
rxn00922	S-Adenosyl-L-methionine:phenol O-methyltransferase	2	-4.330	-1.830	-22.480	8
rxn00923	UDP-glucose:phenol beta-D-glucosyltransferase	2	-1.700	-12.290	-12.620	20
rxn00924	phenyl acetate acetylhydrolase	3	3.650	17.110	0.000	-1
rxn00925	aryl-sulfate sulfohydrolase	3	-16.280	47.500	-11.880	-1
rxn00926	Adenine aminohydrolase	3	-8.510	-5.410	-4.990	38
rxn00927	Adenosine ribohydrolase	3	-0.730	-1.430	-3.040	-1
rxn00928	L-proline:NAD+ 2-oxidoreductase	1	-11.900	5.590	6.300	6
rxn00929	L-Proline:NAD+ 5-oxidoreductase	1	-10.460	12.020	12.980	-1
rxn00930	L-proline:NADP+ 2-oxidoreductase	1	-11.900	5.560	5.720	6
rxn00931	L-Proline:NADP+ 5-oxidoreductase	1	-10.460	11.990	12.390	-1
rxn00932	L-Proline,2-oxoglutarate:oxygen oxidoreductase (4-hydroxylating)	1	-110.080	-116.810	-102.070	-1
rxn00933	proline racemase	5	0.000	-6.920	4.410	-1
rxn00934	(S)-Malate:CoA ligase (ADP-forming)	6	-1.060	-1.840	-0.680	-1
rxn00935	(S)-Malate:(acceptor) oxidoreductase	1	1.410	3.490	2.900	18
rxn00936	1-beta-Aspartyl-N-acetyl-D-glucosaminylamine L-asparaginohydrolase	3	6.730	5.360	7.130	19
rxn00938	Nicotinamide amidohydrolase	3	-4.720	-1.320	-6.410	-1
rxn00939	S-Adenosyl-L-methionine:nicotinamide N-methyltransferase	2	-3.800	10.670	-10.650	1
rxn00940	Nicotinamide D-ribonucleotide phosphoribohydrolase	3	-3.640	-5.100	-9.170	31
rxn00941	nicotinamide-D-ribonucleotide:diphosphate phospho-alpha-D-ribosyltransferase	2	9.600	3.790	-1.380	-1
rxn00942	N-ribosylnicotinamide ribohydrolase	3	-3.640	-7.020	-8.540	-1
rxn00943	Palmitoyl-CoA hydrolase	3	-5.720	-6.400	-7.350	42
rxn00944	hexadecanal:NAD+ oxidoreductase (CoA-acylating)	1	-4.020	-3.320	2.040	10
rxn00945	hexadecanoyl-CoA:NADP+ trans-2-oxidoreductase	1	16.580	14.790	9.370	22
rxn00946	Palmitoyl-CoA:oxygen 2-oxidoreductase	1	11.740	11.140	5.530	21
rxn00947	Palmitate:CoA ligase (AMP-forming)	6	-21.520	-2.560	-0.980	-1
rxn00948	Palmitoyl-CoA:L-serine C-palmitoyltransferase (decarboxylating)	2	2.130	1.590	-5.740	5
rxn00949	L-homocysteine hydrogen-sulfide-lyase (deaminating; 2-oxobutanoate-forming)	4	-7.740	-0.540	0.530	-1
rxn00950	Cystathionine L-homocysteine-lyase (deaminating)	4	-1.830	0.130	-2.130	-1
rxn00952	O-acetyl-L-homoserine:hydrogen sulfide S-(3-amino-3-carboxypropyl)transferase	2;4	-3.420	-15.420	-17.810	20
rxn00953	L-Serine hydro-lyase (adding homocysteine)	4	-5.680	-7.350	-5.000	-1
rxn00956	glutathione:homocystine oxidoreductase	1	-7.880	-1.060	-0.710	-1
rxn00957	4-hydroxybenzaldehyde:NAD+ oxidoreductase	1	-9.740	-8.740	-10.760	40
rxn00958	4-Hydroxybenzaldehyde:NADP+ oxidoreductase	1	-9.740	-8.770	-11.340	40
rxn00959	benzoate,NADPH:oxygen oxidoreductase (4-hydroxylating)	1	-95.860	-105.790	-95.900	25
rxn00960	4-hydroxybenzoate,NADH:oxygen oxidoreductase (3-hydroxylating)	1	-95.860	-105.820	-81.740	26
rxn00961	4-hydroxybenzoate,NADH:oxygen oxidoreductase (1-hydroxylating, decarboxylating)	1	-95.990	-108.360	-96.110	25
rxn00962	4-hydroxybenzoate,NADPH:oxygen oxidoreductase (3-hydroxylating)	1	-95.860	-105.790	-81.150	26
rxn00963	4-hydroxybenzoate,NADPH:oxygen oxidoreductase (1-hydroxylating, decarboxylating)	1	-95.990	-108.330	-95.520	25
rxn00964	4-Hydroxybenzoate:CoA ligase (AMP-forming)	6	-21.520	-2.790	2.620	7
rxn00965	4-Hydroxybenzoyl-CoA hydrolase	3	-5.720	-6.180	-10.950	-1
rxn00966	chorismate pyruvate-lyase (4-hydroxybenzoate-forming)	4	35.730	26.980	12.170	-1
rxn00967	UDP-glucose:4-hydroxybenzoate 4-O-beta-D-glucosyltransferase	2	-1.700	-12.290	-12.620	20
rxn00968	2,4'-dihydroxyacetophenone oxidoreductase (C-C-bond-cleaving)	1	-118.390	-109.590	-123.040	-1
rxn00970	R01308	none	9.430	10.320	7.690	21
rxn00973	citrate hydroxymutase	4	1.420	1.640	1.810	18
rxn00974	citrate hydro-lyase (cis-aconitate-forming)	4	1.470	2.020	1.990	18
rxn00975	ATP:D-mannose 6-phosphotransferase	2	-14.000	-3.130	-4.260	32
rxn00976	ITP:D-mannose 6-phosphotransferase	2	-14.000	-3.450	-4.260	32
rxn00977	Epimelibiose galactohydrolase	3	-3.110	-3.610	-2.170	-1
rxn00978	dATP:D-mannose 6-phosphotransferase	2	-14.000	-3.700	-4.260	32
rxn00979	glycolaldehyde:NAD+ oxidoreductase	1	-9.740	-14.560	-13.740	-1
rxn00980	2-Phosphoglycolate phosphohydrolase	3	7.220	-7.550	-6.880	3
rxn00981	carboxymethyloxysuccinate glycolate-lyase (fumarate-forming)	4	-2.500	-3.920	1.900	10
rxn00985	ATP:propanoate phosphotransferase	2	-6.900	7.810	8.260	6
rxn00986	ATP:propanoate adenylyltransferase	6	12.570	281.350	19.010	-1
rxn00987	2,3-Dimethylmalate pyruvate-lyase	4	4.980	0.370	0.340	-1
rxn00988	Acetoacetate:CoA ligase (AMP-forming)	6	-21.520	0.170	0.760	-1
rxn00989	Acetoacetyl-CoA hydrolase	3	-5.720	-9.130	-9.080	-1
rxn00990	Acetoacetyl-CoA:acetate CoA-transferase	2	1.540	-1.460	-1.840	-1
rxn00991	(S)-3-hydroxy-3-methylglutaryl-CoA acetoacetate-lyase (acetyl-CoA-forming)	4	0.710	-5.080	-0.660	-1
rxn00992	(R)-3-Hydroxybutanoate:NAD+ oxidoreductase	1	3.790	2.630	2.720	19
rxn00993	4-fumarylacetoacetate fumarylhydrolase	3	12.780	17.560	2.980	-1
rxn00994	Butanoyl-CoA:acetoacetate CoA-transferase	2	0.000	0.420	1.730	16
rxn00995	Acetoacetate carboxy-lyase (acetone-forming)	4	-7.750	-3.660	-3.560	-1
rxn00997	Phenyllactate:NAD+ oxidoreductase	1	6.250	4.460	9.640	19
rxn00998	Phenyllactate:NADP+ oxidoreductase	1	6.250	4.430	9.050	19
rxn00999	Phenylpyruvate:oxygen oxidoreductase (hydroxylating,decarboxylating)	1	-109.720	-117.570	-102.560	-1
rxn01000	prephenate hydro-lyase (decarboxylating; phenylpyruvate-forming)	4	-29.100	-19.610	6.230	-1
rxn01001	L-Glutamine:phenylpyruvate aminotransferase	2	-0.000	0.840	0.420	16
rxn01002	L-Tryptophan:phenylpyruvate aminotransferase	2	-0.000	-5.890	-10.960	-1
rxn01003	phenylpyruvate carboxy-lyase (phenylacetaldehyde-forming)	4	-4.120	-2.620	-5.360	-1
rxn01005	UTP:1-phospho-alpha-D-glucuronate uridylyltransferase	2	1.070	-2.190	-1.910	12
rxn01007	UDP-D-glucuronate carboxy-lyase (UDP-D-xylose-forming)	4	-1.320	-2.430	-5.400	29
rxn01008	UDP-glucuronate 4-epimerase	5	0.000	-0.270	-0.260	16
rxn01009	UDP-D-glucuronate carboxy-lyase (UDP-D-apiose-forming)	4	-2.210	-2.520	-1.340	-1
rxn01010	UDP-glucuronate 5'-epimerase	5	0.000	-0.320	-1.040	-1
rxn01011	D-Glycerate:NAD+ 2-oxidoreductase	1	6.250	7.460	7.520	19
rxn01012	R01390	none	3.120	1.880	4.870	-1
rxn01013	D-Glycerate:NADP+ 2-oxidoreductase	1	6.250	7.430	6.940	19
rxn01014	hydroxypyruvate carboxy-lyase (glycolaldehyde-forming)	4	-4.120	-4.880	-4.290	-1
rxn01015	hydroxypyruvate aldose-ketose-isomerase	5	-1.000	0.380	0.430	13
rxn01016	ATP:carbamate phosphotransferase	2	-6.560	4.490	4.030	6
rxn01017	Carbamoyl-phosphate:L-lysine carbamoyltransferase	2	0.580	-1.530	-6.900	-1
rxn01018	carbamoyl-phosphate:L-aspartate carbamoyltransferase	2	0.580	-5.310	-5.040	-1
rxn01019	Carbamoyl-phosphate:L-ornithine carbamoyltransferase	2	0.580	-7.160	-6.900	-1
rxn01020	Carbamoyl-phosphate:putrescine carbamoyltransferase	2	0.580	-0.640	-6.610	-1
rxn01021	Methylthioadenosine methylthioribohydrolase	3	-0.730	-3.380	0.460	-1
rxn01022	S-methyl-5'-thioadenosine:phosphate S-methyl-5-thio-alpha-D-ribosyl-transferase	2	-7.950	2.570	2.720	6
rxn01025	5-Methylcytosine aminohydrolase	3	1.810	-5.920	-8.930	-1
rxn01026	Thymine,2-oxoglutarate:oxygen oxidoreductase (7-hydroxylating)	1	-106.470	-105.770	-106.090	24
rxn01027	5,6-Dihydrothymine:NAD+ oxidoreductase	1	13.340	1.010	17.790	-1
rxn01028	5,6-Dihydrothymine:NADP+ oxidoreductase	1	13.340	1.010	18.810	-1
rxn01029	Agmatine iminohydrolase	3	-12.380	-8.250	-8.020	-1
rxn01030	ATP:agmatine N4-phosphotransferase	2	10.250	210.810	108.260	-1
rxn01031	1,4-diguanidinobutane amidinohydrolase	3	3.900	14.000	6.860	-1
rxn01032	Benzaldehyde:NAD+ oxidoreductase	1	-9.740	-9.090	-11.100	40
rxn01033	benzaldehyde:NADP+ oxidoreductase	1	-9.740	-9.130	-11.680	40
rxn01034	Benzoyl phosphate phosphohydrolase	3	0.120	-11.740	-30.150	-1
rxn01035	benzoate:CoA ligase (AMP-forming)	6	-21.520	-2.510	2.760	7
rxn01036	5'-Benzoylphosphoadenosine benzoylhydrolase	3	-16.110	-287.710	-39.980	-1
rxn01037	N-Benzoylglycine amidohydrolase	3	-0.460	-0.050	-4.100	-1
rxn01038	Benzoylagmatine amidohydrolase	3	-0.460	0.060	-4.790	-1
rxn01039	R01426	none	9.430	8.760	7.690	21
rxn01041	D-xylose:NAD+ 1-oxidoreductase	1	-1.970	-3.650	-6.280	29
rxn01042	D-xylose:NADP+ 1-oxidoreductase	1	-1.970	-3.680	-6.870	29
rxn01043	xylitol:NADP+ oxidoreductase	1	4.730	1.240	3.600	-1
rxn01044	D-xylose aldose-ketose-isomerase	5	-0.890	-0.110	0.830	-1
rxn01045	L-Valine:NAD+ oxidoreductase(deaminating)	1	8.720	9.140	11.080	21
rxn01046	L-valine carboxy-lyase (2-methylpropanamine-forming)	4	-3.120	-2.800	-5.170	-1
rxn01048	D-Xylulose-5-phosphate:formaldehyde glycolaldehydetransferase	2	-2.660	-4.290	-5.090	29
rxn01049	ATP:cellobiose 6-phosphotransferase	2	-14.000	-2.880	-4.880	32
rxn01050	Cellobiose:oxygen 1-oxidoreductase	1	-33.710	-35.300	-35.640	-1
rxn01051	cellotriose glucohydrolase	3	-3.110	-2.870	-3.850	-1
rxn01052	Cellobiose 2-epimerase	5	0.000	0.000	5.410	-1
rxn01053	(S)-lactaldehyde:NAD+ oxidoreductase	1	-9.740	-11.100	-8.570	40
rxn01054	(S)-Lactate:oxaloacetate oxidoreductase	1	0.000	-0.670	-0.740	16
rxn01056	lactoyl-CoA:propanoate CoA-transferase	2	-0.000	2.310	2.640	-1
rxn01057	lactate racemase	5	0.000	0.740	0.740	16
rxn01058	Cholesterol:NAD+ delta7-oxidoreductase	1	10.330	4.150	10.360	-1
rxn01062	Cholesterol:NADP+ delta7-oxidoreductase	1	10.330	4.110	9.770	-1
rxn01063	cholesterol:NADP+ Delta24-oxidoreductase	1	17.570	13.350	-8.280	-1
rxn01064	Cholesterol:oxygen oxidoreductase	1	-30.960	-31.910	-25.640	37
rxn01065	Cholesteryl-beta-D-glucoside glucohydrolase	3	-3.110	-3.090	2.390	10
rxn01067	Cholesterol,NADPH:oxygen oxidoreductase (7alpha-hydroxylating)	1	-96.220	-97.040	-93.850	28
rxn01068	L-threonine:NAD+ oxidoreductase	1	3.790	6.440	4.560	19
rxn01069	O-phospho-L-homoserine phosphate-lyase (adding water;L-threonine-forming)	4	5.410	-7.020	-9.640	3
rxn01070	Threonine racemase	5	0.000	2.400	2.100	-1
rxn01071	ATP:ethanolamine O-phosphotransferase	2	-14.000	-5.420	-4.310	32
rxn01072	Ethanolamine:oxygen oxidoreductase (deaminating)	1	-24.020	-24.230	-21.430	37
rxn01074	UTP:alpha-D-xylose-1-phosphate uridylyltransferase	2	1.070	-2.340	-2.420	12
rxn01075	UDP-L-arabinose 4-epimerase	5	0.000	-0.020	-0.030	16
rxn01076	ATP:D-glucuronate 1-phosphotransferase	2	-14.000	-1.410	-2.510	-1
rxn01079	L-Gulonate:NADP+ 6-oxidoreductase	1	2.930	3.790	8.130	19
rxn01080	D-glucuronate aldose-ketose-isomerase	5	-0.890	0.150	0.150	13
rxn01081	D-Glucuronolactone lactonohydrolase	3	-8.010	-6.240	-1.090	-1
rxn01082	D-Glucurono-6,2-lactone lactonohydrolase	3	-7.770	-5.600	0.170	-1
rxn01083	L-Asparagine:hydroxylamine gamma-aspartyltransferase	2	-3.610	-0.400	-2.220	-1
rxn01093	ATP:2,3-dihydroxybenzoate adenylyltransferase	2	0.720	278.730	34.110	-1
rxn01094	2,3-dihydro-2,3-dihydroxybenzoate:NAD+ oxidoreductase	1	-10.530	-14.040	20.470	10
rxn01095	2,3-Dihydroxybenzoate:oxygen 2,3-oxidoreductase (decyclizing)	1	-95.580	-75.520	-121.600	-1
rxn01096	2,3-Dihydroxybenzoate:oxygen 3,4-oxidoreductase (decyclizing)	1	-76.930	-60.570	-113.460	-1
rxn01099	D-Glycerate-3-phosphate phosphohydrolase	3	7.220	-3.470	-2.380	3
rxn01100	ATP:3-phospho-D-glycerate 1-phosphotransferase	2	-6.900	4.620	4.440	6
rxn01101	3-Phospho-D-glycerate:NAD+ 2-oxidoreductase	1	6.250	8.110	8.490	19
rxn01102	ATP:(R)-glycerate 3-phosphotransferase	2	-14.000	-3.070	-4.020	32
rxn01103	3-Phospho-D-glyceroyl phosphate phosphohydrolase	3	0.120	-11.160	-10.830	-1
rxn01104	2,3-bisphospho-D-glycerate 2-phosphohydrolase	3	7.220	-2.430	-2.230	3
rxn01105	GTP:3-phospho-D-glycerate 1-phosphotransferase	2	-6.900	5.290	4.430	6
rxn01106	2-Phospho-D-glycerate 2,3-phosphomutase	5	0.000	-1.080	-0.980	16
rxn01107	D-Glucono-1,5-lactone lactonohydrolase	3	-5.450	-7.130	-4.570	-1
rxn01108	beta-D-Glucose:NAD+ 1-oxoreductase	1	-1.970	-1.440	-4.710	-1
rxn01109	beta-D-Glucose:NADP+ 1-oxoreductase	1	-1.970	-1.470	-5.290	29
rxn01110	beta-D-Glucose:oxygen 1-oxidoreductase	1	-33.710	-33.090	-36.920	-1
rxn01111	ATP:D-ribulose-5-phosphate 1-phosphotransferase	2	-14.000	-6.190	-3.590	32
rxn01112	D-Ribitol-5-phosphate:NAD+ 2-oxidoreductase	1	3.790	5.670	7.890	19
rxn01113	D-Ribitol-5-phosphate:NADP+ 2-oxidoreductase	1	3.790	5.640	7.300	19
rxn01114	ATP:D-ribulose 5-phosphotransferase	2	-14.050	-1.030	-4.040	-1
rxn01115	6-phospho-D-gluconate:NADP+ 2-oxidoreductase (decarboxylating)	1	0.670	2.470	2.610	-1
rxn01116	D-Ribulose-5-phosphate 3-epimerase	5	0.000	-0.810	-1.140	16
rxn01117	D-arabinose-5-phosphate aldose-ketose-isomerase	5	-1.460	0.590	0.840	13
rxn01119	UDP-galactose:undecaprenyl-phosphate galactose phosphotransferase	2	-0.000	0.960	1.530	-1
rxn01121	D-gluconate hydro-lyase (2-dehydro-3-deoxy-D-gluconate-forming)	4	-8.170	-7.820	-11.580	-1
rxn01122	D-altronate hydro-lyase (2-dehydro-3-deoxy-D-gluconate-forming)	4	-8.170	-8.260	-14.880	-1
rxn01123	ATP:2-dehydro-3-deoxy-D-gluconate 6-phosphotransferase	2	-14.000	-4.820	-2.790	32
rxn01124	2-Dehydro-3-deoxy-D-gluconate:NAD+ 5-oxidoreductase	1	3.790	2.920	4.980	-1
rxn01125	2-Dehydro-3-deoxy-D-gluconate:NADP+ 6-oxidoreductase	1	5.250	3.370	2.450	-1
rxn01126	2-amino-2-deoxy-D-gluconate ammonia-lyase	4	-5.700	-5.830	-7.480	42
rxn01127	ATP:dAMP phosphotransferase	2	9.500	0.660	-0.640	4
rxn01128	dATP:cytidine 5'-phosphotransferase	2	-14.000	-3.710	-3.420	32
rxn01129	dATP:uridine 5'-phosphotransferase	2	-14.000	-4.940	-3.590	32
rxn01130	Propan-2-ol:NADP+ oxidoreductase	1	-0.970	-1.580	-1.700	-1
rxn01132	Maltose:phosphate 1-beta-D-glucosyltransferase	2	-10.330	2.860	3.600	6
rxn01133	Acetyl-CoA:maltose O-acetyltransferase	2	-3.610	-0.850	-4.240	-1
rxn01134	Maltose alpha-D-glucosylmutase	5	0.000	-0.660	-0.880	16
rxn01135	Oxalate:CoA ligase (AMP-forming)	6	-24.260	-5.960	-3.760	-1
rxn01136	Succinyl-CoA:oxalate CoA-transferase	2	-2.740	-3.120	-1.930	-1
rxn01137	Adenosine aminohydrolase	3	-8.510	-5.510	-5.650	38
rxn01138	Adenosine:phosphate alpha-D-ribosyltransferase	2	-7.950	2.000	1.900	6
rxn01139	adenosine 3'-phosphate phosphohydrolase	3	7.220	-4.360	-1.080	3
rxn01140	N-Carbamoylsarcosine amidohydrolase	3	0.970	-7.970	-2.750	-1
rxn01141	N,N-Dimethylglycine:oxygen oxidoreductase (demethylating)	1	-16.380	-11.080	-11.640	-1
rxn01142	Creatine amidinohydrolase	3	-5.600	-11.970	-6.890	-1
rxn01143	ATP:thymidine 5'-phosphotransferase	2	-14.000	-4.150	-3.590	32
rxn01144	ADP:thymidine 5'-phosphotransferase	2	-23.500	-4.110	-2.940	-1
rxn01145	Thymidylate 5'-phosphohydrolase	3	7.220	-2.390	-2.810	3
rxn01146	thymidine:phosphate deoxy-alpha-D-ribosyltransferase	2	-0.970	1.110	0.040	-1
rxn01147	AMP:thymidine 5'-phosphotransferase	2	0.000	-1.150	-0.160	-1
rxn01148	ATP:D-arabinose 5-phosphotransferase	2	-13.480	-5.310	-3.640	32
rxn01149	D-Arabinose:NAD+ 1-oxidoreductase	1	-3.530	-6.550	-2.550	-1
rxn01150	D-Arabinose:NADP+ 1-oxidoreductase	1	-3.530	-6.580	-3.130	-1
rxn01151	3-deoxy-D-manno-octulosonate D-arabinose-lyase (pyruvate-forming)	4	0.230	5.310	7.520	-1
rxn01152	D-arabinose aldose-ketose-isomerase	5	-0.890	-3.690	1.250	-1
rxn01153	D-Glutamine amidohydrolase	3	-4.720	-4.760	-2.780	-1
rxn01154	Pyridoxamine-5'-phosphate:2-oxoglutarate aminotransferase (D-glutamate-forming)	2	-2.550	-0.060	-0.270	-1
rxn01156	D-Phenylalanine:2-oxoglutarate aminotransferase	2	0.000	-1.740	4.100	-1
rxn01157	D-glutamate hydro-lyase (cyclizing; 5-oxo-D-proline-forming)	4	-2.680	-2.020	-2.000	33
rxn01158	N-methyl-L-alanine:NADP+ oxidoreductase (demethylating, deaminating)	1	9.590	10.900	8.220	-1
rxn01159	L-Glutamate:methylamine ligase (ADP-forming)	6	-6.670	-7.620	-9.620	-1
rxn01160	Methylamine:L-glutamate N-methyltransferase	2	-0.870	-1.110	1.950	-1
rxn01161	N-Methyl-2-oxoglutaramate methylamidohydrolase	3	-0.110	2.700	2.690	-1
rxn01162	Methylguanidine amidinohydrolase	3	-3.550	-12.030	-3.840	-1
rxn01164	Arachidonate:oxygen 15-oxidoreductase	1	-69.980	0.000	-23.760	0
rxn01165	Arachidonate:oxygen 8-oxidoreductase	1	-69.980	0.000	-27.710	0
rxn01166	Arachidonate:oxygen 5-oxidoreductase	1	-69.980	0.000	-23.760	0
rxn01167	arachidonate:oxygen 12-oxidoreductase	1	-69.980	-0.000	-25.410	0
rxn01168	Arachidonate:CoA ligase (AMP-forming)	6	-21.520	-2.390	-0.980	-1
rxn01169	ATP:beta-D-glucose 6-phosphotransferase	2	-14.000	-3.040	-3.430	32
rxn01170	D-Glucose 6-sulfate sulfohydrolase	3	-16.280	40.480	-29.060	-1
rxn01171	D-glucose 1-epimerase	5	0.000	0.390	-0.320	16
rxn01172	3-Oxopropanoate:NAD+ oxidoreductase	1	-9.740	-7.240	-5.450	-1
rxn01173	3-Oxopropanoate:NADP+ oxidoreductase	1	-9.740	-7.270	-6.030	-1
rxn01174	3-hydroxypropanoate:NAD+ oxidoreductase	1	5.250	5.610	5.710	19
rxn01176	2-Deoxy-5-keto-D-gluconic acid 6-phosphate Dihydroxyacetone phosphate-lyase	4	2.560	0.800	5.160	-1
rxn01179	Malonyl-CoA:4-Coumaroyl-CoA malonyltransferase(cyclizing)	2	0.130	-42.170	31.960	-1
rxn01180	Malonyl-CoA:4-coumaroyl-CoA malonyltransferase (cyclizing)	2	-25.970	-40.580	-20.290	-1
rxn01181	4-Hydroxycinnamyl aldehyde:NADP+ oxidoreductase (CoA-hydroxycinnamoylating)	1	4.020	2.740	2.640	19
rxn01182	4-Coumarate:CoA ligase (AMP-forming)	6	-21.520	-2.560	-10.200	-1
rxn01183	4-Coumaroyl-CoA:agmatine N4-coumaroyltransferase	2	-5.260	-6.940	-3.860	-1
rxn01184	APS:ATP adenylyltransferase	2	-11.470	-10.860	-10.870	35
rxn01185	Adenylyl-sulfate:ammonia adenylyltransferase	2	-19.960	-19.470	77.620	-1
rxn01186	Acetyl-phosphate:L-lysine N6-acetyltransferase	2	0.580	-8.280	-3.360	-1
rxn01187	D-Xylulose 5-phosphate D-glyceraldehyde-3-phosphate-lyase (adding phosphate; acetyl-phosphate-forming)	4	-22.070	-14.060	-14.230	-1
rxn01188	3-dehydroshikimate hydro-lyase	4	-22.420	-26.870	-4.890	-1
rxn01189	3-hydroxybenzoate,NADPH:oxygen oxidoreductase (4-hydroxylating)	1	-95.860	-105.790	-83.150	26
rxn01190	protocatechuate,NADH:oxygen oxidoreductase (1-hydroxylating, decarboxylating)	1	-95.990	-108.360	-88.260	-1
rxn01191	protocatechuate,NADPH:oxygen oxidoreductase (1-hydroxylating, decarboxylating)	1	-95.990	-108.330	-87.680	26
rxn01192	Protocatechuate:oxygen 3,4-oxidoreductase (decyclizing)	1	-95.580	-75.510	-123.650	-1
rxn01193	Protocatechuate:oxygen 4,5-oxidoreductase (decyclizing)	1	-76.930	-61.570	-105.380	-1
rxn01194	(3S,4R)-3,4-dihydroxycyclohexa-1,5-diene-1,4-dicarboxylate:NAD+ oxidoreductase	1	-12.520	-16.000	16.970	10
rxn01195	3,4-Dihydroxyphthalate carboxy-lyase (3,4-dihydroxybenzoate-forming)	4	-0.130	-2.160	-0.330	-1
rxn01196	4,5-Dihydroxyphthalate carboxy-lyase (3,4-dihydroxybenzoate-forming)	4	-0.130	-2.150	0.250	-1
rxn01197	4-sulfobenzoate,NADH:oxygen oxidoreductase (3,4-hydroxylating, sulfite-forming)	1	-83.070	-41.430	-110.210	-1
rxn01199	ATP:D-xylulose 5-phosphotransferase	2	-14.050	-1.840	-5.120	32
rxn01200	Sedoheptulose-7-phosphate:D-glyceraldehyde-3-phosphate glycolaldehyde transferase	2	-2.080	0.930	1.380	13
rxn01201	4-Hydroxybutanoate:NAD+ oxidoreductase	1	5.250	-0.090	2.880	-1
rxn01202	4-hydroxy-2-oxo-heptandioate succinate semialdehyde-lyase (pyruvate-forming)	4	0.750	1.920	3.550	-1
rxn01203	R01647	4	-0.750	-1.920	-3.550	-1
rxn01204	4-aminobutanoate:2-oxoglutarate aminotransferase	2	-1.000	1.570	1.460	-1
rxn01205	2-(Acetamidomethylene)succinate amidohydrolase (deaminating, decarboxylating)	3	-13.430	-11.930	-1.570	-1
rxn01207	4-methyl-2-oxopentanoate:NAD+ oxidoreductase (CoA-mehtylpropanoylating)	1	-8.140	-5.590	-5.360	38
rxn01208	R01652	none	3.120	4.020	4.490	19
rxn01210	10-Formyltetrahydrofolate:L-glutamate ligase (ADP-forming)	6	-6.320	-7.840	-14.630	-1
rxn01211	5,10-Methenyltetrahydrofolate 5-hydrolase (decyclizing)	3	-0.610	-1.120	-1.120	-1
rxn01212	Dimethylallyl-diphosphate:L-tryptophan dimethylallyltransferase	2	-26.410	-22.590	-31.970	-1
rxn01213	GPPSYN-RXN	2	-22.500	-18.310	-21.240	36
rxn01214	Dimethylallyl-diphosphate:isopentenyl-diphosphate dimethylallylcistransferase	2	-22.500	-18.310	-22.020	36
rxn01216	3-phospho-D-glycerate 1,2-phosphomutase	5	-7.100	-8.730	-8.600	-1
rxn01217	dCMP aminohydrolase	3	-5.170	-5.820	-3.880	-1
rxn01218	2'-Deoxycytidine 5'-monophosphate phosphohydrolase	3	7.220	-3.990	-2.980	3
rxn01219	ATP:dCMP phosphotransferase	2	9.500	0.230	-0.610	4
rxn01220	ATP:deoxycitidine 5'-phosphotransferase	2	-14.000	-2.550	-3.410	32
rxn01221	dCDP nucleotidohydrolase	3	-16.280	-6.770	-5.790	32
rxn01222	dCTP nucleotidohydrolase	3	-27.240	-10.230	-8.370	30
rxn01223	5,10-Methylenetetrahydrofolate:deoxycytidylate 5-hydroxymethyltransferase	2	-0.270	-1.060	-2.630	-1
rxn01224	5,10-Methylenetetrahydrofolate:dCMP C-methyltransferase	2	-30.180	-11.140	-12.820	-1
rxn01225	Guanine aminohydrolase	3	2.190	63.990	-1.130	-1
rxn01226	Guanosine ribohydrolase	3	-0.730	-0.620	-1.830	-1
rxn01231	3-Sulfo-L-alanine carboxy-lyase (taurine-forming)	4	-3.120	-4.680	-8.650	31
rxn01232	tauropine:NAD+ oxidoreductase (taurine-forming)	1	9.240	9.340	8.960	21
rxn01233	taurine:2-oxoglutarate aminotransferase	2	-1.000	0.210	1.770	13
rxn01236	ATP:butanoate 1-phosphotransferase	2	-6.900	7.570	3.080	6
rxn01237	butanoate:NAD+ delta2-oxidoreductase	1	16.580	16.530	11.550	-1
rxn01238	5'-butyrylphosphoinosine butyrylhydrolase	3	-16.110	-292.780	-22.150	-1
rxn01239	L-Sorbose:NADP+ 5-oxidoreductase	1	3.980	5.070	4.660	19
rxn01240	L-Sorbose:oxygen 5-oxidoreductase	1	-27.760	-26.550	-26.970	37
rxn01241	Dihydrolipoamide:NAD+ oxidoreductase	1	1.580	1.100	1.460	18
rxn01246	Hexadecanoate:hydrogen-peroxide oxidoreductase	1	-137.640	-138.320	-142.710	-1
rxn01247	Palmitaldehyde:NAD+ oxidoreductase	1	-9.740	-9.720	-5.310	41
rxn01248	Pyridoxal:NAD+ 4-oxidoreductase	1	8.230	-2.600	13.000	-1
rxn01249	Pyridoxine:NADP+ 4-oxidoreductase	1	3.700	6.280	6.780	19
rxn01251	Pyridoxamine:oxygen oxidoreductase (deaminating)	1	-25.570	-22.770	-22.760	37
rxn01252	Pyridoxine:oxygen oxidoreductase (deaminating)	1	-28.040	-25.340	-24.850	37
rxn01253	Pyridoxamine:pyruvate aminotransferase	2	-2.550	0.120	0.070	-1
rxn01254	Pyridoxamine:oxaloacetate aminotransferase	2	-2.550	-0.520	-0.490	-1
rxn01255	5-O-(1-Carboxyvinyl)-3-phosphoshikimate phosphate-lyase (chorismate-forming)	4	-3.890	-10.950	-15.410	-1
rxn01256	Chorismate pyruvatemutase	5	-16.680	-11.630	-30.450	-1
rxn01257	chorismate:L-glutamine aminotransferase	2	-7.190	-4.280	-3.940	-1
rxn01258	chorismate hydroxymutase	5	0.000	0.230	0.240	16
rxn01261	nicotinate:NADP+ 6-oxidoreductase (hydroxylating)	1	-2.810	6.290	39.680	-1
rxn01262	S-Adenosyl-L-methionine:nicotinate N-methyltransferase	2	-3.800	9.360	-11.850	1
rxn01263	UDP-glucose:nicotinate N-glucosyltransferase	2	-1.170	-1.100	-6.100	-1
rxn01265	Nicotinate D-ribonucleotide:diphosphate phosphoribosyltransferase	2	9.600	1.840	6.900	-1
rxn01268	Prephenate:NAD+ oxidoreductase(decarboxylating)	1	-16.120	-2.520	20.850	-1
rxn01269	Prephenate:NADP+ oxidoreductase(decarboxylating)	1	-16.120	-2.550	20.260	-1
rxn01270	L-arogenate:2-oxoglutarate aminotransferase	2	0.000	-2.960	-1.800	16
rxn01271	Riboflavin hydrolase	3	-0.730	-7.680	26.720	-1
rxn01273	(R)-Lactaldehyde:NAD+ 2-oxidoreductase	1	-9.740	-8.980	-7.620	41
rxn01274	(R)-S-Lactoylglutathione hydrolase	3	-1.780	-7.440	-3.400	-1
rxn01275	ATP:D-Gluconate 6-phosphotransferase	2	-14.000	-2.390	-4.030	32
rxn01276	D-Gluconate:NAD+ 5-oxidoreductase	1	3.790	4.910	2.390	19
rxn01277	D-gluconate:NADP+ 2-oxidoreductase	1	6.250	4.190	4.600	19
rxn01278	D-Gluconate:NADP+ 5-oxidoreductase	1	3.790	4.870	1.810	19
rxn01279	D-Gluconate:(acceptor) 2-oxidoreductase	1	1.410	0.630	0.750	-1
rxn01280	(R)-Glycerate:NAD+ oxidoreductase	1	5.250	7.840	7.950	19
rxn01281	(R)-Glycerate:NADP+ oxidoreductase	1	5.250	7.810	7.370	19
rxn01282	D-Glycerate-2-phosphate phosphohydrolase	3	7.220	-4.550	-3.360	3
rxn01283	D-Glycerate:NAD+ oxidoreductase (carboxylating)	1	9.370	9.350	12.400	21
rxn01284	D-Glycerate:NADP+ oxidoreductase (carboxylating)	1	9.370	9.310	11.810	21
rxn01285	(R,R)-tartrate carboxy-lyase (D-glycerate-forming)	4	-3.120	-2.730	-6.310	-1
rxn01286	D-Glyceraldehyde:NAD+ oxidoreductase	1	-9.740	-12.250	-8.410	-1
rxn01287	ATP:L-arabinose 1-phosphotransferase	2	-14.000	-0.360	-3.290	-1
rxn01289	L-Arabinose:NAD+ 1-oxidoreductase	1	-3.530	-2.660	-7.240	-1
rxn01290	L-Arabitol:NAD+ 1-oxidoreductase	1	4.730	3.600	10.190	-1
rxn01291	L-Arabitol:NADP+ 1-oxidoreductase	1	4.730	3.570	9.610	-1
rxn01292	L-Arabinose aldose-ketose-isomerase	5	-0.890	0.200	1.160	13
rxn01293	Aromatic alcohol:NAD+ oxidoreductase	1	3.700	4.890	4.980	19
rxn01294	benzoylformate carboxy-lyase (benzaldehyde-forming)	4	-4.120	-2.650	-2.900	-1
rxn01295	L-threo-3-Phenylserine benzaldehyde-lyase (glycine-forming)	4	1.010	-0.080	-4.160	-1
rxn01297	hypoxanthine:NAD+ oxidoreductase	1	12.710	3.770	1.450	-1
rxn01298	Hypoxanthine:oxygen oxidoreductase	1	-19.030	-27.880	-30.760	-1
rxn01299	Inosine ribohydrolase	3	-0.730	-1.330	-2.380	-1
rxn01300	ATP:L-homoserine O-phosphotransferase	2	-14.000	-8.860	-4.080	-1
rxn01301	L-Homoserine:NAD+ oxidoreductase	1	5.250	5.380	6.040	19
rxn01302	L-homoserine:NADP+ oxidoreductase	1	5.250	5.350	5.460	19
rxn01303	Acetyl-CoA:L-homoserine O-acetyltransferase	2	-3.610	-6.820	-3.750	-1
rxn01304	Succinyl-CoA:L-homoserine O-succinyltransferase	2	-3.610	-7.160	-3.530	-1
rxn01305	1,2-Ethanediol:NAD+ oxidoreductase	1	5.250	5.660	5.310	19
rxn01306	2-dehydro-3-deoxy-D-pentonate glycolaldehyde-lyase (pyruvate-forming)	4	0.750	3.480	4.240	-1
rxn01307	2-dehydro-3-deoxy-L-pentonate glycolaldehyde-lyase (pyruvate-forming)	4	0.750	4.680	4.730	-1
rxn01308	L-xylulose 1-phosphate glycolaldehyde-lyase (glycerone-phosphate-forming)	4	2.560	3.070	0.350	-1
rxn01310	D-Glucitol:NADP+ 1-oxidoreductase	1	2.930	2.770	7.160	-1
rxn01313	5,6,7,8-tetrahydrobiopterin:NAD+ oxidoreductase	1	9.720	10.520	4.960	-1
rxn01314	5,6,7,8-tetrahydrobiopterin:NADP+ oxidoreductase	1	9.720	11.410	5.540	21
rxn01315	L-Phenylalanine,tetrahydrobiopterin:oxygen oxidoreductase (4-hydroxylating)	1	-105.580	-0.300	-101.440	-1
rxn01316	phosphoenolpyruvate:N-acetyl-D-mannosamine C-(1-carboxyvinyl)transferase (phosphate-hydrolysing, 2-carboxy-2-oxoethyl-forming)	2;4	2.970	14.070	14.840	-1
rxn01317	N-Acetylneuraminate 9-phosphate phosphohydrolase	3	7.220	-3.100	-2.590	3
rxn01318	Acetyl-CoA:N-acetylneuraminate 4-O-acetyltransferase	2	-3.610	1.500	7.090	-1
rxn01319	Acetyl-CoA:N-acetylneuraminate 7-O-acetyltransferase	2	-3.610	0.900	8.000	-1
rxn01320	Acetyl-CoA:N-acetylneuraminate 9-O-acetyltransferase	2	-3.610	-0.710	6.480	-1
rxn01322	N-Acetylneuraminate pyruvate-lyase (N-acetyl-D-mannosamine-forming)	2;4;5	1.080	0.940	-6.140	-1
rxn01323	5,6,7,8-Tetrahydrobiopterin:NADP+ oxidoreductase	1	-18.060	1.630	9.180	-1
rxn01324	Tetrahydrobiopterin:NADP+ oxidoreductase	1	3.790	4.450	-1.850	5
rxn01325	L-Tryptophan,tetrahydrobiopterin:oxygen oxidoreductase (5-hydroxylating)	1	-105.580	-0.290	-98.430	-1
rxn01326	L-Tyrosine,tetrahydrobiopterin:oxygen oxidoreductase (3-hydroxylating)	1	-105.580	-0.290	-84.780	-1
rxn01327	Anthranilate,tetrahydrobiopterin:oxygen oxidoreductase (3-hydroxylating)	1	-105.580	-0.290	-96.800	-1
rxn01328	D-mannitol-1-phosphate:NADP+ 6-oxidoreductase	1	2.930	3.540	2.120	19
rxn01329	D-mannose 6-phosphate 1,6-phosphomutase	5	0.000	2.210	1.100	-1
rxn01331	D-erythrose 4-phosphate:NAD+ oxidoreductase	1	-9.740	-11.020	-6.600	-1
rxn01332	Phosphoenolpyruvate:D-erythrose-4-phosphate C-(1-carboxyvinyl)transferase (phosphate hydrolysing, 2-carboxy-2-oxoethyl-forming)	2;4	-2.640	-17.830	-17.870	20
rxn01333	sedoheptulose-7-phosphate:D-glyceraldehyde-3-phosphate glyceronetransferase	2	-1.750	0.830	3.240	-1
rxn01334	Sedoheptulose 1,7-bisphosphate D-glyceraldehyde-3-phosphate-lyase	4	2.560	4.980	3.910	-1
rxn01336	Testosterone:NAD+ 17-oxidoreductase	1	2.330	0.540	0.850	-1
rxn01337	3beta-Hydroxyandrost-5-en-17-one:NAD+ 3-oxidoreductase/delta5-delta-4 isomerase	1;5	0.780	0.140	6.210	-1
rxn01338	Testosterone:NADP+ 17-oxidoreductase	1	2.330	0.510	0.270	15
rxn01341	17alpha-Hydroxyprogesterone acetaldehyde-lyase	4	2.880	-1.050	3.380	-1
rxn01343	ATP:Sedoheptulose 7-phosphate 1-phosphotransferase	2	-14.000	-3.330	-2.750	32
rxn01344	ATP:sedoheptulose 7-phosphate	2	-14.000	-3.950	-5.770	32
rxn01345	Sedoheptulose 1,7-bisphosphate 1-phosphohydrolase	3	7.220	-3.220	-3.640	3
rxn01349	acetyl-CoA:hydrogen-sulfide S-acetyltransferase	2	21.150	0.100	1.370	-1
rxn01350	Methanethiol:oxygen oxidoreductase	1	-22.250	-12.840	-13.120	-1
rxn01351	2'-Deoxyguanosine 5'-triphosphate diphosphohydrolase	3	-27.240	-10.570	-8.390	30
rxn01353	ATP:dGDP phosphotransferase	2	-0.000	0.460	0.010	16
rxn01354	dGTP:pyruvate 2-O-phosphotransferase	2	-4.890	6.140	6.560	6
rxn01355	Propanoyl-CoA:carbon-dioxide ligase (ADP-forming)	6	-2.850	-0.660	-0.620	-1
rxn01356	4-Aminobenzoate carboxy-lyase	4	-0.130	-2.540	0.370	-1
rxn01357	3'-Phosphoadenylyl-sulfate:benzenamine N-sulfotransferase	2	-14.790	-66.300	35.260	-1
rxn01358	inosine:phosphate alpha-D-ribosyltransferase	2	-7.950	2.110	2.560	6
rxn01359	(S)-dihydroorotate:NADP+ oxidoreductase	1	11.900	2.800	2.520	-1
rxn01360	(S)-dihydroorotate:fumarate oxidoreductase	1	-19.840	-28.930	-13.640	-1
rxn01361	(S)-dihydroorotate:NAD+ oxidoreductase	1	11.900	2.790	3.110	-1
rxn01362	Orotidine-5'-phosphate:diphosphate phospho-alpha-D-ribosyl-transferase	2	19.600	-3.170	-3.450	-1
rxn01363	L-quinate:NAD+ 3-oxidoreductase	1	2.330	-3.700	3.970	-1
rxn01364	Quinate:pyrroloquinoline-quinone 3-oxidoreductase	1	-41.420	-19.510	34.530	-1
rxn01365	D-cysteine sulfide-lyase (deaminating; pyruvate-forming)	4	-11.680	1.090	2.450	6
rxn01366	Uridine:phosphate alpha-D-ribosyltransferase	2	0.610	0.130	0.130	15
rxn01367	Uridine 3'-monophosphate phosphohydrolase	3	7.220	-3.460	-0.880	3
rxn01368	Cytidine aminohydrolase	3	-5.170	-3.680	-3.770	-1
rxn01369	2-Deoxyuridine,2-oxoglutarate:oxygen oxidoreductase (2'-hydroxylating)	1	-110.080	-107.870	-108.590	24
rxn01370	dGTP:uridine 5'-phosphotransferase	2	-14.000	-4.830	-3.600	32
rxn01371	ATP:creatine N-phosphotransferase	2	32.200	3.520	3.150	-1
rxn01372	N-Phosphocreatine hydrolase	3	-38.980	-10.060	-9.550	-1
rxn01373	S-Adenosyl-L-methionine:guanidinoacetate N-methyltransferase	2	-8.730	6.660	12.260	6
rxn01374	Creatinine amidohydrolase	3	-2.710	0.540	0.840	-1
rxn01375	R01885	3	-28.310	-2.670	-11.030	-1
rxn01376	Nomega-(ADP-D-ribosyl)-L-arginine ADP-ribosylhydrolase	3	6.730	-2.860	15.920	-1
rxn01378	ATP:kanamycin 3'-O-phosphotransferase	2	-14.000	2.190	0.220	-1
rxn01379	Acetyl-CoA:kanamycin-B N6'-acetyltransferase	2	-5.260	-4.170	-0.510	-1
rxn01380	CTP:choline-phosphate cytidylyltransferase	2	1.070	1.050	-0.300	-1
rxn01383	Ribitol:NAD+ 2-oxidoreductase	1	3.840	3.800	4.700	19
rxn01385	Xylitol:NAD+ 2-oxidoreductase (D-xylulose-forming)	1	3.840	1.150	5.020	-1
rxn01386	D-Lyxose aldose-ketose-isomerase	5	0.890	2.810	-0.650	-1
rxn01387	Isocitrate:NADP+ oxidoreductase	1	6.250	4.450	5.080	19
rxn01388	isocitrate hydro-lyase (cis-aconitate-forming)	4	0.050	0.390	0.180	16
rxn01389	ATP:L-xylulose 5-phosphotransferase	2	-14.050	-2.240	-5.490	32
rxn01390	ATP:L-xylulose 1-phosphotransferase	2	-14.050	-2.210	-2.650	32
rxn01391	L-arabinitol:NAD+ 4-oxidoreductase (L-xylulose-forming)	1	3.840	3.800	8.800	19
rxn01392	Xylitol:NADP+ 4-oxidoreductase (L-xylulose-forming)	1	3.840	1.120	4.940	-1
rxn01393	3-Dehydro-L-gulonate carboxy-lyase	4	-3.070	-3.770	0.560	10
rxn01394	L-lyxose aldose-ketose-isomerase	5	0.890	0.110	0.180	15
rxn01395	oxalyl-CoA carboxy-lyase (formyl-CoA-forming)	4	-4.120	-5.410	12.920	-1
rxn01396	ATP:pyridoxine 5'-phosphotransferase	2	-14.000	-1.830	-7.080	-1
rxn01397	Primary alcohol:(acceptor) oxidoreductase	1	-28.040	-25.590	-29.260	37
rxn01398	pyridoxine-5'-phosphate phosphohydrolase	3	-7.220	4.710	-0.690	-1
rxn01399	UDP-glucose:pyridoxine 5'-O-beta-D-glucosyltransferase	2	-1.700	-4.160	-5.380	29
rxn01401	spermidine:(acceptor) oxidoreductase	1	-23.500	-20.510	-14.850	37
rxn01403	gamma-L-glutamyl-L-cysteinyl-glycine:spermidine ligase (ADP-forming)	6	-6.320	-5.860	-3.190	-1
rxn01404	gamma-L-glutamyl-L-cysteinyl-glycine:spermidine amidase	3	-0.460	-0.680	-3.210	-1
rxn01405	Spermidine:putrescine 4-aminobutyltransferase (propane-1,3-diamine-forming)	2	0.000	0.280	1.490	16
rxn01406	S-adenosylmethioninamine:putrescine 3-aminopropyltransferase	2	-10.430	0.830	-4.210	-1
rxn01407	(S)-Carnitine:NAD+ oxidoreductase	1	3.790	6.270	6.360	19
rxn01408	L-Carnitinamide amidohydrolase	3	-4.720	-3.040	-7.130	-1
rxn01409	Palmitoyl-CoA:L-carnitine O-palmitoyltransferase	2	-3.610	0.530	0.450	-1
rxn01410	L-carnitine hydro-lyase [4-(trimethylammonio)but-2-enoate-forming]	4	2.160	-0.250	-0.260	15
rxn01411	ATP:sphingosine 1-phosphotransferase	2	-14.000	-2.180	-3.410	32
rxn01413	UDP-galactose:sphingosine 1-beta-galactosyltransferase	2	-1.700	-5.580	-6.730	29
rxn01414	CDP-choline:sphingosine cholinephosphotransferase	2	-14.000	50.170	-2.190	-1
rxn01415	Trithionate thiosulfohydrolase	3	-24.480	-10.030	-38.410	-1
rxn01417	2-hydroxyadipate:NAD+ 2-oxidoreductase	1	-6.250	-5.800	-5.580	-1
rxn01418	2-oxoadipate dehydrogenase complex	1;2	-8.140	-7.780	-3.930	-1
rxn01419	(1R,2S)-1-hydroxybutane-1,2,4-tricarboxylate:NAD+ oxidoreductase (decarboxylating)	1	3.130	1.930	2.300	19
rxn01420	(1R,2S)-1-hydroxybutane-1,2,4-tricarboxylate:NAD+ oxidoreductase (decarboxylating)	1	-3.120	-2.600	-5.290	-1
rxn01421	R01937	1	19.060	19.670	10.740	-1
rxn01422	R01938	1	19.060	19.640	10.160	-1
rxn01423	L-2-aminoadipate:2-oxoglutarate aminotransferase	2	-0.000	-0.170	0.110	16
rxn01425	Caffeic aldehyde:NADP+ oxidoreductase (CoA-caffeoylating)	1	-4.020	-2.770	2.640	10
rxn01426	S-Adenosyl-L-methionine:caffeoyl-CoA 3-O-methyltransferase	2	-4.330	-1.760	-23.110	8
rxn01427	Caffeate:CoA ligase (AMP-forming)	6	-21.520	-2.590	-10.190	-1
rxn01428	Caffeoyl-CoA:putrescine N-(3,4-dihydroxycinnamoyl)transferase	2	-5.260	-6.750	-3.720	-1
rxn01429	Caffeoyl-CoA:quinate O-(3,4-dihydroxycinnamoyl)transferase	2;3	-3.610	-0.160	5.600	-1
rxn01430	Caffeoyl-CoA:isocitrate 3-O-(3,4-dihydroxycinnamoyl)transferase	2	-3.610	-0.600	0.570	-1
rxn01431	GTP:beta-L-fucose-1-phosphate guanylyltransferase	2	1.070	-1.700	-0.400	12
rxn01434	L-Citrulline:L-aspartate ligase (AMP-forming)	6	-19.120	5.390	0.410	-1
rxn01435	L-Kynurenine:2-oxoglutarate aminotransferase	2	0.000	-1.870	-0.790	16
rxn01436	L-Kynurenine:glyoxylote aminotransferase (cyclizing)	2	-1.460	-3.910	-3.640	29
rxn01437	N-Formyl-L-kynurenine amidohydrolase	3	-0.470	-7.960	0.870	-1
rxn01438	L-Kynurenine,NADPH:oxygen oxidoreductase (3-hydroxylating)	1	-95.860	-105.790	-91.250	25
rxn01439	ATP:D-glucosamine 6-phosphotransferase	2	-14.000	-1.990	-2.910	32
rxn01440	D-glucosamine:oxygen 1-oxidoreductase	1	-39.160	-40.010	-40.240	34
rxn01441	N-Sulfo-D-glucosamine sulfohydrolase	3	-14.280	46.130	-57.080	-1
rxn01442	ITP:D-glucosamine 6-phosphotransferase	2	-14.000	-2.310	-2.910	32
rxn01443	dATP:D-glucosamine 6-phosphotransferase	2	-14.000	-2.560	-2.910	32
rxn01444	ATP:deoxyguanosine 5'-phosphotransferase	2	-14.000	-3.100	-3.400	32
rxn01445	2'-Deoxyguanosine 5'-monophosphate phosphohydrolase	3	7.220	-3.440	-3.000	3
rxn01446	Deoxyguanosine:orthophosphate ribosyltransferase	2	-7.950	4.270	2.910	6
rxn01447	Indolelactate:NAD+ oxidoreductase	1	6.250	-3.490	-3.330	3
rxn01448	S-Adenosyl-L-methionine:indolepyruvate C-methyltransferase	2	-19.170	0.700	-0.140	-1
rxn01449	S-Adenosyl-L-methionine:(indol-3-yl)pyruvate C-methyltransferase	2	-19.170	0.700	-0.140	-1
rxn01450	3-(indol-3-yl)pyruvate carboxy-lyase [(2-indol-3-yl)acetaldehyde-forming]	4	-4.120	1.360	-5.360	-1
rxn01451	(S)-3-Hydroxybutanoyl-CoA:NAD+ oxidoreductase	1	3.790	4.040	4.400	19
rxn01452	(S)-3-Hydroxybutanoyl-CoA:NADP+ oxidoreductase	1	3.790	4.010	3.810	19
rxn01453	(R)-3-Hydroxybutanoyl-CoA:NADP+ oxidoreductase	1	3.790	4.110	4.640	19
rxn01454	acetyl-CoA:acetoacetyl-CoA C-acetyltransferase (thioester-hydrolysing, carboxymethyl-forming)	2;4	6.430	4.050	8.420	-1
rxn01455	ATP:D-galacturonate 1-phosphotransferase	2	-14.000	-1.540	3.840	7
rxn01456	D-galacturonate:NAD+ 1-oxidoreductase	1	-7.420	-8.610	-9.430	-1
rxn01457	D-Galacturonate aldose-ketose-isomerase	5	0.860	0.320	0.320	-1
rxn01458	R01984	none	8.010	6.020	0.040	-1
rxn01459	4-Aminobutyraldehyde:NAD+ oxidoreductase	1	-9.740	-11.350	-5.600	41
rxn01460	4-acetamidobutanoate amidohydrolase	3	2.000	4.400	6.110	19
rxn01461	L-Arginine:4-aminobutanoate amidinotransferase	2	0.000	8.480	0.000	-1
rxn01462	4-Guanidinobutanoate amidinohydrolase	3	-3.900	-16.590	-6.860	-1
rxn01463	L-histidine:4-aminobutanoate ligase (AMP-forming)	6	-26.780	-8.510	-6.170	30
rxn01464	alpha-Aminobutyryl histidine hydrolase	3	-0.460	-0.450	-0.220	-1
rxn01465	(S)-dihydroorotate amidohydrolase	3	-5.250	-1.060	-0.880	-1
rxn01466	Geranyl-diphosphate:isopentenyl-diphosphate geranyltrans-transferase	2	-22.500	-18.640	-22.440	36
rxn01468	Geranyl-diphosphate diphosphate-lyase (cyclizing, sabinene-hydrate-forming)	4	-40.200	-89.450	-9.770	-1
rxn01469	(+)-Bornyl-diphosphate lyase (decyclizing)	5	52.660	76.630	3.640	-1
rxn01471	geranyldiphosphate diphosphate-lyase (myrcene-forming)	4	-13.800	-7.000	-1.050	-1
rxn01472	geranyl-diphosphate diphosphate-lyase (cyclizing, terpinolene-forming)	4	-9.110	-47.820	-30.040	-1
rxn01473	geranyl-diphosphate diphosphate-lyase [cyclizing; (4S)-limonene-forming]	4	-25.850	-37.070	-23.600	-1
rxn01474	6-Phospho-2-dehydro-D-gluconate:NAD+ 2-oxidoreductase	1	6.250	3.640	3.650	19
rxn01475	6-phospho-D-gluconate:NADP+ 2-oxidoreductase	1	6.250	3.610	3.060	-1
rxn01476	6-Phospho-D-glucono-1,5-lactone lactonohydrolase	3	-5.450	-5.380	-5.160	42
rxn01477	6-Phospho-D-gluconate hydro-lyase(2-dehydro-3-deoxy-6-phospho-D-gluconate-forming)	4	-8.170	-10.240	-10.340	40
rxn01478	S-Adenosyl-L-methionine:ethanolamine-phosphate N-methyltransferase	2	-10.430	2.380	6.190	6
rxn01479	CTP:ethanolamine-phosphate cytidylyltransferase	2	1.070	-0.930	-0.230	12
rxn01480	3-Hydroxy-2-methylpropanoate:NAD+ oxidoreductase	1	5.250	5.030	5.110	19
rxn01482	(R)-3-Amino-2-methylpropanoate:pyruvate aminotransferase	2	-1.000	0.210	4.530	13
rxn01483	acetyl-CoA:D-glucosamine-6-phosphate N-acetyltransferase	2	-5.260	-5.780	-5.960	42
rxn01484	N-Acetyl-D-glucosamine-6-phosphate amidohydrolase	3	-2.000	-1.890	-1.290	-1
rxn01485	D-Glucosamine 1-phosphate 1,6-phosphomutase	5	0.000	-0.640	-0.660	16
rxn01486	trans,trans-Farnesyl-diphosphate:isopentenyl-diphosphate farnesyltranstransferase	2	-22.500	-18.640	-22.440	36
rxn01487	geranylgeranyl reductase	1	-52.710	-40.060	7.880	-1
rxn01489	Geranylgeranyl-diphosphate:geranylgeranyl-diphosphate geranylgeranyltransferase	2	-27.300	-37.220	-27.280	-1
rxn01490	ent-Copalyl-diphosphate lyase	5	-22.740	-82.890	-4.970	-1
rxn01492	ATP:D-fructose-1-phosphate 6-phosphotransferase	2	-14.000	-3.710	1.480	7
rxn01494	3,4-Dihydroxy-L-phenylalanine:oxygen 4,5-oxidoreductase (recyclizing)	1	-76.930	-61.190	-124.930	-1
rxn01495	3,4-Dihydroxy-L-phenylalanine:oxygen 2,3-oxidoreductase (recyclizing)	1	-76.370	-61.200	-121.970	-1
rxn01496	3,4-Dihydroxy-L-phenylalanine:2-oxoglutarate aminotransferase	2	-0.000	-1.880	0.020	-1
rxn01499	3,4-Dihydroxy-L-phenylalanine carboxy-lyase	4	-3.120	-5.090	-11.640	-1
rxn01500	(R)-Mevalonate:NAD+ oxidoreductase (CoA-acetylating)	1	1.230	0.730	5.680	-1
rxn01501	(R)-Mevalonate:NADP+ oxidoreductase (CoA acylating)	1	1.230	0.670	4.510	-1
rxn01502	(S)-3-Hydroxy-3-methylglutaryl-CoA hydrolase	3	-5.720	-5.300	-4.110	-1
rxn01503	succinyl-CoA:3-hydroxy-3-methylglutarate CoA-transferase	2	-0.000	-0.820	-2.390	-1
rxn01504	(S)-3-Hydroxy-3-methylglutaryl-CoA hydro-lyase (trans-3-methylglutaconyl-CoA-forming)	4	3.020	0.100	-13.080	-1
rxn01505	N-Acetyl-D-glucosamine 1-phosphate 1,6-phosphomutase	5	0.000	1.770	0.900	16
rxn01506	N-Acetyl-D-glucosamine 6-phosphate 2-epimerase	5	0.000	-0.450	0.770	-1
rxn01507	2'-Deoxyadenosine 5'-monophosphate phosphohydrolase	3	7.220	-3.910	-2.970	3
rxn01508	ATP:deoxyadenosine 5'-phosphotransferase	2	-14.000	-2.630	-3.430	32
rxn01509	ATP:dGMP phosphotransferase	2	9.500	1.100	-0.600	4
rxn01510	dGTP:cytidine 5'-phosphotransferase	2	-14.000	-3.600	-3.430	32
rxn01511	dTDP phosphohydrolase	3	-16.280	-6.190	-5.610	32
rxn01512	ATP:dTDP phosphotransferase	2	0.000	0.020	-0.210	16
rxn01513	ATP:dTMP phosphotransferase	2	9.500	-0.350	-0.790	4
rxn01514	dTTP nucleotidohydrolase	3	-6.780	-6.560	-6.180	43
rxn01515	dTTP:cytidine 5'-phosphotransferase	2	-14.000	-3.160	-3.200	32
rxn01516	dTTP:uridine 5'-phosphotransferase	2	-14.000	-4.390	-3.380	32
rxn01517	ATP:dUMP phosphotransferase	2	9.500	0.240	-0.780	4
rxn01518	ATP:deoxyuridine 5'-phosphotransferase	2	-14.000	-3.170	-3.570	32
rxn01519	dUTP nucleotidohydrolase	3	-27.240	-8.900	-7.990	30
rxn01520	5,10-Methylenetetrahydrofolate:dUMP C-methyltransferase	2	-30.180	-10.790	-7.600	30
rxn01521	2'-Deoxyuridine 5'-monophosphate phosphohydrolase	3	7.220	-3.370	-2.820	3
rxn01522	xanthine:NAD+ oxidoreductase	1	7.740	4.160	-1.730	5
rxn01523	Urate:oxygen oxidoreductase	1	-57.110	-53.560	-29.160	-1
rxn01524	Xanthine:oxygen oxidoreductase	1	-24.000	-27.490	-33.930	-1
rxn01525	UDPglucose:sterol 3-O-beta-D-glucosyltransferase	2	-1.700	-3.060	-8.440	29
rxn01527	UDPglucose:zeatin O-beta-D-glucosyltransferase	2	-1.700	-5.270	-8.590	29
rxn01528	UDP-D-xylose:zeatin O-beta-D-xylosyltransferase	2	-1.700	-5.560	-2.800	-1
rxn01529	retinal:NAD+ oxidoreductase	1	-9.740	-9.830	1.410	10
rxn01530	retinol:NAD+ oxidoreductase	1	3.700	2.610	2.720	19
rxn01531	Retinal:oxygen oxidoreductase	1	-41.480	-41.480	-30.800	-1
rxn01532	all-trans-Retinal 11-cis-trans-isomerase	5	0.000	1.840	1.840	-1
rxn01535	R02129	none	-13.260	-10.130	-8.220	-1
rxn01536	Thiamin:oxygen 5-oxidoreductase	1	-67.970	-67.090	-63.860	-1
rxn01537	Thiamin hydrolase	3	-3.640	12.270	-4.470	-1
rxn01538	ATP:thiamine phosphotransferase	2	-14.000	10.320	-3.610	1
rxn01539	thiamin monophosphate phosphohydrolase	3	-7.220	16.860	2.780	-1
rxn01540	ATP:xylitol 5-phosphotransferase	2	-14.000	-5.550	-3.460	32
rxn01541	Cytidine ribohydrolase	3	-0.730	0.460	5.170	-1
rxn01543	R02141	3	-25.030	1.890	-27.890	-1
rxn01544	XMP:pyrophosphate phosphoribosyltransferase	2	23.610	6.010	5.460	-1
rxn01545	Xanthosine ribohydrolase	3	10.370	-0.780	-2.330	-1
rxn01546	S-Adenosyl-L-methionine:carnosine N-methyltransferase	2	-6.710	7.400	1.690	6
rxn01547	Guanosine aminohydrolase	3	-8.910	64.150	-0.630	-1
rxn01548	guanosine:phosphate alpha-D-ribosyltransferase	2	-7.950	2.810	3.110	6
rxn01549	Guanosine 3'-phosphate phosphohydrolase	3	7.220	-3.290	-1.100	3
rxn01550	1H-Imidazole-4-ethanamine:oxygen oxidoreductase (deaminating) (copper-containing)	1	-24.020	-22.250	-20.970	37
rxn01551	R02152	2	-5.260	-5.450	-2.750	-1
rxn01554	S-Adenosyl-L-methionine:histamine N-tele-methyltransferase	2	-6.710	7.500	1.440	6
rxn01556	S-Adenosyl-L-methionine:3,5,7,3',4'-pentahydroxyfavone 3-O-methyltransferase	2	-13.030	37.580	-23.110	-1
rxn01557	UDPglucose:flavonol 3-O-D-glucosyltransferase	2	-20.460	27.760	-13.260	-1
rxn01558	3'-Phosphoadenylylsulfate:quercetin 3-sulfotransferase	2	-33.000	-29.830	-0.320	-1
rxn01559	dihydroflavonol,2-oxoglutarate:oxygen oxidoreductase	1	-102.180	-148.000	-90.020	-1
rxn01560	D-Mannitol-1-phosphate phosphohydrolase	3	7.220	-2.880	-2.960	3
rxn01561	GDPglucose:D-glucose-6-phosphate 1-alpha-D-glucosyltransferase	2	-1.700	-3.010	-4.620	29
rxn01562	Pyrimidine-5'-nucleotide phosphoribo(deoxyribo)hydrolase	3	-3.640	-1.480	18.780	-1
rxn01563	pyrimidine-nucleoside ribohydrolase	3	-3.640	2.240	19.350	-1
rxn01564	Tryptamine:oxygen oxidoreductase(deaminating)	1	-24.020	-22.330	-27.800	-1
rxn01565	S-Adenosyl-L-methionine:amine N-methyltransferase	2	-10.430	1.760	6.830	6
rxn01566	(-)-menthol:NADP+ oxidoreductase	1	2.330	-0.290	2.570	14
rxn01567	(-)-menthol,NADPH:oxygen oxidoreductase (8-hydroxylating)	1	-95.840	-95.850	-94.170	28
rxn01568	UDPglucose:(-)-menthol O-beta-D-glucosyltransferase	2	-1.700	-3.060	-9.490	29
rxn01570	Coniferyl aldehyde:NADP+ oxidoreductase (CoA-feruloylating)	1	-4.020	-1.450	2.650	10
rxn01571	Ferulate:CoA ligase (AMP-forming)	6	-21.520	-2.530	-10.180	-1
rxn01572	Feruloyl-CoA:quinate O-(hydroxycinnamoyl)transferase	2	-3.610	-0.220	2.500	-1
rxn01573	L-Isoleucine:NAD+ oxidoreductase(deaminating)	1	8.720	7.310	5.090	-1
rxn01574	L-Isoleucine:oxygen oxidoreductase (deaminating)	1	-23.020	-24.340	-27.120	37
rxn01575	L-Isoleucine:2-oxoglutarate aminotransferase	2	-0.000	-1.410	-4.130	16
rxn01577	Valine:(S)-3-methyl-2-oxopentanoate aminotransferase	2	-0.000	1.830	5.990	-1
rxn01578	L-Pipecolate:NAD+ 2-oxidoreductase	1	-11.900	5.240	6.300	6
rxn01579	L-Pipecolate:NADP+ 2-oxidoreductase	1	-11.900	5.210	5.720	6
rxn01580	L-Pipecolate:oxygen 1,6-oxidoreductase	1	-42.200	-19.750	-23.060	-1
rxn01581	L-Pipecolate:(acceptor) 1,6-oxidoreductase	1	-15.300	8.280	4.720	6
rxn01583	5alpha-pregnane-3,20-dione:NADP+ 5-oxidoreductase	1	13.600	4.110	4.660	-1
rxn01585	Ketosteroid,NADPH:oxygen oxidoreductase (20-hydroxylating, ester-producing/20-hydroxylating, side-chain cleaving/17-hydroxylating, lactonizing)	1	-103.280	-101.960	-98.700	-1
rxn01586	Pregnenolone:NAD+ 3-oxidoreductase	1;5	0.780	-0.260	6.560	-1
rxn01588	3-Oxo-5beta-steroid:NADP+ delta4-oxidoreductase	1	-13.600	-4.110	-5.310	32
rxn01589	sinapoyl aldehyde:NADP+ oxidoreductase (CoA-sinapoylating)	1	4.020	2.750	2.640	19
rxn01590	Sinapate:CoA ligase (AMP-forming)	6	-21.520	-2.180	-10.200	-1
rxn01593	ATP:streptomycin 6-phosphotransferase	2	-14.000	1.500	-2.610	-1
rxn01594	ATP:streptomycin 3''-adenylyltransferase	2	-12.930	52.370	1.040	-1
rxn01595	ATP:streptomycin 3''-phosphotransferase	2	-14.000	1.540	-4.120	-1
rxn01596	Streptomycin-6-phosphate phosphohydrolase	3	7.220	-8.040	-3.790	3
rxn01597	cyclohexanol:NAD+ oxidoreductase	1	-2.330	-1.940	-2.050	-1
rxn01598	Cyclohexanone,NADPH:oxygen oxidoreductase (6-hydroxylating 1,2-lactonizing)	1	-97.280	-83.980	-97.290	-1
rxn01599	(1-Hydroxycyclohexan-1-yl)acetyl-CoA cyclohexanone-lyase	4	-1.040	-3.430	-4.440	-1
rxn01600	Cyclohexylamine:oxygen oxidoreductase (deaminating)	1	-26.940	-28.640	-26.090	37
rxn01601	dihydrofolate:NAD+ oxidoreductase	1	-2.910	3.790	5.500	6
rxn01602	dihydrofolate:NADP+ oxidoreductase	1	-2.910	3.760	4.920	6
rxn01603	7,8-dihydropteroate:L-glutamate ligase (ADP-forming)	6	-6.320	-4.330	-2.200	-1
rxn01604	Formate:dihydrofolate ligase (ADP-forming)	6	-0.870	-3.060	-2.040	-1
rxn01605	cis-Aconitate carboxy-lyase	4	-4.040	-3.850	-8.390	-1
rxn01606	trans-Aconitate delta2-delta3-isomerase	5	0.000	1.080	2.820	-1
rxn01607	ATP:(R)-mevalonate 5-phosphotransferase	2	-14.000	-3.530	-4.610	32
rxn01608	(R)-Mevalonate:NAD+ oxidoreductase	1	5.250	4.940	33.230	-1
rxn01609	(R)-Mevalonate:NADP+ oxidoreductase	1	5.250	4.910	32.650	-1
rxn01610	phenylpropanoate:NAD+ delta2-oxidoreductase	1	-11.760	-12.600	18.140	10
rxn01611	trans-cinnamate,NADPH:oxygen oxidoreductase (4-hydroxylating)	1	-95.860	-104.240	-95.900	25
rxn01612	trans-Cinnamate,NADPH:oxygen oxidoreductase (2-hydroxylating)	1	-95.860	-104.240	-95.200	25
rxn01613	trans-Cinnamate:CoA ligase (AMP-forming)	6	-21.520	-0.950	-10.180	-1
rxn01614	UDPglucose:trans-cinnamate beta-D-glucosyltransferase	2	-2.700	2.020	1.530	-1
rxn01615	Propane-1,2-diol:NAD+ oxidoreductase	1	5.250	7.710	8.570	19
rxn01617	Propane-1,2-diol:NADP+ oxidoreductase	1	5.250	7.680	7.990	19
rxn01618	(S)-Lactaldehyde:NADP+ oxidoreductase	1	6.250	2.650	0.600	-1
rxn01619	R02261	4	0.750	4.140	2.800	-1
rxn01620	L-Fuculose-1-phosphate lactaldehyde-lyase	4	2.560	4.720	4.710	19
rxn01621	L-Rhamnulose-1-phosphate lactaldehyde-lyase	4	2.560	4.720	1.570	-1
rxn01626	5,6-Dihydrouracil amidohydrolase	3	-7.050	-1.980	-1.890	-1
rxn01628	5-Aminolevulinate:pyruvate aminotransferase	2	1.460	0.310	1.460	-1
rxn01629	(S)-4-Amino-5-oxopentanoate 4,5-aminomutase	5	1.460	2.150	2.590	18
rxn01630	5-Aminopentanamide amidohydrolase	3	-4.720	-2.870	-2.480	33
rxn01631	5-Aminopentanoate:2-oxoglutarate aminotransferase	2	-1.000	0.210	1.460	13
rxn01632	5-Acetamidopentanoate amidohydrolase	3	-2.000	-1.790	-6.080	-1
rxn01633	2-Dehydro-3-deoxy-L-arabinonate hydro-lyase	4	-9.170	-8.130	-11.890	40
rxn01634	5-Dehydro-4-deoxy-D-glucarate hydro-lyase (decarboxylating)	4	-12.290	-12.040	-15.460	-1
rxn01635	1-Pyrroline-4-hydroxy-2-carboxylate aminohydrolase (decyclizing)	3	11.570	8.800	16.610	-1
rxn01636	N2-Acetyl-L-ornithine:L-glutamate N-acetyltransferase	2	0.000	0.550	0.730	16
rxn01637	N2-Acetyl-L-ornithine:2-oxoglutarate aminotransferase	2	-1.000	-0.710	5.340	-1
rxn01638	L-5-Carboxymethylhydantoin amidohydrolase	3	-3.690	-0.530	-0.340	-1
rxn01639	N-Formimino-L-glutamate formiminohydrolase	3	21.380	-7.400	14.210	-1
rxn01640	N-Formimino-L-glutamate iminohydrolase	3	2.820	-6.570	8.340	2
rxn01641	5-Formiminotetrahydrofolate:L-glutamate N-formiminotransferase	2	-0.070	2.190	0.870	-1
rxn01642	4-imidazolone-5-propanoate amidohydrolase	3	0.120	4.520	11.070	-1
rxn01643	L-Aspartate-4-semialdehyde:NADP+ oxidoreductase (phosphorylating)	1	-9.860	-4.860	-3.400	-1
rxn01644	L-Aspartate-4-semialdehyde hydro-lyase (adding pyruvate and cyclizing)	4	-30.830	-29.980	-41.640	-1
rxn01645	L-2,4-Diaminobutanoate:pyruvate aminotransferase	2	-1.000	6.940	6.650	-1
rxn01646	N-Ribosylnicotinamide:orthophosphate ribosyltransferase	2	-10.860	-3.590	-3.610	-1
rxn01647	Nicotinate D-ribonucleoside:orthophosphate ribosyltransferase	2	-10.860	2.300	-2.350	-1
rxn01648	Cytidine:orthophosphate alpha-D-ribosyltransferase	2	-7.950	3.890	10.100	6
rxn01649	Xanthosine:orthophosphate ribosyltransferase	2	3.150	2.650	2.600	19
rxn01650	Pyrimidine-nucleoside:orthophosphate alpha-D-ribosyltransferase	2	-10.860	5.670	24.280	-1
rxn01652	S-Aminomethyldihydrolipoylprotein:(6S)-tetrahydrofolate aminomethyltransferase (ammonia-forming)	2	1.410	10.840	-7.510	-1
rxn01653	5-Formyltetrahydrofolate cyclo-ligase (ADP-forming)	6	-8.190	-17.380	-13.900	-1
rxn01654	5-Formiminotetrahydrofolate ammonia-lyase (cyclizing)	4	10.010	-6.010	7.100	-1
rxn01655	ATP:farnesyl-diphosphate phosphotransferase	2	-0.000	1.400	-0.000	16
rxn01657	trans,trans-farnesyl-diphosphate diphosphate-lyase (cyclizing, trichodiene-forming)	4	-22.150	-61.060	-25.490	-1
rxn01658	trans,trans-Farnesyl-diphosphate farnesyltransferase (bicyclizing)	4	-45.280	-91.480	-25.340	9
rxn01660	trans,trans-Farnesyl-diphosphate sesquiterpenoid-lyase (isomerizing)	5	-3.330	2.330	11.760	-1
rxn01661	2-trans,6-trans-Farnesyl-diphosphate diphosphate-lyase (cyclizing, (+)-delta-cadinene-forming)	4	-44.550	-156.740	-31.150	9
rxn01662	N6-(L-1,3-Dicarboxypropyl)-L-lysine:NAD+ oxidoreductase	1	8.240	8.850	10.910	21
rxn01663	N6-(L-1,3-Dicarboxypropyl)-L-lysine:NADP+ oxidoreductase	1	8.240	8.820	10.320	21
rxn01664	(S)-2-Amino-6-oxohexanoate hydro-lyase (spontaneous)	1	12.470	6.630	7.780	-1
rxn01665	(1R,2S)-1-Hydroxypropane-1,2,3-tricarboxylate 1-epimerase	5	0.000	0.000	0.920	16
rxn01669	Nicotinamide-D-ribonucleotide amidohydrolase	3	-4.720	0.640	-8.290	-1
rxn01670	Nicotinamide ribonucleotide phosphohydrolase	3	7.220	1.230	-3.590	-1
rxn01671	ATP:N-ribosylnicotinamide 5'-phosphotransferase	2	-14.000	-7.770	-2.810	-1
rxn01672	dCTP aminohydrolase	3	-5.170	-7.150	-4.260	-1
rxn01673	ATP:dCDP phosphotransferase	2	-0.000	0.990	0.010	16
rxn01674	dCTP:uridine 5'-phosphotransferase	2	-14.000	-5.360	-3.600	32
rxn01675	dTTP:alpha-D-glucose-1-phosphate thymidylyltransferase	2	1.070	-1.960	-0.040	12
rxn01676	dTTP:alpha-D-galactose-1-phosphate thymidylyltransferase	2	1.070	-0.100	-1.020	-1
rxn01677	dUTP nucleotidohydrolase	3	-6.780	-6.190	-6.190	43
rxn01678	ATP:dUDP phosphotransferase	2	0.000	-0.350	-0.200	16
rxn01679	dUTP:uridine 5'-phosphotransferase	2	-14.000	-4.010	-3.390	32
rxn01680	Indole:oxygen 2,3-oxidoreductase (decyclizing)	1	-90.860	-81.460	-85.590	-1
rxn01682	(1S,2R)-1-C-(indol-3-yl)glycerol 3-phosphate D-glyceraldehyde-3-phosphate-lyase	4	2.780	4.590	4.600	19
rxn01683	N-D-ribosylpurine ribohydrolase	3	-0.730	0.970	-7.710	-1
rxn01684	purine-nucleoside:phosphate ribosyltransferase	2	-7.950	4.400	-2.780	-1
rxn01685	Acetoin:NAD+ oxidoreductase	1	6.250	4.460	0.000	-1
rxn01686	(S,S)-butane-2,3-diol:NAD+ oxidoreductase	1	3.790	4.460	4.470	19
rxn01687	3-Hydroxybutan-2-one:D-ribose-5-phosphate aldehydetransferase	2	2.730	-0.190	-1.720	-1
rxn01688	Estradiol-17alpha:NAD+ 17-oxidoreductase	1	2.330	0.410	0.820	-1
rxn01689	Estradiol-17alpha:NADP+ 16-oxidoreductase	1	2.330	0.380	0.230	-1
rxn01690	3'-Phosphoadenylylsulfate:estrone 3-sulfotransferase	2	-14.000	-69.330	-7.770	11
rxn01692	Estradiol-17beta:NAD+ 17-oxidoreductase	1	2.330	1.090	0.850	-1
rxn01693	Estradiol-17beta:NADP+ 17-oxidoreductase	1	2.330	1.060	0.270	-1
rxn01694	R02354	1	-95.860	-106.490	-79.820	26
rxn01695	R02355	1	-95.860	-106.460	-79.240	26
rxn01696	R02356	1	-96.220	-97.710	-93.810	28
rxn01697	UDPglucuronate beta-D-glucuronosyltransferase(acceptor-unspecific)	2	-1.700	-12.540	-14.110	20
rxn01698	Urethane amidohydrolase (decarboxylating)	3	1.110	-84.990	-12.820	-1
rxn01699	Hydroquinone:oxygen oxidoreductase	1	-83.650	-71.430	-105.970	-1
rxn01701	Palmitoyl-CoA:retinol O-acyltransferase	2	-3.610	-11.140	-12.150	-1
rxn01702	retinyl-palmitate palmitohydrolase	3	-2.110	4.740	4.800	6
rxn01703	all-trans-Retinol 11-cis-trans-isomerase	5	0.000	-3.050	1.760	-1
rxn01704	Cytidine 3'-phosphate phosphohydrolase	3	7.220	-5.420	-1.090	3
rxn01705	dCTP:cytidine 5'-phosphotransferase	2	-14.000	-4.140	-3.420	32
rxn01706	dUTP:cytidine 5'-phosphotransferase	2	-14.000	-2.790	-3.210	32
rxn01707	ecdysone:oxygen 3-oxidoreductase	1	-29.410	-31.910	-27.390	37
rxn01708	Palmitoyl-CoA:ecdysone O-palmitoyltransferase	2	-3.610	0.420	0.780	-1
rxn01709	propane-1,2-diol hydro-lyase	4	-9.170	-7.940	-6.920	-1
rxn01710	Propane-1,3-diol:NAD+ 1-oxidoreductase	1	-5.250	-5.930	6.690	10
rxn01711	L-Serine hydro-lyase (adding pyrazole)	4	0.730	-0.000	-23.670	-1
rxn01712	S-Adenosyl-L-methionine:3,4-dihydroxy-trans-cinnamate 3-O-methyltransferase	2	-4.330	-2.230	-23.120	8
rxn01713	UDPglucose:sinapate D-glucosyltransferase	2	-2.700	1.250	1.530	-1
rxn01714	Sinapoylcholine sinapohydrolase	3	-2.110	-3.700	-0.480	-1
rxn01715	Tyramine:oxygen oxidoreductase(deaminating)(flavin-containing)	1	-24.020	-22.340	-16.690	37
rxn01716	Monophenol,L-dopa:oxygen oxidoreductase	1	-95.860	-105.820	-79.820	26
rxn01717	S-Adenosyl-L-methionine:tyramine N-methyltransferase	2	-10.430	1.760	6.830	6
rxn01718	Feruloyl-CoA:tyramine N-(hydroxycinnamoyl)transferase	2	-5.260	-6.970	-5.800	-1
rxn01719	Acetyl-CoA:arylamine N-acetyltransferase	2	-4.050	-4.410	-7.360	-1
rxn01720	UDPglucose:arylamine N-D-glucosyltransferase	2	-11.540	-9.940	-24.700	-1
rxn01722	Bilirubin:NAD+ oxidoreductase	1	11.890	-4.970	7.490	-1
rxn01723	Bilirubin:NADP+ oxidoreductase	1	11.890	-5.000	6.910	-1
rxn01724	Bilirubin:oxygen oxidoreductase	1	-85.050	-119.100	-95.960	-1
rxn01725	Carnitine:NAD+ 3-oxidoreductase	1	3.790	5.640	4.460	19
rxn01726	Acetyl-CoA:carnitine O-acetyltransferase	2	-3.610	-0.180	-1.570	-1
rxn01727	4-Trimethylammoniobutanoate,2-oxoglutarate:oxygen oxidoreductase (3-hydroxylating)	1	-108.280	-107.890	-109.050	24
rxn01728	Carnitine carboxy-lyase	4	-4.930	-4.360	-2.310	-1
rxn01729	glutarate-semialdehyde:NAD+ oxidoreductase	1	-9.740	-9.510	-5.600	41
rxn01730	Glutarate:CoA ligase (ADP-forming)	6	-1.060	-1.240	0.090	-1
rxn01731	Itaconate:CoA ligase (ADP-forming)	6	-1.060	-1.240	-0.140	-1
rxn01732	Itaconate:CoA ligase (GDP-forming)	6	-1.060	-0.570	-0.140	-1
rxn01733	Itaconate:CoA ligase (IDP-forming)	6	-1.060	-1.560	-0.130	-1
rxn01734	Succinyl-CoA:citramalate CoA-transferase	2	-0.000	-0.820	-0.240	16
rxn01737	Raffinose fructohydrolase	3	-3.110	-2.490	-5.390	-1
rxn01738	1-alpha-D-Galactosyl-myo-inositol:sucrose 6-alpha-D-galactosyltransferase	2	-0.000	-1.250	-0.830	16
rxn01739	ATP:shikimate 3-phosphotransferase	2	-14.000	-5.670	-5.260	32
rxn01740	Shikimate:NADP+ 3-oxidoreductase	1	0.780	2.260	14.020	-1
rxn01742	Shikimate:pyrroloquinoline-quinone 3-oxidoreductase	1	-42.970	-13.520	45.160	-1
rxn01743	4-Coumaroyl-CoA:shikimate O-(hydroxycinnamoyl)transferase	2	-3.610	-4.410	3.540	10
rxn01744	questin,NADPH:oxygen oxidoreductase (hydroxylating, anthraquinone-ring-opening)	1	-99.720	-111.900	-74.270	-1
rxn01745	(R)-Malate hydro-lyase	4	0.610	4.510	4.490	-1
rxn01746	Allantoate amidinohydrolase	3	10.950	0.310	0.360	-1
rxn01747	allantoate amidinohydrolase (decarboxylating)	3	2.670	1.350	-5.550	5
rxn01748	Allantoin amidohydrolase	3	-3.690	-13.080	0.580	-1
rxn01750	CDPglucose 4,6-hydro-lyase	4	-13.900	-14.250	-8.280	-1
rxn01751	D-Xylonolactone lactonohydrolase	3	-7.250	-4.440	0.240	-1
rxn01752	D-Xylono-1,4-lactone lactonohydrolase	3	-5.690	-5.120	-5.240	42
rxn01753	D-Xylonate hydro-lyase	4	-8.170	-9.800	-12.890	-1
rxn01754	ATP:erythritol 4-phosphotransferase	2	-14.000	-2.900	-5.450	32
rxn01757	L-cysteate:2-oxoglutarate aminotransferase	2	0.000	-2.230	-2.210	16
rxn01759	3'-phosphoadenylyl sulfate:2-aminoacrylate C-sulfotransferase	none	-18.570	-69.480	54.870	-1
rxn01760	Quercitrin 3-L-rhamnohydrolase	3	15.890	-32.630	8.050	-1
rxn01761	L-Rhamnose ketol-isomerase	5	0.860	0.030	0.050	-1
rxn01762	R02438	none	0.240	0.400	0.930	16
rxn01763	ATP:L-ribulose 5-phosphotransferase	2	-14.050	-1.720	-8.070	-1
rxn01764	L-Arabitol:NAD+ 2-oxidoreductase (L-ribulose-forming)	1	3.840	3.800	11.360	-1
rxn01765	flavonoid,NADPH:oxygen oxidoreductase (3'-hydroxylating)	1	-95.860	-105.790	-79.240	26
rxn01767	flavanone,2-oxoglutarate:oxygen oxidoreductase (3-hydroxylating)	1	-110.080	-109.920	-108.220	24
rxn01768	flavanone,2-oxoglutarate:oxygen oxidoreductase (dehydrating)	1	-121.960	-83.450	-116.770	-1
rxn01769	flavanone lyase (decyclizing)	5	8.370	7.030	7.740	-1
rxn01770	Malonyl-CoA:3-hydroxybenzoyl-CoA malonyltransferase	2	0.130	-42.210	28.870	-1
rxn01771	benzoyl-CoA,NADPH:oxygen oxidoreductase (3-hydroxylating)	1	-95.860	-105.860	-93.930	25
rxn01772	Phenylglyoxylate:NAD+ oxidoreductase (CoA benzoylating)	1	-8.140	-5.290	-2.910	-1
rxn01773	Benzoyl-CoA:glycine N-benzoyltransferase	2	-5.260	-6.410	-6.990	42
rxn01774	Benzoyl-CoA:anthranilate N-benzoyltransferase	2	-4.050	-5.920	-16.610	-1
rxn01775	D-Mannonate:NAD+ 5-oxidoreductase	1	2.040	3.960	10.680	-1
rxn01776	D-Mannonate:NAD+ 6-oxidoreductase	1	2.930	3.950	8.010	19
rxn01777	D-Mannonate:NADP+ 6-oxidoreductase	1	2.930	3.920	7.420	19
rxn01778	D-Ornithine:oxygen oxidoreductase (deaminating)	1	-23.020	-23.730	-22.110	37
rxn01779	D-Arginine amidinohydrolase	3	-3.900	-14.700	-6.860	-1
rxn01780	D-Ornithine 4,5-aminomutase	5	-1.810	1.640	1.000	-1
rxn01781	Hexadecanol:NAD+ oxidoreductase	1	5.250	4.940	2.880	19
rxn01782	hexadecanal:NADP+ delta2-oxidoreductase	1	16.580	14.130	4.370	-1
rxn01783	Sphinganine-1-phosphate pamlmitaldehyde-lyase	4	2.560	0.240	2.310	14
rxn01786	(-)-Limonene,NADPH:oxygen oxidoreductase (6-hydroxylating)	1	-99.900	-97.040	-93.950	-1
rxn01787	(-)-limonene,NADPH:oxygen oxidoreductase (3-hydroxylating)	1	-99.900	-97.040	-94.610	-1
rxn01788	(-)-Limonene,NADPH:oxygen oxidoreductase (7-hydroxylating)	1	-96.290	-93.820	-94.820	-1
rxn01789	R02471	1	5.250	4.260	6.940	19
rxn01790	(R)-Pantoate:NADP+ 2-oxidoreductase	1	6.250	4.510	4.920	19
rxn01791	(R)-Pantoate:beta-alanine ligase (AMP-forming)	6	-26.780	-9.170	-9.980	30
rxn01792	Pantothenate amidohydrolase	3	-0.460	0.210	1.660	13
rxn01793	Androsterone:NAD+ oxidoreductase	1	2.330	-0.260	8.270	14
rxn01794	Androsterone:NADP+ oxidoreductase	1	2.330	-0.290	7.680	14
rxn01795	UDPglucuronate beta-D-glucuronosyltransferase(acceptor-unspecific)	2	-1.700	-2.640	-8.520	29
rxn01797	Acetyl-CoA:D-tryptophan N-acetyltransferase	2	-5.260	-5.790	-4.790	-1
rxn01798	Malonyl-CoA:D-tryptophan N-malonyltransferase	2	-5.260	-5.650	-6.530	42
rxn01799	deoxyuridine:orthophosphate 2-deoxy-D-ribosyltransferase	2	0.610	0.700	-0.120	-1
rxn01800	Deoxycytidine aminohydrolase	3	-5.170	-5.200	-3.720	-1
rxn01801	2-Deoxyuridine,2-Oxoglutarate:oxygen oxidoreductase (1'-hydroxylating)	1	-116.840	-130.520	-135.360	-1
rxn01802	Glutaryl-CoA:(acceptor) 2,3-oxidoreductase (decarboxylating)	1	6.810	6.880	6.610	19
rxn01803	Gentisate carboxy-lyase	4	-0.130	-2.540	-1.560	16
rxn01804	Citramalyl-CoA hydro-lyase	4	2.360	0.700	-7.920	-1
rxn01805	(3S)-citramalyl-CoA hydro-lyase (itaconyl-CoA-forming)	4	2.360	0.700	-3.350	-1
rxn01807	ATP:pyridoxal 5'-phosphotransferase	2	-14.000	-3.100	-6.620	32
rxn01808	pyridoxamine-5'-phosphate phosphohydrolase	3	-7.220	3.440	-0.220	-1
rxn01809	Testosterone delta5-delat4-isomerase	1;5	-0.780	0.660	-6.210	-1
rxn01812	17beta-hydroxysteroid UDP-glucuronosyltransferase	2	-1.700	-2.240	-10.460	-1
rxn01814	Malonyl-CoA:cinnamoyl-CoA malonyltransferase (cyclizing)	2	-25.970	-40.620	-20.310	-1
rxn01815	cinnamaldehyde:NADP+ oxidoreductase (CoA-cinnamoylating)	1	-4.020	-2.690	2.660	10
rxn01816	R02508	2	11.730	14.750	15.860	22
rxn01817	N,N-Dimethylformamide amidohydrolase	3	-0.960	0.390	-4.940	-1
rxn01818	Trimethylamine-N-oxide formaldehyde-lyase	4	-40.700	-45.250	-41.470	34
rxn01819	Nomega,Nomega'-dimethyl-L-arginine dimethylamidohydrolase	3	-9.820	-5.780	2.990	-1
rxn01820	4-hydroxyphenylacetate,NADH:oxygen oxidoreductase (1-hydroxylating)	1	-95.860	-105.820	-89.950	26
rxn01821	3-hydroxyphenylacetate,NADH:oxygen oxidoreductase (6-hydroxylating)	1	-95.860	-105.820	-93.870	25
rxn01822	4-hydroxyphenylacetate,NADPH:oxygen oxidoreductase (1-hydroxylating)	1	-95.860	-105.790	-89.370	-1
rxn01823	3-hydroxyphenylacetate,NADPH:oxygen oxidoreductase (6-hydroxylating)	1	-95.860	-105.790	-93.290	25
rxn01824	R02518	4	-108.610	-108.230	-113.220	24
rxn01825	Homogentisate:oxygen 1,2-oxidoreductase (decyclizing)	1	-81.840	-62.380	-108.130	-1
rxn01826	R02520	1	-93.840	-93.070	-98.120	-1
rxn01827	4-Hydroxyphenylpyruvate:oxygen oxidoreductase (hydroxylating,decarboxylating)	1	-109.720	-131.320	-98.790	-1
rxn01828	L-Arabinonate hydro-lyase	4	-8.170	-9.800	-10.910	40
rxn01830	L-Arabinono-1,4-lactone lactonohydrolase	3	-5.690	-5.120	-4.020	-1
rxn01831	(R)-Lactaldehyde:NAD+ oxidoreductase	1	6.250	4.070	1.390	-1
rxn01832	R02528	1	-7.710	-4.520	-2.790	-1
rxn01833	aminoacetone:oxygen oxidoreductase(deaminating)	1	-21.560	-22.650	-21.380	37
rxn01834	(R)-S-Lactoylglutathione methylglyoxal-lyase (isomerizing)	4	14.210	5.610	5.610	-1
rxn01835	Lactaldehyde:NAD+ 1-oxidoreductase	1	6.250	4.070	2.090	-1
rxn01836	4-[(1R)-2-Amino-1-hydroxyethyl]-1,2-benzenediol:oxygen oxidoreductase(deaminating)(flavin-containing)	1	-24.020	-22.330	-20.930	37
rxn01837	S-Adenosyl-L-methionine:phenylethanolamine N-methyltransferase	2	-10.430	1.760	6.830	6
rxn01838	S-Adenosyl-L-methionine:catechol O-methyltransferase	2	-4.330	-1.830	-23.120	8
rxn01840	Phenylacetaldehyde:NAD+ oxidoreductase	1	2.290	5.640	-3.470	5
rxn01841	Aldehyde:NADP+ oxidoreductase	1	2.290	5.610	-4.060	5
rxn01842	Phenylacetate:CoA ligase	6	-33.550	-17.270	-5.570	-1
rxn01843	2-phenylacetamide amidohydrolase	3	7.310	11.510	-5.180	-1
rxn01846	meso-tartrate:NAD+ oxidoreductase	1	6.250	9.480	7.610	19
rxn01847	meso-tartaric acid:NAD+ oxidoreductase	1	6.250	9.480	7.610	19
rxn01848	(R,R)-Tartrate epimerase	5	0.000	-2.870	-1.530	16
rxn01849	trans-2,3-Epoxysuccinate hydrolase	3	-3.630	3.310	6.330	6
rxn01850	(+)-neomenthol:NADP+ oxidoreductase	1	2.330	-0.290	1.860	14
rxn01851	4-aminobutanal:NAD+ 1-oxidoreductase	1	-9.740	-11.320	-5.010	-1
rxn01853	N-Benzyloxycarbonylglycine urethanehydrolase	3	5.280	-85.400	-15.660	-1
rxn01854	N(alpha)-Benzyloxycarbonyl-L-leucine urethanehydrolase	3	5.280	-86.120	-13.980	-1
rxn01855	Cyclopentanol:NAD+ oxidoreductase	1	2.330	-0.260	2.050	14
rxn01856	cyclopentanone,NADPH:oxygen oxidoreductase (5-hydroxylating, lactonizing)	1	-97.280	-82.880	-97.290	-1
rxn01857	D-Altronate:NAD+ 3-oxidoreductase	1	3.790	4.360	4.410	19
rxn01858	Deoxyadenosine aminohydrolase	3	-8.510	-5.220	-5.650	38
rxn01859	Deoxyadenosine:orthophosphate ribosyltransferase	2	-7.950	2.670	1.690	6
rxn01861	NADH:trimethylamine-N-oxide oxidoreductase	1	56.060	58.620	57.530	-1
rxn01862	NADH:trimethylamine-N-oxide oxidoreductase	1	51.220	55.190	53.100	-1
rxn01863	4-aminobenzoate,NADH:oxygen oxidoreductase (1-hydroxylating, decarboxylating)	1	-95.990	-108.380	-96.120	25
rxn01864	4-aminobenzoate,NADPH:oxygen oxidoreductase (1-hydroxylating, decarboxylating)	1	-95.990	-108.340	-95.540	25
rxn01865	CDPethanolamine:L-serine ethanolaminephosphotransferase	2	-14.000	51.110	-2.190	-1
rxn01866	Cyclohexylsulfamate sulfohydrolase	3	-14.280	46.130	-56.280	-1
rxn01867	p-cumic alcohol:NAD+ oxidoreductase	1	-9.740	-8.730	-2.210	39
rxn01868	p-Cumic alcohol:NADP+ oxidoreductase	1	-9.740	-8.760	-2.790	39
rxn01870	D-Fructose 1-phosphate D-glyceraldehyde-3-phosphate-lyase	4	4.310	6.910	4.200	19
rxn01874	S-Adenosyl-L-methionine:dimethyl-sulfide S-methyltransferase	2	-0.000	0.450	22.230	-1
rxn01875	Trimethylsulfonium:tetrahydrofolate N-methyltransferase	2	-6.710	-0.230	-14.810	-1
rxn01876	S,S-Dimethyl-beta-propiothetin dimethyl-sulfide-lyase	4	-7.750	5.520	-2.160	-1
rxn01877	ATP:guanidoacetate N-phosphotransferase	2	32.200	-0.370	0.690	-1
rxn01878	Phenylacetyl-CoA:L-glutamine alpha-N-phenylacetyltransferase	2	-5.260	-5.760	-1.730	-1
rxn01879	Propane-1,2-diol:NAD+ 1-oxidoreductase	1	5.250	6.300	7.090	19
rxn01880	(5Z,13E)-(15S)-11alpha,15-Dihydroxy-9-oxoprost-13-enoate:NAD+15-oxidoreductase	1	2.240	4.460	0.440	-1
rxn01881	(5Z,13E)-(15S)-9alpha,11alpha,15-trihydroxyprosta-5,13-dienoate:NADP+ 9-oxidoreductase	1	2.330	-0.290	3.630	14
rxn01882	R02583	none	-7.840	-6.320	-19.780	-1
rxn01883	2-Deoxy-D-glucose 6-phosphate phosphohydrolase	3	7.220	-3.660	-1.980	3
rxn01884	3-hydroxybenzoate,NADH:oxygen oxidoreductase (6-hydroxylating)	1	-95.860	-105.810	-96.550	25
rxn01886	sn-Glycero-3-phosphocholine cholinephosphohydrolase	3	-14.310	-61.910	-8.250	11
rxn01887	coniferyl alcohol:NADP+ oxidoreductase	1	3.700	2.390	2.770	19
rxn01888	UDPglucose:coniferyl-alcohol 4'-beta-D-glucosyltransferase	2	-1.700	-13.550	-13.270	20
rxn01889	Coniferin beta-D-glucosidase	3	-3.110	7.390	6.450	6
rxn01893	R02601	4	-3.050	0.100	10.360	-1
rxn01894	4-Oxalocrotonate carboxy-lyase	4	-4.040	-3.760	-2.500	-1
rxn01895	2-Hydroxy-6-oxonona-2,4-diene-1,9-dioate succinylhydrolase	3	11.890	12.240	6.160	21
rxn01896	2-hydroxymuconate-semialdehyde formylhydrolase	3	10.690	9.310	7.080	21
rxn01898	2,6-dioxo-6-phenylhexa-3-enoate benzoylhydrolase	3	-11.890	-12.160	-15.050	-1
rxn01900	5beta-Cholestan-3-one:NADP+ 4,5-oxidoreductase	1	13.600	4.110	5.190	-1
rxn01901	5alpha-cholestan-3-one:NADP+ delta4-oxidoreductase	1	13.600	4.110	4.540	-1
rxn01902	Phenylethylalcohol:NAD+ oxidoreductase	1	5.250	4.940	8.610	19
rxn01903	Phenethylamine:oxygen oxidoreductase (deaminating)	1	-24.020	-22.330	-16.840	37
rxn01904	Styrene-oxide isomerase	5	-14.600	-3.110	-6.700	32
rxn01907	3'-Phosphoadenylylsulfate:quercetin-3-sulfate 3'-sulfotransferase	2	0.650	-69.550	-9.050	-1
rxn01908	3'-Phosphoadenylylsulfate:quercetin-3-sulfate 4'-sulfotransferase	2	-14.000	-69.500	-9.030	11
rxn01909	UTP:1-Phospho-alpha-D-galacturonate uridylyltransferase	2	-1.070	2.560	6.790	-1
rxn01910	UDP-D-galacturonate carboxy-lyase	4	-1.320	-2.140	-5.100	29
rxn01911	3-Dehydro-L-gulonate:NAD+ 2-oxidoreductase	1	8.710	4.460	6.070	-1
rxn01912	3-Dehydro-L-gulonate:NADP+ 2-oxidoreductase	1	8.710	4.430	5.490	-1
rxn01913	L-Gulonate:NAD+ 3-oxidoreductase	1	3.790	4.460	2.680	19
rxn01914	3-Oxo-delta5-steroid delta5-delat4-isomerase	5	-1.550	0.000	4.880	13
rxn01916	Glycerol 1,2-cyclic phosphate 2-glycerophosphohydrolase	3	-23.030	-94.590	-10.480	11
rxn01917	ATP:N-acetyl-L-glutamate 5-phosphotransferase	2	-6.900	5.820	2.800	6
rxn01918	Gentisate aldehyde:NAD+ oxidoreductase	1	-9.740	-9.100	-13.210	40
rxn01919	Gentisate:oxygen 1,2-oxidoreductase (decyclizing)	1	-77.830	-62.380	-89.820	-1
rxn01920	R02657	1	41.480	40.750	45.420	-1
rxn01921	ATP:2-dehydro-D-gluconate 6-phosphate	2	-14.000	-2.980	-5.560	32
rxn01922	R02659	none	3.990	0.440	9.020	-1
rxn01926	R02664	2	-14.000	-5.190	-5.150	32
rxn01927	3-Hydroxyanthranilate:oxygen 3,4-oxidoreductase (decyclizing)	1	-70.770	-59.340	-102.470	-1
rxn01928	3-Hydroxyanthranilate:oxygen oxidoreductase	1	-29.450	-35.150	-43.680	-1
rxn01929	S-Adenosyl-L-methionine:3-hydroxyanthranilate 4-C-methyltransferase	2	-20.610	-5.450	3.540	-1
rxn01930	3-Hydroxy-L-kynurenine hydrolase	3	-12.780	-12.730	-9.390	-1
rxn01931	R02669	4	-0.130	-2.540	-1.930	16
rxn01933	4-Hydroxybenzoylformate carboxy-lyase	4	-4.120	-2.770	-6.230	-1
rxn01934	(S)-2-Hydroxy-2-(4-hydroxyphenyl)acetate:oxygen 1-oxidoreductase	1	-31.160	-30.190	-38.730	-1
rxn01936	ADPmannose sugarphosphohydrolase	3	-28.310	-5.970	-7.290	-1
rxn01937	Indole-3-acetaldehyde:NAD+ oxidoreductase	1	-9.740	-9.120	-3.470	39
rxn01938	indole-3-ethanol:NAD+ oxidoreductase	1	5.250	4.940	-2.350	5
rxn01939	indole-3-ethanol:NADP+ oxidoreductase	1	5.250	4.910	-2.930	5
rxn01941	(5Z,13E)-(15S)-9alpha,11alpha,15-Trihydroxyprosta-5,13-dienoate:NAD+ 15-oxidoreductase	1	2.240	4.460	0.280	-1
rxn01942	(5Z,13E)-(15S)-9alpha,11alpha,15-trihydroxyprosta-5,13-dienoate:NADP+ 11-oxidoreductase	1	2.330	-0.290	2.560	14
rxn01943	4-Hydroxyphenylacetaldehyde:NAD+ oxidoreductase	1	-9.740	-9.120	-3.470	39
rxn01944	4-Hydroxyphenylacetaldehyde:NADP+ oxidoreductase	1	-9.740	-9.150	-4.060	39
rxn01945	4-hydroxyphenylacetate,NADH:oxygen oxidoreductase (3-hydroxylating)	1	-95.860	-105.820	-79.820	26
rxn01946	4-Hydroxyphenylacetate:CoA ligase (AMP-forming)	6	-21.520	-2.550	-5.730	-1
rxn01947	5-Hydroxy-L-tryptophan:2-oxoglutarate aminotransferase	2	0.000	-1.880	-10.940	-1
rxn01948	5-Hydroxy-L-tryptophan decarboxy-lyase	4	-3.120	-5.090	-11.640	-1
rxn01949	5-hydroxy-L-tryptophan:oxygen 2,3-dioxygenase (indole-decyclizing)	1	-92.100	-78.200	-89.310	-1
rxn01951	ATP:N-acyl-D-mannosamine 6-phosphotransferase	2	-14.000	-2.730	-3.430	32
rxn01952	R02706	3	-7.220	3.810	2.970	6
rxn01953	N-acetyl-D-mannosamine N-acetylmannosaminohydrolase	3;5	4.810	6.230	4.870	19
rxn01956	4-Methylene-L-glutamate:ammonia ligase (AMP-forming)	6	-22.520	-5.710	-8.700	-1
rxn01957	4-Methylene-L-glutamine amidohydrolase	3	-4.720	-3.260	0.380	10
rxn01959	D-Arabinono-1,4-lactone lactonohydrolase	3	-5.690	-5.120	-3.620	-1
rxn01961	Xanthosine 5'-phosphate phosphohydrolase	3	7.220	-2.790	-2.960	3
rxn01962	XTP pyrophosphohydrolase	3	-27.240	-11.340	-8.320	30
rxn01964	L-serine hydro-lyase [adding 1-C-(indol-3-yl)glycerol 3-phosphate; L-tryptophan and glyceraldehyde-3-phosphate-forming]	4	-9.170	-7.540	-7.580	-1
rxn01966	alpha,alpha-Trehalose:orthophosphate beta-D-glucosyltransferase	2	-10.330	3.520	4.480	6
rxn01967	beta-D-Glucose 1-phosphate 1,6-phosphomutase	5	0.000	-2.370	0.020	-1
rxn01968	5-Formiminotetrahydrofolate:glycine N-formiminotransferase	2	-0.070	0.770	-1.120	-1
rxn01969	D-Fructose-2,6-bisphosphate 6-phosphohydrolase	3	7.220	-2.140	-1.830	3
rxn01971	ATP:D-fructose-6-phosphate 2-phosphotransferase	2	-14.000	0.930	-7.260	-1
rxn01972	N6-Acetyl-LL-2,6-diaminoheptanedioate amidohydrolase	3	-2.000	-1.710	-4.560	29
rxn01973	N-Succinyl-LL-2,6-diaminoheptanedioate amidohydrolase	3	-0.460	1.900	0.100	-1
rxn01974	LL-2,6-Diaminoheptanedioate 2-epimerase	5	0.000	-0.400	-0.190	16
rxn01975	beta-D-Glucose-6-phosphate:NADP+ 1-oxoreductase	1	-1.970	-2.570	-5.300	29
rxn01977	alpha-D-Glucose 6-phosphate ketol-isomerase	5	0.000	1.630	-0.320	-1
rxn01979	gamma-L-Glutamyl-L-cysteine:beta-alanine ligase (ADP-forming)	6	-6.320	-6.070	-11.060	-1
rxn01980	gamma-glutamylcysteine:NADP+ oxidoreductase	1	-4.940	3.460	4.100	6
rxn01981	(5-L-Glutamyl)-L-amino-acid 5-glutamyltransferase (cyclizing)	2	-3.140	-4.120	3.450	10
rxn01985	Deoxyinosine:orthophosphate ribosyltransferase	2	-7.950	2.480	2.350	6
rxn01986	2-deoxy-D-ribose 1-phosphate 1,5-phosphomutase	5	0.000	-2.190	-5.150	16
rxn01987	R02750	2	14.000	2.880	3.430	-1
rxn01990	5-Dehydro-4-deoxy-D-glucarate tartronate-semialdehyde-lyase	4	0.750	6.030	5.880	-1
rxn01991	meso-2,6-diaminoheptanedioate:NADP+ oxidoreductase (deaminating)	1	8.720	7.010	9.220	-1
rxn01993	2-Hydroxymuconate semialdehyde:NAD+ 6-oxidoreductase	1	-9.740	-9.060	-7.460	41
rxn01994	R02763	none	1.010	4.310	0.560	-1
rxn01995	(S)-Methylmalonyl-CoA hydrolase	3	-5.720	-7.100	1.360	10
rxn01996	Methylmalonyl-CoA epimerase	5	0.000	-0.040	-0.000	16
rxn01997	dTDPglucose 4,6-hydro-lyase	4	-13.900	-11.360	-8.280	-1
rxn01998	dTDP-4-acetamido-4,6-dideoxy-D-glucose:2-oxoglutarate aminotransferase	2	1.340	2.220	6.450	-1
rxn01999	dTDP-4-amino-4,6-dideoxy-D-glucose:2-oxoglutarate aminotransferase	2	-3.920	-4.070	-0.340	-1
rxn02000	dTDP-4-dehydro-6-deoxy-D-glucose 3,5-epimerase	5	0.000	-3.680	-2.350	16
rxn02002	dTDP-6-deoxy-L-talose:NADP+ 4-oxidoreductase	1	2.330	-0.290	3.310	14
rxn02003	dTDP-6-deoxy-L-mannose:NADP+ 4-oxidoreductase	1	2.330	-0.290	7.420	14
rxn02004	Trehalose-6-phosphate phosphohydrolase	3	7.220	-1.800	-2.950	3
rxn02006	L-Glutamine:2,4,6/3,5-pentahydroxycyclohexanone aminotransferase	2	3.920	4.140	-2.490	5
rxn02007	2,4,6/3,5-Pentahydroxycyclohexanone hydro-lyase	4	-7.830	-12.350	-9.650	-1
rxn02008	UDP-N-acetylmuramoyl-L-alanine:D-glutamate ligase(ADP-forming)	6	-6.320	-7.300	-14.420	-1
rxn02010	UDP-N-acetylmuramoyl-L-alanyl-D-glutamate:L-lysine ligase	6	-6.320	-5.090	-4.520	-1
rxn02011	UDP-N-acetylmuramoyl-L-alanyl-D-glutamate:(L)-meso-2,6-diaminoheptanedioate gamma-ligase (ADP-forming)	6	-6.320	-5.930	-7.480	-1
rxn02012	3alpha,7alpha,12alpha-Trihydroxy-5beta-cholanate:NAD+ 7-oxidoreductase	1	2.330	-0.260	5.320	14
rxn02013	3alpha,7alpha,12alpha-trihydroxy-5beta-cholanate:NADP+ 12-oxidoreductase	1	2.330	-0.290	11.030	14
rxn02014	Cholate:CoA ligase (AMP-forming)	6	-21.520	-2.510	5.100	-1
rxn02015	Taurocholate amidohydrolase	3	-0.460	0.820	73.380	-1
rxn02016	R02798	none	-6.290	-6.320	-17.250	-1
rxn02018	(5Z,13E)-(15S)-9alpha,15-dihydroxy-11-oxoprosta-5,13-dienoate:NADP+ 15-oxidoreductase	1	2.240	-5.710	-0.460	-1
rxn02019	R02801	none	-7.840	-16.470	-18.700	-1
rxn02020	P1,P4-Bis(5'-nucleosyl)-tetraphosphate nucleotidohydrolase	3	-18.810	-9.610	-8.800	-1
rxn02023	(R)-10-Hydroxystearate 10-hydro-lyase	4	3.710	-0.100	-11.000	-1
rxn02024	2-Amino-4-hydroxypteridine aminohydrolase	3	10.670	66.360	4.230	-1
rxn02026	serine-phosphoethanolamine ethanolaminephosphohydrolase	3	-14.310	-59.570	-5.930	11
rxn02028	Trimethylaminoacetate:L-homosysteine S-methyltransferase	2	-36.390	2.090	-4.980	-1
rxn02029	5-Aminopentanoate:lipoate oxidoreductase (cyclizing)	1	14.520	-0.060	6.960	-1
rxn02031	orcinol,NADH:oxygen oxidoreductase (2-hydroxylating)	1	-95.860	-105.820	-84.880	26
rxn02032	Orsellinate carboxy-lyase	4	-0.130	-2.540	1.860	-1
rxn02034	Cortisol:NAD+ 11-oxidoreductase	1	2.330	-0.260	3.980	14
rxn02035	Cortisol:NADP+ 11-oxidoreductase	1	2.330	-0.290	3.390	14
rxn02036	Acetyl-CoA:cortisol O-acetyltransferase	2	-3.610	-0.930	-4.890	-1
rxn02037	3'-Phosphoadenylylsulfate:cortisol 21-sulfotransferase	2	-14.000	-61.630	14.710	-1
rxn02038	Cortisol delta5-delat4-isomerase	1;5	-0.780	0.260	-0.460	-1
rxn02039	11beta,17alpha,21-Trihydroxy-5beta-pregnane-3,20-dione:NADP+ delta4-oxidoreductase	1	13.600	4.110	4.810	-1
rxn02042	ATP:D-hexose 6-phosphotransferase	2	-14.000	-4.670	-3.200	32
rxn02043	ITP:D-hexose 6-phosphotransferase	2	-14.000	-4.990	-3.200	32
rxn02044	dATP:D-hexose 6-phosphotransferase	2	-14.000	-5.240	-3.200	32
rxn02045	D-2,6-Diaminohexanoic acid 5,6-aminomutase	5	-1.810	0.060	8.870	-1
rxn02046	D-O-Phosphoserine phosphohydrolase	3	7.220	-3.870	-3.050	3
rxn02049	R02856	1	6.250	4.430	2.960	19
rxn02053	R02861	none	6.870	-16.210	-2.660	-1
rxn02054	S-Adenosyl-L-methionine:pyridine N-methyltransferase	2	-3.800	6.000	-19.260	1
rxn02055	Thiamin:beta 2-methyl-4-aminopyrimidine-5-methenyltransferase	2	-0.000	0.010	-23.290	-1
rxn02057	ATP:D-hexose 6-phosphotransferase	2	-14.000	-4.330	-3.460	32
rxn02058	Sorbitol-6-phosphate phosphohydrolase	3	7.220	-2.210	-2.930	3
rxn02059	ITP:D-hexose 6-phosphotransferase	2	-14.000	-4.650	-3.460	32
rxn02060	dATP:D-hexose 6-phosphotransferase	2	-14.000	-4.900	-3.460	32
rxn02061	S-adenosylmethioninamine:spermidine 3-aminopropyltransferase	2	-10.430	0.450	-4.500	-1
rxn02062	presqualene-diphosphate diphosphate-lyase (reducing, squalene-forming)	1;2	-21.650	-2.910	-16.440	-1
rxn02063	squalene,NADPH:oxygen oxidoreductase (2,3-epoxidizing)	1	-98.750	-99.420	-85.580	-1
rxn02064	squalene hydro-lyase (tetrahymanol forming)	4	-126.690	-249.280	-3.350	-1
rxn02065	Vanillyl alcohol:oxygen oxidoreductase	1	-28.040	-26.860	-29.270	37
rxn02066	1-Octanol:NAD+ oxidoreductase	1	5.250	5.890	2.880	19
rxn02067	(S)-Tetrahydroberberine:oxigen oxidoreductase	1	-48.360	-66.370	-79.720	-1
rxn02068	S-Adenosyl-L-methionine:bergaptol O-methyltransferase	2	-3.530	14.630	-34.780	-1
rxn02069	4,5alpha-dihydrocortisone:NADP+ delta4-oxidoreductase	1	13.600	4.110	4.410	-1
rxn02070	17alpha,21-dihydroxy-5beta-pregnane-3,11,20-trione:NADP+ delta4-oxidoreductase	1	13.600	4.110	4.810	-1
rxn02071	D-Proline:oxygen oxidoreductase	1	-43.640	-19.140	-30.320	-1
rxn02072	R02895	none	-4.120	9.560	-17.550	1
rxn02073	D-Iditol:NAD+ 2-oxidoreductase	1	3.600	3.150	4.700	19
rxn02074	UDPglucose:flavanone 7-O-beta-D-glucosyltransferase	2	-1.700	-12.180	-12.530	20
rxn02075	Flavanone lyase (decyclizing)	5	8.370	23.260	-3.890	-1
rxn02077	Phloretin 1,3,5-trihydroxy-benzenehydrolase	3	-7.980	-10.450	-1.510	-1
rxn02078	R02902	2	-2.700	0.890	2.340	-1
rxn02079	scytalone:NADP+ delta5-oxidoreductase	1	-15.110	-11.510	26.600	10
rxn02080	Scytalone 7,8-hydro-lyase	4	-28.090	-14.810	-0.130	-1
rxn02081	5-Hydroxytryptamine:oxygen oxidoreductase(deaminating)(flavin-containing)	1	-24.020	-22.340	-27.650	-1
rxn02082	5-hydroxytryptamine:oxygen 2,3-dioxygenase (indole-decyclizing)	1	-92.100	-78.190	-85.520	-1
rxn02083	S-Adenosyl-L-methionine:amine N-methyltransferase	2	-10.430	1.760	6.830	6
rxn02084	Acetyl-CoA:aralkylamine N-acetyltransferase	2	-5.260	-5.550	-2.870	-1
rxn02085	4,5-Dihydro-4-oxo-5-imidazolepropanoate hydro-lyase	4	17.070	10.490	2.230	-1
rxn02087	4-[(1R)-1-Hydroxy-2-(methylamino)ethyl]-1,2-benzenediol:oxygen oxidoreductase(deaminating)(flavin-containing)	1	-23.150	-19.580	-18.270	-1
rxn02088	S-Adenosyl-L-methionine:catechol O-methyltransferase	2	-4.330	-1.830	-23.120	8
rxn02089	CTP:D-ribitol-5-phosphate cytidylyltransferase	2	1.070	-2.200	-0.270	12
rxn02090	Creatinine iminohydrolase	3	-7.580	2.750	-4.120	-1
rxn02091	D-Arginine:oxygen oxidoreductase (deaminating)	1	-23.020	-24.420	-22.100	37
rxn02092	D-Sorbitol:(acceptor) 1-oxidoreductase	1	-1.240	-1.280	-0.830	-1
rxn02093	Melibiitol galactohydrolase	3	-3.110	-0.130	-1.340	-1
rxn02094	ATP:D-tagatose 6-phosphotransferase	2	-15.560	-2.200	1.030	-1
rxn02095	Galactitol:NAD+ 2-oxidoreductase	1	3.600	2.220	2.820	19
rxn02096	L-Glutamate:ethylamine ligase (ADP-forming)	6	-6.320	-5.530	-3.070	-1
rxn02097	N5-Ethyl-L-glutamine amidohydrolase	3	-0.460	-1.010	-3.320	-1
rxn02098	S-Adenosyl-L-methionine:isoflavone 4-O'-methyltransferase	2	-4.330	-1.820	-22.470	8
rxn02099	UDP-glucose:isoflavone 7-O-beta-D-glucosyltransferase	2	-0.900	-12.480	-12.770	-1
rxn02100	L-Gulono-1,4-lactone lactonohydrolase	3	-5.690	-5.120	-6.610	-1
rxn02102	(S)-Ureidoglycolate:NAD+ oxidoreductase	1	6.250	-1.490	4.790	-1
rxn02103	(S)-Ureidoglycolate:NADP+ oxidoreductase	1	6.250	-1.520	4.210	2
rxn02104	Carbamoyl-phosphate:oxamate carbamoyltransferase	2	16.090	-2.330	-7.300	-1
rxn02105	Pentanamide amidohydrolase	3	-4.720	-3.260	-2.780	33
rxn02107	salicylaldehyde:NAD+ oxidoreductase	1	-9.740	-9.080	-13.190	40
rxn02108	Acetylsalicylate O-acetylhydrolase	3	-3.650	-17.110	-3.680	-1
rxn02109	R02943	2	-26.410	-22.590	-31.970	-1
rxn02110	(+)-borneol:NAD+ oxidoreductase	1	2.330	-0.260	1.870	14
rxn02111	(-)-borneol:NAD+ oxidoreductase	1	2.330	-0.260	4.280	14
rxn02112	(R,R)-Butane-2,3-diol:NAD+ oxidoreductase	1	3.790	4.060	3.770	19
rxn02113	2-Acetolactate carboxy-lyase	4	-1.700	-3.730	-10.140	29
rxn02117	UDPglucose:trans-4-hydroxycinnamate 4-O-beta-D-glucosyltransferase	2	-1.700	-12.280	-12.620	20
rxn02118	phenylacrylic acid decarboxylase	4	-4.040	-3.540	-12.180	-1
rxn02119	Dihydrobiochanin-A:NADP+ delta2-oxidoreductase	1	0.740	38.520	-0.890	-1
rxn02120	Acetyl-CoA:citramalate CoA-transferase	2	-1.540	-2.370	-4.320	29
rxn02121	Succinyl-CoA:citramalate CoA-transferase	2	0.000	-0.820	0.980	-1
rxn02123	Lactoyl-CoA hydro-lyase	4	1.500	0.500	-4.940	-1
rxn02125	naphthalene,NADH:oxygen oxidoreductase (1,2-hydroxylating)	1	-70.720	-82.160	-91.040	23
rxn02126	Hydroxymalonate:NAD+ oxidoreductase	1	8.710	4.460	5.060	-1
rxn02127	L-Alanine:oxomalonate aminotransferase	2	2.460	-2.240	-4.680	-1
rxn02128	ATP:pantothenate 4'-phosphotransferase	2	-14.000	-3.910	-4.950	32
rxn02129	N-((R)-Pantothenoyl)-L-cysteine carboxy-lyase	4	-7.060	-4.840	-11.430	-1
rxn02130	(R)-pantetheine amidohydrolase	3	-0.460	0.550	4.140	-1
rxn02132	7,8-Dihydrobiopterin:NADP+ oxidoreductase	1	0.770	2.980	3.430	-1
rxn02133	ATP:sphinganine 1-phosphotransferase	2	-14.000	-2.180	-3.410	32
rxn02134	Sphinganine:NADP+ 3-oxidoreductase	1	3.790	4.280	2.990	19
rxn02135	R02979	1	13.290	10.660	-3.540	5
rxn02136	S-Adenosyl-L-methionine:xanthotoxol O-methyltransferase	2	-4.330	-1.760	-23.060	8
rxn02137	dTDP-D-glucose dehydrogenase, plant	1	-4.490	-4.750	0.710	10
rxn02138	dTDPglucose 4-epimerase	5	0.000	0.530	2.110	16
rxn02140	2-Furoate:CoA ligase (AMP-forming)	6	-21.520	-2.510	-0.290	-1
rxn02141	3-oxoadipate:NAD+ oxidoreductase	1	15.030	14.160	16.140	22
rxn02142	3-oxoadipate:NADP+ oxidoreductase	1	15.030	14.130	15.560	22
rxn02143	Succinyl-CoA:3-oxoadipate CoA-transferase	2	-0.000	-0.820	-5.580	16
rxn02144	4-carboxymethylbut-3-en-4-olide enol-lactonohydrolase	3	-13.410	-5.210	-7.920	-1
rxn02145	4-Pyridoxolactone lactonohydrolase	3	-9.070	-6.760	-23.720	-1
rxn02149	Chlorogenate hydroloase	3	-2.110	-6.220	-3.730	-1
rxn02150	chlorogenate:D-glucarate 2-O-caffeoyltransferase	2	0.000	-0.610	-5.740	16
rxn02153	D-Methionine:pyruvate aminotransferase	2	-0.000	-1.920	-0.400	-1
rxn02154	Deamino-NAD+ nucleotidohydrolase	3	-28.310	-3.020	-8.040	-1
rxn02155	ATP:nicotinamide-nucleotide adenylyltransferase	2	1.070	-5.950	-0.280	-1
rxn02156	formononetin,NADPH:oxygen oxidoreductase (3'-hydroxylating)	1	-95.860	-105.800	-78.070	26
rxn02159	L-Histidinol:NAD+ oxidoreductase	1	5.250	4.900	3.660	19
rxn02160	L-Histidinol-phosphate phosphohydrolase	3	7.220	-4.370	-3.750	3
rxn02161	ATP:L-rhamnulose 1-phosphotransferase	2	-14.000	-3.630	-2.480	32
rxn02163	(R)-2-Hydroxystearate:NAD+ oxidoreductase	1	6.250	4.460	5.490	19
rxn02164	(S)-2-Hydroxystearate:NAD+ oxidoreductase	1	6.250	4.460	5.350	19
rxn02167	(S)-3-Hydroxybutanoyl-CoA hydro-lyase	4	2.160	0.780	0.720	-1
rxn02168	(3R)-3-Hydroxybutanoyl-CoA hydro-lyase	4	2.160	0.890	1.540	18
rxn02169	Glutaconyl-1-CoA carboxy-lyase	4;7	-4.930	-4.050	0.370	10
rxn02170	L-3-Aminobutyryl-CoA ammonia-lyase	4	4.630	-0.300	4.860	-1
rxn02171	Vinylacetyl-CoA delta3-delta2-isomerase	5	-0.890	-2.040	10.250	-1
rxn02172	D-Arabinonate hydro-lyase	4	-8.170	-9.800	-12.420	40
rxn02173	D-Galactonate hydro-lyase	4	-8.170	-9.800	-8.900	-1
rxn02174	D-Galactono-1,4-lactone hydroxyacylhydrolase	3	-5.690	-5.660	-4.250	-1
rxn02175	ATP:pantetheine-4'-phosphate adenylyltransferase	2	1.070	-4.960	0.600	-1
rxn02176	Dephospho-CoA nucleotidohydrolase	3	-28.310	-4.000	-8.930	-1
rxn02177	Isochorismate pyruvate-hydrolase	3	-12.220	-9.830	-3.550	-1
rxn02178	3-Propylmalate glyoxylate-lyase (CoA-pentanoylating)	2	10.740	8.610	8.720	21
rxn02179	21-Hydroxysteroid:NAD+ 21-oxidoreductase	1	5.250	4.940	5.610	19
rxn02180	R03044	1	-5.250	-4.910	-5.020	-1
rxn02181	3-Hydroxypropionyl-CoA hydro-lyase	4	-0.310	-0.550	-5.040	-1
rxn02182	beta-alanyl-CoA ammonia-lyase (acryloyl-CoA-forming)	4	2.160	2.320	-0.520	-1
rxn02183	11-cis-retinol:NAD+ oxidoreductase	1	-3.700	-7.490	2.800	-1
rxn02184	11-cis-Retinyl-palmitate acylhydrolase	3	-2.110	-4.620	4.800	10
rxn02185	2-Acetolactate pyruvate-lyase (carboxylating)	2	3.660	0.150	-1.610	-1
rxn02186	2,3-Dihydroxy-3-methylbutanoate:NADP+ oxidoreductase (isomerizing)	1	-3.790	-4.430	-1.900	-1
rxn02187	2-Acetolactate methylmutase	5	2.460	0.000	1.270	14
rxn02188	L-2-Aminohexanoate:2-oxoglutarate aminotransferase	2	0.000	-1.870	0.400	-1
rxn02189	cinnamyl-alcohol:NADP+ oxidoreductase	1	-3.700	-4.910	-2.780	-1
rxn02190	5,6-Dihydrothymine amidohydrolase	3	-5.250	-1.330	-2.950	-1
rxn02191	Acetyl-CoA:gentamicin-C1a N2'-acetyltransferase	2	-5.260	-4.270	-5.510	-1
rxn02192	(7E,9E,11Z,14Z)-(5S,6S)-5,6-Epoxyicosa-7,9,11,14-tetraenoate hydrolase	3	-3.630	6.170	5.910	6
rxn02193	arachidonate:oxygen 5-oxidoreductase	1	-16.030	-0.000	-74.090	0
rxn02194	(7E,9E,11Z,14Z)-(5S,6S)-5,6-Epoxyicosa-7,9,11,14-tetraenoate:glutathione leukotriene-transferase (epoxide-ring-opening)	4	-13.250	0.090	-7.450	-1
rxn02196	Cephalosporin-C acetylhdrolase	3	-3.650	-6.750	-2.580	-1
rxn02197	cephalosporin-C:2-oxoglutarate aminotransferase	2	0.000	-2.120	0.350	-1
rxn02198	acetyl-CoA:deacetylcephalosporin-C O-acetyltransferase	2	3.610	0.930	4.660	-1
rxn02200	2-amino-4-hydroxy-6-hydroxymethyl-7,8-dihydropteridine:4-aminobenzoate 2-amino-4-hydroxydihydropteridine-6-methenyltransferase	2	-13.880	-6.390	-22.630	-1
rxn02201	2-amino-4-hydroxy-6-hydroxymethyl-7,8-dihydropteridine-diphosphate:4-aminobenzoate 2-amino-4-hydroxydihydropteridine-6-methenyltransferase	2	-27.120	-14.840	-26.870	-1
rxn02202	(2R,3S)-2,3-dimethylmalate hydro-lyase (dimethylmaleate-forming)	4	0.910	0.970	-0.960	-1
rxn02204	Methylitaconate delta2-delta3-isomerase	5	-1.450	-0.760	-0.750	-1
rxn02207	1-O-(4-Hydroxy-3,5-dimethoxycinnamoyl)-beta-D-glucose:choline 1-O-(4-Hydroxy-3,5-dimethoxycinnamoyl)transferase	2	0.000	3.710	7.870	-1
rxn02209	(R)-Propane-1,2-diol:NAD+ oxidoreductase	1	5.250	4.940	6.760	19
rxn02210	2-Dehydro-3-deoxy-D-fuconate glycolaldehyde	4	0.750	3.970	5.190	-1
rxn02211	(R)-Lactaldehyde:NAD+ oxidoreductase (glutathione-formylating)	none	-7.960	-1.540	-4.220	-1
rxn02212	2-Dehydro-3-deoxy-D-arabino-heptonate 7-phosphate phosphate-lyase (cyclyzing)	4	-7.400	-35.980	-23.680	-1
rxn02213	3-Dehydroquinate hydro-lyase	4	-8.480	-1.260	-1.270	-1
rxn02214	R03088	1	-95.860	-105.150	-79.820	26
rxn02215	R03089	1	-96.220	-96.370	-95.300	28
rxn02216	R03090	1	-95.860	-105.120	-79.240	26
rxn02217	UDPglucuronate beta-D-glucuronosyltransferase(acceptor-unspecific)	2	-1.700	-11.190	-14.110	20
rxn02218	R03092	none	-105.790	-104.800	-89.770	-1
rxn02220	UDPglucose:indole-3-acetate beta-D-glucosyltransferase	2	-2.700	0.460	7.620	-1
rxn02221	Indoleacetate:L-lysine ligase (ADP-forming)	6	-6.320	-7.640	-6.110	-1
rxn02222	Indole-3-acetamide amidohydrolase	3	-4.720	-3.250	-5.180	-1
rxn02223	R03097	1	-92.100	-78.190	-81.330	-1
rxn02224	L-2-aminoadipate-6-semialdehyde:NAD(P)+ 6-oxidoreductase	1	12.570	279.490	13.820	-1
rxn02226	L-2-Aminoadipate-6-semialdehyde:NAD+ 6-oxidoreductase	1	-9.740	-9.870	-5.300	41
rxn02227	L-2-Aminoadipate-6-semialdehyde:NADP+ 6-oxidoreductase	1	-9.740	-9.910	-5.890	41
rxn02228	3-Mercaptolactate:NAD+ oxidoreductase	1	6.250	4.460	4.370	19
rxn02229	3-Mercaptopyruvate:cyanide sulfurtransferase	2	-1.080	0.480	74.370	-1
rxn02231	S-adenosyl-L-methionine:sterigmatocystin 8-O-methyltransferase	2	-4.330	-1.790	-23.080	8
rxn02232	S-Adenosyl-L-methionine:6-demethylsterigmatocystin 6-O-methyltransferase	2	-8.680	-1.760	-23.060	-1
rxn02234	(-)-trans-Carveol:NADP+ oxidoreductase	1	0.780	-0.290	7.780	-1
rxn02235	propane-1,3-diol:NAD+ 1-oxidoreductase	1	5.250	4.940	5.610	19
rxn02238	cis-3,4-leucopelargonidin:NADP+ 4-oxidoreductase	1	0.780	-0.460	-3.970	-1
rxn02239	flavonoid,NADPH:oxygen oxidoreductase (3'-hydroxylating)	1	-95.860	-105.790	-79.240	26
rxn02241	dihydroflavonol,2-oxoglutarate:oxygen oxidoreductase	1	-121.600	-92.160	-91.830	-1
rxn02242	Dihydroxyfumarate carboxy-lyase	4	-4.120	-1.500	-4.440	-1
rxn02243	R03128	none	0.000	2.990	0.000	-1
rxn02244	S-Adenosyl-L-homocysteine:N-acetylserotonin O-methyltransferase	2	-4.330	-1.820	-33.470	8
rxn02245	O3-acetyl-L-serine:uracil 1-(2-amino-2-carboxyethyl)transferase	2	-11.480	-2.940	-12.490	-1
rxn02247	O-Acetyl-L-serine acetate-lyase (adding N6-substituted adenine)	2	-2.920	-5.920	-9.430	31
rxn02248	O3-acetyl-L-serine:pyrazole 1-(2-amino-2-carboxyethyl)transferase	2	-2.920	-9.920	-29.300	-1
rxn02249	3'-Phosphoadenylylsulfate:Renilla luciferin sulfotransferase	2	-11.770	-68.660	3.770	-1
rxn02250	primary-amine oxidase	1	-24.020	-22.500	-22.400	37
rxn02251	D-Ribulose 1,5-bisphosphate oxygenase	4	-124.300	-123.370	-125.580	-1
rxn02257	Acetyl-CoA:citramalate CoA-transferase	2	-1.540	-1.130	-0.590	-1
rxn02258	Succinyl-CoA:citramalate CoA-transferase	2	0.000	0.430	0.160	16
rxn02259	(R)-Pantoyl-lactone:NADP+ oxidoreductase (B-specific)	1	4.790	-0.290	7.160	-1
rxn02260	R03157	3;6	1.060	-2.900	-2.870	-1
rxn02261	R03158	3	5.720	9.440	9.260	19
rxn02262	ATP:6-deoxy-L-galactose 1-phosphotransferase	2	-14.000	-0.280	-0.010	-1
rxn02263	L-fucose aldose-ketose-isomerase	5	0.860	1.300	1.280	-1
rxn02266	Acetyl-CoA:N6-hydroxy-L-lysine 6-acetyltransferase	2	1.390	-7.130	-1.740	-1
rxn02269	(S)-3-methyl-2-oxopentanoate:NAD+ 2-oxidoreductase (CoA-methylbutanoylating)	1	-8.140	-5.290	-5.690	38
rxn02272	3beta-Hydroxy-delta5-steroid:NAD+ 3-oxidoreductase	1	2.330	-0.260	2.230	14
rxn02273	4-Guanidinobutanal:NAD+ 1-oxidoreductase	1	-9.740	-8.730	-5.010	41
rxn02274	2-oxo-5-Guanidinopentanoate carboxy-lyase	4	-4.120	-3.010	-5.400	-1
rxn02275	4-Guanidinobutanamide amidohydrolase	3	-4.720	-2.870	-2.480	33
rxn02276	4-Maleylacetoacetate cis-trans-isomerase	5	0.000	-0.000	-0.000	16
rxn02277	7,8-Diaminononanoate:carbon-dioxide cyclo-ligase	6	-24.530	2.820	-19.660	-1
rxn02278	L-Gulono-1,4-lactone:NADP+ 1-oxidoreductase	1	5.250	4.910	2.610	19
rxn02279	L-gulono-1,4-lactone:oxygen 2-oxidoreductase	1	-26.950	-31.910	-25.640	-1
rxn02281	N-Methylimidazolidine-2,4-dione amidohydrolase (ATP-hydrolysing)	3	-14.300	-19.720	-12.890	-1
rxn02282	N-Formimino-L-aspartate iminohydrolase	3	2.820	-6.580	14.150	2
rxn02283	5-Formyltetrahydrofolate:L-glutamate N-formiminotransferase	2	-8.670	-9.210	-5.410	41
rxn02284	UDP-N-acetylmuramate:NADP+ oxidoreductase	1	15.360	13.980	19.730	-1
rxn02285	UDP-N-acetylmuramate:NADP+ oxidoreductase	1	15.360	13.950	19.140	-1
rxn02286	UDP-N-acetylmuramate:L-alanine ligase (ADP-forming)	6	-6.320	-6.750	-2.170	-1
rxn02289	(R)-4-dehydropantoate:NAD+ 4-oxidoreductase	1	-9.740	-9.510	-4.360	-1
rxn02290	(S)-2,3-Epoxysqualene mutase (cyclizing, lanosterol-forming)	5	-86.570	-200.010	-31.320	9
rxn02292	(S)-6-Hydroxynicotine:oxygen oxidoreductase	1	-34.900	-6.740	-11.110	-1
rxn02293	2,5-Dihydroxypyridine:oxygen 5,6-oxidoreductase	none	-102.380	-91.110	-107.760	-1
rxn02294	3,5-Diiodo-L-tyrosine:2-oxoglutarate aminotransferase	2	0.000	-0.590	-0.140	16
rxn02295	R03208	1	-48.700	-60.990	-73.280	-1
rxn02296	6-Carboxyhyxanoate:CoA ligase (AMP-forming)	6	-21.520	-3.670	-1.840	-1
rxn02297	6-Carboxyhexanoyl-CoA:L-alanine C-carboxyhexanoyltransferase (decarboxylating)	2	2.130	3.590	-1.310	5
rxn02298	Cyclohexane-1,3-dione acylhydrolase (decyclizing)	3	-18.850	5.970	-3.530	1
rxn02299	UDPglucose:thiohydroximate S-beta-D-glucosyltransferase	2	-14.430	4.920	-8.890	1
rxn02300	3'-Phosphoadenylylsulfate:desulfoglucosinolate sulfotransferase	2	-14.000	-96.920	-20.140	11
rxn02301	N,6-O-Disulfo-D-glucosamine 6-sulfohydrolase	3	-16.280	40.890	-28.750	-1
rxn02302	O-Acetyl-L-homoserine succinate-lyase (adding cysteine)	2	-13.270	-16.650	-18.910	-1
rxn02305	2-methyl-4-amino-5-hydroxymethylpyrimidine-diphosphate:4-methyl-5-(2-phosphoethyl)-thiazole 2-methyl-4-aminopyridine-5-methenyltransferase	2	-9.600	-6.890	-1.230	-1
rxn02306	(S)-3-Hydroxybutanoate:2-oxoglutarate oxidoreductase	1	-2.460	-7.510	-2.290	-1
rxn02307	16alpha-Hydroxysteroid:NAD+ 16-oxidoreductase	1	2.330	-0.260	1.900	14
rxn02308	16alpha-Hydroxysteroid:NADP+ 16-oxidoreductase	1	2.330	-0.290	1.310	14
rxn02309	16alpha-Hydroxysteroid 16-epimerase	5	0.000	0.000	0.850	16
rxn02312	S-Adenosyl-L-methionine:8-amino-7-oxononanoate aminotransferase	2	2.460	-0.140	1.100	14
rxn02313	R03234	1	-3.790	-5.130	2.000	10
rxn02314	ATP:D-tagatose-6-phosphate 1-phosphotransferase	2	-14.000	-4.390	-3.770	32
rxn02315	CTP:D-Tagatose 6-phosphate 1-phosphotransferase	2	-14.000	-4.460	-3.770	32
rxn02316	UTP:D-Tagatose 6-phosphate 1-phosphotransferase	2	-14.000	-4.440	-3.550	32
rxn02317	ITP:D-Tagatose 6-phosphate 1-phosphotransferase	2	-14.000	-4.710	-3.770	32
rxn02318	D-Galactose 6-phosphate ketol-isomerase	5	-0.890	-0.360	2.240	-1
rxn02319	ATP:L-fuculose 1-phosphotransferase	2	-14.000	-4.270	-2.480	-1
rxn02320	5-Amino-2-oxopentanoate:2-oxoglutarate aminotransferase	2	-2.460	-1.980	-1.820	-1
rxn02321	L-ribulose-5-phosphate 3-epimerase	5	0.000	-0.520	0.020	16
rxn02322	ATP:(R)-5-phosphomevalonate phosphotransferase	2	9.500	0.070	-0.650	4
rxn02323	1,2,3-Trihydroxybenzene:oxygen 1,2-oxidoreductase (decyclizing)	1	-100.530	-74.900	-146.300	-1
rxn02324	Gallate carboxy-lyase	4	-0.130	-2.530	-3.620	16
rxn02325	2,5-Diaminopentanoate:2-oxoglutarate aminotransferase	2	0.000	-3.070	-4.620	-1
rxn02326	R03249	none	-16.470	-5.480	-9.580	-1
rxn02327	R03250	none	3.900	14.010	6.860	-1
rxn02328	7,8-dihydro-7,8-dihydroxykynurenate:NAD+ oxidoreductase	1	-22.110	-20.600	33.650	10
rxn02329	7,8-Dihydroxykynurenate:oxygen 8,8a-oxidoreductase (decyclizing)	1	-93.200	-70.780	-119.730	-1
rxn02331	phosphoenolpyruvate:D-arabinose-5-phosphate C-(1-carboxyvinyl)transferase (phosphate-hydrolysing, 2-carboxy-2-oxoethyl-forming)	2;4	5.290	15.900	19.370	-1
rxn02332	Lactose 6-phosphate 6-phosphogalactohydrolase	3	-3.110	-2.450	1.630	10
rxn02336	(-)-trans-isopiperitenol:NAD+ oxidoreductase	1	0.780	-11.010	8.650	-1
rxn02337	2-trans,6-trans-farnesol:NADP+ 1-oxidoreductase	1	3.700	4.910	3.150	19
rxn02338	2-trans,6-trans-Farnesol 2-cis-trans-isomerase	5	0.000	0.000	1.430	16
rxn02339	4-Hydroxy-L-glutamate:2-oxoglutarate aminotransferase	2	0.000	-2.480	-2.930	16
rxn02340	UDPglucose:flavonol 3-O-D-glucosyltransferase	2	-1.700	-12.290	-13.260	20
rxn02341	N-[(R)-4'-Phosphopantothenoyl]-L-cysteine carboxy-lyase	4	-7.060	-5.080	-11.600	-1
rxn02343	S-Adenosylmethioninamine:propane-1,3-diamine 3-aminopropyltransferase	2	-15.380	-0.460	-5.780	-1
rxn02344	(3S)-3,6-Diaminohexanoate 5,6-aminomutase	5	-1.810	1.150	0.860	13
rxn02345	(S)-3-Hydroxybutanoyl-CoA 3-epimerase	5	0.000	-0.110	-0.820	-1
rxn02346	R03277	4	-0.750	-6.030	-7.850	-1
rxn02347	2-hydroxycyclohexan-1-one:NAD+ oxidoreductase	1	4.790	-0.260	-0.180	-1
rxn02348	trans-cyclohexane-1,2-diol:NAD+ 1-oxidoreductase	1	2.330	-0.260	1.550	14
rxn02349	2-hydroxycyclohexan-1-one,NADPH:oxygen 2-oxidoreductase (1,2-lactonizing)	1	-97.280	-82.880	-90.380	-1
rxn02350	4-Trimethylammoniobutanal:NAD+ 1-oxidoreductase	1	-9.740	-8.730	-5.010	41
rxn02351	R03284	4	-2.560	0.070	2.510	-1
rxn02352	N(pai)-methyl-L-histidine:beta-alanine ligase (AMP-forming)	6	-26.780	-8.530	-4.740	-1
rxn02353	beta-Alanyl-N(pai)-methyl-L-histidine hydrolase	3	-0.460	-0.440	-1.660	-1
rxn02354	3'-Phosphoadenylylsulfate:quercetin-3,3'-bissulfate 7-sulfotransferase	2	-27.850	-69.290	-8.970	11
rxn02355	4-Hydroxy-L-proline:NAD+ oxidoreductase	1	-7.170	-0.550	3.360	-1
rxn02356	trans-4-Hydroxy-L-proline:NAD+ 5-oxidoreductase	1	-10.460	11.980	0.020	-1
rxn02357	4-Hydroxy-L-proline:NADP+ oxidoreductase	1	-7.170	-0.580	2.780	-1
rxn02358	trans-4-Hydroxy-L-proline:NADP+ 5-oxidoreductase	1	-10.460	11.950	-0.560	-1
rxn02359	trans-4-Hydroxy-L-proline:(acceptor) oxidoreductase	1	-15.300	8.340	-4.410	1
rxn02360	trans-4-Hydroxy-L-proline 2-epimerase	5	0.000	0.010	0.010	16
rxn02361	UDPglucose:gallate beta-D-glucosyltransferase	2	-2.700	0.400	25.280	-1
rxn02362	R03298	4	48.250	433.950	7.720	-1
rxn02363	3-Hydroxyphenylacetate,NADH:oxygen oxidoreductase (3-hydroxylating)	1	-95.860	-105.820	-83.740	26
rxn02364	3,4-Dihydroxyphenylacetaldehyde:NAD+ oxidoreductase	1	-9.740	-9.120	-3.470	39
rxn02365	3,4-Dihydroxyphenylacetaldehyde:NADP+ oxidoreductase	1	-9.740	-9.160	-4.060	39
rxn02367	S-Adenosyl-L-methionine:catechol O-methyltransferase	2	-4.330	-1.820	-23.110	8
rxn02369	2-Carboxy-2,5-dihydro-5-oxofuran-2-acetate lyase (decyclizing)	5	-1.130	-3.470	-9.210	-1
rxn02373	L-glutamate-5-semialdehyde:NADP+ 5-oxidoreductase (phosphorylating)	1	-9.860	2.570	3.580	6
rxn02374	R03314	none	-14.030	-1.130	-6.540	-1
rxn02375	ATP:pseudouridine 5'-phosphotransferase	2	-14.000	-2.810	-2.600	32
rxn02377	UDP-N-acetyl-D-mannosamine:NAD+ 1-oxidoreductase	1	-4.490	-5.230	2.510	10
rxn02378	GTP:alpha-D-hexose-1-phosphate gluanylyltransferase	2	1.070	-1.700	-0.400	12
rxn02379	alpha-D-Hexose 1-phosphate 1,6-phosphomutase	5	0.000	-2.210	1.820	-1
rxn02380	beta-D-Glucose 6-phosphate ketol-isomerase	5	-0.890	0.040	2.960	13
rxn02381	Vermelone:NADP+ delta5-oxidoreductase	1	-15.110	-11.650	26.680	10
rxn02382	1-O-Sinapoyl-beta-D-glucose:(S)-malate O-sinapoyltransferase	2	0.000	8.280	-5.600	-1
rxn02384	17alpha,20alpha-Dihydroxypregn-4-en-3-one:NADP+ 20-oxidoreductase	1	3.790	4.430	1.410	19
rxn02385	17alpha-Hydroxypregnenolone:NAD+ 3-oxidoreductase	1;5	0.780	-0.260	4.680	-1
rxn02388	D-myo-Inositol-1,3-bisphosphate 3-phosphohydrolase	3	7.220	-4.360	-2.590	3
rxn02389	sn-Glycero-3-phospho-1-inositol inositolphosphohydrolase	3	-14.310	-60.640	-13.430	11
rxn02390	1D-myo-Inositol-1,2-cyclic-phosphate 2-inositolphosphohydrolase	3	-17.230	-7.210	-14.240	-1
rxn02392	4-hydroxyphenyllactate:NAD+ oxidoreductase	1	6.250	18.220	7.790	-1
rxn02393	(R)-3-(4-hydroxyphenyl)lactate:NAD+ 2-oxidoreductase	1	6.250	18.220	9.790	-1
rxn02394	4-Hydroxyphenyllactate:NADP+ oxidoreductase	1	6.250	18.190	7.200	-1
rxn02395	(R)-3-(4-hydroxyphenyl)lactate:NADP+ 2-oxidoreductase	1	6.250	18.190	9.210	-1
rxn02396	4-hydroxyphenylpyruvate carboxy-lyase	4	-4.120	-16.380	-5.360	-1
rxn02397	3-(4-Hydroxyphenyl)pyruvate keto-enol-isomerase	5	0.000	-13.760	-0.000	-1
rxn02398	N,N-dimethylaniline,NADPH:oxygen oxidoreductase(N-oxide-forming)	1	-52.180	11.120	-57.730	-1
rxn02399	N,N-Dimethylaniline-N-oxide formaldehyde-lyase	4	-45.650	-0.000	-32.660	0
rxn02400	Nicotinate D-ribonucleotide phosphohydrolase	3	7.220	-6.610	-2.960	3
rxn02401	ATP:beta-D-ribosylnicotinate 5-phosphotransferase	2	14.000	-0.070	3.430	-1
rxn02402	Nicotinate-nucleotide:pyrophosphate phosphoribosyltransferase (carboxylating)	2	10.220	6.900	12.630	-1
rxn02403	L-erythro-3,5-diaminohexanoate:NAD+ oxidoreductase (deaminating)	1	6.260	5.750	4.420	19
rxn02404	3-Deoxy-D-manno-octulosonate-8-phosphate 8-phosphohydrolase	3	9.870	-3.780	-3.880	3
rxn02405	CTP:3-deoxy-D-manno-octulosonate cytidylyltransferase	2	-15.580	55.600	18.420	-1
rxn02406	3-Hydroxy-2-methylpropanoyl-CoA hydrolase	3	-5.720	-6.500	-2.030	-1
rxn02407	5alpha-Cholest-7-en-3beta-ol delta7-delta8-isomerase	5	8.820	-1.630	-0.120	-1
rxn02410	1-Palmitoylglycerol-3-phosphate:NADP+ oxidoreductase	1	3.790	4.460	4.320	19
rxn02411	1-(4-hydroxyphenyl)-2-aminoethanol hydro-lyase [deaminating; (4-hydroxyphenyl)acetaldehyde-forming]	4	-6.700	-4.950	-9.240	-1
rxn02412	1-(4-Hydroxyphenyl)-2-(methylamino)ethanol hydro-lyase	4	-5.830	-2.190	-6.580	-1
rxn02413	3,4-Dihydroxy-trans-cinnamate:oxygen 3,4-oxidoreductase (decyclizing)	1	-95.580	-75.510	-134.890	-1
rxn02414	S-Adenosyl-L-methionine:3,4-dihydroxy-trans-cinnamate 3-O-methyltransferase	2	-4.330	-1.820	-23.110	8
rxn02415	R03367	4	-4.040	-3.540	-12.180	-1
rxn02416	3-(2-hydroxyphenyl)propanoate,NADH2:oxygen oxidoreductase(3-hydroxylating)	1	-95.860	-105.820	-86.180	26
rxn02417	myo-Inositol-hexakisphosphate 3-phosphohydrolase	3	7.220	1.850	8.110	-1
rxn02418	myo-inositol-hexakisphosphate 4-phosphohydrolase	3	7.220	1.850	7.330	-1
rxn02419	4-Hydroxyphenyllactate:NAD+ oxidoreductase	1	6.250	4.460	7.790	19
rxn02420	Caffeoyl-CoA:3-(3,4-dihydroxyphenyl)lactate 2'-O-caffeoyltransferase	2	-3.610	-0.760	-2.140	-1
rxn02421	CTP:N-methylethanolamine-phosphate cytidylyltransferase	2	1.070	-2.170	-0.240	12
rxn02424	3-Oxopropanoate:NAD+ oxidoreductase (decarboxylating, CoA-acetylating)	1	-4.020	-2.440	-2.370	33
rxn02425	R03383	none	-5.720	-7.140	-9.680	-1
rxn02426	ATP:1-amino-1-deoxy-scyllo-inositol 4-phosphotransferase	2	-14.000	0.060	-2.220	-1
rxn02427	3-hydroxy-2-methylpyridine-5-carboxylate,NADH:oxygen oxidoreductase (decyclizing)	1	-107.110	-92.780	-100.170	-1
rxn02428	3-hydroxy-2-methylpyridine-5-carboxylate,NADPH:oxygen oxidoreductase (decyclizing)	1	-107.110	-92.750	-99.590	-1
rxn02429	ATP:2-dehydro-3-deoxy-galactonokinase	2	-14.000	-2.700	-4.030	32
rxn02430	R03388	1	-13.680	4.580	-1.200	-1
rxn02431	Formylmethanofuran:5,6,7,8-tetrahydromethanopterin 5-formyltransferase	2	8.670	13.130	18.420	-1
rxn02432	CDP-4-dehydro-3,6-dideoxy-D-glucose:NAD+ 3-oxydoreductase	1	12.620	12.090	18.340	-1
rxn02433	CDP-4-dehydro-3,6-dideoxy-D-glucose:NADP+ 3-oxydoreductase	1	12.620	12.060	17.750	-1
rxn02434	D-myo-Inositol-1,4-bisphosphate 1-phosphohydrolase	3	7.220	-4.360	-7.740	3
rxn02435	D-myo-Inositol-1,4,5-trisphosphate 5-phosphohydrolase	3	7.220	-2.810	2.950	2
rxn02436	ATP:dihydrostreptomycin-6-phosphate 3'alpha-phosphotransferase	2	-14.000	-2.160	-3.630	32
rxn02437	GDP-6-deoxy-D-talose:NAD+ 4-oxidoreductase	1	2.330	-0.260	2.030	14
rxn02438	GDP-6-deoxy-D-mannose:NAD+ 4-oxidoreductase	1	2.330	-0.260	6.560	14
rxn02439	GDP-6-deoxy-D-talose:NADP+ 4-oxidoreductase	1	2.330	-0.290	1.440	14
rxn02440	GDP-6-deoxy-D-mannose:NADP+ 4-oxidoreductase	1	2.330	-0.290	5.980	14
rxn02441	8-[(1R,2R)-3-oxo-2-{(Z)-pent-2-enyl}cyclopentyl]octanoate:NADP+ 4-oxidoreductase	1	4.780	5.740	1.790	-1
rxn02442	(9Z)-(13S)-12,13-Epoxyoctadeca-9,11,15-trienoate isomerase	5	-53.370	-25.640	-21.020	-1
rxn02444	3beta-Hydroxyandrost-5-en-17-one 3-sulfate sulfohydrolase	3	-16.280	38.270	-28.580	-1
rxn02445	3'-phosphoadenylylsulfate:alcohol sulfotransferase	2	-14.000	-59.430	8.930	-1
rxn02446	Androst-5-ene-3beta,17beta-diol:NAD+ oxidoreductase	1	2.330	-0.260	0.850	14
rxn02447	Androst-5-ene-3beta,17beta-diol:NADP+ oxidoreductase	1	2.330	-0.290	0.270	15
rxn02448	R03408	1	-96.220	-97.040	-95.000	28
rxn02449	guanosine 3'-diphosphate 5'-triphosphate 5'-phosphohydrolase	3	-6.780	-6.380	-5.160	-1
rxn02451	1-alpha-D-Galactosyl-myo-inositol:raffinose galactosyltransferase	2	-0.000	-0.830	-0.830	16
rxn02452	N4-(beta-N-Acetyl-D-glucosaminyl)-L-asparagine amidohydrolase	3	-1.670	-0.960	5.040	-1
rxn02455	D-myo-Inositol 1,3,4-trisphosphate 1-phosphohydrolase	3	7.220	-2.800	-5.900	3
rxn02456	ATP:1D-myo-inositol-1,3,4-trisphosphate 5-phosphotransferase	2	-14.000	-5.290	-11.900	-1
rxn02457	ATP:1D-myo-inositol-1,3,4-trisphosphate 6-phosphotransferase	2	-14.000	-5.290	-6.970	-1
rxn02458	D-myo-Inositol 1,3,4,5-tetrakisphosphate 5-phosphohydrolase	3	7.220	-1.250	5.500	2
rxn02459	3-(3,5-Diiodo-4-hydroxyphenyl)lactate:NAD+ oxidoreductase	1	6.250	7.490	7.780	19
rxn02460	ATP:1D-myo-inositol-1,4,5-trisphosphate 3-phosphotransferase	2	-14.000	-5.290	-9.890	-1
rxn02461	D-myo-Inositol 1,3,4,5-tetrakisphosphate 3-phosphohydrolase	3	7.220	-1.250	3.500	2
rxn02463	kynurenate:oxygen oxidoreductase (hydroxylating)	1	-60.770	-82.160	-95.800	-1
rxn02464	kynurenate:oxygen oxidoreductase (hydroxylating)	1	-60.770	-82.130	-95.210	-1
rxn02465	N-acetyl-L-glutamate-5-semialdehyde:NADP+ 5-oxidoreductase (phosphrylating)	1	-9.860	1.840	3.030	6
rxn02466	2-Hydroxybutane-1,2,4-tricarboxylate hydro-lyase	4	1.470	0.090	0.310	15
rxn02467	R03445	none	-13.230	-27.030	-18.510	-1
rxn02469	N6,N6,N6-Trimethyl-L-lysine,2-oxoglutarate:oxygen oxidoreductase (3-hydroxylating)	1	-108.280	-107.720	-106.540	24
rxn02470	(6aR,11aR)-3,9-dihydroxypterocarpan,NADPH:oxygen oxidoreductase (6a-hydroxylating)	1	-104.370	-55.500	-86.860	-1
rxn02472	S-Adenosyl-L-methionine:3',4',5-trihydroxy-3,7-dimethoxyflavone 4'-O-methyltransferase	2	-8.680	-1.790	-23.090	-1
rxn02473	D-erythro-1-(Imidazol-4-yl)glycerol 3-phosphate hydro-lyase	4	-10.630	-9.850	-20.330	-1
rxn02474	5-amino-6-(5-phosphoribitylamino)uracil:NADP+ 1'-oxidoreductase	1	3.170	6.720	17.500	-1
rxn02475	2,5-Diamino-6-hydroxy-4-(5-phosphoribosylamino)-pyrimidine 2-aminohydrolase	3	-16.230	65.880	-2.550	-1
rxn02476	Phosphoenolpyruvate:3-phosphoshikimate 5-O-(1-carboxyvinyl)-transferase	2	10.330	-4.000	-6.020	3
rxn02477	3-Hydroxy-2-methylpyridine-4,5-dicarboxylate 4-carboxy-lyase	4	-10.250	2.430	-22.630	-1
rxn02478	Biphenyl-2,3-diol:oxygen 1,2-oxidoreductase (decyclizing)	1	-79.380	-61.980	-77.280	-1
rxn02479	2,6-dioxo-6-phenylhexanoate:NADP+ delta2-oxidoreductase	1	16.580	14.130	8.420	22
rxn02480	5,10-Methenyltetrahydromethanopterin 10-hydrolase (decyclizing)	3	3.210	58.270	16.760	-1
rxn02481	(3E)-4-(2-Carboxyphenyl)-2-oxobut-3-enoate 2-carboxybenzaldehyde-lyase	4	1.860	3.250	18.040	-1
rxn02482	1-Hydroxy-2-naphthoate:oxygen 1,2-oxidoreductase (decyclizing)	1	-71.540	-71.070	-104.030	-1
rxn02483	4-Carboxymuconolactone carboxy-lyase	4	1.140	-11.010	-8.430	-1
rxn02484	ATP:4-amino-5-hydroxymethyl-2-methylpyrimidine 5-phosphotransferase	2	-14.000	-2.210	-6.970	-1
rxn02485	R03472	none	-305.900	-262.780	-35.020	-1
rxn02488	L-Arginine:1-amino-1-deoxy-scyllo-inositol-4-phosphate amindinotransferase	2	-0.000	5.940	-4.890	-1
rxn02489	ATP:1D-myo-inositol-1,3,4,6-tetrakisphosphate 5-phosphotransferase	2	-14.000	-6.840	-13.070	-1
rxn02490	ATP:1D-myo-inositol-3,4,5,6-tetrakisphosphate 1-phosphotransferase	2	-14.000	-6.840	-7.770	-1
rxn02496	3-(4-methylpent-3-en-1-yl)-pent-2-enedioyl-CoA hydro-lyase	4	3.020	0.100	-13.890	-1
rxn02497	Geranoyl-CoA:carbon-dioxide ligase (ADP-forming)	6	-1.040	-2.690	-4.870	29
rxn02498	12beta-hydroxysteroid:NADP+ 12-oxidoreductase	1	2.330	-0.290	10.020	14
rxn02499	1-Guanidino-1-deoxy-scyllo-inositol-4-phosphate 4-phosphohydrolase	3	7.220	-6.620	-4.180	3
rxn02500	5-O-Methyl-myo-inositol:NAD+ oxidoreductase	1	2.330	-0.260	10.740	14
rxn02501	D-pinitol:NADP+ oxidoreductase	1	2.330	-0.290	8.320	14
rxn02502	1D-1-Guanidino-3-amino-1,3-dideoxy-scyllo-inositol:pyruvate aminotransferase	2	-3.920	-6.380	-3.910	-1
rxn02503	ATP:2-amino-4-hydroxy-6-hydroxymethyl-7,8-dihydropteridine 6'-pyrophosphotransferase	2	-14.000	-0.510	-4.080	-1
rxn02504	2-amino-4-hydroxy-6-(D-erythro-1,2,3-trihydroxypropyl)-7,8-dihydropteridine glycolaldehyde-lyase	4	-7.760	1.510	3.400	6
rxn02505	3alpha,7alpha,12alpha-Trihydroxy-5beta-cholestan-26-al:NAD+ 26-oxidoreductase	1	-9.740	-9.120	2.490	10
rxn02506	5beta-Cholestane-3alpha,7alpha,12alpha,26-tetraol:NAD+ 26-oxidoreductase	1	5.250	4.940	4.710	19
rxn02507	1-(2-Carboxyphenylamino)-1-deoxy-D-ribulose-5-phosphate carboxy-lyase(cyclizing)	4	-14.490	-18.010	-4.490	-1
rxn02508	N-(5-Phospho-beta-D-ribosyl)anthranilate ketol-isomerase	5	0.620	-2.350	-12.290	-1
rxn02509	2-methyl-3-phytyl-1,4-naphthoquinone:oxidized-dithiothreitol oxidoreductase	1	0.840	31.960	19.340	-1
rxn02510	3-Hydroxy-2-methyl-3-phytyl-2,3-dihydronaphthoquinone:oxidized-dithiothreitol oxidoreductase	1	-6.060	14.540	10.790	-1
rxn02511	4-Deoxy-beta-D-gluc-4-enuronosyl-(1,3)-N-acetyl-D-galactosamine-4-sulfate 4-sulfohydrolase	3	-16.280	38.650	-30.430	-1
rxn02512	4-Deoxy-beta-D-gluc-4-enuronosyl-(1,3)-N-acetyl-D-galactosamine-6-sulfate 6-sulfohydrolase	3	-16.280	40.850	-28.780	-1
rxn02513	(5Z,13E)-(15S)-6,9alpha-epoxy-11alpha,15-dihydroxyprosta-5,13-dienoate:NADP+ 15-oxidoreductase	1	2.240	4.430	-5.280	5
rxn02514	R03521	none	-16.970	89.120	4.490	-1
rxn02517	ATP:dIDP phosphotransferase	2	0.000	1.400	-0.000	16
rxn02518	2'-Deoxyinosine-5'-triphosphate pyrophosphohydrolase	3	-27.240	-11.340	-8.330	30
rxn02519	2-Hydroxyglutarate:(acceptor) 2-oxidoreductase	1	1.410	1.420	2.310	18
rxn02521	2',3'-Cyclic AMP 3'-nucleotidohydrolase	3	-17.230	-7.220	-19.880	-1
rxn02522	2',3'-Cyclic UMP 3'-nucleotidohydrolase	3	-17.230	-7.390	-17.350	-1
rxn02523	maleamate amidohydrolase	3	4.720	1.820	5.030	-1
rxn02526	benzene,NADH:oxygene 1,2-oxidoreductase	1	-77.250	-83.090	-97.920	23
rxn02527	R03544	1	-5.250	-5.650	-2.880	-1
rxn02528	R03545	1	-5.250	-5.620	-2.300	-1
rxn02531	UDPglucose:7,8-dihydroxycoumarin 7-O-beta-D-glucosyltransferase	2	-1.700	-12.200	-13.190	20
rxn02532	Gallate:oxygen 3,4-oxidoreductase (decyclizing)	1	-104.970	-17.060	-94.470	-1
rxn02533	Gallate:oxygen 4,5-oxidoreductase (decyclizing)	1	-99.650	-74.280	-134.770	-1
rxn02534	R03551	none	-0.140	-11.290	-37.470	-1
rxn02535	S-Adenosyl-L-methionine:loganate 11-O-methyltransferase	2	-5.330	10.920	-5.870	1
rxn02536	loganin:oxygen oxidoreductase (ring cleaving)	1	-85.400	3.220	-98.830	-1
rxn02537	7-deoxyloganin,NADPH:oxygen oxidoreductase (7a-hydroxylating)	1	-96.220	-97.040	-94.710	28
rxn02538	UDPglucose:salicyl-alcohol beta-D-glucosyltransferase	2	-1.700	-12.290	-13.270	20
rxn02539	toluene,NADH:oxygen oxidoreductase (1,2-hydroxylating)	1	-76.030	-88.440	-96.740	-1
rxn02540	Toluene,NADPH:oxogen oxidoreductase (2-hydroxylating)	1	-99.540	-105.790	-90.690	-1
rxn02541	Toluene,NADPH:oxogen oxidoreductase (3-hydroxylating)	1	-99.540	-105.790	-91.990	-1
rxn02544	UDPglucose:vitexin 2''-O-beta-D-glucosyltransferase	2	8.600	-3.060	-0.460	3
rxn02545	3-Cresol,NADPH:oxogen oxidoreductase (2-hydroxylating)	1	-95.860	-105.790	-84.300	26
rxn02546	6-Methylsalicylate carboxy-lyase	4	-0.130	-2.540	1.870	-1
rxn02548	S-Adenosyl-L-methionine:5,7,4'-trihydroxyflavone 4'-O-methyltransferase	2	-4.330	-1.820	-22.470	8
rxn02549	Allyl-alcohol:NADP+ oxidoreductase	1	3.700	4.910	6.250	19
rxn02550	UDPglucose:1,2-dihydroxy-9,10-anthraquinone 2-O-beta-D-glucosyltransferase	2	-1.700	-12.040	-13.040	20
rxn02551	UDPglucose:5,7,3',4'-tetrahydroxyflavone 7-O-beta-D-glucosyltransferase	2	-1.700	-12.450	-12.750	20
rxn02552	ATP:D-allose 6-phosphotransferase	2	-11.680	-1.910	-3.430	-1
rxn02554	R07440	1	-95.860	-105.790	-81.800	26
rxn02555	N-Feruloylglycine amidohydrolase	3	-0.460	-0.130	7.170	13
rxn02556	R03580	none	-4.420	54.630	49.590	-1
rxn02557	geraniol:NADP+ oxidoreductase	1	3.700	4.910	3.150	19
rxn02558	Indan-1-ol:NAD+ 1-oxidoreductase	1	0.780	-0.260	-0.110	-1
rxn02559	Indan-1-ol:NADP+ 1-oxidoreductase	1	0.780	-0.290	-0.690	-1
rxn02560	L-Xylose:NADP+ 1-oxidoreductase	1	-1.970	-7.210	-3.600	-1
rxn02561	S-Adenosyl-L-methionine:5,7,3',4'-tetrahydroxyflavone 3'-O-methyltransferase	2	-4.330	-1.820	-23.110	8
rxn02562	UDPglucose:5,7,3',4'-tetrahydroxyflavone 7-O-beta-D-glucosyltransferase	2	7.800	-12.450	-4.920	-1
rxn02563	UDPglucuronate:luteolin 7-O-glucuronosyltransferase	2	7.800	-12.280	-4.040	-1
rxn02564	flavanone,2-oxoglutarate:oxygen oxidoreductase (dehydrating)	1	-121.960	-83.450	-114.310	-1
rxn02568	UDPglucose:scopoletin O-beta-D-glucosyltransferase	2	-1.700	-12.230	-13.220	20
rxn02574	Syringin beta-D-glucosidase	3	-3.110	6.130	8.250	6
rxn02575	UDPglucose:coniferyl-alcohol 4'-beta-D-glucosyltransferase	2	-1.700	-12.290	-15.060	20
rxn02577	o-Cresol,NADPH:oxogen oxidoreductase (2-hydroxylating)	1	-95.860	-105.790	-85.590	26
rxn02578	calcidiol,NADPH:oxygen oxidoreductase (1-hydroxylating)	1	-96.220	-97.040	-93.430	28
rxn02579	Cetraxate-benzyl-ester benzylhydrolase	3	-2.110	-3.600	-7.320	29
rxn02580	(-)-Ephedrine:NAD+ 2-oxidoreductase	1	7.040	-63.330	-3.790	-1
rxn02581	Galactosylglycerol galactohydrolase	3	-0.790	-0.800	-1.630	-1
rxn02584	N-Methylhexanamide amidohydrolase	3	-0.110	2.620	3.090	-1
rxn02585	Acetyl-CoA:imidazole N-acetyltransferase	2	3.410	4.510	4.720	19
rxn02586	Kievitone-hydrate hydro-lyase	4	4.570	-0.040	-23.480	-1
rxn02590	Linoleate:oxygen 13-oxidoreductase	1	-69.980	0.000	-22.900	0
rxn02591	9-cis,12-cis-Octadecadienoate delta12-cis-delta11-trans-isomerase	5	-4.820	-2.520	-2.510	33
rxn02592	melatonin:oxygen 2,3-dioxygenase (indole-decyclizing)	1	-92.100	-78.040	-74.040	-1
rxn02593	Phthalate,NADH:oxygen oxidoreductase (4,5-hydroxylating)	1	-71.130	-93.790	-89.240	23
rxn02594	Phytanate:CoA ligase (AMP-forming)	6	-21.520	-2.510	-6.470	-1
rxn02595	S-Adenosyl-L-methionine:O-demethylpuromycin O-methyltransferase	2	-4.330	-1.830	-22.470	8
rxn02596	R03634	3	-3.110	-1.570	-1.340	-1
rxn02598	leucocyanidin:NADP+ 4-oxidoreductase	1	0.780	-0.460	-3.970	-1
rxn02599	taxifolin,NADH:oxygen oxidoreductase (8-hydroxylating)	1	-95.860	-105.760	-80.540	26
rxn02600	taxifolin,NADPH:oxygen oxidoreductase (8-hydroxylating)	1	-95.860	-105.730	-79.950	26
rxn02601	flavanone,NADPH:oxygen oxidoreductase	1	-95.860	-105.800	-79.890	26
rxn02602	flavanone,2-oxoglutarate:oxygen oxidoreductase (3-hydroxylating)	1	-110.080	-109.920	-108.220	24
rxn02603	Testololactone lactonohydrolase	3	3.770	28.620	-4.520	-1
rxn02606	coformycin:NADP+ 8-oxidoreductase	1	10.480	-1.260	5.960	2
rxn02607	Acetyl-CoA:thioethanolamine S-acetyltransferase	2	0.000	1.820	-2.960	-1
rxn02608	D-Fuconate hydro-lyase	4	-8.170	-11.010	-8.900	-1
rxn02609	R03672	none	-2.080	80.980	5.660	-1
rxn02610	L-Dopachrome delta7-delta2-isomerase	5	-21.720	71.490	15.620	-1
rxn02611	R03674	none	-23.070	68.960	28.750	-1
rxn02612	5alpha-Ergosta-7,22-diene-3beta,5-diol 5,6-hydro-lyase	4	5.860	-49.490	-7.630	-1
rxn02615	Bis-D-fructose-2',1:2,1'-dianhydride fructohydrolase	3	42.690	-5.370	-2.800	-1
rxn02616	UDPglucose:isovitexin 2''-O-beta-D-glucosyltransferase	2	-1.700	-3.060	-8.930	29
rxn02617	L-Fuconate hydro-lyase	4	-8.170	-9.800	-10.670	40
rxn02618	lanosterol delta24-reductase	1	-17.570	-13.350	8.280	10
rxn02620	ATP:lombricine N-phosphotransferase	2	32.200	3.830	0.690	-1
rxn02621	Dihydrocoumarin lactonohydrolase	3	-9.170	-18.660	-3.470	-1
rxn02622	(S)-2-Methylmalate hydro-lyase	4	1.470	0.770	0.860	-1
rxn02623	R03694	none	-0.050	1.450	3.760	-1
rxn02624	R03695	none	5.720	5.870	1.630	-1
rxn02625	L-threo-3-Methylaspartate ammonia-lyase	4	2.520	1.070	1.220	18
rxn02628	3'-Phosphoadenylylsulfate:galactosylsphingosine sulfotransferase	2	-14.000	-61.250	9.700	-1
rxn02629	S-Adenosyl-L-methionine:thiopurine S-methyltransferase	2	-13.120	-9.200	12.250	10
rxn02633	3-(2-Hydroxyphenyl)propanoate:NAD+ oxidoreductase	1	11.760	14.160	11.990	-1
rxn02634	UDPglucose:trans-2-hydroxycinnamate O-beta-D-glucosyltransferase	2	-1.700	-12.280	-10.430	20
rxn02636	11beta,21-Dihydroxy-3,20-oxo-5beta-pregnan-18-al:NADP+ delta4-oxidoreductase	1	-13.600	-4.110	-4.960	32
rxn02638	Choloyl-CoA:glycine N-choloyltransferase	2	-5.260	-6.330	-13.250	-1
rxn02639	3alpha,7alpha,12alpha-trihydroxy-5beta-cholanoyl-CoA:propanoyl-CoA C-acyltransferase	2	5.250	5.970	-1.560	5
rxn02640	Choloyl-CoA:glycine N-choloyltransferase	2	-5.260	-7.280	-86.810	-1
rxn02641	S-Adenosyl-L-methionine:columbamine O-methyltransferase	2	-4.330	-1.830	-23.120	8
rxn02642	(S)-Tetrahydrocolumbamine:oxigen oxidoreductase	1	-48.360	-66.370	-79.720	-1
rxn02643	(24R,24'R)-Fucosterol-epoxide acetaldehyde-lyase	4	3.860	5.460	-12.170	-1
rxn02645	S-Adenosyl-L-methionine:N6-(delta2-isopentenyl)-adenine 3-(3-amino-3-carboxypropyl)-transferase	2	-8.100	6.730	-20.150	-1
rxn02649	S-Adenosyl-L-methionine:isoorientin 3'-O-methyltransferase	2	-4.330	-1.800	-23.100	8
rxn02650	(2S)-2-{[1-(R)-carboxyethyl]amino}pentanoate dehydrogenase (NAD+, L-aminopentanoate-forming)	1	9.240	9.340	8.080	21
rxn02651	L-Threonate:NAD+ 3-oxidoreductase	1	3.790	4.250	4.410	19
rxn02652	(2S,3S)-2-Hydroxytridecane-1,2,3-tricarboxylate oxaloacetate-lyase (CoA-acylating)	2	10.700	8.690	11.730	21
rxn02653	Rifamycin-B:oxygen oxidoreductase	1	-13.830	10.210	-16.470	-1
rxn02655	3-alpha(S)-Strictosidine tryptamine-lyase	4	-7.340	17.700	31.590	-1
rxn02656	Stipitatonate carboxy-lyase (decyclizing)	4	-38.760	-8.940	-65.100	-1
rxn02659	(+)-cis-Sabinol:NAD+ oxidoreductase	1	0.780	-0.260	9.190	-1
rxn02660	S-Adenosyl-L-methionine:2-iodophenol O-methyltransferase	2	-4.330	-1.790	-23.080	8
rxn02661	3-Oxododecanoate carboxy-lyase	4	-4.930	-4.150	-2.960	33
rxn02663	epsilon-Caprolactone lactonohydrolase	3	-14.210	-12.480	-2.660	-1
rxn02665	7beta-Hydroxysteroid:NADP+ 7-oxidoreductase	1	2.330	-0.290	2.870	14
rxn02666	R03758	none	3.120	4.740	6.490	19
rxn02667	(R)-1-Aminopropan-2-ol:NAD+ oxidoreductase	1	3.790	4.380	4.050	19
rxn02668	NADH:asparagusate oxidoreductase	1	-1.580	-0.340	-3.100	-1
rxn02669	biotin:CoA ligase (AMP-forming)	6	-34.090	-281.250	-14.790	-1
rxn02673	ATP:D-hamamelose 2'-phosphotransferase	2	-14.000	-2.900	-4.860	32
rxn02674	ATP:hygromycin-B 7''-O-phosphotransferase	2	-14.000	-0.850	-2.390	-1
rxn02675	L-rhamno-1,4-lactone lactonohydrolase	3	-5.690	-5.120	-5.910	-1
rxn02676	L-Rhamnonate hydro-lyase	4	-8.170	-9.800	-9.100	-1
rxn02678	trans-Oct-2-enoyl-CoA reductase	1	16.580	14.130	9.370	22
rxn02679	Octanoyl-CoA:oxygen 2-oxidoreductase	1	11.740	10.660	5.530	21
rxn02680	Octanoyl-CoA:acetyl-CoA C-acyltransferase	2	7.060	7.210	2.550	-1
rxn02681	Octanoyl-CoA:L-carnitine O-octanoyltransferase	2	-3.610	-0.660	0.450	10
rxn02683	Nonane-4,6-dione acylhydrolase	3	-25.010	-11.500	-11.250	-1
rxn02684	Isopiperitenone delta8-delta4-isomerase	5	15.190	0.000	-1.620	-1
rxn02685	ATP:taurocyamine N-phosphotransferase	2	32.200	0.340	0.690	-1
rxn02687	R03790	1	4.700	4.460	-3.280	5
rxn02688	mandelate racemase	5	0.000	-0.000	0.000	16
rxn02689	R03792	1	4.700	4.460	-3.280	5
rxn02690	(S)-2-Hydroxy-2-phenylacetate,tetrahydrobiopterin:oxygen oxidoreductase (4-hydroxylating)	1	-105.580	-0.300	-101.450	-1
rxn02691	Pyruvate-oxime:acetone oximinotransferase	2	8.300	6.270	2.600	-1
rxn02693	Dimethylallyl-diphosphate:aspulvinone-E dimethylallyltransferase	2	-52.820	-37.000	-52.730	-1
rxn02694	Blasticidin-S aminohydrolase	3	-5.170	-5.080	-4.730	-1
rxn02695	1,4-beta-D-Glucan glucohydrolase	3	-3.110	-3.320	1.630	10
rxn02700	2,5-Dioxopiperazine amidohydrolase	3	8.460	2.310	-8.260	-1
rxn02703	ATP:sedoheptulose 1-phosphotransferase	2	-14.000	-2.880	-3.950	32
rxn02704	Strictosidine beta-D-glucohydrolase	3	-3.110	-3.090	-2.990	-1
rxn02705	trypanathione:NADP+ oxidoreductase	1	-4.940	26.620	4.390	-1
rxn02706	glutathionylspermidine:glutathione ligase (ADP-forming)	6	-6.320	-6.080	-1.680	-1
rxn02708	dTDP-D-galactose:NAD+ 6-oxidoreductase	1	-4.490	-5.220	1.890	10
rxn02709	(2S)-Flavan-4-ol:NADP+ 4-oxidoreductase	1	0.780	-0.290	-0.690	-1
rxn02710	(S)-Reticuline:oxygen oxidoreductase (methylene-bridge-forming)	1	-47.360	-30.690	-43.870	-1
rxn02711	S-Adenosyl-L-methionine:3'-hydroxy-N-methyl-(S)-coclaurine 4'-O-methyltransferase	2	-4.330	-1.830	-23.120	8
rxn02712	(S)-scoulerine, NADPH:oxygen oxidoreductase (methylenedioxy-bridge-forming)	1	115.090	113.850	67.180	-1
rxn02713	S-Adenosyl-L-methionine:(S)-scoclaurine 9-O-methyltransferase	2	-4.330	-1.770	-21.240	8
rxn02717	Corticosterone:NAD+ 11-oxidoreductase	1	2.330	-0.260	7.130	14
rxn02718	Corticosterone:NADP+ 11-oxidoreductase	1	2.330	-0.290	6.550	14
rxn02719	trans-Dodec-2-enoyl-CoA reductase	1	16.580	14.130	9.370	22
rxn02720	Lauroyl-CoA:(acceptor) 2,3-oxidoreductase	1	11.740	10.660	5.530	21
rxn02721	3-Hydroxytetradecane-1,3,4-tricarboxylate 2-oxoglutarate-lyase (CoA-acylating)	2	10.700	7.610	11.650	-1
rxn02722	Geissoschizine:NADP+ 4,21-oxidoreductase	1	-3.370	-44.020	-1.830	-1
rxn02724	R03863	none	2.240	4.460	5.510	19
rxn02725	R03864	none	2.240	4.430	4.930	19
rxn02726	(6Z,8E,10E,14Z)-(5S,12R)-5,12-Dihydroxyicosa-6,8,10,14-tetraenoate,NADPH:oxygen oxidoreductase (20-hydroxylating)	1	-92.610	-93.820	-95.790	27
rxn02727	leukotriene-C4 hydrolase	2;3	-0.460	-0.460	3.320	-1
rxn02728	3-Maleylpyruvate cis-trans-isomerase	5	0.000	-0.000	-0.000	16
rxn02729	(S)-Methylmalonate semialdehyde:NAD+ oxidoreductase	1	-9.740	-9.580	-1.010	-1
rxn02735	UDP-L-rhamnose:NADP+ 4-oxidoreductase (3,5-epimerizing)	1	-2.330	0.290	12.160	-1
rxn02737	UDPglucosamine 4-epimerase	5	0.000	0.000	2.760	-1
rxn02738	1,2-dihydrosantonin:NAD+ 1,2-oxidoreductase	1	4.780	5.770	3.820	19
rxn02739	1,2-dihydrosantonin:NADP+ 1,2-oxidoreductase	1	4.780	5.740	3.240	19
rxn02740	(E)-Glutaconate CoA-transferase	2	-1.540	-2.380	0.260	-1
rxn02741	1-Methyladenosine ribohydrolase	3	2.550	0.030	0.900	14
rxn02742	10-Hydroxydecanoate:NAD+ 10-oxidoreductase	1	5.250	4.940	2.880	19
rxn02743	2-aminomuconate aminohydrolase	3	-2.480	-6.840	-7.280	-1
rxn02744	2-Aminomuconate semialdehyde:NAD+ 6-oxidoreductase	1	-9.740	-9.070	1.430	10
rxn02745	Benzene-1,2,4-triol:oxygen 1,2-oxidoreductase (decyclizing)	1	-104.540	-74.910	-137.350	-1
rxn02746	R03892	none	0.000	-0.000	-0.000	16
rxn02747	4-Carboxymethylenebut-2-en-4-olide lactonohydrolase	3	-23.090	-1.010	-10.610	-1
rxn02748	(3S)-3-Methyl-2-oxopentanoate carboxy-lyase	4	-4.120	-2.620	-2.720	33
rxn02749	(R)-2-Methylmalate hydro-lyase	4	1.470	2.240	2.140	18
rxn02750	R03897	none	-0.050	2.100	4.850	-1
rxn02751	R03898	none	-0.050	2.100	3.980	-1
rxn02752	N1-acetylspermine:oxygen oxidoreductase (3-acetamidopropanal-forming)	1	-23.500	-20.030	-15.150	37
rxn02754	Acetyl-CoA:D-amino-acid N-acetyltransferase	2	-5.260	-5.780	-4.790	-1
rxn02755	Glycyrrhizinate glucuronosylhydrolase	3	-3.110	-1.920	5.500	10
rxn02756	2-methyleneglutarate carboxy-methylenemethylmutase	5	-1.810	0.900	0.920	13
rxn02758	Sinapyl alcohol:NADP+ oxidoreductase	1	-3.700	-4.900	2.770	10
rxn02760	Sucrose 6-phosphate fructohydrolase	3	-3.110	-7.590	4.840	10
rxn02761	(S)(+)-Allantoin racemase	5	0.000	0.000	0.000	16
rxn02762	2',3'-Cyclic CMP 3'-nucleotidohydrolase	3	-17.230	-7.200	-19.880	-1
rxn02763	3-methyloxindole:NADP+ oxidoreductase	1	27.180	14.010	2.040	-1
rxn02764	4-chlorobenzoate:CoA ligase	6	-21.520	-0.510	2.760	-1
rxn02765	S-Adenosyl-L-methionine:6-hydroxymellein 6-O-methyltransferase	2	-4.330	-1.800	-21.620	8
rxn02766	beta-Alanyl-L-arginine hydrolase	3	-0.460	-4.750	4.040	-1
rxn02767	Formylkynurenine hydrolase	3	-12.780	-12.730	-9.390	-1
rxn02768	R03937	4	-2.160	0.100	3.070	13
rxn02770	L-Rhamnofuranose:NAD+ 1-oxidoreductase	1	-1.970	-3.650	-3.330	29
rxn02771	R03943	2	-13.080	-3.080	3.370	7
rxn02772	Perillyl-alcohol:NAD+ oxidoreductase	1	3.700	4.940	8.140	19
rxn02773	3'-Phosphoadenylylsulfate:phenolic-steroid sulfotransferase	2	-14.000	-10.920	-7.770	-1
rxn02778	L-3,5,3'-Triiodothyronine:2-oxoglutarate aminotransferase	2	0.000	-1.900	0.000	-1
rxn02779	R03953	1	-48.700	-61.090	-80.260	-1
rxn02780	R03954	none	13.230	27.060	15.180	-1
rxn02781	R03955	2	14.650	23.230	-23.100	-1
rxn02782	2,5-Dihydro-5-oxofuran-2-acetate lyase (decyclizing)	5	-0.150	2.650	2.220	-1
rxn02783	(3R)-beta-leucine:NAD+ oxidoreductase(deaminating)	1	6.260	6.840	7.170	19
rxn02784	2'-hydroxy-2,3-dihydrodaidzein:NADP+ 2-oxidoreductase	1	0.740	22.270	29.370	-1
rxn02786	2-hydroxybiphenyl,NADH:oxygen oxidoreductase (3-hydroxylating)	1	-95.860	-105.820	-84.380	26
rxn02787	Sinapoyl-CoA:2-hydroxymalonate O-(hydroxycinnamoyl)transferase	2	-3.610	-0.780	-0.360	-1
rxn02788	R03966	5	0.000	0.000	0.000	16
rxn02789	2-Isopropylmalate hydro-lyase	4	1.470	0.090	-2.710	-1
rxn02790	3-(ADP)-2-phosphoglycerate phosphohydrolase	3	7.220	-2.970	1.800	2
rxn02794	chenodeoxycholate:CoA ligase (AMP-forming)	6	-21.520	-2.510	0.970	-1
rxn02796	chenodeoxycholoyltaurine amidohydrolase	3	-0.460	0.820	1.730	-1
rxn02797	lithocholate:FAD oxidoreductase (7alpha-dehydroxylating)	1	-7.780	-8.710	-12.110	40
rxn02798	Estrone 3-sulfate sulfohydrolase	3	-16.280	48.170	-11.880	-1
rxn02800	pyrimidodiazepine:glutathione-disulfide oxidoreductase	1	34.260	9.990	14.640	-1
rxn02801	3'-Phosphoadenylylsulfate:taurolithocholate sulfotransferase	2	-14.000	-59.790	9.490	-1
rxn02802	trans-Tetradec-2-enoyl-CoA reductase	1	16.580	14.130	9.370	22
rxn02803	Tetradecanoyl-CoA:(acceptor) 2,3-oxidoreductase	1	11.740	10.660	5.530	21
rxn02804	myristoyl-CoA:acetylCoA C-myristoyltransferase	2	7.060	7.210	2.550	-1
rxn02805	(E,E)-Piperoyl-CoA:piperidine N-piperoyltransferase	2	-6.090	6.140	-7.670	1
rxn02806	R03995	none	28.630	30.290	189.920	-1
rxn02807	2,4-dichlorophenol,NADPH:oxygen oxidoreductase(6-hydroxylating)	1	-95.860	-105.720	-78.220	26
rxn02808	anthranilyl-CoA,NADH:oxygen oxidoreductase (de-aromatizing)	1	-82.930	-113.890	-126.270	-1
rxn02809	anthranilyl-CoA,NADH:oxygen oxidoreductase (de-aromatizing)	1	-82.930	-113.830	-125.100	-1
rxn02810	(E)-Glutaconate CoA-transferase	2	-1.540	-2.380	-2.640	29
rxn02811	3-Isopropylmalate hydro-lyase	4	0.050	-0.890	-4.340	16
rxn02812	ATP:branched-chain-fatty-acid 1-phosphotransferase	2	-6.900	5.200	2.030	6
rxn02814	4-coumaryl alcohol:NADP+ oxidoreductase	1	-3.700	-4.900	-2.770	-1
rxn02815	UDPglucose:coniferyl-alcohol 4'-beta-D-glucosyltransferase	2	-1.700	-12.290	-12.620	20
rxn02816	4-Hydroxycinnamyl alcohol 4-D-glucoside beta-D-glucosidase	3	-3.110	6.130	5.810	6
rxn02826	N-Acetylputrescine:oxygen oxidoreductase(deaminating)(flavin-containing)	1	-24.020	-22.300	-21.200	37
rxn02827	R04026	3	1.680	-2.250	0.240	12
rxn02828	primary-amine oxidase	1	-29.620	-28.750	-41.430	-1
rxn02829	6-Acetamido-2-oxohexanoate:2-oxoglutarata aminotransferase	2	-2.460	-1.660	-4.090	-1
rxn02830	N6-Acetyl-L-lysine:2-oxoglutarate aminotransferase	2	0.000	-1.660	0.610	-1
rxn02831	O-Succinylbenzoate:CoA ligase (AMP-forming)	6	-21.520	-3.670	-1.840	-1
rxn02832	(1R,6R)-6-hydroxy-2-succinylcyclohexa-2,4-diene-1-carboxylate hydrolyase (2-succinylbenzoate-forming)	4	25.060	9.220	6.890	-1
rxn02833	S-Adenosyl-L-methionine:phenylethanolamine N-methyltransferase	2	-10.430	1.760	6.830	6
rxn02834	Phosphoribosyl-ATP pyrophosphohydrolase	3	-17.740	-20.200	-7.290	-1
rxn02835	1-(5-phospho-D-ribosyl)-AMP 1,6-hydrolase	3	4.040	-0.010	-13.970	-1
rxn02836	2-Isopentenyl-diphosphate:AMP delta2-isopentenyltransferase	2	-19.970	-14.500	-23.060	-1
rxn02839	NADH:N-hydroxy-2-acetamidofluorene N-oxidoreductase	1	24.860	52.290	52.100	-1
rxn02840	NADPH:N-hydroxy-2-acetamidofluorene N-oxidoreductase	1	24.860	52.260	51.520	-1
rxn02841	R04048	1	-31.250	-35.300	-33.480	-1
rxn02842	R04049	1	3.790	6.750	6.850	19
rxn02843	Malonyl-CoA:3,4-dichloroaniline N-malonyltransferase	2	-4.050	-3.890	-9.560	-1
rxn02844	R04051	2	0.000	1.790	18.680	-1
rxn02845	3-phosphonopyruvate carboxy-lyase	4	-4.120	-2.440	9.560	-1
rxn02847	4-Acetamidobutyryl-CoA amidohydrolase	3	-2.000	-0.780	-5.380	-1
rxn02848	Acetyl-CoA:5-hydroxypentanoate CoA-transferase	2	-1.540	-1.220	0.110	-1
rxn02851	anhydrotetracycline,NADPH:oxygen oxidoreductase (6-hydroxylating)	1	-62.860	-175.650	-110.410	-1
rxn02852	Benzene-1,2,4-triol:oxygen 1,2-oxidoreductase (decyclizing)	1	-104.540	-74.910	-137.350	-1
rxn02853	Imidazole acetaldehyde:NAD+ oxidoreductase	1	-9.740	-9.040	-2.920	39
rxn02854	imidazole-4-acetate,NADH:oxygen oxidoreductase (5-hydroxylating)	1	-115.590	-104.680	-101.710	-1
rxn02855	Imidazole-4-acetate:5-phosphoribosyl-diphosphate ligase (ADP- and pyrophosphate- forming)	6	-19.290	-14.050	-19.220	-1
rxn02857	S-Adenosyl-L-methionine:5,8,13,13a-tetrahydrocolumbamine 2-O-methyltransferase	2	-4.330	-1.840	-23.130	8
rxn02858	3,4-Dihydroxyphenylacetaldehyde hydro-lyase (adding dopamine)	4	-4.240	-17.710	-20.210	-1
rxn02860	Toluene-cis-1,2-dihydrodiol:NAD+ oxidoreductase	1	-10.530	-14.040	30.250	10
rxn02861	3-Methylcatechol:oxygen 2,3-oxidoreductase(decyclizing)	1	-77.830	-62.110	-117.740	-1
rxn02862	O3-Acetyl-L-serine acetate-lyase (adding 3,4-dihydroxypyridin-1-yl)	2	-2.920	-5.920	-30.230	-1
rxn02863	R04092	none	11.740	10.640	-12.390	-1
rxn02866	3-methylbutanoyl-CoA:(acceptor) 2,3-oxidoreductase	1	11.180	9.660	-3.250	-1
rxn02868	3alpha-hydroxyglycyrrhetinate:NADP+ 3-oxidoreductase	1	2.330	-0.290	2.880	14
rxn02869	3-cis-Dodecenoyl-CoA delta3-cis-delta2-trans-isomerase	5	-1.550	0.000	8.620	-1
rxn02871	Penicillin amidohydrolase	3	11.570	15.100	0.430	-1
rxn02872	ethyl-(R)-3-hydroxyhexanoate:NADP+ 3-oxidoreductase	1	3.790	4.430	-1.940	5
rxn02873	ethyl-(S)-3-hydroxyhexanoate:NADP+ 3-oxidoreductase	1	3.790	4.430	0.560	-1
rxn02874	UDPglucose:hydroxyanthraquinone O-glucosyltransferase	2	-1.700	-12.230	-10.390	20
rxn02877	cis-1,2-dihydronaphthalene-1,2-diol:NAD+ 1,2-oxidoreductase	1	-15.840	-20.320	25.060	10
rxn02878	naphthalene-1,2-diol:oxygen oxidoreductase	1	-82.520	-86.370	-107.510	-1
rxn02879	12,13-Diacylphorbate 12-acylhydrolase	3	-2.110	-8.590	-2.740	-1
rxn02880	UDPglucose:13-hydroxydocosanoate 13-beta-D-glucosyltransferase	2	-1.700	-3.660	-11.340	29
rxn02881	2,6-dihydroxypyridine,NADH:oxygen oxidoreductase (3-hydroxylating)	1	-94.640	-112.100	-85.010	-1
rxn02882	R04131	4	-3.710	0.100	8.380	-1
rxn02883	R04132	4	-3.710	0.100	8.380	-1
rxn02884	5-Oxopent-3-ene-1,2,5-tricarboxylate carboxy-lyase	4	-1.570	-3.160	-1.040	-1
rxn02885	R04134	5	0.000	-0.000	-0.000	16
rxn02886	3-Hydroxy-L-glutamate 1-carboxy-lyase	4	-3.120	-4.690	-7.270	31
rxn02887	3-Hydroxybenzyl-alcohol:NADP+ oxidoreductase	1	3.700	2.070	2.480	19
rxn02888	3-Hydroxyisopentyl-CoA hydro-lyase	4	3.020	0.100	-14.600	-1
rxn02889	3-Methylcrotonoyl-CoA:carbon-dioxide ligase (ADP-forming)	6	-1.040	-2.690	-6.660	-1
rxn02890	3alpha-Hydroxy-5beta-cholanate:NAD+ oxidoreductase	1	2.330	-0.260	-0.720	15
rxn02892	4-Methylumbelliferyl-acetate acylhydrolase	3	-3.650	-17.260	-1.630	-1
rxn02893	R04142	1	13.860	11.810	10.490	-1
rxn02894	ATP:S5-methyl-5-thio-D-ribose 1-phosphotransferase	2	-14.000	-0.600	-4.140	-1
rxn02896	R04147	5	0.000	0.000	-0.190	16
rxn02897	Nicotinate-nucleotide:dimethylbenzimidazole phospho-D-ribosyltransferase	2	-2.910	-4.930	-12.610	-1
rxn02898	O-Succinylbenzoyl-CoA 1,4-dihydroxy-2-naphthoate-lyase	4	-14.270	-25.890	11.550	-1
rxn02899	(+)-cis-3,4-dihydrophenanthrene-3,4-diol:NAD+ 3,4-oxidoreductase	1	-15.840	-20.330	26.440	10
rxn02900	(2-Aminoethyl)phosphonate:pyruvate aminotransferase	2	-1.000	0.700	0.670	13
rxn02901	Dimethylsulfonioacetate:L-homocysteine S-methyltransferase	2	-13.120	-0.580	-12.970	-1
rxn02902	Tetrahydroxypteridine lyase (isomerizing)	5	-7.730	-3.180	-3.800	-1
rxn02904	(S)-4-Hydroxymandelate racemase	5	0.000	0.000	0.000	16
rxn02907	11-Deoxycorticosterone ketol-isomerase	5	1.460	0.480	1.660	-1
rxn02908	16alpha-Hydroxyprogesterone hydro-lyase	4	-6.260	-12.270	-17.920	-1
rxn02909	2-Carboxy-D-arabinitol-1-phosphate 1-phosphohydrolase	3	7.220	-2.890	-1.640	3
rxn02910	S-Adenosyl-L-methionine:2-methylpropanal-oxime O-methyltransferase	2	-4.330	-30.110	-29.470	-1
rxn02911	(S)-3-Hydroxydodecanoyl-CoA hydro-lyase	4	2.160	-0.100	0.210	15
rxn02912	3-Hydroxy-L-kynurenine:2-oxoglutarate aminotransferase	2	0.000	-1.870	-0.790	16
rxn02913	R04172	4	-3.120	-5.080	-7.850	31
rxn02914	3-Phosphoserine:2-oxoglutarate aminotransferase	2	-0.000	2.600	2.670	-1
rxn02915	6-Acetamido-2-oxohexanoate amidohydrolase	3	-2.000	-1.850	-6.150	-1
rxn02916	R04175	none	-14.910	-11.200	-9.580	-1
rxn02923	(S)-3-(Imidazol-5-yl)lactate:NAD+ oxidoreductase	1	6.250	4.480	4.460	19
rxn02924	(S)-3-(Imidazol-5-yl)lactate:NADP+ oxidoreductase	1	6.250	4.450	3.880	19
rxn02925	L-Alanine:3-oxopropanoate aminotransferase	2	1.000	-0.210	-2.330	-1
rxn02926	L-3-amino-isobutanoate:2-oxoglutarate aminotransferase	2	-1.000	0.250	2.490	13
rxn02927	N2-succinyl-L-arginine iminohydrolase (decarboxylating)	2;3	-9.720	-20.970	-14.190	-1
rxn02928	2,3,4,5-Tetrahydrodipicolinate:NAD+ oxidoreductase	1	1.040	5.770	15.720	-1
rxn02929	2,3,4,5-Tetrahydrodipicolinate:NADP+ oxidoreductase	1	1.040	5.740	15.140	-1
rxn02930	D-threo-2,4-diaminopentanoate:NAD+ oxidoreductase (deaminating)	1	6.260	7.090	7.480	19
rxn02931	D-threo-2,4-diaminopentanoate:NADP+ oxidoreductase(deaminating)	1	6.260	7.060	6.890	19
rxn02932	Bis(2-ethylhexyl)phthalate acylhydrolase	3	-2.110	-4.020	-22.360	-1
rxn02933	(2S,3S)-3-hydroxy-2-methylbutanoyl-CoA:NAD+ oxidoreductase	1	3.790	4.460	4.990	19
rxn02934	(2S,3S)-3-Hydroxy-2-methylbutanoyl-CoA hydro-liase	4	1.600	-0.880	-8.140	-1
rxn02936	3-Phospho-D-erythronate hydro-lyase	4	10.180	-1.520	-6.760	-1
rxn02937	2-(Formamido)-N1-(5-phosphoribosyl)acetamidine cyclo-ligase (ADP-forming)	6	-0.050	2.400	-20.440	-1
rxn02938	1-(5-phospho-D-ribosyl)-5-amino-4-imidazolecarboxylate carboxy-lyase	4	-1.350	1.110	0.670	13
rxn02939	4-phospho-D-erythronate:NAD+ 2-oxidoreductase	1	6.250	4.470	5.410	19
rxn02940	Oxalyl-CoA:L-2,3-diaminopropanoate N3-oxalyltransferase	2	9.600	-3.960	-0.270	3
rxn02941	3'-Phosphoadenylylsulfate:L-tyrosine-methyl-ester sulfotransferase	2	-14.000	-68.030	-7.300	11
rxn02942	R04214	3	-1.560	-4.430	-10.060	29
rxn02943	CTP:N-glycoloylneuraminate cytidylyltransferase	2	-12.930	54.980	11.680	-1
rxn02944	N2-succinyl-L-ornithine:2-oxoglutarate 5-aminotransferase	2	-1.000	-0.160	5.000	13
rxn02945	prephytoene diphosphate:geranylgeranyl-diphosphate geranylgeranyltransferase	2	-13.160	11.220	-7.010	1
rxn02946	cis-4-Hydroxy-D-proline:oxygen oxidoreductase (deaminating)	1	-43.640	-25.620	-41.580	-1
rxn02947	dTDP-L-dihydrostreptose:streptidine-6-phosphate dihydrostreptosyltransferase	2	-1.700	-4.240	-8.490	29
rxn02948	R04223	4	-7.090	-3.660	7.860	10
rxn02949	(S)-3-Hydroxyisobutyryl-CoA hydro-lyase	4	0.870	1.330	4.360	-1
rxn02956	D-4-Hydroxyphenylglycine:2-oxoglutarate aminotransferase	2	-1.550	-1.330	2.860	10
rxn02957	ATP:5-methyldeoxycytidine-5'-phosphate phosphotransferase	2	9.500	0.960	-0.610	4
rxn02958	Propane-1,2-diol-1-phosphate:NAD+ oxidoreductase	1	3.790	4.490	7.140	19
rxn02962	R04248	4	-75.920	-77.970	-91.800	23
rxn02967	(7E,9E,11Z,14Z)-(5S,6R)-6-(cystein-S-yl)-5-hydroxyicosa-7,9,11,14-tetraenoate,NADPH:oxygen oxidoreductase (20-hydroxylating)	1	-92.610	-93.820	-95.790	27
rxn02969	R04258	1	-95.580	-73.830	-128.560	-1
rxn02970	2-Chloro-2,5-dihydro-5-oxofuran-2-acetate lyase (decyclizing)	5	0.420	-3.080	-14.100	-1
rxn02971	5-oxo-2,5-dihydrofuran-2-acetate delta3-delat2-isomerase	5	3.130	-3.840	1.760	-1
rxn02972	7alpha-Hydroxycholesterol:NAD+ 3-oxidoreductase	1	0.780	-0.260	5.600	-1
rxn02973	Cholest-5-ene-3beta,7alpha-diol:NAD+ 3-oxidoreductase	1	0.780	-0.290	5.020	-1
rxn02974	R04265	1	-2.330	0.290	3.120	13
rxn02975	CDP-3,6-dideoxy-D-glucose 2-epimerase	5	0.000	0.000	-0.160	16
rxn02976	R04269	none	0.000	-1.730	0.860	-1
rxn02977	2-alpha-L-FUcopyranosyl-beta-D-galactoside fucohydrolase	3	-3.110	-3.090	2.000	10
rxn02979	leucocyanidin,2-oxoglutarate:oxygen oxidoreductase	1	-110.900	-103.270	-104.190	-1
rxn02980	2-pyrone-4,6-dicarboxylate lactonohydrolase	3	5.320	-57.220	-40.300	-1
rxn02981	2-hydroxy-2-hydropyrone-4,6-dicarboxylate:NAD+ 6-oxidoreductase	1	-3.520	61.580	30.630	-1
rxn02982	4-carboxy-2-hydroxymuconate semialdehyde hemiacetal:NADP+ 2-oxidoreductase	1	-3.520	61.550	30.050	-1
rxn02983	3-O-Methylgallate:oxygen 4,5-oxidoreductase (decyclizing)	1	-104.830	-5.780	-57.010	-1
rxn02985	6-Lactoyl-5,6,7,8-tetrahydropterin:NADP+ 2'-oxidoreductase	1	6.250	4.430	1.730	-1
rxn02988	glycerone phosphate:iminosuccinate alkyltransferase (cyclizing)	2	36.160	51.410	76.600	-1
rxn02989	R04293	none	29.900	37.610	39.940	-1
rxn02993	4-(2-Aminoethyl)-1,2-benzenediol:oxygen oxidoreductase(deaminating)(flavin-containing)	1	-24.020	-22.340	-16.690	37
rxn02994	S-Adenosyl-L-methionine:catechol O-methyltransferase	2	-4.330	-1.830	-23.120	8
rxn02996	4-Hydroxyphenylethanol:NAD+ oxidoreductase	1	5.250	4.940	8.760	19
rxn02997	4-Hydroxyphenylacetaldehyde hydro-lyase (adding dopamine)	4	-4.240	-17.710	-20.210	-1
rxn02999	trans-4-hydroxycyclohexanecarboxylate:NAD+ 4-oxidoreductase	1	2.330	-0.260	2.270	14
rxn03000	3alpha-Hydroxy-5beta-androstan-17-one:NAD+ oxidoreductase (B-specific)	1	2.330	-0.260	-0.470	15
rxn03001	3alpha-Hydroxy-5beta-androstan-17-one:NADP+ oxidoreductase (B-specific)	1	2.330	-0.290	-1.050	15
rxn03002	S-Methyl-3-phospho-1-thio-D-glycerate phosphohydrolase	3	7.220	-3.650	-2.950	3
rxn03003	2-Amino-3-carboxymuconate semialdehyde carboxy-lyase	4	-1.010	-3.860	-2.210	-1
rxn03007	R07498	1	17.570	13.350	8.280	22
rxn03008	androstan-3alpha,17beta-diol:NAD+ oxidoreductase	1	2.330	-0.260	-3.500	-1
rxn03011	UDP-L-arabinose:indol-3-ylacetyl-myo-inositol L-arabinosyltransferase	2	-1.700	-3.370	-10.130	29
rxn03012	R04336	3	-16.710	-12.400	-16.360	-1
rxn03013	S-(4-Bromophenyl)-L-cysteine:2-oxoglutarate aminotransferase	2	0.000	-1.870	-1.930	16
rxn03014	thiomorpholine-3-carboxylate:NAD+ 5,6-oxidoreductase	1	-11.900	6.030	-7.860	1
rxn03015	thiomorpholine-3-carboxylate:NADP+ 5,6-oxidoreductase	1	-11.900	6.000	-8.440	1
rxn03016	trans-5-O-(4-coumaroyl)-D-quinate,NADPH:oxygen oxidoreductase (3'-hydorxylating)	1	-95.860	-105.790	-81.150	26
rxn03017	3beta-Hydroxysteroid:NADP+ oxidoreductase	1	2.330	-0.290	-0.570	15
rxn03018	2,4-Dichloro-2,5-dihydro-5-oxofuran-2-acetate lyase (decyclizing)	5	0.080	3.660	-15.510	-1
rxn03020	5-Methyl-5,6,7,8-tetrahydromethanopterin:2-mercaptoethanesulfonate 2-methyltransferas	2	-6.400	-9.980	-9.660	-1
rxn03023	ATP:5-dehydro-2-deoxy-D-gluconate 6-phosphotransferase	2	-14.000	-3.640	-3.060	32
rxn03024	UDPglucuronate beta-D-glucuronosyltransferase(acceptor-unspecific)	2	-1.700	-2.640	-9.620	29
rxn03025	UDPglucuronate beta-D-glucuronosyltransferase(acceptor-unspecific)	2	-1.700	-11.870	-14.750	20
rxn03026	UDPglucuronate beta-D-glucuronosyltransferase(acceptor-unspecific)	2	-1.700	-11.870	-14.750	20
rxn03027	Malonyl-CoA:flavonol-3-O-beta-D-glucoside malonyltransferase	2	-3.610	-0.450	-1.500	-1
rxn03029	UDPglucose:(25S)-5beta-spirostan-3beta-ol 3-O-beta-glucosyltransferase	2	-1.700	-3.060	-9.180	29
rxn03030	Acetyl-CoA:L-2,3,4,5-tetrahydrodipicolinate N2-acetyltransferase	2	11.450	6.270	13.410	-1
rxn03031	Succinyl-CoA:2,3,4,5-tetrahydropyridine-2,6-dicarboxylate N-succinyltransferase	2	11.450	6.210	9.190	-1
rxn03033	benzyl-(2R,3S)-2-methyl-3-hydroxybutanoate:NADP+ 3-oxidoreductase	1	3.790	4.430	4.660	19
rxn03034	Homoisocitrate hydro-lyase	4	0.050	-0.820	-1.240	16
rxn03035	D-myo-Inositol-3,4-bisphosphate 4-phosphohydrolase	3	7.220	-4.360	-2.670	3
rxn03037	trans-L-3-Hydroxyproline hydro-lyase	4	-24.520	0.420	-13.640	-1
rxn03038	R04376	1	-77.830	-62.490	-113.730	-1
rxn03039	1-(5'-Phosphoribosyl)-5-amino-4-imidazolecarboxamide:pyrophosphate phosphoribosyltransferase	2	12.510	8.830	15.200	-1
rxn03040	5-Carboxymethyl-2-hydroxymuconate delta2,delta4-2-oxo,delta3-isomerase	5	0.000	0.000	-0.000	16
rxn03041	5-oxopent-3-ene-1,2,5-tricarboxylate carboxy-lyase	4	-1.570	-3.160	-1.040	-1
rxn03042	4-(4-deoxy-alpha-D-galact-4-enuronosyl)-D-galacturonate lyase	4	-9.370	-14.580	-23.940	-1
rxn03043	5-Dehydro-4-deoxy-D-glucuronate ketol-isomerase	5	-1.050	2.980	1.590	-1
rxn03045	diethyl-(2R,3R)-2-methyl-3-hydroxysuccinate:NADP+ 3-oxidoreductase	1	6.250	1.690	18.460	-1
rxn03046	ATP:guanidinoethyyl-methyl-phosphate phosphotransferase	2	32.200	3.840	0.690	-1
rxn03047	ATP:pantothenate 4'-phosphotransferase	2	-14.000	-3.670	-4.790	32
rxn03048	2-(Hydroxymethyl)-3-(acetamidomethylene)succinate amidohydrolase	3	-13.430	-10.710	-0.350	-1
rxn03049	S-Adenosyl-L-methionine:3,3',4',5,7,8-hexahydroxyflavone 8-O-methyltransferase	2	-23.330	-1.900	-23.210	-1
rxn03050	R04399	4	1.470	0.100	-2.890	-1
rxn03051	(S)-tetrahydrocolumbamine, NADPH:oxygen oxidoreductase (methylenedioxy-bridge-forming)	1	115.090	113.920	69.060	-1
rxn03052	5-Methyltetrahydropteroyltri-L-glutamate:L-homocysteine S-methyltransferase	2	-6.410	-9.300	-8.420	-1
rxn03057	5-Methylthio-5-deoxy-D-ribose-1-phosphate ketol-isomerase	5	0.620	-2.410	-6.450	-1
rxn03058	S-Adenosyl-L-methionine:N-benzoyl-4-O-hydroxyanthranilate 4-O-methyltransferase	2	-4.330	-1.830	-22.470	8
rxn03060	2-Hydroxybutane-1,2,3-tricarboxylate hydro-lyase	4	0.910	-0.680	-1.780	-1
rxn03061	(2S,3R)-3-Hydroxybutane-1,2,3-tricarboxylate hydro-lyase	4	0.910	-0.680	0.470	-1
rxn03062	3-Isopropylmalate:NAD+ oxidoreductase	1	6.250	4.470	6.160	19
rxn03063	S-Adenosyl-L-methionine:zymosterol C-methyltransferase	2	-19.830	-2.680	7.100	-1
rxn03064	phosphoenolpyruvate:N-acetyl-D-mannosamine-6-phosphate C-(1-carboxyvinyl)transferase (phosphate-hydrolysing, 2-carboxy-2-oxoethyl-forming)	2	2.970	14.780	15.220	-1
rxn03065	S-Adenosyl-L-methionine:Nalpha,Nalpha-dimethyl-L-histidine Nalpha-methyltransferase	2	23.270	-1.970	-1.450	-1
rxn03066	dTDP-4-amino-4,6-dideoxy-D-galactose:2-oxoglutarate aminotransferase	2	-3.920	-4.070	-1.050	-1
rxn03068	(R)-2,3-Dihydroxy-3-methylbutanoate:NADP+ oxidoreductase (isomerizing)	1	6.250	4.430	4.570	19
rxn03070	R04443	none	15.830	10.260	15.560	-1
rxn03071	L-1-Pyrroline-3-hydroxy-5-carboxylate:NAD+ oxidoreductase	1	6.080	1.140	8.940	-1
rxn03072	L-1-Pyrroline-3-hydroxy-5-carboxylate:NADP+ oxidoreductase	1	6.080	1.110	8.360	-1
rxn03073	R04446	none	18.270	14.130	21.930	-1
rxn03074	R04447	none	0.520	-7.450	-21.580	-1
rxn03075	ATP:4-methyl-5-(2-hydroxyethyl)-thiazole 2-phosphotransferase	2	-14.000	-3.820	-4.230	32
rxn03076	UDP-N-acetyl-D-glucosamine:estradiol-17alpha-3-D-glucuronoside 17alpha-N-acetylglucosaminyltransferase	2	-1.700	-3.030	-10.600	29
rxn03078	4-carboxy-2-hydroxy-cis,cis-muconate-6-semialdehyde:NADP+ 6-oxidoreductase	1	-9.740	-9.450	-1.400	-1
rxn03079	5,10-Methylenetetrahydromethanopterin:coenzyme-F420 oxidoreductase	1	-1.540	-41.030	-2.390	-1
rxn03080	5-amino-6-(D-ribitylamino)uracil butanedionetransferase	2	-3.670	-23.880	-55.340	-1
rxn03082	N-hydroxy-L-tyrosine,NADPH:oxygen oxidoreductase (N-hydroxylating)	1	-83.980	-56.890	-58.320	-1
rxn03085	5,10-Methylenetetrahydromethanopterin:coenzyme-F420 oxidoreductase	1	1.470	-2.120	-10.210	-1
rxn03086	R04467	2	0.000	-2.230	0.140	-1
rxn03087	N-Succinyl-L-2,6-diaminoheptanedioate:2-oxoglutarate amino-transferase	2	0.000	-0.230	-0.170	16
rxn03088	3'-Phosphoadenylylsulfate:UDP-N-acetyl-D-galactosamine-4-sulfate 6-sulfotransferase	2	-14.000	-63.110	8.330	-1
rxn03089	2-hydroxy-4-oxobutane-1,2,4-tricarboxylate 2,3-hydro-lyase	4	1.470	0.100	-2.890	-1
rxn03090	R04479	none	7.220	-2.930	41.380	-1
rxn03092	4-Carboxy-2-oxo-3-hexenedioate delta2,delta4-2-oxo,delta3-isomerase	5	0.000	-0.000	-0.000	16
rxn03093	3beta-hydroxy-4beta-methyl-5alpha-cholest-7-ene-4alpha-carboxylate:NAD+ 3-oxidoreductase (decarboxylating)	1	0.340	-5.710	-0.550	-1
rxn03094	Glycodeoxycholate amidohydrolase	3	-0.460	-0.120	-0.170	-1
rxn03095	Taurodeoxycholate amidohydrolase	3	-0.460	0.830	-6.110	-1
rxn03097	2-Hydroxy-2-hydropyrone-4,6-dicarboxylate lyase (decyclizing)	5	11.540	13.710	-8.840	-1
rxn03101	1-O-Galloyl-beta-D-glucose:1,2,3,6-tetrakis-O-galloyl-beta-D-glucose 4-O-galloyltransferase	2	-0.800	-17.510	4.900	-1
rxn03104	4,4-dimethyl-5alpha-cholest-7-en-3beta-ol,NADH:oxygen oxidoreductase (hydroxylating)	1	-92.610	-93.850	-96.440	27
rxn03105	S-Adenosyl-L-methionine:3',4',5,6-tetrahydroxy-3,7-dimethoxyflavone 6-O-methyltransferase	2	0.820	-1.660	-24.770	-1
rxn03106	3alpha,7alpha-Dihydroxy-5beta-cholestan-26-al:NAD+ oxidoreductase	1	-9.740	-9.120	0.630	-1
rxn03107	3alpha,7alpha-Dihydroxy-5beta-cholestanate:CoA ligase (AMP-forming)	6	-21.520	-2.510	-4.920	-1
rxn03108	ATP:4-amino-2-methyl-5-phosphomethylpyrimidine phosphotransferase	2	9.500	1.960	4.310	-1
rxn03109	4-Carboxymethyl-4-methylbut-2-en-1,4-olide methylmutase	5	0.910	-8.500	-3.950	-1
rxn03110	3-D-Glucuronosyl-N2,6-disulfo-beta-D-glucosamine glucuronohydrolase	3	-3.110	-1.960	0.730	10
rxn03111	R04515	4	-20.110	-16.200	-14.960	-1
rxn03112	(15S)-15-Hydroxy-5,8,11-cis-13-trans-icosatetraenoate:NAD+ 15-oxidoreductase	1	2.240	4.460	3.360	-1
rxn03113	(15S)-15-Hydroxy-5,8,11-cis-13-trans-icosatetraenoate:NADP+ 15-oxidoreductase	1	2.240	4.430	2.770	-1
rxn03114	Geranylgeranyl diphosphate:sn-3-O-(geranylgeranyl)glycerol 1-phosphate geranylgeranyltransferase	2	-10.130	-7.140	-14.390	-1
rxn03118	R04524	none	52.700	66.770	-10.570	-1
rxn03122	UDP-2-acetamido-4-amino-2,4,6-trideoxyglucose:2-oxoglutarate aminotransferase	2	-3.920	-7.790	-2.080	-1
rxn03124	CMP-N-acetylneuraminate:beta-D-galactosyl-1,4-N-acetyl-beta-D--glucosamine alpha-2,6-N-acetylneuraminyltransferase	2	-11.200	-60.490	-18.960	-1
rxn03126	Coenzyme B:coenzyme M:methanophenazine oxidoreductase	1	-13.150	-7.020	77.270	-1
rxn03127	2-(Methylthio)ethanesulfonate:N-(7-thioheptanoyl)-3-O-phosphothreonine S-(2-sulfoethyl)thiotransferase	2	-6.900	-5.950	-70.810	-1
rxn03129	R04547	1	11.180	9.660	-0.820	-1
rxn03130	UDP-2,3-bis[(3R)-3-hydroxymyristoyl]-alpha-D-glucosamine 2,3-bis[(3R)-3-hydroxymyristoyl]-beta-D-glucosaminyl 1-phosphate phosphohydrolase	3	-28.310	-6.460	-7.930	-1
rxn03131	(13E)-(15S)-11alpha,15-dihydroxy-9-oxoprost-13-enoate:NADP+ 15-oxidoreductase	1	2.240	0.110	-0.140	-1
rxn03133	(5Z)-(15S)-11alpha-hydroxy-9,15-dioxoprostanoate:NAD+ delta13-oxidoreductase	1	16.580	14.160	5.100	-1
rxn03134	(5Z)-(15S)-11alpha-hydroxy-9,15-dioxoprostanoate:NADP+ delta13-oxidoreductase	1	16.580	14.130	4.510	-1
rxn03135	R04558	2;4	25.500	-56.990	-3.010	-1
rxn03136	1-(5'-Phosphoribosyl)-5-amino-4-(N-succinocarboxamide)-imidazole AMP-lyase	4	7.340	5.560	2.950	-1
rxn03137	10-Formyltetrahydrofolate:5'-phosphoribosyl-5-amino-4-imidazolecarboxamide formyltransferase	2	-5.440	2.490	1.420	6
rxn03138	R04565	5	-1.690	-5.950	2.950	-1
rxn03139	5-pyridoxate,NADPH:oxygen oxidoreductase (decyclizing)	1	-106.890	-90.600	-97.360	-1
rxn03141	UDP-N-acetylmuramoyl-L-alanyl-D-glutamyl-L-lysine:alanyl-D-alanine	6	-6.320	-7.320	-14.730	-1
rxn03142	cis-2-Chloro-4-carboxymethylenebut-2-en-1,4-olide cis-trans-isomerase	5	0.000	0.000	-0.110	16
rxn03143	UDPglucose:(20S,22S,25S)-22,25-epoxyfurost-5-ene-3beta,26-diol 3-O-beta-D-glucosyltransferase	2	-1.700	-3.060	-9.200	29
rxn03144	UDPglucose:2,4-dihydroxy-7-methoxy-2H-1,4-benzoxazin-3(4H)-one 2-D-glucosyltransferase	2	-1.700	-3.060	1.700	10
rxn03145	3alpha,7alpha,12alpha-Trihydroxy-5beta-cholestanate:CoA ligase (AMP-forming)	6	-21.520	-2.510	-6.450	-1
rxn03146	UDP-3-O-[(3R)-3-hydroxymyristoyl]-N-acetylglucosamine amidohydrolase	3	-2.000	-1.460	1.250	10
rxn03147	1-(5-Phosphoribosyl)-5-amino-4-carboxyimidazole:L-aspartate ligase (ADP-forming)	6	-16.020	-17.240	8.930	10
rxn03148	R04592	1	11.180	9.660	1.280	-1
rxn03149	R04593	none	17.970	6.680	23.660	-1
rxn03150	R04594	3	7.220	-3.700	-3.000	3
rxn03152	3,4-Dihydroxy-9,10-secoandrosta-1,3,5(10)-triene-9,17-dione:oxygen 4,5-oxidoreductase (decyclizing)	1	-76.390	-61.070	-116.350	-1
rxn03153	3,4-Dihydroxy-L-phenylalanine:oxygen 4,5-oxidoreductase (recyclizing)	1	-15.060	47.970	-57.380	-1
rxn03154	3,4-Dihydroxy-L-phenylalanine:oxygen 4,5-oxidoreductase (recyclizing)	1	15.060	-47.970	-56.800	-1
rxn03155	3,4-Dihydroxy-L-phenylalanine:oxygen 2,3-oxidoreductase (recyclizing)	1	-15.620	47.980	-58.840	-1
rxn03156	3,4-Dihydroxy-L-phenylalanine:oxygen 2,3-oxidoreductase (recyclizing)	1	15.620	-47.980	-58.250	-1
rxn03159	UDP-2,3-bis(3-hydroxytetradecanoyl)glucosamine:2,3-bis-(3-hydroxytetradecanoyl)-alpha-D-glucosaminyl-1-phosphate 2,3-bis(3-hydroxytetradecanoyl)-glucosaminyltransferase	2	-1.700	-5.580	-15.900	-1
rxn03160	methyl-(2E,6E)-(10R,11S)-10,11-epoxy-3,7,11-trimethyl-trideca-2,6-dienoate acylhydrolase	3	1.140	-1.450	17.370	-1
rxn03161	(5Z,9E,14Z)-(8xi,11R,12S)-11,12-Epoxy-8-hydroxyicosa-5,9,14-trienoate hydrolase	3	-3.630	6.170	9.370	6
rxn03166	UDP-N-acetyl-D-glucosamine:mannotetraose alpha-N-acetyl-D-glucosaminyltransferase	2	-1.700	-3.020	-8.810	29
rxn03167	2-Amino-4-hydroxy-6-(erythro-1,2,3-trihydroxypropyl) dihydropteridine triphosphate phosphohydrolase (alkaline optimum)	3	-15.850	-15.700	-14.330	-1
rxn03168	R04621	3	-7.220	1.820	2.150	6
rxn03169	(+/-)-5-[(tert-Butylamino)-2'-hydroxypropoxyl]-1,2,3,4-tetrahydro-1-naphthol:NADP+ oxidoreductase	1	0.780	-0.290	-0.690	-1
rxn03173	R04638	3	-27.240	-10.410	-8.370	30
rxn03175	N-(5'-Phospho-D-ribosylformimino)-5-amino-1- (5''-phospho-D-ribosyl)-4-imidazolecarboxamide ketol-isomerase	5	0.620	-2.330	-12.190	-1
rxn03176	1-(4-Amino-2-methylpyrimid-5-ylmethyl)-3-(beta-hydroxyethyl)-2-methylpyridinium-bromide aminohydrolase	3	-8.510	-5.000	22.270	-1
rxn03181	ATP:2,3,2',3'-tetrakis(3-hydroxytetradecanoyl)-D-glucosaminyl-beta-D-1,6-glucosaminyl-alpha-phosphate 4-O'-phosphotransferase	2	-14.000	-2.180	-4.620	32
rxn03182	CMP-3-deoxy-D-manno-oct-2-ulosonate:lipid IVA 3-deoxy-D-manno-oct-2-ulosonate transferase	2	-11.200	-62.030	-16.700	-1
rxn03188	3-Ureidoisobutyrate amidohydrolase	3	2.670	-11.940	-3.610	3
rxn03192	4alpha-Methylcholesta-8-en-3beta-ol delta7-delta8-isomerase	5	-8.820	1.630	5.240	6
rxn03194	(S)-2-Aceto-2-hydroxybutanoate pyruvate-lyase (carboxylating)	2	-3.660	1.940	0.470	-1
rxn03195	N-Methylhistamine:oxygen oxidoreductase (deaminating) (copper-containing)	1	-24.020	-22.320	-20.920	37
rxn03196	17alpha-Hydroxypregnenolone,hydrogen-donor:oxygen oxidoreductase (21-hydroxylating)	1	-92.610	-93.820	-94.470	27
rxn03198	16alpha-Hydroxyandrost-4-ene-3,17-dione delta5-delat4-isomerase	1;5	-0.780	0.260	-6.210	-1
rxn03200	Estriol:NAD+ 17-oxidoreductase	1	2.330	-0.260	2.350	14
rxn03201	Estriol:NADP+ 17-oxidoreductase	1	2.330	-0.290	1.760	14
rxn03202	UDPglucuronate beta-D-glucuronosyltransferase(acceptor-unspecific)	2	-1.700	-2.640	-6.410	29
rxn03203	R04686	5	0.000	0.000	0.000	16
rxn03204	2,5-Diaminohexanoate:NAD+ oxidoreductase (deaminating)	1	6.260	7.220	3.770	-1
rxn03205	2,5-Diaminohexanoate:NADP+ oxidoreductase (deaminating)	1	6.260	7.190	3.180	-1
rxn03206	(S)-cheilanthifoline, NADPH:oxygen oxidoreductase (methylenedioxy-bridge-forming)	1	115.090	113.920	69.060	-1
rxn03208	S-adenosyl-L-methionine:(S)-coclaurine-N-methyltransferase	2	-6.710	-5.150	1.020	10
rxn03210	(S)-N-methylcoclaurine, NADPH:oxygen oxidoreductase (C-O phenol-coupling)	1	92.740	104.550	109.720	-1
rxn03211	(R)-reticuline:NADP+ oxidoreductase	1	11.260	-22.100	-1.310	-1
rxn03217	dihydrosanguinarine,NADPH:oxygen oxidoreductase (10-hydroxylating)	1	-95.860	-105.790	-78.070	26
rxn03218	Dihydrosanguinarine:oxygen oxidoreductase	1	-31.740	-34.320	-26.300	37
rxn03219	S-Adenosyl-L-methionine:12-hydroxydihydrochelirubine 12-O-methyltransferase	2	-4.330	-1.830	-23.120	8
rxn03220	Dihydrochelirubine:oxygen oxidoreductase	1	-31.740	-34.320	-29.020	-1
rxn03221	S-Adenosyl-L-methionine:10-hydroxydihydrosanguinarine 10-O-methyltransferase	2	-4.330	-1.830	-23.120	8
rxn03222	Dihydrochelirubine,NADPH:oxygen oxidoreductase (12-hydroxylating)	1	-95.860	-105.790	-86.230	26
rxn03223	Malonyl-CoA:3-hydroxybenzoyl-CoA malonyltransferase	2	0.130	-42.160	28.900	-1
rxn03224	S-adenosyl-L-methionine:3-hexaprenyl-4,5-dihydroxylate O-methyltransferase	2	-4.330	-1.820	-20.150	8
rxn03226	S-Adenosyl-L-methionine:(RS)-1-benzyl-1,2,3,4-tetrahydroisoquinolie N- methyltransferase	2	-6.710	-5.120	1.040	10
rxn03227	S-Adenosyl-L-methionine:6-O-methylnorlaudanosoline 5'-O-methyltransferase	2	-4.330	-1.830	-23.120	8
rxn03228	S-Adenosyl-L-methionine:(RS)-norcoclaurine 6-O-methyltransferase	2	-4.330	-1.830	-23.120	8
rxn03233	Phaseollidin-hydrate hydro-lyase	4	4.570	0.090	-23.360	-1
rxn03234	4-aminoimidazole aminohydrolase	3	-14.250	-16.180	9.870	10
rxn03235	R04732	4	11.050	2.670	-2.220	-1
rxn03236	4a-hydroxytetrahydrobiopterin hydro-lyase	4	0.370	-0.370	-7.640	-1
rxn03238	L-2-Amino-hexano-6-lactam racemase	5	0.000	0.000	0.210	16
rxn03239	(S)-3-Hydroxyhexadecanoyl-CoA:NAD+ oxidoreductase	1	3.790	4.460	5.890	19
rxn03240	(S)-3-Hydroxyhexadecanoyl-CoA hydro-lyase	4	2.160	-0.100	0.210	15
rxn03241	(S)-3-Hydroxytetradecanoyl-CoA hydro-lyase	4	2.160	-0.100	0.210	15
rxn03242	(S)-3-hydroxydodecanoyl-CoA:NAD+ oxidoreductase	1	3.790	4.460	5.890	19
rxn03243	Decanoyl-CoA:acetyl-CoA C-acyltransferase	2	7.060	7.210	2.550	-1
rxn03244	(S)-hydroxydecanoyl-CoA:NAD+ oxidoreductase	1	3.790	4.460	5.890	19
rxn03245	(S)-Hydroxydecanoyl-CoA hydro-lyase	4	2.160	-0.100	0.210	15
rxn03246	(S)-hydroxyoctanoyl-CoA:NAD+ oxidoreductase	1	3.790	4.460	5.890	19
rxn03247	(S)-Hydroxyoctanoyl-CoA hydro-lyase	4	2.160	-0.100	0.210	15
rxn03248	Hexanoyl-CoA:acetyl-CoA C-acyltransferase	2	7.060	7.210	2.550	-1
rxn03249	(S)-hydroxyhexanoyl-CoA:NAD+ oxidoreductase	1	3.790	4.730	5.900	19
rxn03250	(S)-Hydroxyhexanoyl-CoA hydro-lyase	4	2.160	0.160	0.220	15
rxn03251	Hexanoyl-CoA:(acceptor) 2,3-oxidoreductase	1	11.740	10.770	5.530	21
rxn03252	trans-Dec-2-enoyl-CoA reductase	1	16.580	14.130	9.370	22
rxn03253	Decanoyl-CoA:(acceptor) 2,3-oxidoreductase	1	11.740	10.660	5.530	21
rxn03254	cis,cis-3,6-Dodecadienoyl-CoA delta3-cis-delta2-trans-isomerase	5	-1.550	0.000	3.730	13
rxn03256	11beta-Hydroxyandrost-4-ene-3,17-dione:NADP+ 11-oxidoreductase	1	2.330	-0.290	2.790	14
rxn03258	S-adenosyl-L-methionine:2-Hydroxyestrone O-methyltransferase	2	-4.330	-1.830	-23.120	8
rxn03259	R04763	none	-25.730	-14.740	-0.700	-1
rxn03260	R04764	2	-4.330	-1.830	-23.120	8
rxn03261	dihydromacarpine:oxygen oxidoreductase	1	-31.740	-34.320	-31.740	-1
rxn03267	Phenylacetyl-CoA:L-glutamine alpha-N-phenylacetyltransferase	2	-5.260	-5.960	-5.630	42
rxn03268	R04777	2	-5.260	-6.280	-2.490	-1
rxn03272	4-Carboxy-4-hydroxy-2-oxoadipate hydro-lyase	4	1.470	0.100	-2.890	-1
rxn03273	3-Ketolactose galactohydrolase	3	-3.110	-2.700	4.990	10
rxn03274	R04784	4	-20.110	-16.200	-15.290	-1
rxn03281	delta8,24-Cholestadien-3beta-ol delta7-delta8-isomerase	5	-8.820	1.630	1.630	6
rxn03282	R04805	1	5.250	4.940	4.710	19
rxn03283	5beta-cholestane-3alpha,7alpha-diol,NADPH:oxygen oxidoreductase (26-hydroxylating)	1	-92.610	-93.820	-95.950	27
rxn03284	5beta-Cholestane-3alpha,7alpha,12alpha-triol,NADPH:oxygen oxidoreductase (26-hydroxylating)	1	-92.610	-93.820	-95.950	27
rxn03286	3alpha,7alpha,24-trihydroxy-5beta-cholestanoyl-CoA hydro-lyase [3alpha,7alpha-dihydroxy-5beta-cholest-24-enoyl-CoA-forming]	4	-1.600	0.880	11.640	-1
rxn03287	3alpha,7alpha,24-trihydroxy-5beta-cholestanoyl-CoA:NAD+ oxidoreductase	1	3.790	4.460	3.310	19
rxn03289	3alpha,7alpha,12alpha,24-tetrahydroxy-5beta-cholestanoyl-CoA:NAD+ oxidoreductase	1	3.790	4.460	1.050	-1
rxn03290	(24R,25R)-3alpha,7alpha,12alpha,24-tetrahydroxy-5beta-cholestanoyl-CoA hydro-lyase	4	1.600	-0.880	-11.640	-1
rxn03291	7alpha-Hydroxy-5beta-cholestan-3-one:NADP+ delta4-oxidoreductase	1	13.600	4.110	3.660	-1
rxn03292	3alpha,7alpha-Dihydroxy-5beta-cholestane:NAD+ oxidoreductase (B-specific)	1	2.330	-0.260	0.090	15
rxn03293	3alpha,7alpha-Dihydroxy-5beta-cholestane:NADP+ oxidoreductase (B-specific)	1	2.330	-0.290	-0.500	15
rxn03294	7alpha,12alpha-Dihydroxy-5beta-cholestan-3-one:NADP+ delta4-oxidoreductase	1	13.600	4.110	4.740	-1
rxn03295	3alpha,7alpha,12alpha-Trihydroxy-5beta-cholestane:NAD+ oxidoreductase (B-specific)	1	2.330	-0.260	0.090	15
rxn03296	3alpha,7alpha,12alpha-Trihydroxy-5beta-cholestane:NADP+ oxidoreductase (B-specific)	1	2.330	-0.290	-0.500	15
rxn03299	Urocortisone:NAD+ oxidoreductase (B-specific)	1	2.330	-0.260	-0.470	15
rxn03300	Urocortisone:NADP+ oxidoreductase (B-specific)	1	-2.330	0.290	1.050	-1
rxn03301	Cortolone:NAD+ oxidoreductase	1	3.790	4.460	4.300	19
rxn03302	Urocortisol:NAD+ oxidoreductase (B-specific)	1	2.330	-0.260	-0.470	15
rxn03303	Urocortisol:NADP+ oxidoreductase (B-specific)	1	2.330	-0.290	-1.050	15
rxn03304	Cortol:NAD+ oxidoreductase	1	3.790	4.460	4.300	19
rxn03305	3alpha,11beta,21-Trihydroxy-20-oxo-5beta-pregnan-18-al:NAD+ oxidoreductase (B-specific)	1	2.330	-0.260	7.620	14
rxn03306	3alpha,11beta,21-Trihydroxy-20-oxo-5beta-pregnan-18-al:NADP+ oxidoreductase (B-specific)	1	2.330	-0.290	7.030	14
rxn03307	Tetrahydrocorticosterone:NAD+ oxidoreductase (B-specific)	1	2.330	-0.260	8.400	14
rxn03308	Tetrahydrocorticosterone:NADP+ oxidoreductase (B-specific)	1	2.330	-0.290	7.810	14
rxn03310	Tetrahydrocorticosterone:NADP+ 11-oxidoreductase	1	2.330	-0.290	8.570	14
rxn03311	3alpha,21-Dihydroxy-5beta-pregnane-11,20-dione:NAD+ oxidoreductase (B-specific)	1	2.330	-0.260	-4.170	-1
rxn03312	3alpha,21-Dihydroxy-5beta-pregnane-11,20-dione:NADP+ oxidoreductase (B-specific)	1	2.330	-0.290	-4.760	-1
rxn03313	3alpha,20alpha,21-Trihydroxy-5beta-pregnane-11-one:NAD+ oxidoreductase	1	3.790	4.460	4.330	19
rxn03314	3alpha-Hydroxy-5beta-pregnane-20-one:NAD+ oxidoreductase (B-specific)	1	2.330	-0.260	-6.890	-1
rxn03315	3alpha-Hydroxy-5beta-pregnane-20-one:NADP+ oxidoreductase (B-specific)	1	2.330	-0.290	-7.480	-1
rxn03316	Pregnanediol:NAD+ oxidoreductase	1	3.790	4.460	10.050	19
rxn03317	11-Deoxycortisol delta5-delat4-isomerase	1;5	-0.780	0.260	-6.210	-1
rxn03320	20alpha-Hydroxycholesterol,hydrogen-donor:oxygen oxidoreductase (17-alpha-hydroxylating)	1	-95.550	-97.830	-90.290	-1
rxn03323	R04857	3	11.160	-1.640	-11.770	-1
rxn03324	(1R,2S)-1-hydroxybutane-1,2,4-tricarboxylate:NAD+ oxidoreductase (decarboxylating)	1	6.250	4.520	7.600	19
rxn03325	Acyl-CoA:isopenicillin N N-acyltransferase	2	-5.720	-7.510	-2.840	-1
rxn03326	L-2-aminohexanedioate:L-cysteine:L-valine ligase (AMP-forming, valine-inverting)	6	-80.800	-27.640	-33.980	-1
rxn03327	R04872	1	-102.680	-121.600	-110.810	-1
rxn03328	R04874	none	-4.120	-2.720	-5.250	-1
rxn03329	R04875	none	-3.690	-0.220	0.130	-1
rxn03330	R04876	1	-6.250	-4.480	-3.540	-1
rxn03333	3,4-dihydroxyphenylethyleneglycol:NAD+ oxidoreductase	1	5.250	4.940	4.530	19
rxn03334	S-Adenosyl-L-methionine:catechol O-methyltransferase	2	-4.330	-1.830	-23.120	8
rxn03335	3,4-Dihydroxymandelaldehyde:NAD+ oxidoreductase	1	-9.740	-9.120	-2.500	39
rxn03336	3,4-Dihydroxymandelaldehyde:NADP+ oxidoreductase	1	-9.740	-9.160	-3.080	39
rxn03337	5,6-dihydroxyindole:oxygen oxidoreductase	1	-62.310	0.040	-212.070	-1
rxn03338	R04885	4	21.210	13.680	11.210	-1
rxn03339	S-Adenosyl-L-methionine:catechol O-methyltransferase	2	-4.330	-1.820	-23.110	8
rxn03340	3-Methoxy-4-hydroxyphenylacetaldehyde:NAD+ oxidoreductase	1	-9.740	-9.120	-3.470	39
rxn03341	3-Methoxy-4-hydroxyphenylacetaldehyde:NADP+ oxidoreductase	1	-9.740	-9.150	-4.060	39
rxn03342	3-Methoxytyramine:oxygen oxidoreductase (deaminating) (copper-containing)	1	-24.020	-22.340	-16.690	37
rxn03343	3-Methoxy-4-hydroxyphenylglycolaldehyde:NAD+ oxidoreductase	1	-9.740	-9.120	-2.500	39
rxn03344	3-Methoxy-4-hydroxyphenylglycolaldehyde:NADP+ oxidoreductase	1	-9.740	-9.150	-3.080	39
rxn03345	L-Normetanephrine:oxygen oxidoreductase (deaminating) (copper-containing)	1	-24.020	-22.330	-20.930	37
rxn03346	L-Metanephrine:oxygen oxidoreductase (deaminating) (flavin-containing)	1	-23.150	-19.580	-18.270	-1
rxn03347	R04895	4	-3.710	0.100	8.380	-1
rxn03351	UDP-L-rhamnose:flavonol-3-O-D-glucoside L-rhamnosyltransferase	2	-1.140	-6.220	-6.860	-1
rxn03352	(2S)-flavan-4-ol:NADP+ 4-oxidoreductase	1	0.780	-0.420	-3.630	-1
rxn03353	flavanone,NADPH:oxygen oxidoreductase	1	-95.860	-105.800	-79.890	26
rxn03354	5-Hydroxyindoleacetaldehyde:NAD+ oxidoreductase	1	-9.740	-9.120	-7.260	41
rxn03356	S-Adenosyl-L-methionine:N-acetylserotonin O-methyltransferase	2	-4.330	-1.820	-18.690	8
rxn03358	3-Hydroxykynurenamine:oxygen oxidoreductase(deaminating)(flavin-containing)	1	-34.480	-49.290	-25.620	-1
rxn03360	5-Hydroxykynurenamine decarboxy-lyase	4	3.120	5.080	7.850	19
rxn03361	R04910	1	-7.520	-14.270	-0.900	-1
rxn03362	Aryl-formylamine amidohydrolase	3	-0.470	-7.960	0.870	-1
rxn03363	R04914	none	-13.230	-27.030	-17.500	-1
rxn03365	R04916	1	-9.740	-9.070	-7.460	41
rxn03366	R04917	1	-9.740	-9.060	-8.040	41
rxn03367	R04918	none	4.120	2.390	4.710	-1
rxn03368	3-hydroxypropionyl-CoA:NADP+ oxidoreductase	1	-5.250	-4.860	5.000	10
rxn03388	R04980	1	-95.860	-105.790	-100.430	-1
rxn03389	R04981	2	-4.330	-1.830	-11.650	-1
rxn03390	R04982	1	-80.830	-80.270	-94.700	-1
rxn03391	R04983	2	-19.390	-10.800	8.910	10
rxn03392	R04984	1	-95.440	1.170	-100.000	-1
rxn03393	3-octaprenyl-4-hydroxybenzoate carboxy-lyase	4	-0.130	-2.540	4.310	-1
rxn03397	UDP-L-rhamnose:flavonol-3-O-D-glucoside L-rhamnosyltransferase	2	-19.390	-10.800	8.910	10
rxn03400	3-Methylimidazole acetaldehyde:NAD+ oxidoreductase	1	-9.740	-9.110	-2.960	39
rxn03402	beta-D-Glucosyl-2-coumarinate glucohydrolase	3	-3.110	6.130	3.620	6
rxn03403	R04999	none	-2.630	66.540	43.420	-1
rxn03407	Undecaprenyl-diphospho-N-acetylmuramoyl-(N-acetylglucosamine)-L-alanyl-gamma-D-glutamyl-L-lysyl-D-alanyl-D-alanine:ammonia ligase (ADP-forming)	6	-2.060	-2.520	-2.890	29
rxn03408	UDP-N-acetyl-D-glucosamine:undecaprenyl-diphospho-N-acetylmuramoyl-L-alanyl-gamma-D-glutamyl-meso-2,6-diaminopimeloyl-D-alanyl-D-alanine 4-beta-N-acetylglucosaminlytransferase	2	-1.700	-3.000	-4.690	29
rxn03410	S-Adenosyl-L-methionine:kaempferol 3-O-methyltransferase	2	10.740	-18.260	-23.110	-1
rxn03411	leucocyanidin,2-oxoglutarate:oxygen oxidoreductase	1	-110.900	-151.440	102.410	-1
rxn03412	leucocyanidin,2-oxoglutarate:oxygen oxidoreductase	1	-110.900	-151.560	100.680	-1
rxn03413	leucodelphinidin:NADP+ 4-oxidoreductase	1	0.780	-0.460	-3.970	-1
rxn03414	flavanone,2-oxoglutarate:oxygen oxidoreductase (3-hydroxylating)	1	-110.080	-109.920	-108.220	24
rxn03416	R05043	none	0.000	0.000	1.840	-1
rxn03422	N-succinyl-L-glutamate 5-semialdehyde:NAD+ oxidoreductase	1	-9.740	-9.890	-5.880	41
rxn03423	N4-Acetylaminobutanal:NAD+ oxidoreductase	1	-9.740	-8.990	-5.200	41
rxn03424	L-erythro-4-Hydroxyglutamate:NAD+ oxidoreductase	1	9.740	9.110	6.620	-1
rxn03426	D-Aspartate:2-oxoglutarate aminotransferase	2	0.000	1.920	-0.130	16
rxn03427	R05055	2;3	-0.460	-0.150	1.320	-1
rxn03428	R05056	none	-1.690	-5.950	3.920	-1
rxn03429	R05057	none	-0.030	5.950	-3.550	-1
rxn03430	R05058	none	14.530	0.000	0.430	-1
rxn03432	R05063	4	-8.890	-5.480	5.200	10
rxn03433	(S)-3-Hydroxyisobutyryl-CoA hydrolase	3	-5.720	-6.500	-2.890	-1
rxn03435	(R)-2,3-Dihydroxy-3-methylpentanoate:NADP+ oxidoreductase (isomerizing)	1	6.250	4.430	4.570	19
rxn03436	(S)-2-Aceto-2-hydroxybutanoate:NADP+ oxidoreductase (isomerizing)	1;5	2.460	0.000	2.070	14
rxn03437	(R)-2,3-Dihydroxy-3-methylpentanoate hydro-lyase	4	-6.750	-8.830	-12.070	40
rxn03439	CMP-3-deoxy-D-manno-oct-2-ulosonate:(KDO)-lipid IVA 3-deoxy-D-manno-oct-2-ulosonate transferase	2	-11.200	-60.220	-14.180	-1
rxn03440	R05076	4	0.050	-0.880	-4.030	16
rxn03441	R05077	none	6.050	8.710	5.110	-1
rxn03442	R05078	4	1.470	0.380	-8.940	-1
rxn03443	R05079	none	6.350	10.790	15.320	-1
rxn03445	O-Phospho-4-hydroxy-L-threonine:2-oxoglutarate aminotransferase	2	0.000	-2.570	1.390	-1
rxn03446	O-Phospho-4-hydroxy-L-threonine phospho-lyase (adding water)	4	7.220	-3.600	-2.910	3
rxn03447	R05087	4	-3.120	-5.070	-7.590	31
rxn03455	6-oxohexanoate:NADP oxidoreductase	1	-9.740	-9.540	-6.180	41
rxn03456	cyclohexane-1,2-dione acylhydrolase (decyclizing)	3	14.810	-6.890	1.690	-1
rxn03471	R05122	none	-63.080	-17.940	-36.220	-1
rxn03472	S-Adenosyl-L-methionine:(RS)-norcoclaurine 6-O-methyltransferase	2	-4.330	-1.830	-23.120	8
rxn03477	R05128	none	-0.080	8.870	0.590	-1
rxn03478	R05129	none	-7.190	-15.550	-13.450	-1
rxn03479	R05130	none	3.460	-8.090	8.800	2
rxn03481	Arbutin 6-phosphate glucohydrolase	3	-3.110	6.380	9.490	6
rxn03482	Salicin 6-phosphate glucohydrolase	3	-3.110	6.370	10.960	6
rxn03483	2',3'-Cyclic GMP 3'-nucleotidohydrolase	3	-17.230	-7.230	-19.870	-1
rxn03484	(3E)-4-(2-hydroxyphenyl)-2-oxobut-3-enoate hydro-lyase	4	-1.860	-2.850	-17.740	-1
rxn03485	2-hydroxy-2H-chromene-2-carboxylate---(3E)-4-(2-hydroxyphenyl)-2-oxobut-3-enoate isomerase	5	-10.980	-15.670	1.890	10
rxn03486	R05138	3	13.430	14.490	9.140	-1
rxn03489	galactitol-1-phosphate:NAD+ oxidoreductase	1	2.040	3.850	10.800	-1
rxn03490	benzene-1,4-dicarboxylate, NADH:oxygen oxidoreductase (1,2-hydroxylating)	1	-70.490	-88.640	-83.570	23
rxn03493	6-Chlorobenzene-1,2,4-triol:oxygen 7S,8S-oxidoreductase	none	-103.660	-72.600	-152.730	-1
rxn03494	quinolin-4(1H)-one,NADH:oxygen oxidoreductase (3-oxygenating)	1	-85.140	-105.820	-103.180	-1
rxn03496	2-aminobenzenesulfonate, NADH:oxygen oxidoreductase (2,3-hydroxylating, ammonia-forming)	1	-92.180	-110.830	-73.260	-1
rxn03497	quinolin-2-ol, NADH:oxygen oxidoreductase (5,6-hydroxylating)	1	-60.770	-82.160	-103.760	-1
rxn03498	Quinolin-2-ol,NADH:oxygen oxidoreductase (8-hydroxylating)	1	-95.860	-105.830	-97.600	25
rxn03499	cholest-5-ene-3beta,27-diol,NADPH:oxygen oxidoreductase (7alpha-hydroxylating)	1	-96.220	-97.040	-93.850	28
rxn03500	S-Adenosyl-L-methionine:(RS)-norcoclaurine 6-O-methyltransferase	2	-4.330	-1.830	-23.120	8
rxn03504	N-acetyl-D-galactosamine 6-phosphate amidohydrolase	3	-2.000	-1.660	-0.950	-1
rxn03505	Methylenediurea aminohydrolase	3	5.130	-7.950	13.040	-1
rxn03506	Methylenediurea aminohydrolase	3	-4.720	-7.890	6.580	10
rxn03507	N-(Carboxyaminomethyl)urea aminohydrolase	3	7.390	-4.500	-4.350	3
rxn03508	N-(Aminomethyl)urea aminohydrolase	3	2.470	4.440	10.810	19
rxn03511	ADP-D-glycero-D-manno-heptose 6-epimerase	5	0.000	0.000	-1.480	-1
rxn03519	ATP:1D-myo-inositol 1,3,4,5,6-pentakisphosphate 2-phosphotransferase	2	14.000	8.390	13.730	-1
rxn03523	R05207	2	0.460	0.460	-0.370	-1
rxn03525	(S)-N-Methylcoclaurine, NADPH:oxygen oxidoreductase (C-O phenol-coupling)	1	-92.740	-104.560	109.720	-1
rxn03526	S-Adenosyl-L-methionine:(RS)-1-benzyl-1,2,3,4-tetrahydroisoquinolie N- methyltransferase	2	-6.710	-5.190	0.990	10
rxn03528	S-Adenosyl-L-methionine:6-O-methylnorlaudanosoline 5'-O-methyltransferase	2	-4.330	-1.830	-23.120	8
rxn03529	S-Adenosyl-L-methionine:(RS)-norcoclaurine 6-O-methyltransferase	2	-4.330	-1.830	-23.120	8
rxn03530	(S)-N-Methylcoclaurine, NADPH:oxygen oxidoreductase (C-O phenol-coupling)	1	-92.740	-104.550	109.720	-1
rxn03531	S-Adenosyl-L-methionine:(RS)-1-benzyl-1,2,3,4-tetrahydroisoquinolie N- methyltransferase	2	-6.710	-5.190	0.990	10
rxn03544	R05229	1	106.470	106.660	108.290	-1
rxn03545	R05230	2	2.230	71.580	0.370	-1
rxn03546	6-Hydroxyhexanoate:NADP+ oxidoreductase	1	5.250	4.910	2.300	19
rxn03547	p-cumic alcohol:NAD+ oxidoreductase	1	3.700	4.940	4.980	19
rxn03550	p-cumic aldehyde:NAD+ oxidoreductase	1	-9.740	-9.120	-11.100	40
rxn03551	4-Hydroxymuconic-semialdehyde:NAD+ oxidoreductase	1	-21.070	-6.450	-15.520	-1
rxn03552	R05237	1	-24.510	-24.300	-16.900	37
rxn03554	cis-3-phenylcyclohexa-3,5-diene-1,2-diol:NAD+ oxidoreductase	1	-5.710	-23.450	2.960	-1
rxn03555	cis-2,3-dihydroxy-2,3-dihydro-p-cumate:NAD+ oxidoreductase	1	-11.750	-8.680	16.140	10
rxn03556	cis-2,3-dihydro-2,3-dihydroxy-4'-chlorobiphenyl:NAD+ oxidoreductase	1	-5.710	-23.450	2.960	-1
rxn03557	2,5-dichloro-2,5-cyclohexadiene-1,4-diol:NAD+ oxidoreductase	1	-16.570	-10.760	38.280	-1
rxn03558	NADPH:p-benzoquinone oxidoreductase	1	-12.590	-18.840	-1.910	-1
rxn03559	2,3-Dihydroxy-4'-chlorobiphenyl:oxygen 1,2-oxidoreductase (decyclizing)	1	-79.380	-62.100	-77.280	-1
rxn03560	R05246	1	-70.490	-64.830	-84.760	-1
rxn03561	R05247	1	-71.130	-93.790	-80.520	-1
rxn03562	R05248	1	-76.950	-60.460	-113.060	-1
rxn03563	Resorcinol,NADPH:oxogen oxidoreductase (2-hydroxylating)	1	-95.860	-105.790	-83.150	26
rxn03564	R05250	none	95.860	105.790	80.900	-1
rxn03565	R05251	none	-34.030	-34.540	0.000	-1
rxn03566	R05252	1	24.510	26.310	26.790	-1
rxn03567	R05395	1	-11.750	-9.660	30.080	10
rxn03568	R05396	1	-11.750	-9.690	29.500	10
rxn03569	R05256	1	-73.680	-60.100	-121.540	-1
rxn03570	R05257	1	-76.950	-61.000	-120.200	-1
rxn03573	biphenyl,NADH:oxygen oxidoreductase (2,3-hydroxylating)	1	-77.170	-79.030	-59.640	-1
rxn03574	R05262	1	-77.170	-79.000	-59.050	-1
rxn03575	biphenyl,NADH2:oxygen oxidoreductase (2,3-hydroxylating)	1	-80.850	-79.030	-59.640	-1
rxn03576	biphenyl,NADH:oxygen oxidoreductase (2,3-hydroxylating)	1	-80.850	-79.000	-59.050	-1
rxn03578	R05266	1	-96.290	-93.850	-93.980	-1
rxn03583	4-(hydroxymethyl)benzenesulfonate:NAD+ oxidoreductase	1	3.700	4.940	4.980	19
rxn03584	4-formylbenzenesulfonate:NAD+ oxidoreductase	1	-9.740	-9.510	-11.390	40
rxn03585	4-Hydroxy-3-methoxybenzoate:oxygen oxidoreductase	1	-118.580	-118.130	121.920	-1
rxn03586	vanillate:oxygen oxidoreductase (demethylating)	1	-102.230	-89.840	-65.000	-1
rxn03587	cis-4,5-dihydroxycyclohexa-1(6),2-diene-1,2-dicarboxylate:NAD+ oxidoreductase	1	-11.750	-8.700	23.970	10
rxn03589	R05277	1	-9.880	-162.590	-50.260	-1
rxn03590	R05278	1	-95.580	-75.480	-126.020	-1
rxn03591	R05279	1	-77.410	-95.680	-56.910	-1
rxn03592	R05280	1	77.410	95.650	60.610	-1
rxn03593	R05281	1	-92.610	-93.850	-93.980	27
rxn03594	4-Methylbenzyl alcohol:NAD+ oxidoreductase	1	3.700	4.940	4.980	19
rxn03595	6-Hydroxyhexanoate:NAD oxidoreductase	1	5.250	4.940	2.880	19
rxn03598	Chloroacetaldehyde:NAD+ oxidoreductase	1	-9.740	-9.120	-2.500	39
rxn03600	R05288	1	-96.290	-93.850	-93.980	-1
rxn03601	p-Methylbenzaldehyde:NADP+ oxidoreductase	1	-9.740	-9.150	-11.680	40
rxn03602	R05290	1	-70.490	-88.640	-85.930	23
rxn03603	R05291	1	-70.490	-88.610	-85.340	23
rxn03604	cis-1,2-Dihydroxy-4-methylcyclohexa-3,5-diene-1-carboxylate:NAD+ oxidoreductase (decarboxylating)	1	-12.520	-16.380	20.950	10
rxn03605	cis-1,2-Dihydroxy-4-methylcyclohexa-3,5-diene-1-carboxylate:NADP+ oxidoreductase (decarboxylating)	1	-12.520	-16.410	20.360	10
rxn03606	toluene-4-sulfonate,NADH:oxygen oxidoreductase (3,4-hydroxylating, sulfite-forming)	1	-83.070	-41.810	-108.590	-1
rxn03607	4-Methylcatechol:oxygen 2,3-oxidoreductase(decyclizing)	1	-76.370	-61.190	-116.320	-1
rxn03608	2-Hydroxy-5-methyl-cis,cis-muconic semialdehyde formylhydrolase	3	-8.220	-8.840	-5.790	-1
rxn03609	R05297	4	-3.710	0.100	10.910	-1
rxn03610	R05298	4	-0.750	-2.760	-5.000	-1
rxn03611	4-Methylcatechol:oxygen 1,2-oxidoreductase(decyclizing)	1	-95.580	-74.750	-127.030	-1
rxn03612	4-Methylmuconolactone lyase (decyclizing)	5	0.420	-3.080	-4.240	-1
rxn03613	penicillin-N,2-oxoglutarate:oxygen oxidoreductase (ring-expanding)	1	-110.260	-127.880	-126.860	-1
rxn03614	R05302	none	-109.410	-110.680	-103.650	24
rxn03615	R05303	none	-4.330	10.510	12.540	6
rxn03617	3-hydroxypimeloyl-CoA:NAD+ oxidoreductase	1	3.790	4.460	3.140	19
rxn03618	formaldehyde:NAD+ oxidoreductase (mycothiol-formylating)	1	-9.160	-9.990	10.600	10
rxn03619	dihydrophloroglucinol:NADP+ oxidoreductase	1	-9.000	-16.090	48.150	-1
rxn03621	cis-1,2-dihydroxy-1,2-dihydrodibenzothiophene:NAD+ oxidoreductase	1	-22.110	-20.400	21.720	10
rxn03622	pimeloyl-CoA:NAD+ oxidoreductase	1	16.580	14.160	9.950	22
rxn03623	5,6-dihydroxy-3-methyl-2-oxo-1,2-dihydroquinoline:NAD+ oxidoreductase	1	0.780	-20.310	37.990	-1
rxn03624	cis-1,2-Dihydro-3-ethylcatechol:NAD+ oxidoreductase	1	-10.530	-14.040	29.760	10
rxn03625	1,2-Dihydroxy-6-methylcyclohexa-3,5-dienecarboxylate:NAD+ oxidoreductase (decarboxylating)	1	-12.520	-16.380	19.740	10
rxn03626	(1S,3R,4S)-3,4-Dihydroxycyclohexane-1-carboxylate:NAD+ 3-oxidoreductase	1	2.330	-0.260	5.960	14
rxn03630	Taurine, 2-oxoglutarate:O2 oxidoreductase (sulfite-forming)	1	-104.660	-43.130	-158.980	-1
rxn03631	n-tetradecanoyl-CoA, NADPH2:O2 oxidoreductase [11-(E) desaturating]	1	-90.700	-95.000	-109.810	-1
rxn03632	n-tetradecanoyl-CoA, NADH:O2 oxidoreductase [11-(Z) desaturating]	1	-90.700	-95.000	-110.960	-1
rxn03633	S-Adenosyl-L-methionine:3',4',5,7-tetrahydroxy-3-methoxyflavone 7-O-methyltransferase	2	-8.680	14.310	-26.630	-1
rxn03634	beta-D-Galactopyranosyl-(13)-N-acetyl-D-hexosamine:phosphate galactosyltransferase	2	-10.330	1.690	9.580	6
rxn03635	ADP-glucose:sn-glycerol-3-phosphate 2-b-D-glucosyltransferase	2	-1.700	-0.200	-6.350	-1
rxn03636	4,8,12-Trimethyltridecanoyl-CoA:propanoyl-CoA C2-4,8,12-trimethyltridecanoyltransferase	2	5.250	5.970	-0.560	5
rxn03637	Isovaleryl-CoA:malonyl-CoA acyltransferase	2	0.130	-25.620	21.600	-1
rxn03638	Acetyl-CoA:D-glucosamine-1-phosphate N-acetyltransferase	2	-5.260	-4.650	-5.710	-1
rxn03639	R05334	1	-24.020	-21.950	-20.940	37
rxn03640	R05335	none	-5.600	-6.800	-20.490	-1
rxn03641	acetyl-CoA: 4-hydroxybutanoate CoA transferase	2	-1.540	-5.030	0.120	-1
rxn03642	4-hydroxybutanoyl-CoA hydro-lyase	4	1.240	-0.550	-12.270	-1
rxn03643	D-arabino-hex-3-ulose-6-phosphate formaldehyde-lyase (D-ribulose-5-phosphate-forming)	4	-5.220	-6.400	-6.600	42
rxn03644	D-arabino-hex-3-ulose-6-phosphate isomerase	5	-1.750	-2.490	-3.650	29
rxn03646	carotenoid beta-end group lyase (decyclizing)	5	-20.130	-34.920	-3.730	-1
rxn03649	R05347	1	3.700	4.940	4.990	19
rxn03650	R05348	1	3.700	4.940	6.310	19
rxn03651	R05349	1	-0.770	-0.260	-3.610	-1
rxn03652	R05350	1	-0.770	-0.290	-4.190	-1
rxn03653	R05351	1	-22.230	-8.300	-8.130	30
rxn03654	2-hydroxy-5-methyl-cis,cis-muconic semialdehyde:NAD+ 6-oxidoreductase	1	-9.740	-8.060	-3.030	39
rxn03655	R05354	1	-10.530	-14.040	22.020	10
rxn03657	2-Hydroxy-cyclohexan-1-one amidohydrolase	3	-2.240	2.820	0.060	-1
rxn03658	amidinoproclavaminate amidinohydrolase	3	-3.900	-14.010	-5.170	-1
rxn03660	2-Hydroxy-6-oxo-6-(4'-chlorophenyl)-hexa-2,4-dienoate benzoylhydrolase	3	-11.890	-13.740	-15.050	35
rxn03661	2-hydroxy-6-oxo-6-(2-hydroxyphenyl)-hexa-2,4-dienoate benzoylhydrolase	3	-11.890	-10.960	-16.920	-1
rxn03662	2-hydroxy-6-oxo-6-(2-hydroxyphenoxy)-hexa-2,4-dienoate benzoylhydrolase	3	-2.110	-14.310	-1.970	-1
rxn03663	2-hydroxy-6-oxoocta-2,4,7-trienoate formylhydrolase	3	-11.890	-11.670	4.370	10
rxn03665	2-Hydroxy-6-oxo-7-methylocta-2,4-dienoate acylhydrolase	3	-11.890	-11.680	-1.050	-1
rxn03667	2-Hydroxy-6-oxo-octa-2,4-dienoate acylhydrolase	3	-11.890	-14.980	-6.430	-1
rxn03674	methylmalonyl-CoA carboxy-lyase	4	-3.120	-6.640	-6.730	31
rxn03675	2-Oxo-5-methyl-cis-muconate carboxy-lyase	4	-1.570	-4.320	-5.640	29
rxn03676	4-Hydroxyphthalate carboxy-lyase	4	-0.130	-2.150	2.250	-1
rxn03677	R05376	4	3.120	4.710	4.460	19
rxn03678	2-Hydroxy-3-carboxy-6-oxo-7-methylocta-2,4-dienoate carboxy-lyase	4	-1.010	-4.310	-0.430	-1
rxn03682	diethanolamine ethanolamine-lyase (acetaldehyde-forming)	4	7.340	2.560	0.700	-1
rxn03683	triethanolamine diethanolamine-lyase (acetaldehyde-forming)	4	-4.690	-0.340	5.590	-1
rxn03684	(hydroxyamino)benzene hydroxymutase	5	6.440	51.620	24.920	-1
rxn03690	2-Hydroxy-5-methyl-cis,cis-muconate 2-Oxo-5-methyl-cis-muconate isomerase	5	0.000	0.000	0.000	16
rxn03695	4-Sulfolactone lyase	5	-0.420	3.470	14.390	-1
rxn03698	R05397	1	-11.750	-10.920	29.220	10
rxn03699	1,2,4-trihydroxybenzene:NAD oxidoreductase	1	-13.010	-8.410	21.930	10
rxn03704	R05404	1	-74.560	-62.110	-111.970	-1
rxn03705	R05405	1	-71.650	-60.660	-102.750	-1
rxn03706	R05406	1	-79.190	-60.320	-119.220	-1
rxn03707	R05407	1	-94.700	-71.330	-137.340	-1
rxn03709	R05409	1	-94.700	-71.120	-139.010	-1
rxn03711	R05411	1	-79.380	-62.770	-88.710	-1
rxn03712	R05412	1	-79.520	-75.170	-92.460	-1
rxn03713	R05413	1	-101.530	-62.000	-129.170	-1
rxn03714	9H-carbazole,NADH:oxygen oxidoreductase (2,3-hydroxylating)	1	-82.140	-101.890	-90.150	-1
rxn03716	R05416	1	-77.830	-62.110	-118.090	-1
rxn03717	R05417	1	-76.030	-88.440	-88.400	23
rxn03719	2,4-dichlorophenoxyacetate alpha-ketoglutarate dioxygenase	1	-118.100	-107.720	-103.960	-1
rxn03720	R05420	3	4.250	61.150	-50.350	-1
rxn03724	R05424	1	-2.120	-0.420	-8.220	-1
rxn03727	R05427	1	-76.380	-78.540	-83.510	23
rxn03728	R05428	1	-70.490	-88.630	-87.870	23
rxn03729	R05429	1	-71.130	-90.690	-84.660	23
rxn03730	R05430	1	-112.160	-87.020	-104.720	-1
rxn03731	R05431	1	-113.140	-115.340	-96.090	-1
rxn03732	R05432	1	-112.160	-86.960	-103.560	-1
rxn03733	R05433	1	-113.140	-115.280	-94.920	-1
rxn03734	R05434	1	-82.900	-139.440	-100.980	-1
rxn03735	R05435	1	-80.360	-137.160	-86.540	-1
rxn03736	R05436	1	-80.360	-137.100	-85.370	-1
rxn03737	R05437	1	-115.260	-87.020	-94.290	-1
rxn03738	R05438	1	-115.260	-86.960	-93.120	-1
rxn03739	R05439	1	-71.450	-94.980	-37.920	-1
rxn03740	R05440	1	-76.030	-88.440	-94.610	-1
rxn03741	4-chlorophenol,NADPH:oxygen oxidoreductase (6-hydroxylating)	1	-95.860	-105.800	-77.640	26
rxn03742	R05442	1	-96.290	-93.850	-93.650	-1
rxn03743	R05443	1	-96.290	-93.850	-93.980	-1
rxn03744	R05444	1	-89.640	-105.390	-105.880	-1
rxn03748	R05448	1	-95.060	-105.970	-85.620	26
rxn03750	R05450	1	-95.860	-105.820	-92.570	25
rxn03751	2,4-dichlorobenzoate:CoA ligase	6	-21.520	3.820	4.070	-1
rxn03752	benzoyl acetate: CoA ligase	6	-21.520	-2.510	-1.190	-1
rxn03753	acetophenone:carbon-dioxide ligase (ADP-forming)	6	4.930	4.150	-11.940	-1
rxn03754	R05454	none	15.330	20.250	47.810	-1
rxn03755	R05455	none	9.610	11.450	41.320	-1
rxn03758	R05459	none	-8.020	10.980	3.960	-1
rxn03762	R05465	2	-19.930	-28.220	-40.340	-1
rxn03763	deoxyamidinoproclavaminate,2-oxoglutarate:oxygen oxidoreductase (3-hydroxylating)	1	-108.280	-107.710	-105.790	24
rxn03764	L-N2-(2-carboxyethyl)arginine cyclo-ligase (AMP-forming)	6	-25.960	-8.230	-1.780	-1
rxn03765	proclavaminate,2-oxoglutarate:oxygen oxidoreductase (cyclyzing)	1	-118.490	-125.680	-112.920	-1
rxn03766	dihydroclavaminate,2-oxoglutarate:oxygen oxidoreductase (desaturating)	1	-88.490	-117.960	-119.320	-1
rxn03772	R05475	none	-82.880	-102.620	-57.700	-1
rxn03775	R05478	none	-8.960	-1.330	-13.280	-1
rxn03783	R05487	1	-107.890	-120.590	-93.720	-1
rxn03785	R05492	1	-56.360	-77.720	-73.840	-1
rxn03786	R05493	1	-99.640	-80.040	-104.340	-1
rxn03787	R05495	1	-4.030	-0.920	9.070	-1
rxn03796	R05506	2	-7.060	-7.210	-3.000	-1
rxn03797	R05507	2	-1.000	0.210	1.460	13
rxn03798	R05508	2	1.540	0.620	0.060	-1
rxn03799	R05509	2	-1.540	-1.220	-9.090	-1
rxn03800	Protoanemonin lactonohydrolase	3	-23.980	-1.230	-11.430	-1
rxn03801	R05511	3	-23.430	5.730	-13.800	-1
rxn03804	R05515	none	-5.250	-4.940	-6.010	-1
rxn03805	R05516	none	-0.890	-0.110	6.560	13
rxn03806	dTDP-4-dehydro-6-deoxy-alpha-D-glucopyranose:dTDP-3-dehydro-6-deoxy-alpha-D-glucopyranose isomerase	5	0.000	-3.680	-1.520	16
rxn03807	4,6-Dideoxy-4-oxo-dTDP-D-glucose 2,3-hydro-lyase (dTDP-3,4-dioxo-2,6-dideoxy-D-glucose-forming)	4	-7.830	-16.030	-13.060	-1
rxn03814	S-adenosyl-L-methionine:dTDP-3-amino-3,4,6-trideoxy-alpha-D-glucopyranose 3-N,N-dimethyltransferase	2	-23.510	-1.340	7.620	-1
rxn03816	dTDP-4-oxo-2,6-dideoxy-D-glucose 5-epimerase	5	0.000	0.000	1.390	16
rxn03829	R05540	none	134.040	177.670	130.920	-1
rxn03830	R05541	none	-86.560	-102.480	-61.930	-1
rxn03831	R05542	none	-86.560	-102.480	-66.500	-1
rxn03832	R05543	none	-30.270	16.130	-17.670	-1
rxn03833	R05544	none	0.930	13.320	18.000	-1
rxn03835	R05546	none	-8.980	1.390	8.510	6
rxn03839	R05551	3	4.720	3.250	-1.600	5
rxn03840	R05552	none	-2.470	-0.870	-1.160	-1
rxn03841	4-amino-4-deoxychorismate pyruvate-lyase	4	-36.940	-21.110	-16.450	-1
rxn03842	Ureidoglycine aminohydrolase	3	2.470	-8.010	-1.410	-1
rxn03843	Farnesyl diphosphate:Isopentenyl diphosphate farnesyl cistransferase	2	-22.500	-18.640	-23.230	36
rxn03845	4-(Ethylamino)-2-hydroxy-6-(isopropylamino)-1,3,5-triazine ethylaminohydrolase	3	-18.950	55.590	11.270	-1
rxn03846	N-Isopropylammelide isopropylaminohydrolase	3	31.170	68.710	16.970	-1
rxn03847	Cyanuric acid amidohydrolase	3	-42.670	-20.430	-41.830	-1
rxn03848	Biuret amidohydrolase	3	-8.620	-20.690	-9.130	-1
rxn03849	biuret amidohydrolase	3	-4.720	-7.890	6.580	10
rxn03850	R05564	1	-93.440	-100.720	-70.560	-1
rxn03851	R05565	1	-83.580	-86.620	-65.990	-1
rxn03852	UDP-N-acetyl-D-mannosamine:N-acetyl-beta-D-glucosaminyldiphosphoundecaprenol beta-1,4-N-acetylmannosaminyltransferase	2	-1.700	-3.370	-7.890	29
rxn03853	R05567	1	-83.580	46.400	-66.350	-1
rxn03854	R05568	1	-93.440	32.300	-70.920	-1
rxn03855	R05569	none	-6.960	66.050	17.610	-1
rxn03856	Galactitol-1-phosphate:NAD oxidoreductase	1	2.040	3.850	9.730	-1
rxn03858	2,4-Dihydroxy-6-(N'-ethyl)amino-1,3,5-triazine ethylaminohydrolase	3	31.170	68.120	5.500	-1
rxn03859	Deisopropylhydroxyatrazine aminohydrolase	3	-23.210	54.070	3.330	-1
rxn03860	(3S)-3-Hydroxyacyl-CoA:NAD+ oxidoreductase	1	2.240	4.440	-0.580	-1
rxn03861	(S)-3-Hydroxybutanoyl-CoA:NADP+ oxidoreductase	1	3.790	1.710	2.070	-1
rxn03863	R05581	1	0.780	2.910	6.330	-1
rxn03864	R05582	1	7.940	-9.170	5.380	-1
rxn03865	R05585	1	5.470	6.840	4.720	19
rxn03866	R05586	2	-7.060	-7.210	-2.550	-1
rxn03867	R05587	2	-5.250	-5.940	4.670	10
rxn03868	R05588	2	-0.000	-0.810	-4.460	16
rxn03869	Acylamide aminohydrolase	3	-4.720	-2.910	-7.760	-1
rxn03871	R05592	3	-20.880	7.350	-4.980	1
rxn03872	R05593	3	-19.080	9.450	-5.030	1
rxn03873	R05594	3	-5.670	12.380	14.100	6
rxn03874	R05595	4	-2.160	1.510	1.030	-1
rxn03876	Cyclohexa-1,5-dienecarbonyl-CoA hydro-lyase	4	11.110	0.010	0.020	-1
rxn03877	Benzylsuccinate fumarate-lyase	4	-14.210	-9.060	-19.400	-1
rxn03878	R05599	4	3.220	0.880	20.900	-1
rxn03879	R05600	4	6.260	12.270	18.790	-1
rxn03880	R05601	4	-2.160	0.100	2.540	-1
rxn03881	R05602	4	6.260	15.440	22.780	-1
rxn03882	R05603	6	7.350	-10.060	3.740	-1
rxn03883	D-arabinitol:NAD 4-oxidoreductase	1	3.840	-0.720	4.350	-1
rxn03884	2-dehydro-3-deoxy-D-gluconate-6-phosphate D-glyceraldehyde-3-phosphate-lyase	4	0.750	3.880	3.710	-1
rxn03885	D-mannonate hydro-lyase	4	-8.170	-8.260	-10.180	-1
rxn03886	D-sorbitol-6-phosphate:NAD 2-oxidoreductase	1	2.040	4.530	6.780	19
rxn03887	galactarate hydro-lyase (5-dehydro-4-deoxy-D-glucarate-forming)	4	-8.170	-9.800	-11.500	40
rxn03888	R05609	none	4.790	2.810	-16.650	-1
rxn03889	R05610	none	4.820	-3.140	-15.010	-1
rxn03891	R05612	2	-22.500	-18.640	-22.440	36
rxn03892	R05613	2	-22.500	-18.640	-22.440	36
rxn03893	all-trans-octaprenyl-diphosphate:4-hydroxybenzoate 3-octaprenyltransferase	2	-26.410	-19.410	-21.920	-1
rxn03894	R05616	2	-26.410	-19.410	-21.920	-1
rxn03896	R05620	6	-21.520	-2.510	-7.330	-1
rxn03897	R05621	1	-71.710	-83.290	-89.540	23
rxn03898	R05622	1	-71.710	-83.260	-88.950	23
rxn03899	N,N,N-trimethylamine,NADPH:oxygen oxidoreductase (N-oxide-forming)	1	-52.780	-50.550	-52.840	-1
rxn03900	ATP:undecaprenol phosphotransferase	2	-55.530	-61.440	-7.570	-1
rxn03901	undecaprenyl-diphosphate phosphohydrolase	3	-16.280	-7.530	-5.840	32
rxn03903	UDPMurAc(oyl-L-Ala-D-gamma-Glu-L-Lys-D-Ala-D-Ala):undecaprenyl-phosphate phospho-N-acetylmuramoyl-pentapeptide-transferase	2	0.000	0.340	3.980	-1
rxn03906	1-hydroxy-2-naphthoate,NADH:oxygen oxidoreductase (2-hydroxylating, decarboxylating)	1	-95.990	-108.370	-86.130	26
rxn03907	CTP: 2-C-Methyl-D-erythritol 4-phosphate cytidylyltransferase	2	1.070	-2.200	-0.280	12
rxn03908	ATP:4-(Cytidine 5'-diphospho)-2-C-methyl-D-erythritol 2-phosphotransferase	2	-14.000	-1.670	-6.900	-1
rxn03909	1-Deoxy-D-xylulose-5-phosphate pyruvate-lyase (carboxylating)	2	-8.140	-7.660	-10.840	-1
rxn03910	2-Phospho-4-(cytidine 5'-diphospho)-2-C-methyl-D-erythritol CMP-lyase (cyclizing)	4	26.770	432.530	7.300	-1
rxn03911	4,4-dimethyl-5a-cholesta-8,24-dien-3b-ol:NADP+ D14-oxidoreductase	1	10.330	4.110	1.260	-1
rxn03912	Lanosterol,NADPH:oxygen oxidoreductase (14-methyl cleaving)	1	-294.520	-357.010	-313.730	-1
rxn03913	ergosterol:NADP+ Delta24(24(1))-oxidoreductase	1	12.090	13.960	10.770	-1
rxn03914	R05642	5	10.980	15.620	0.900	-1
rxn03915	2-formylbenzoate:NAD+ oxidoreductase	1	-9.740	-9.510	-10.700	40
rxn03916	ATP:D-glycero-beta-D-manno-heptose 1-phosphate adenylyltransferase	2	1.070	-3.000	7.330	-1
rxn03917	D-glycero-beta-D-manno-heptose-7-phosphate aldose-ketose-isomerase	5	-0.860	0.530	2.650	13
rxn03918	ATP:D-glycero-beta-D-manno-heptose 7-phosphate 1-phosphotransferase	2	-14.000	-2.170	-3.920	32
rxn03919	D-glycero-beta-D-manno-heptose 1,7-bisphosphate 7-phosphohydrolase	3	7.220	-2.140	-3.840	3
rxn03920	R05648	4	1.860	2.830	17.720	-1
rxn03921	R05649	1	-9.740	-9.020	-13.140	40
rxn03922	R05650	1	-82.520	-86.360	-103.340	-1
rxn03923	acetyl-phosphate:sulfite S-acetyltransferase (acyl-phosphate hydrolysing, 2-oxoethyl-forming)	2	-13.300	57.010	-57.880	-1
rxn03924	taurine:pyruvate aminotransferase	2	-1.000	0.170	1.610	13
rxn03925	phenanthrene 9,10-monooxygenase	1	-59.740	-176.940	-107.200	-1
rxn03926	phenanthrene 1,2-monooxygenase	1	-71.090	-171.720	-97.910	-1
rxn03927	R05655	1	-99.540	-105.820	-92.550	-1
rxn03928	R05656	none	-28.450	65.900	5.360	-1
rxn03929	R05658	3	0.370	89.560	10.910	-1
rxn03933	UDP-N-acetyl-D-glucosamine:N-acetyl-alpha-D-muramyl(oyl-L-Ala-gamma-D-Glu-L-Lys-D-Ala-D-Ala)-diphosphoundecaprenol 4-beta-N-acetylglucosaminlytransferase	2	-1.700	-3.000	-4.690	29
rxn03934	R05663	1	-9.740	-9.160	-9.000	41
rxn03935	R05664	1	-9.740	-9.150	-11.680	40
rxn03938	R05668	1	2.330	0.730	-0.240	-1
rxn03942	R05672	2	-5.260	-6.110	-8.710	-1
rxn03943	R05673	2	-14.170	0.520	-3.920	-1
rxn03944	R05674	2	-8.730	-2.210	-2.070	-1
rxn03946	R05676	2	-4.330	-1.820	-22.470	8
rxn03947	R05677	none	-2.000	-2.290	0.920	10
rxn03948	Sulcatol:NAD+ oxidoreductase	1	3.790	4.460	5.410	19
rxn03951	NAD-dependent threonine 4-phosphate dehydrogenase	1	3.790	3.590	4.400	19
rxn03952	1,5-Anhydro-D-glucitol:NADP oxidoreductase	1	2.330	-0.290	0.810	14
rxn03953	L-Idonate:NAD oxidoreductase	1	3.790	4.460	1.980	19
rxn03954	L-idonate:NADP oxidoreductase	1	3.790	4.430	1.400	19
rxn03955	3-Methylbutanol:NAD(P) oxidoreductase	1	5.250	4.940	5.610	19
rxn03956	3-Methylbutanol:NADP oxidoreductase	1	5.250	4.910	5.020	19
rxn03957	dTDP-4-keto-6-Deoxyglucose reductase	1	2.330	3.390	4.910	-1
rxn03958	1-Deoxy-D-xylulose-5-phosphate isomeroreductase	1	5.210	3.800	2.100	-1
rxn03959	2-(2-(R)-Hydroxypropylthio)ethanesulfonate dehydrogenase	1	3.790	4.460	4.130	19
rxn03960	2-(2-(S)-Hydroxypropylthio)ethanesulfonate dehydrogenase	1	3.790	4.460	2.850	19
rxn03961	3-beta-Hydroxy-steroid:NADP+ 3-oxidoreductase	1	2.330	-0.290	5.380	14
rxn03962	GDP-L-fucose:NADP+ 4-oxidoreductase (3,5-epimerizing)	1	2.330	-0.290	5.720	14
rxn03963	(R)-2-hydroxyacid:NAD+ oxidoreductase	1	6.250	4.460	5.160	19
rxn03964	(R)-2-Hydroxyacid:NADP+ oxidoreductase	1	6.250	4.430	4.570	19
rxn03966	R05696	1	-26.490	-28.210	-24.920	37
rxn03968	Mannitol:oxygen oxidoreductase (cyclizing)	1	-28.810	-28.610	-28.690	37
rxn03969	vanillin:NAD oxidoreductase	1	-9.740	-8.970	-10.960	40
rxn03970	Coniferyl aldehyde:NAD oxidoreductase	1	-9.740	-7.860	5.090	10
rxn03971	Coniferyl aldehyde:NADP oxidoreductase	1	-9.740	-7.890	4.510	10
rxn03972	dihydrozeatin:NADP oxidoreductase	1	17.570	13.350	-2.990	-1
rxn03973	lanosterol D24-reductase	1	17.570	13.350	-6.770	-1
rxn03974	FMNH2:NAD+ oxidoreductase	1	4.840	4.010	5.540	19
rxn03975	FMNH2:NADP+ oxidoreductase	1	4.840	4.010	4.960	19
rxn03979	2-mercaptoethanesulfonate,acetoacetate:NADP+ oxidoreductase (decarboxylating)	1	5.630	8.850	2.840	-1
rxn03980	CoA,glutathione:NADP+ oxidoreductase (disulfide-forming)	1	-1.000	3.020	4.260	-1
rxn03981	mycothiol:NAD+ oxidoreductase	1	-4.940	3.880	3.490	6
rxn03982	mycothiol:NADP+ oxidoreductase	1	-4.940	3.850	2.910	6
rxn03983	AMP,sulfite:glutathione-disulfide oxidoreductase (adenosine-5'-phosphosulfate-forming)	1	26.360	6.820	6.290	-1
rxn03984	linoleate:oxygen 11S-oxidoreductase	1	-65.160	0.000	-21.840	0
rxn03988	phytanoyl-CoA, 2-oxoglutarate:oxygen oxidoreductase (2-hydroxylating)	1	-108.280	-107.710	-106.610	24
rxn03989	leucocyanidin,2-oxoglutarate:oxygen oxidoreductase	1	-121.920	-122.410	-127.230	-1
rxn03994	alkene,NADH:oxygen oxidoreductase	1	-93.910	-100.560	-93.300	-1
rxn03995	alkene,NADH:oxygen oxidoreductase	1	-93.910	-100.560	-93.300	-1
rxn03996	sterol,NADPH:oxygen oxidoreductase (14-methyl cleaving)	1	-294.520	-357.010	-313.730	-1
rxn03997	N-methylcoclaurine 3'-hydroxylase	1	-95.860	-105.830	-79.270	26
rxn03998	4beta-hydroxymethyl-4alpha-methyl-5alpha-cholest-7-en-3beta-ol,NADH:oxygen oxidoreductase (hydroxylating)	1	-103.580	-104.220	-105.560	24
rxn04000	acetone:carbon-dioxide ligase (AMP-forming)	6	-15.320	-9.380	-8.590	-1
rxn04001	4,4-dimethyl-5a-cholest-7-en-3b-ol,hydrogen-donor:oxygen oxidoreductase (hydroxylating)	1	-92.610	-93.820	-95.860	27
rxn04002	4,4-dimethyl-5a-cholest-7-en-3b-ol,hydrogen-donor:oxygen oxidoreductase (hydroxylating)	1	-103.580	-104.190	-104.970	24
rxn04003	4,4-dimethyl-5a-cholest-7-en-3b-ol,hydrogen-donor:oxygen oxidoreductase (hydroxylating)	1	-118.580	-118.250	-114.250	-1
rxn04006	deacetylipecoside dopamine-lyase	4	-4.240	-17.710	-16.140	-1
rxn04007	deacetylisoipecoside dopamine-lyase	4	-4.240	-17.710	-16.140	-1
rxn04008	S-adenosyl-L-methionine:trichlorophenol O-methyltransferase	2	-3.530	14.580	-34.840	-1
rxn04011	threo-3-hydroxy-L-aspartate ammonia-lyase	4	-5.700	-6.100	-9.630	-1
rxn04012	S-adenosyl-L-methionine:jasmonate O-methyltransferase	2	-5.330	10.920	5.000	-1
rxn04014	(R)-2-hydroxypropyl-CoM:2-mercaptoethanesulfonate lyase (epoxyalkane-ring-forming)	4	11.100	1.500	4.880	-1
rxn04015	(S)-2-hydroxypropyl-CoM:2-mercaptoethanesulfonate lyase (epoxyalkane-ring-forming)	4	11.100	1.500	3.600	-1
rxn04016	S-adenosyl-L-methionine:(E)-prop-1-ene-1,2,3-tricarboxylate 2'-O-methyltransferase	2	-5.330	11.700	-2.360	-1
rxn04017	S-adenosyl-L-methionine:(E)-prop-1-ene-1,2,3-tricarboxylate 3'-O-methyltransferase	2	-5.330	11.700	1.280	-1
rxn04020	trehalose 6-phosphate:phosphate b-D-glucosyltransferase	2	-10.330	3.980	4.490	6
rxn04021	GDP-mannose:3-phosphoglycerate 3-a-D-mannosyltransferase	2	-1.700	-2.090	-6.110	29
rxn04022	UDP-glucose:hydroquinone-O-b-D-glucosyltransferase	2	-1.700	-12.290	-12.620	20
rxn04024	trans-feruloyl-CoA hydro-lyase	4	2.660	0.100	17.520	-1
rxn04025	3-hydroxy-3-(4-hydroxy-3-methoxyphenyl)propionyl-CoA:vanillin lyase (acetyl-CoA-forming)	4	-0.800	-0.220	-5.150	-1
rxn04026	sulfopyruvate carboxy-lyase	4	-4.120	-2.240	-4.680	-1
rxn04027	UDP-6-sulfo-6-deoxyglucose sulfohydrolase	3	-12.790	-75.120	41.700	-1
rxn04028	S-adenosyl-L-methionine:24-methylenelophenol C-methyltransferase	2	-16.700	-4.440	-7.350	-1
rxn04029	4-hydroxyphenylpyruvate:oxygen oxidoreductase (decarboxylating)	1	-108.280	-120.400	-98.290	-1
rxn04030	5-Diphosphoinositol pentakisphosphate diphosphohydrolase	3	-16.280	-8.210	-17.600	-1
rxn04032	cyclic-imide amidohydrolase (decyclicizing)	3	0.430	15.720	-8.230	-1
rxn04033	mandelamide hydrolase	3	-4.720	-3.250	-3.700	-1
rxn04034	limonene-1,2-epoxide hydrolase	3	9.190	43.610	3.520	-1
rxn04036	(R)-2-phospho-3-sulfolactate phosphohydrolase	3	7.220	-3.740	-1.000	3
rxn04037	alpha-D-mannosyl-3-phosphoglycerate phosphohydrolase	3	7.220	-2.900	-3.920	3
rxn04038	2-(beta-D-glucosyl)-sn-glycerol-3-phosphate phosphohydrolase	3	7.220	-3.660	-2.820	3
rxn04039	ATP:1D-myo-inositol-hexakisphosphate phosphotransferase	2	9.500	1.670	9.600	-1
rxn04040	ATP:1D-myo-inositol-1,4,5-trisphosphate 6-phosphotransferase	2	-14.000	-5.290	-7.620	-1
rxn04041	ATP:1D-myo-inositol-1,4,5-trisphosphate 6-phosphotransferase	2	-14.000	-6.840	-10.420	-1
rxn04042	ADP:D-glucose 6-phosphotransferase	2	-23.500	-4.230	-2.790	-1
rxn04043	ADP:D-fructose-6-phosphate 1-phosphotransferase	2	-23.500	-4.480	-3.130	-1
rxn04054	inosine:oxygen 5'-oxidoreductase	1	-113.330	-114.330	-109.200	-1
rxn04056	2-dehydro-D-gluconate:NADP+ 2-oxidoreductase	1	3.790	6.490	5.810	19
rxn04057	R05824	none	11.450	-10.800	-3.770	3
rxn04063	2-hydroxy-2-methyl-3-phytyl-2,3-dihydronaphthoquinone:oxidized-dithiothreitol oxidoreductase	1	-6.060	14.540	12.760	-1
rxn04064	xylitol:NAD oxidoreductase	1	3.840	1.150	5.530	-1
rxn04065	7-deoxyloganate,NADPH:oxygen oxidoreductase (7a-hydroxylating)	1	-96.220	-97.040	-94.840	28
rxn04066	loganate:oxygen oxidoreductase (ring cleaving)	1	-85.400	3.220	-101.360	-1
rxn04067	S-adenosyl-L-methionine:secologanate 11-O-methyltransferase	2	-5.330	10.920	-3.330	1
rxn04068	Glycocholate amidohydrolase	3	-0.460	-0.120	-0.180	-1
rxn04069	R05836	none	8.440	9.410	17.610	-1
rxn04070	pyridoxine 5'-phosphate synthase	2	-22.090	-52.710	-51.920	-1
rxn04071	pyridoxamine:2-oxoglutarate aminotransferase	2	-2.550	0.300	0.270	-1
rxn04073	phenylacetyl-CoA:glycine N-phenylacetyltransferase	2	-5.260	-6.180	-2.660	-1
rxn04074	ethylene oxide hydrolase	3	-7.230	6.250	8.300	6
rxn04076	R05844	none	-0.590	3.810	-10.190	-1
rxn04077	R05845	none	-21.400	-64.620	-25.520	-1
rxn04078	R05846	none	-13.850	-36.790	5.330	-1
rxn04079	R05847	none	-5.650	-50.200	3.160	-1
rxn04080	R05848	none	-5.650	-50.200	3.150	-1
rxn04081	R05849	none	-23.920	13.650	-56.190	-1
rxn04082	L-ribulose-5-phosphate 4-epimerase	5	0.000	-0.120	-0.110	16
rxn04092	D-alanine:oxygen oxidoreductase (deaminating)	1	-23.020	-22.880	-22.830	37
rxn04093	sarcosine:oxygen oxidoreductase (deaminating)	1	-20.690	-19.070	-22.800	36
rxn04094	N-ethylglycine:oxygen oxidoreductase (deaminating)	1	-21.040	-21.050	-26.500	-1
rxn04095	4-Hydroxy-2-oxohexanoate hydro-lyase	4	-3.710	0.100	10.910	-1
rxn04096	2-Hydroxy-5-methyl-cis,cis-muconic-semialdehyde formylhydrolase	3	-8.220	-8.840	-5.790	-1
rxn04104	R05873	none	-13.850	-36.790	4.500	-1
rxn04105	R05874	none	-5.650	-50.200	4.800	-1
rxn04113	isopentenyl-diphosphate:NAD(P)+ oxidoreductase	1	-16.890	-14.450	-14.150	-1
rxn04130	R06047	2	-1.700	-3.060	-8.060	29
rxn04131	R06048	2	3.480	-16.100	-15.630	-1
rxn04132	R06063	none	-12.450	21.240	-12.090	-1
rxn04133	R06064	none	-12.450	21.240	-12.090	-1
rxn04134	(+)-trans-carveol: NAD+ oxidoreductase	1	0.780	-0.260	9.190	-1
rxn04135	(R)-limonene,NADPH: oxygen oxidoreductase (6-hydroxylating)	1	-99.900	-97.040	-95.030	-1
rxn04136	geranyldiphosphate diphosphate lyase [(+)-(R)-limonene-forming]	4	-25.850	-37.070	-23.350	-1
rxn04137	L-serine:NADP+ 3-oxidoreductase	1	5.250	4.340	5.730	19
rxn04139	2-Octaprenyl-3-methyl-6-methoxy-1,4-benzoquinone ,NADPH2:oxygen oxidoreductase	1	-97.340	-110.800	-105.120	-1
rxn04140	methylamine:oxygen oxidoreductase (deaminating) (copper-containing)	1	-19.900	-18.660	-18.860	-1
rxn04141	3beta-hydroxy-5beta-steroid:NADP+ 3-oxidoreductase	1	2.330	-0.290	-1.780	-1
rxn04142	L-Allothreonine acetaldehyde-lyase	4	3.210	-0.020	0.180	15
rxn04143	R06180	1	6.250	6.610	6.080	19
rxn04147	squalene synthase	2	-48.950	-40.140	-43.020	-1
rxn04148	R06254	none	-84.110	-116.920	-106.550	-1
rxn04149	R06255	none	-84.110	-119.130	-108.260	-1
rxn04150	R06256	none	2.120	0.370	8.190	-1
rxn04151	R06257	none	13.660	43.730	37.870	-1
rxn04173	Copalyl-diphosphate diphosphate-lyase (cyclizing)	none	-40.960	-108.630	-25.140	9
rxn04174	ent-Copalyl-diphosphate diphosphate-lyase [ent-sandaracopimara-8(14),15-diene-forming]	4	-40.960	-108.630	-24.890	9
rxn04175	Copalyl-diphosphate diphosphate-lyase (cyclizing)	4	-54.210	-124.310	-21.080	9
rxn04176	ent-Copalyl-diphosphate diphosphate-lyase [ent-abieta-8(14),12-diene-forming]	4	-54.210	-124.310	-21.400	9
rxn04177	ent-Copalyl-diphosphate diphosphate-lyase [ent-abieta-8(14),12-diene-forming]	4	-28.470	-120.890	-24.530	9
rxn04178	ent-Copalyl-diphosphate diphosphate-lyase [ent-abieta-8(14),12-diene-forming]	4	-45.390	-125.930	-22.440	9
rxn04179	Geranylgeranyl-diphosphate diphosphate-lyase (cyclizing, taxadiene forming)	4	-81.850	-212.700	-39.210	9
rxn04180	Acetyl-CoA:taxa-4(20),11-dien-5alpha-ol O-acetyltransferase	2	-3.610	1.280	0.280	-1
rxn04181	Taxa-4(20),11-dien-5alpha-ol,NADPH:oxygen oxidoreductase (13alpha-hyroxylating)	1	-96.220	-97.040	-94.200	28
rxn04182	Taxa-4(20),11-dien-5alpha-yl acetate,NADPH:oxygen oxidoreductase (10beta-hydroxylating)	1	-96.220	-97.040	-94.090	28
rxn04183	Benzoyl-CoA:taxan-2alpha-ol O-benzoyltransferase	2	-3.610	-0.230	13.200	-1
rxn04184	Acetyl-CoA:taxan-10beta-ol O-transferase	2	-3.610	1.280	9.420	-1
rxn04185	9alpha-Copalyl-diphosphate lyase (decyclizing)	5	-22.740	-82.890	-4.290	-1
rxn04224	Abietadiene,NADPH:oxygen oxidoreductase (18-hydroxylating)	1	-39.910	-37.310	-94.480	-1
rxn04227	Abietadienol,NADPH:oxygen oxidoreductase (18-hydroxylating)	1	-9.520	-10.240	-105.780	-1
rxn04228	R06355	1	-9.520	-10.240	-11.100	40
rxn04229	R06356	1	-9.520	-10.240	-11.100	40
rxn04230	Abietadienal:NAD+ oxidoreductase	1	-52.700	-61.740	-2.930	-1
rxn04234	Aldehyde:NAD+ oxidoreductase	1	-9.740	-9.120	0.110	-1
rxn04235	perillic acid:CoA ligase (ADP-forming)	6	-1.060	-0.080	-6.830	-1
rxn04236	perillic acid:CoA ligase (AMP-forming)	6	-21.520	-2.510	-8.760	-1
rxn04237	2-hydroxy-4-isopropenylcyclohexane-1-carboxyl-CoA hydro-lyase	4	6.260	12.270	17.370	-1
rxn04238	R06371	3	-19.080	8.760	-4.910	1
rxn04240	R06374	none	-13.990	-15.440	-6.500	-1
rxn04241	R06375	none	-13.990	-15.440	-7.320	-1
rxn04242	menth-8-en-2-ol:NAD+ oxidoreductase	1	-12.440	-15.440	3.150	10
rxn04243	menth-8-en-2-ol:NAD+ oxidoreductase	1	-12.440	-15.440	3.150	10
rxn04244	menth-8-en-2-ol:NAD+ oxidoreductase	1	-12.440	-15.440	3.980	10
rxn04245	menth-8-en-2-ol:NAD+ oxidoreductase	1	-12.440	-15.440	3.980	10
rxn04246	R06380	none	0.000	0.000	0.000	16
rxn04247	R06381	none	0.000	0.000	0.000	16
rxn04248	menth-8-en-2-ol:NAD+ oxidoreductase	1	-12.440	-15.440	3.980	10
rxn04249	menth-8-en-2-ol:NAD+ oxidoreductase	1	-12.440	-15.440	3.980	10
rxn04250	menth-8-en-2-ol:NAD+ oxidoreductase	1	-12.440	-15.440	3.150	10
rxn04251	menth-8-en-2-ol:NAD+ oxidoreductase	1	-12.440	-15.440	3.150	10
rxn04252	monocyclic monoterpene ketone monooxygenase	1	-40.900	-26.370	-94.300	-1
rxn04253	NADPH:oxygen oxidoreductase	1	-40.900	-26.370	-94.300	-1
rxn04254	NADPH:oxygen oxidoreductase	1	-40.900	-26.370	-93.630	-1
rxn04255	NADPH:oxygen oxidoreductase	1	-40.900	-26.370	-91.020	-1
rxn04256	monoterpene epsilon-lactone hydrolase	3	-57.800	-48.380	-5.810	-1
rxn04257	isopropenylmethyloxepan-2-one lactonohydrolase	3	-57.800	-46.770	0.800	-1
rxn04259	monoterpene epsilon-lactone hydrolase	3	-57.800	-46.770	-1.820	-1
rxn04260	R06394	none	-10.980	-10.720	-15.160	-1
rxn04261	R06395	none	-10.980	-10.720	-15.410	-1
rxn04262	(3R)-3-isopropenyl-6-oxoheptanoate:CoA ligase (ADP-forming)	6	-1.060	-0.080	-0.140	13
rxn04264	limonene 1,2-monooxygenase	1	-103.710	-129.210	-79.400	-1
rxn04265	(1S,2S,4R)-menth-8-ene-1,2-diol:NAD+ 2-oxidoreductase	1	-12.440	-15.440	3.980	10
rxn04266	(1S,4R)-1-hydroxymenth-8-en-2-one,NADPH:oxygen oxidoreductase	1	-117.390	-100.660	-87.630	-1
rxn04270	cis-2-Methyl-5-isopropylhexa-2,5-dienal dehydrogenase	1	-9.740	-9.120	-2.090	39
rxn04271	trans-2-Methyl-5-isopropylhexa-2,5-dienal dehydrogenase	1	-9.740	-9.120	-0.020	-1
rxn04280	(+)-cis-Isopulegone isomerase	none	15.190	-10.750	-3.670	-1
rxn04281	(-)-menthone:NADP+ oxidoreductase	1	-17.330	11.940	3.360	-1
rxn04282	(+)-Pulegone reductase	1	-17.330	11.940	3.360	-1
rxn04283	R06421	4	400.300	389.310	-8.050	-1
rxn04290	R06428	4	-7.830	-16.030	-13.440	-1
rxn04291	R06429	none	-4.790	0.290	-4.020	-1
rxn04294	R06432	none	-4.330	7.400	-10.330	1
rxn04295	R06433	none	0.000	0.000	0.880	16
rxn04296	R06434	none	-2.330	0.290	-4.670	-1
rxn04297	S-adenosyl-L-methionine:dTDP-4-oxo-2,6-dideoxy-L-mannose 3-C-methyltransferase	2	-20.300	-5.650	2.330	-1
rxn04299	R06437	5	0.000	-3.680	-4.050	-1
rxn04300	R06438	none	12.440	15.440	-0.990	-1
rxn04301	S-adenosyl-L-methionine:dTDP-3-amino-3,6-dideoxy-alpha-D-glucopyranose 3-N,N-dimethyltransferase	2	-23.510	-1.360	7.610	-1
rxn04302	R06440	none	0.000	0.000	0.580	16
rxn04303	R06441	none	9.980	15.440	14.250	-1
rxn04305	R06443	none	556.840	413.480	33.250	-1
rxn04308	(2E,6E)-farnesyl-diphosphate:isopentenyl-diphosphate cistransferase (adding 8 isopentenyl units)	2	-157.500	-130.450	-185.270	-1
rxn04327	(3S)-2,3-epoxy-2,3-dihydrosqualene mutase (cyclizing, lupeol-forming)	5	-120.300	-247.270	-26.710	9
rxn04330	(3S)-2,3-epoxy-2,3-dihydrosqualene mutase (cyclizing, beta-amyrin-forming)	5	-121.630	-254.840	-33.500	9
rxn04332	(3S)-2,3-epoxy-2,3-dihydrosqualene mutase (cyclizing, alpha-amyrin-forming)	5	-122.300	-257.160	-32.590	9
rxn04362	R06501	none	-79.990	-81.760	-77.100	23
rxn04363	(5Z,8Z,11Z,14Z,17Z)-eicosapentaenoate delta8,11-delta7,9-isomerase	5	-9.640	-0.000	-5.470	-1
rxn04368	R06510	none	9.460	58.540	62.560	-1
rxn04373	(3R)-3-isopropenyl-6-oxoheptanoate:CoA ligase (AMP-forming)	6	-21.520	-2.510	-2.070	-1
rxn04376	3-sn-phosphatidate phosphohydrolase	3	7.220	-4.360	-2.990	3
rxn04377	3-sn-phosphatidate phosphohydrolase	3	7.220	-4.360	-2.990	3
rxn04379	trans,trans-farnesyl-diphosphate diphosphate-lyase (cyclizing, vetispiradiene-forming)	4	-50.280	-53.460	-28.420	-1
rxn04385	L-threonine-O-3-phosphate carboxy-lyase	4	-3.120	-4.370	-6.320	31
rxn04386	ATP:L-threonine O-phosphotransferase	2	-14.000	1.110	-3.480	-1
rxn04387	(2R,3S)-catechin:NADP+ 4-oxidoreductase	1	-12.620	-12.060	-22.840	-1
rxn04388	(2R,3S)-catechin:NADP+ 4-oxidoreductase	1	-12.620	-12.060	-22.840	-1
rxn04389	UDP-glucose:anthocyanidin 3-O-D-glucosyltransferase	2	-1.830	-6.110	-24.970	-1
rxn04390	UDP-glucose:anthocyanidin 3-O-D-glucosyltransferase	2	-1.830	41.990	-24.990	-1
rxn04391	UDP-glucose:anthocyanidin 3-O-D-glucosyltransferase	2	-1.830	41.980	-25.020	-1
rxn04392	flavonoid,NADPH:oxygen oxidoreductase (3'-hydroxylating)	1	-95.860	-105.790	-76.780	26
rxn04393	flavonoid,NADPH:oxygen oxidoreductase (3'-hydroxylating)	1	-76.440	-161.630	-77.430	-1
rxn04394	dihydroflavonol,2-oxoglutarate:oxygen oxidoreductase	1	-111.680	-148.080	-88.260	-1
rxn04395	leucocyanidin,2-oxoglutarate:oxygen oxidoreductase	1	-121.920	-122.410	-127.230	-1
rxn04402	R06547	2	-158.480	-77.900	7.310	-1
rxn04406	flavanone,2-oxoglutarate:oxygen oxidoreductase (dehydrating)	1	-121.960	-99.880	-100.750	-1
rxn04408	R06553	none	-14.030	23.360	-23.350	-1
rxn04409	R06554	none	-14.030	7.140	-1.100	-1
rxn04411	flavanone lyase (decyclizing)	5	-8.370	-23.190	6.990	-1
rxn04415	formononetin,NADPH:oxygen oxidoreductase (2'-hydroxylating)	1	-95.860	-105.830	-72.840	-1
rxn04416	biochanin A,NADPH:oxygen oxidoreductase (2'-hydroxylating)	1	-95.860	-105.810	-72.830	-1
rxn04417	vestitone:NADP+ oxidoreductase	1	-0.740	-22.270	-29.370	-1
rxn04418	ferreirin:NADP+ oxidoreductase	1	-0.740	-38.510	-7.130	-1
rxn04419	S-adenosyl-L-methionine:isoflavone 4'-O-methyltransferase	2	-4.330	-1.810	-22.460	8
rxn04423	cinnamaldehyde:NADP+ oxidoreductase (CoA-cinnamoylating)	1	4.020	2.740	-2.660	5
rxn04424	cinnamyl-alcohol:NADP+ oxidoreductase	1	-3.700	-4.910	-8.010	31
rxn04425	cinnamyl-alcohol:NADP+ oxidoreductase	1	-3.700	-4.900	-8.010	31
rxn04426	R06572	1	-95.860	-104.530	-81.800	26
rxn04427	R06573	1	-95.860	-107.050	-87.030	26
rxn04428	caffeic aldehyde:3,4-dihydroxy-trans-cinnamate 3-O-methyltransferase	2	-4.330	-3.080	-23.110	8
rxn04429	S-adenosyl-L-methionine:3,4-dihydroxy-trans-cinnamate 3-O-methyltransferase	2	-4.330	-0.570	-17.880	-1
rxn04430	S-adenosyl-L-methionine:3,4-dihydroxy-trans-cinnamate 3-O-methyltransferase	2	-4.330	-1.840	-23.130	8
rxn04431	S-adenosyl-L-methionine:3,4-dihydroxy-trans-cinnamate 3-O-methyltransferase	2	-4.330	-1.830	-17.890	8
rxn04432	S-adenosyl-L-methionine:caffeoyl-CoA 3-O-methyltransferase	2	-4.330	-1.850	-23.150	8
rxn04437	4-coumarate:CoA ligase (AMP-forming)	6	-21.520	-2.560	-10.180	-1
rxn04439	R06586	none	28.690	70.830	0.570	-1
rxn04441	R06588	none	-212.500	-211.180	-2.870	-1
rxn04442	R06589	5	-0.890	-0.200	4.980	13
rxn04443	sedoheptulose-7-phosphate:D-glyceraldehyde-3-phosphate glycolaldehydetransferase	2	-10.820	1.060	-5.360	-1
rxn04446	R06593	none	-8.480	-11.470	-14.100	-1
rxn04447	R06594	none	2.330	0.050	7.070	14
rxn04448	R06595	4	-23.630	-13.310	-3.910	-1
rxn04453	5-hydroxyisourate amidohydrolase	3	2.130	38.130	-1.850	-1
rxn04454	isochorismate pyruvate-lyase (salicylate-forming)	4	-35.730	-27.210	-12.470	-1
rxn04455	R06603	none	-35.730	-26.980	-12.240	-1
rxn04456	2-oxo-4-hydroxy-4-carboxy-5-ureidoimidazoline decarboxylase	4	-14.580	-16.890	-10.240	-1
rxn04457	R06605	none	-14.580	-16.890	-10.240	-1
rxn04458	formononetin,NADPH:oxygen oxidoreductase (2'-hydroxylating)	1	-95.860	-105.820	-72.830	-1
rxn04459	formononetin,NADPH:oxygen oxidoreductase (2'-hydroxylating)	1	-95.860	-105.800	-72.180	-1
rxn04462	(2S)-flavan-4-ol:NADP+ 4-oxidoreductase	1	-0.780	0.420	3.630	13
rxn04463	UDPglucose:flavonol 3-O-D-glucosyltransferase	2	-1.280	-28.730	-13.260	-1
rxn04464	5,10-methylenetetrahydrofolate,NADPH:dUMP C-methyltransferase	2	-11.660	-12.130	-14.130	35
rxn04466	(2R,3S)-catechin:NADP+ 4-oxidoreductase	1	-12.620	-12.060	-22.840	-1
rxn04471	R06621	1	2.330	-0.260	5.250	14
rxn04472	R06622	1	-97.280	-82.880	-95.590	-1
rxn04473	3,5-dihydroxyphenylacetyl-CoA:oxygen oxidoreductase (3,5-dihydroxyphenylglyoxylate-forming)	1	-95.440	-96.850	-96.030	28
rxn04474	R06625	none	1706.370	1095.180	-1.140	-1
rxn04475	R06626	2	1.550	2.180	-0.940	-1
rxn04476	R06627	none	-20.300	-2.420	0.180	-1
rxn04477	R06628	none	0.000	0.000	0.880	16
rxn04478	R06629	none	-2.330	0.480	-3.850	-1
rxn04479	R06630	none	12.440	15.630	12.080	-1
rxn04480	R06631	none	-1.090	7.300	0.980	-1
rxn04482	R06633	none	-0.140	0.200	-32.500	-1
rxn04483	R06634	none	-1.000	1.600	-2.670	-1
rxn04494	R06659	none	-1.700	-4.240	-9.030	29
rxn04500	R06665	none	-11.110	-6.320	-12.430	-1
rxn04501	R06666	none	-1.700	-0.630	-17.030	-1
rxn04502	R06667	none	-1.700	-4.240	2.870	10
rxn04510	auramycinone:NADP+ 7-oxidoreductase	1	13.990	15.870	3.480	-1
rxn04511	R06679	none	-36.380	-3.230	-92.390	-1
rxn04512	S-adenosyl-L-methionine:aklanonic-acid O-methyltransferase	2	-5.330	11.430	1.650	-1
rxn04513	R06681	none	-11.370	-45.450	-0.940	-1
rxn04514	aklavinone:NADP+ 7-oxidoreductase	1	13.990	15.870	1.050	-1
rxn04515	aklavinone,NADPH:oxygen oxidoreductase	1	-39.480	-49.310	-82.210	-1
rxn04516	dTDP-beta-L-daunosamine:epsilon-rhodomycinone beta-L-daunosaminyltransferase	2	-1.700	-5.180	-15.780	-1
rxn04517	R06685	none	-4.150	-35.640	20.150	-1
rxn04518	R06686	none	-1.320	-3.410	-5.290	29
rxn04519	S-adenosyl-L-methionine:13-deoxycarminomycin O-methyltransferase	2	14.650	23.240	-20.250	-1
rxn04520	R06688	none	-38.040	-38.360	-95.450	-1
rxn04521	R06689	none	-10.980	-10.740	-106.260	-1
rxn04522	R06690	none	-36.230	-37.310	-92.640	-1
rxn04523	R06691	none	-38.040	-38.360	-96.950	-1
rxn04524	R06692	none	-10.980	-10.740	-107.960	-1
rxn04525	S-adenosyl-L-methionine:carminomycin O-methyltransferase	2	14.650	23.240	-17.050	-1
rxn04526	R06694	none	10.980	10.740	12.220	21
rxn04527	R06695	none	-16.550	19.390	11.110	-1
rxn04528	R06696	none	-3.330	-134.450	-86.990	-1
rxn04532	R06700	none	-36.380	-56.570	-94.420	-1
rxn04535	S-adenosyl-L-methionine:tetracenomycin-E O-methyltransferase	2	4.150	36.090	19.210	-1
rxn04545	R06713	none	4.150	36.080	19.200	-1
rxn04547	S-adenosyl-L-methionine:4-demethylpremithramycinone O-methyltransferase	2	-4.330	7.490	-9.690	1
rxn04549	dTDP-D-oliose:premithramycin-A1 D-oliosyltransferase	2	-1.700	-3.910	-4.060	29
rxn04550	R06718	2	-1.700	-3.910	-4.950	29
rxn04551	S-adenosyl-L-methionine:premithramycin-A3' C-methyltransferase	2	-18.980	-25.030	-2.370	-1
rxn04571	primary-amine oxidase	1	-24.020	-21.950	-20.940	37
rxn04574	R06743	none	49.420	71.870	-82.390	-1
rxn04577	R06750	none	-20.300	-2.540	4.910	7
rxn04578	R06757	2	-26.410	-32.850	-26.410	-1
rxn04579	R06758	1	-108.280	-106.640	-98.290	-1
rxn04580	R06759	1	-118.000	-116.440	-128.220	-1
rxn04584	R06767	none	-12.060	-11.820	-49.880	-1
rxn04585	R06769	none	-25.570	-8.490	-11.690	-1
rxn04586	R06770	2	-1.700	-13.370	-15.910	20
rxn04587	R06771	2	-4.330	7.400	-7.420	1
rxn04588	R06772	2	2.230	73.780	2.090	-1
rxn04589	R06773	none	-1.700	4.210	-27.980	-1
rxn04590	R06774	none	-4.330	7.400	-10.900	1
rxn04592	R06777	none	-25.570	-74.210	-12.920	11
rxn04593	R06778	none	-25.570	-67.810	-3.960	-1
rxn04597	3-phenylpropanoate,NADH:oxygen oxidoreductase (2,3-hydroxylating)	1	-72.350	-88.440	-93.790	23
rxn04598	trans-cinnamate,NADH:oxygen oxidoreductase (2,3-hydroxylating)	1	-72.350	-86.880	-94.860	23
rxn04599	3-(cis-5,6-dihydroxycyclohexa-1,3-dien-1-yl)propanoate:NAD+ oxidoreductase	1	-10.530	-14.040	28.930	10
rxn04600	(2E)-3-(cis-5,6-dihydroxycyclohexa-1,3-dien-1-yl)prop-2-enoate:NAD+ oxidoreductase	1	-10.530	-14.040	28.480	10
rxn04601	3-(3-hydroxyphenyl)propanoate,NADH:oxygen oxidoreductase (2-hydroxylating)	1	-95.860	-105.820	-83.240	26
rxn04602	(2E)-3-(3-hydroxyphenyl)prop-2-enoate,NADH:oxygen oxidoreductase (2-hydroxylating)	1	-95.860	-105.820	-82.850	26
rxn04603	R06788	1	-74.560	-62.490	-116.590	-1
rxn04604	R06789	3	-11.890	-11.630	-3.170	-1
rxn04607	apigenin,NADPH:oxygen oxidoreductase (isoflavanone-forming)	1	-96.960	-135.560	-103.860	-1
rxn04608	2-hydroxy-2,3-dihydrogenistein hydro-lyase (genistein-forming)	4	-11.880	26.470	-20.660	-1
rxn04609	S-adenosyl-L-methionine:hydroxyisoflavone 7-O-methyltransferase	2	0.820	-1.980	-22.590	-1
rxn04610	UDP-glucose:isoflavone 7-O-beta-D-glucosyltransferase	2	3.450	-12.470	-12.760	-1
rxn04611	malonyl-CoA:isoflavone-7-O-beta-D-glucoside 6''-O-malonyltransferase	2	-8.760	-0.680	-2.480	-1
rxn04612	malonyl-CoA:flavonol-3-O-beta-D-glucoside 6''-O-malonyltransferase	2	-3.850	-1.670	-1.880	-1
rxn04614	malonyl-CoA:pelargonidin-3-O-(6-caffeoyl-beta-D-glucoside)-5-O-beta-D-glucoside 6'''-O-malonyltransferase	2	-3.610	-0.710	-2.340	-1
rxn04615	R06800	2	-3.610	1.030	3.600	-1
rxn04616	malonyl-CoA:anthocyanidin-3-O-beta-D-glucoside 6''-O-malonyltransferase	2	-3.610	-7.860	-1.590	-1
rxn04617	R06802	2	-1.700	-5.970	-6.860	29
rxn04618	UDP-glucose:pelargonidin 3-O-rutinoside 5-O-beta-D-glucosyltransferase	2	-1.700	-13.090	-12.540	20
rxn04619	UDP-glucose:flavonol-3-O-glucoside 2''-O-beta-D-glucosyltransferase	2	-0.900	-3.060	-7.100	-1
rxn04620	UDP-glucose:flavonol-3-O-beta-D-glucosyl-(1->2)-beta-D-glucoside 2'''-O-beta-D-glucosyltransferase	2	-1.700	-3.060	-5.640	29
rxn04621	4-coumaroyl-CoA:flavonol-3-O-[beta-D-glucosyl-(1->2)-beta-D-glucosyl-(1->2)-beta-D-glucoside] 6'''-O-4-coumaroyltransferase	2	-3.610	-2.400	-2.180	33
rxn04622	S-adenosyl-L-methionine:kaempferol 4'-O-methyltransferase	2	-3.910	-57.600	-22.440	-1
rxn04623	UDP-galactose:kaempferol 3-O-beta-D-galactosyltransferase	2	-1.280	-29.030	-11.870	-1
rxn04624	3'-phosphoadenylyl-sulfate:quercetin-3,3'-bissulfate 7-sulfotransferase	2	-13.200	-69.290	-8.970	11
rxn04626	UDP-D-xylose:flavonol-3-O-glycoside 2''-O-beta-D-xylosyltransferase	2	-1.700	-3.350	-7.800	29
rxn04627	UDP-glucose:flavonol-3-O-glucoside 2''-O-beta-D-glucosyltransferase	2	-1.940	-3.710	-7.100	29
rxn04628	UDP-glucose:flavonol-3-O-beta-D-glucosyl-(1->2)-beta-D-glucoside 2'''-O-beta-D-glucosyltransferase	2	-1.700	-3.880	-5.640	29
rxn04629	UDP-D-xylose:flavonol-3-O-glycoside 2''-O-beta-D-xylosyltransferase	2	-1.140	-4.000	-7.800	-1
rxn04630	S-adenosyl-L-methionine:myricetin O-methyltransferase	2	-3.530	-1.700	-23.030	8
rxn04631	S-adenosyl-L-methionine:myricetin O-methyltransferase	2	-4.330	-1.880	-23.150	8
rxn04632	malonyl-CoA:anthocyanidin-3-O-beta-D-glucoside 6''-O-malonyltransferase	2	-3.610	-0.910	-1.630	-1
rxn04633	R06818	2	-1.700	-12.990	-6.860	-1
rxn04634	UDP-glucose:cyanidin 3-O-rutinoside 5-O-beta-D-glucosyltransferase	2	-1.700	-13.070	-12.520	20
rxn04635	UDP-L-rhamnose:flavanone-7-O-glucoside 2''-O-alpha-L-rhamnosyltransferase	2	-1.700	-3.370	-2.260	-1
rxn04636	malonyl-CoA:flavone-7-O-beta-D-glucoside 6''-O-malonyltransferase	2	-3.610	-0.700	-1.660	-1
rxn04639	S-adenosyl-L-methionine:vitexin-2''-O-beta-L-rhamnoside 7-O-methyltransferase	2	-3.530	14.360	-42.700	-1
rxn04641	UDP-L-rhamnose:apigenin 7-O-beta-D-glucoside 2''-O-beta-L-rhamnosyltransferase	2	-1.700	-3.370	-2.260	-1
rxn04642	UDP-glucuronate:luteolin-7-O-beta-D-glucuronide 2''-O-glucuronosyltransferase	2	-1.700	-3.370	-10.120	29
rxn04643	UDP-glucuronate:luteolin-7-O-beta-D-diglucuronide 4'-O-glucuronosyltransferase	2	-1.700	-12.890	-15.510	20
rxn04644	UDP-L-rhamnose:luteolin-7-O-beta-D-glucoside 2''-O-alpha-L-rhamnosyltransferase	2	-11.200	-3.370	-2.260	-1
rxn04645	R06830	none	-3.120	-4.700	-7.230	31
rxn04646	R06831	1	-69.910	-95.390	-90.930	23
rxn04647	cis-1,2-dihydrobenzene-1,2-diol:NAD+ oxidoreductase	1	-12.970	-22.520	47.450	-1
rxn04648	catechol:oxygen 1,2-oxidoreductase	1	-93.820	-52.780	-154.040	-1
rxn04650	4-carboxymethylenebut-2-en-4-olide lactonohydrolase	3	-25.690	4.620	-6.610	-1
rxn04651	ATP:ribose-1,5-bisphosphate phosphotransferase	2	9.500	2.620	-1.130	-1
rxn04653	4-carboxymethylenebut-2-en-4-olide lactonohydrolase	3	-23.090	-1.010	-10.500	-1
rxn04654	catechol:oxygen 1,2-oxidoreductase	1	-95.580	-73.770	-130.040	-1
rxn04661	L-quinate:NADP+ 3-oxidoreductase	1	2.330	-3.730	3.390	-1
rxn04662	shikimate:NAD+ 3-oxidoreductase	1	0.780	2.290	14.600	-1
rxn04664	R06849	none	12.940	14.010	12.880	22
rxn04666	R06851	1	-95.860	-105.790	-73.310	-1
rxn04667	R06852	1	1.500	-1.300	-7.740	-1
rxn04668	R06853	1	-1.760	-6.840	-37.620	-1
rxn04671	R06856	1	-72.350	-87.440	-92.540	23
rxn04672	cis-1,2-dihydrobenzene-1,2-diol:NAD+ oxidoreductase	1	-10.530	-15.010	30.320	10
rxn04673	R06858	2	-20.970	-25.360	-48.650	-1
rxn04674	R06859	2	-19.390	-10.800	12.280	10
rxn04676	D-xylulose-5-phosphate:thiamin diphosphate glycolaldehydetransferase	2	1.240	0.270	-21.040	-1
rxn04677	alpha,beta-Dihydroxyethyl-TPP:formaldehyde glycolaldehydetransferase	2	-3.900	-4.560	15.950	-1
rxn04678	D-Sedoheptulose-7-phosphate:thiamin diphosphate glycolaldehydetransferase	2	-0.840	1.200	-19.670	-1
rxn04680	R06866	4	-0.130	-2.540	2.300	-1
rxn04681	S-Adenosyl-L-methionine:methylethanolamine phosphate N-methyltransferase	2	-13.080	-3.080	3.370	7
rxn04682	S-Adenosyl-L-methionine:phosphodimethylethanolamine N-methyltransferase	2	23.270	-3.400	0.990	-1
rxn04683	Phosphoethanolamine phosphohydrolase	3	7.220	-1.120	-2.090	3
rxn04684	Phosphocholine phosphohydrolase	3	7.220	-2.060	-2.020	3
rxn04691	R06882	none	-0.220	-1.670	-31.490	-1
rxn04692	R06883	1	-92.610	-96.580	-87.710	-1
rxn04693	R06884	1	-92.610	-93.850	-95.400	27
rxn04694	R06885	4	-5.070	0.080	-25.530	-1
rxn04695	R06886	1	-84.680	-89.210	-56.460	-1
rxn04697	R06888	1	-92.610	-96.580	-87.710	-1
rxn04699	R06890	1	-94.420	-94.870	-85.610	-1
rxn04700	R06891	1	2.240	4.310	1.580	-1
rxn04701	(4-hydroxyphenyl)ethan-1-one,NADPH:oxygen oxidoreductase (ester-forming)	1	-113.760	-116.570	-108.410	-1
rxn04702	aryl-ester hydrolase	3	8.380	-2.340	-1.490	3
rxn04703	R06894	1	-4.490	-5.230	1.210	10
rxn04706	2,4-dihydroxyhept-2-enedioate hydro-lyase	4	-3.710	0.100	8.380	-1
rxn04707	R06898	none	44.590	24.740	13.790	-1
rxn04708	R06899	none	42.850	-47.400	44.610	-1
rxn04711	R06902	none	-39.480	-49.280	-82.130	-1
rxn04712	R06903	4	-14.210	-9.070	-18.340	-1
rxn04718	naphthalene,NADH:oxygen oxidoreductase (1,2-hydroxylating)	1	-70.720	-82.160	-91.100	23
rxn04719	cis-1,2-dihydronaphthalene-1,2-diol:NAD+ 1,2-oxidoreductase	1	-15.840	-20.320	26.450	10
rxn04720	R06911	1	-82.520	-86.370	-58.380	-1
rxn04721	R06912	5	10.980	15.680	-42.690	-1
rxn04722	R06913	4	1.860	2.860	17.740	-1
rxn04723	R06914	1	-9.740	-9.100	-13.210	40
rxn04724	salicylate,NADH:oxygen oxidoreductase (1-hydroxylating,decarboxylating)	1	-95.990	-108.360	-87.920	-1
rxn04725	R06916	1	-96.290	-93.850	-93.650	-1
rxn04726	1-hydroxymethylnaphthalene:NAD+ oxidoreductase	1	3.700	4.940	4.330	19
rxn04727	R06918	1	-9.740	-9.120	-10.400	40
rxn04728	R06919	1	-67.040	-82.160	-89.120	23
rxn04729	R06920	1	-30.610	-35.520	8.770	-1
rxn04730	R06921	1	-82.520	-86.740	-105.120	-1
rxn04731	R06922	5	10.980	15.690	0.960	-1
rxn04732	R06923	4	1.860	3.250	18.040	-1
rxn04733	R06924	1	-41.480	-41.160	-45.730	34
rxn04734	R06925	4	-0.130	-2.160	-4.280	16
rxn04735	R06926	1	-96.290	-93.850	-93.980	-1
rxn04736	(2-naphthyl)methanol:NAD+ oxidoreductase	1	3.700	4.940	4.990	19
rxn04737	R06928	1	-9.740	-9.120	-11.100	40
rxn04739	naphthalene,NADH:oxygen oxidoreductase (1,2-hydroxylating)	1	-67.040	-82.160	-91.100	23
rxn04740	cis-1,2-dihydronaphthalene-1,2-diol:NAD+ 1,2-oxidoreductase	1	-15.840	-20.320	25.110	10
rxn04741	R06932	1	-82.520	-86.370	-99.710	23
rxn04742	R06933	5	10.980	15.650	-1.900	-1
rxn04743	R06934	4	1.860	2.840	17.730	-1
rxn04744	R06935	1	-9.740	-9.060	-13.170	40
rxn04745	salicylate,NADH:oxygen oxidoreductase (1-hydroxylating,decarboxylating)	1	-95.990	-108.370	-83.300	26
rxn04746	naphthalene,NADH:oxygen oxidoreductase (1,2-hydroxylating)	1	-70.720	-82.160	-91.100	23
rxn04748	salicylate,NADH:oxygen oxidoreductase (1-hydroxylating,decarboxylating)	1	-95.990	-108.370	-83.290	26
rxn04749	R06940	3	0.740	-6.970	-1.630	-1
rxn04750	(S)-3-hydroxyacyl-CoA:NAD+ oxidoreductase	1	3.790	4.460	-2.220	5
rxn04751	(3S)-3-hydroxyacyl-CoA hydro-lyase	4	-2.160	0.100	1.670	-1
rxn04752	R06943	1	11.740	10.660	4.460	21
rxn04753	R06944	6	-21.520	-3.670	-1.840	-1
rxn04754	R06945	1	-99.900	-98.170	-99.980	-1
rxn04755	zeaxanthin,NADH:oxygen oxidoreductase	1	-104.940	-78.110	-80.310	-1
rxn04756	zeaxanthin,NADH:oxygen oxidoreductase	1	-104.940	-78.110	-80.310	-1
rxn04759	R06950	none	0.000	0.000	0.000	16
rxn04762	9-cis-Violaxanthin:9-cis-epoxycarotenoid dioxygenase	1	-83.780	-87.380	-71.340	23
rxn04763	xanthoxin:NAD+ oxidoreductase	1	13.410	-14.070	-8.450	-1
rxn04765	R06956	none	-1.360	-29.250	-24.140	-1
rxn04766	abscisic-aldehyde:oxygen oxidoreductase	1	-41.480	-40.770	-30.800	-1
rxn04767	R06958	none	11.070	10.240	13.580	21
rxn04769	carotenoid psi-end group lyase (decyclizing)	5	-16.890	-28.970	-8.040	-1
rxn04770	R06961	none	-6.280	-1.020	-6.290	-1
rxn04771	carotenoid beta-end group lyase (decyclizing)	5	-20.130	-34.920	-2.720	-1
rxn04772	carotenoid psi-end group lyase (decyclizing)	5	16.890	28.970	-9.050	-1
rxn04776	N-isopropylammelide isopropylaminohydrolase	3	26.910	66.000	-2.290	-1
rxn04777	R06968	none	7.340	66.910	21.480	-1
rxn04778	R06969	3	-23.210	54.110	3.260	-1
rxn04779	R06970	3	7.340	131.870	21.400	-1
rxn04780	R06971	3	-23.210	54.110	3.310	-1
rxn04781	R06972	3	31.170	68.100	17.060	-1
rxn04782	R06973	4	-4.280	-1.800	-1.290	-1
rxn04784	5-formaminoimidazole-4-carboxamide-1-beta-D-ribofuranosyl 5'-monophosphate synthetase	6	-6.310	1.040	0.080	-1
rxn04785	R06976	2	32.200	1.550	0.690	-1
rxn04786	L-2,4-diaminobutyrate:2-oxoglutarate 4-aminotransferase	2	1.000	-6.980	-6.810	-1
rxn04787	L-2,4-diaminobutyrate acetyltransferase	2	-5.260	-5.480	-2.540	-1
rxn04788	Ectoine hydro-lyase	4	6.890	5.420	-11.180	-1
rxn04789	sulfoacetaldehyde:NAD+ oxidoreductase	1	-9.740	-9.510	-2.790	39
rxn04791	S-(hydroxymethyl)glutathione synthase	4	-3.110	-2.580	3.650	10
rxn04792	S-(hydroxymethyl)glutathione dehydrogenase	1	-6.050	-7.010	6.120	10
rxn04793	trans-Hex-2-enoyl-CoA reductase	1	-16.580	-14.080	-9.370	-1
rxn04794	propanoyl-CoA:formate C-propanoyltransferase	2	-5.050	-0.850	-0.460	-1
rxn04795	3-(hydroxyamino)phenol hydroxymutase	5	-6.440	-51.620	-24.920	-1
rxn04800	R06993	none	-28.580	-38.950	-19.250	-1
rxn04805	S-adenosyl-L-methionine:27-O-demethylrifamycin-SV 27-O-methyltransferase	2	14.650	19.480	-9.190	-1
rxn04807	naphthalene, NADPH:oxygen oxidoreductase (RH-hydroxylating or -epoxidizing)	1	-71.090	-171.690	-99.680	-1
rxn04808	Naphthalene, NADPH:oxygen oxidoreductase (RH-hydroxylating or -epoxidizing)	1	-71.090	-171.690	-97.280	-1
rxn04809	(1R)-hydroxy-(2R)-glutathionyl-1,2-dihydronaphthalene glutathione-lyase (epoxide-forming)	2	-9.250	84.460	-5.780	-1
rxn04810	(1R)-glutathionyl-(2R)-hydroxy-1,2-dihydronaphthalene glutathione-lyase (epoxide-forming)	2	-9.250	84.460	-15.650	-1
rxn04811	(1S)-hydroxy-(2S)-glutathionyl-1,2-dihydronaphthalene glutathione-lyase (epoxide-forming)	2	-9.250	84.460	-7.980	-1
rxn04816	R07009	none	-28.450	65.900	7.710	-1
rxn04817	R07010	none	-28.450	65.900	5.310	-1
rxn04818	R07011	none	-28.450	65.900	6.790	-1
rxn04819	R07012	none	-28.450	65.900	4.390	-1
rxn04820	(1R,2S)-naphthalene 1,2-oxide hydrolase	3	0.370	89.560	10.750	-1
rxn04821	(1S,2R)-naphthalene 1,2-oxide hydrolase	3	0.370	89.560	8.350	-1
rxn04822	1,2-Dihydronaphthalene-1,2-diol dehydrogenase	1	-15.840	-20.350	22.940	10
rxn04823	1,2-Dihydronaphthalene-1,2-diol, NADPH:oxygen oxidoreductase (RH-hydroxylating or -epoxidizing)	none	-85.480	11.110	-77.510	-1
rxn04824	R07017	none	5.090	4.620	-33.020	-1
rxn04826	R07019	none	4.350	1.950	-21.040	-1
rxn04827	beta-Naphthol, NADPH:oxygen oxidoreductase (RH-hydroxylating or -epoxidizing)	none	-95.860	-105.800	-82.880	26
rxn04838	R07031	3	-3.630	6.170	8.670	6
rxn04839	R07032	3	-3.630	6.170	8.670	6
rxn04840	Glutathione: 5-HPETE oxidoreductase	1	-34.200	-0.370	-73.770	0
rxn04841	Glutathione: 15-HPETE oxidoreductase	1	-34.200	-0.370	-73.770	0
rxn04843	Hepoxilin B3 hydrolase	3	-3.630	6.170	7.370	6
rxn04844	Arachidonate: oxygen 12-oxidoreductase	1	-69.980	-0.000	-27.710	0
rxn04845	12-HPETE hydroxymutase	5	-10.100	0.000	-60.500	0
rxn04846	12-HPETE hydroxymutase	5	-10.100	0.000	-55.620	0
rxn04847	Arachidonic acid:oxygen 1-oxidoreductase	1	-92.610	-93.700	-95.790	27
rxn04848	R07042	1	-10.100	0.000	-57.360	0
rxn04849	R07043	1	-10.100	0.000	-56.460	0
rxn04850	R07044	1	-3.630	6.170	6.900	6
rxn04851	R07045	1	-3.630	6.170	6.980	6
rxn04852	R07046	1	-94.420	-94.750	-100.330	-1
rxn04853	Arachidonate: oxygen 11-oxidoreductase	1	-69.980	0.000	-26.840	0
rxn04854	R07048	1	-94.500	-100.820	-93.060	-1
rxn04855	Arachidonate:oxygen 9-oxidoreductase	1	-69.980	0.000	-24.540	0
rxn04856	R07050	1	-94.500	-100.820	-94.810	-1
rxn04857	R07051	1	-94.500	-100.820	-94.810	-1
rxn04858	R07052	1	-94.500	-100.820	-93.060	-1
rxn04859	Arachidonate:oxygen 8-oxidoreductase	1	-69.980	0.000	-25.410	0
rxn04860	R07054	1	-94.420	-94.750	-99.080	-1
rxn04861	R07055	1	-94.500	-102.200	-93.470	-1
rxn04863	linoleate:oxygen 9-oxidoreductase	1	-69.980	0.000	-22.900	0
rxn04864	13-HODE:NAD+ oxidoreductase	none	2.240	4.460	2.070	19
rxn04865	R07059	1;5	0.000	0.000	-0.740	-1
rxn04866	R07060	1	-2.330	0.290	-4.990	-1
rxn04867	linoleate:oxygen (8R)-oxidoreductase	1	-65.160	0.000	-22.750	0
rxn04868	(8R,9Z,12Z)-8-hydroperoxyoctadeca-9,12-dienoate hydroxymutase [(7S,8S,9Z,12Z)-7,8-dihydroxyoctadeca-9,12-dienoate-forming]	1;5	-14.840	-0.000	-63.810	0
rxn04870	R07067	none	-1.110	-0.100	-6.430	-1
rxn04891	1,1-dichloroethylene, NADPH:oxygen oxidoreductase (RH-hydroxylating or -epoxidizing)	1	-106.990	-105.530	-105.220	24
rxn04892	1,1-dichloroethylene, NADPH:oxygen oxidoreductase (RH-hydroxylating or -epoxidizing)	1	-90.800	-96.720	-89.480	-1
rxn04893	1,1-dichloroethylene, NADPH:oxygen oxidoreductase (RH-hydroxylating or -epoxidizing)	1	-108.530	11.110	-102.650	-1
rxn04894	S-(2,2-dichloro-1-hydroxy)ethyl-glutathione 2,2-dichloroacetaldehyde-lyase (glutathione-forming)	2	-0.450	2.030	4.640	-1
rxn04898	R07095	none	9.170	-0.000	11.820	-1
rxn04901	trichloroethene, NADPH:oxygen oxidoreductase (RH-hydroxylating or -epoxidizing)	1	-95.070	-100.020	-81.890	-1
rxn04902	trichloroethene, NADPH:oxygen oxidoreductase (RH-hydroxylating or -epoxidizing)	1	-102.170	-100.810	-104.440	-1
rxn04904	R07101	none	9.170	-0.000	11.820	-1
rxn04905	R07102	none	-13.030	0.000	-22.060	-1
rxn04907	Chloral:NAD(P)+ oxidoreductase	1	-18.910	-20.160	-14.320	-1
rxn04908	trichloroethanol:NAD+ oxidoreductase	1	-14.420	10.230	-16.340	-1
rxn04909	UDP-glucuronate beta-D-glucuronosyltransferase	2	-1.700	-4.850	-6.950	29
rxn04910	Trichloroethanol, NADPH:oxygen oxidoreductase (RH-hydroxylating or -epoxidizing)	1	-128.100	-128.490	-218.710	-1
rxn04911	14,15-EET hydrolase	3	-3.630	6.170	6.820	6
rxn04912	11,12-EET hydrolase	3	-3.630	6.170	6.820	6
rxn04913	8,9-EET hydrolase	3	-3.630	6.170	6.820	6
rxn04914	5,6-EET hydrolase	3	-3.630	6.170	6.820	6
rxn04923	R07120	none	9.520	10.240	11.160	21
rxn04925	9(10)-EpOME hydrolase	3	-3.630	6.170	7.240	6
rxn04926	R07123	none	7.030	6.630	10.550	-1
rxn04927	R07124	none	-1.780	-7.210	-1.260	-1
rxn04928	3-dehydro-L-gulonate-6-phosphate carboxy-lyase	4	-3.120	-2.340	-0.150	-1
rxn04930	ATP:3-dehydro-L-gulonate 6-phosphotransferase	2	-14.000	-3.660	-4.780	32
rxn04932	D-arabinitol:NAD+ 2-oxidoreductase (D-ribulose-forming)	1	3.840	-0.720	4.420	-1
rxn04933	mannitol:NAD+ 1-oxidoreductase	1	2.930	3.040	3.520	19
rxn04934	(R)-2-hydroxyacid:NAD+ oxidoreductase	1	6.250	4.460	4.380	19
rxn04935	(R)-2-hydroxyacid:NADP+ oxidoreductase	1	6.250	4.430	3.790	19
rxn04936	3beta-hydroxy-5alpha-steroid:NADP+ 3-oxidoreductase	1	2.330	-0.290	-0.570	15
rxn04937	lactaldehyde:NADP+ oxidoreductase	1	6.250	4.040	1.500	-1
rxn04938	S-(hydroxymethyl)glutathione:NADP+ oxidoreductase	1	-6.050	-7.040	5.540	10
rxn04939	2'-deoxymugineic acid:NAD+ 3''-oxidoreductase	1	-3.250	4.460	6.370	6
rxn04940	2'-deoxymugineic acid:NADP+ 3''-oxidoreductase	1	-3.250	4.430	5.790	6
rxn04941	D-arabinitol:NADP+ oxidoreductase	1	3.840	-0.750	3.770	-1
rxn04942	D-arabinitol:NADP+ oxidoreductase	1	3.840	-0.750	3.840	-1
rxn04943	L-iditol:NAD+ 2-oxidoreductase	1	3.600	1.980	3.160	19
rxn04944	4-hydroxy-L-proline:NAD+ oxidoreductase	1	-7.170	-0.550	3.550	-1
rxn04945	D-glucose:NADP+ 1-oxidoreductase	1	-1.970	-1.080	-0.790	-1
rxn04947	3beta-hydroxy-4beta-methyl-5alpha-cholest-7-ene-4alpha-carboxylate:NADP+ 3-oxidoreductase (decarboxylating)	1	0.340	-5.740	-1.140	-1
rxn04948	dTDP-D-galactose:NADP+ 6-oxidoreductase	1	-4.490	-5.290	0.720	10
rxn04949	L-2-hydroxyphytanate:oxygen 2-oxidoreductase	1	-25.490	-27.190	-33.040	-1
rxn04950	xylitol:oxygen oxidoreductase	1	-27.010	-30.380	-24.970	37
rxn04952	L-aspartate:NAD+ oxidoreductase (deaminating)	1	8.720	9.400	9.940	21
rxn04953	L-aspartate:NADP+ oxidoreductase (deaminating)	1	8.720	9.370	9.360	21
rxn04954	5-methyltetrahydrofolate:NAD+ oxidoreductase	1	3.820	10.400	9.440	-1
rxn04955	(R)-tetrahydroberberine:NADP+ oxidoreductase	1	15.120	-3.130	-16.470	-1
rxn04956	(R)-6-hydroxynicotine:oxygen oxidoreductase	1	-34.900	-6.740	-11.110	-1
rxn04957	NADH:oxygen oxidoreductase	1	-31.740	-31.650	-32.210	-1
rxn04958	NADPH:oxygen oxidoreductase	1	-31.740	-31.620	-31.620	-1
rxn04959	hydroxylamine:acceptor oxidoreductase	1;3	-3.030	-9.550	-13.350	-1
rxn04960	CoA:NADP+ oxidoreductase	1	2.940	-2.990	1.760	-1
rxn04961	thiosulfate:6-decylubiquinone oxidoreductase	1	-18.110	-0.190	-49.190	0
rxn04964	acetylacetone:oxygen oxidoreductase	1	-111.450	-101.570	-107.430	-1
rxn04966	2'-deoxymugineic acid,2-oxoglutarate:oxygen oxidoreductase(2-hydroxylating)	1	-117.780	-107.710	-108.520	-1
rxn04967	mugineic acid,2-oxoglutarate:oxygen oxidoreductase (3-hydroxylating)	1	-110.080	-109.880	-106.440	24
rxn04968	2'-deoxymugineic acid,2-oxoglutarate:oxygen oxidoreductase (3-hydroxylating)	1	-119.580	-109.870	-106.340	-1
rxn04969	benzoate,NADH:oxygen oxidoreductase (1,2-hydroxylating)	1	-71.710	-83.290	-86.360	23
rxn04971	R07190	1	-15.430	-122.430	-63.250	-1
rxn04972	tetrachlorophenol,NADPH:oxygen oxidoreductase (hydroxylating)	1	-95.860	-106.400	-82.620	26
rxn04973	alkene,NADH:oxygen oxidoreductase	1	-93.910	-100.560	-91.770	-1
rxn04974	2-dimethylallyl-(6aS,11aS)-3,6a,9-trihydroxypterocarpan,NADPH:oxygen oxidoreductase (cyclizing)	1	-119.370	-115.870	-102.840	-1
rxn04975	2-dimethylallyl-(6aS,11aS)-3,6a,9-trihydroxypterocarpan,NADPH:oxygen oxidoreductase (cyclizing)	1	-104.400	-112.590	-98.770	-1
rxn04976	4-dimethylallyl-(6aS,11aS)-3,6a,9-trihydroxypterocarpan,NADPH:oxygen oxidoreductase (cyclizing)	1	-119.370	-115.870	-102.840	-1
rxn04978	zeaxanthin,NADPH:oxygen oxidoreductase	1	-104.940	-78.080	-79.720	-1
rxn04979	zeaxanthin,NAD(P)H:oxygen oxidoreductase	1	-104.940	-78.080	-79.720	-1
rxn04980	phenylacetone,NADPH:oxygen oxidoreductase	1	-103.280	-101.960	-95.600	-1
rxn04981	abscisate,NADPH:oxygen oxidoreductase (8'-hydroxylating)	1	-92.610	-93.820	-95.030	27
rxn04982	lithocholate,NADPH:oxygen oxidoreductase (6beta-hydroxylating)	1	-96.220	-97.040	-93.760	28
rxn04983	5beta-cholestane-3alpha,7alpha-diol,NADPH:oxygen oxidoreductase(12alpha-hydroxylating)	1	-96.220	-97.040	-95.850	28
rxn04984	taurochenodeoxycholate,NADPH:oxygen oxidoreductase(6alpha-hydroxylating)	1	-96.220	-97.040	-94.860	28
rxn04985	lithocholate,NADPH:oxygen oxidoreductase(6alpha-hydroxylating)	1	-96.220	-97.040	-9.220	-1
rxn04986	cholesterol,NADPH:oxygen oxidoreductase (24-hydroxylating)	1	-94.420	-94.870	-96.470	27
rxn04987	24-Hydroxycholesterol,NADPH:oxygen oxidoreductase(7alpha-hydroxylating)	1	-96.220	-97.040	-93.850	28
rxn04988	cholest-5-ene-3beta,25-diol,NADPH:oxygen oxidoreductase(7alpha-hydroxylating)	1	-96.220	-97.040	-93.850	28
rxn04989	L-phenylalanine,tetrahydrobiopterin:oxygen oxidoreductase(4-hydroxylating)	1	-105.950	-57.980	-93.800	-1
rxn04990	L-tyrosine,tetrahydrobiopterin:oxygen oxidoreductase(3-hydroxylating)	1	-105.950	-79.940	-77.140	-1
rxn04991	L-tryptophan,tetrahydrobiopterin:oxygen oxidoreductase(5-hydroxylating)	1	-105.950	-71.670	-90.790	-1
rxn04994	n-tetradecanoyl-CoA,NADPH:O2 oxidoreductase [11-(E) desaturating]	1	-90.700	-94.970	-109.230	-1
rxn04995	n-tetradecanoyl-CoA,NADPH:O2 oxidoreductase [11-(Z) desaturating]	1	-90.700	-94.970	-110.380	-1
rxn04996	dimethyallyl diphosphate:NADP+ oxidoreductase	1	16.230	15.610	15.320	22
rxn04997	deoxycholate:FAD oxidoreductase (7alpha-dehydroxylating)	1	7.780	8.710	10.900	21
rxn04998	6-hydroxynicotinate:O2 oxidoreductase	1	-18.300	-28.170	15.470	-1
rxn04999	phenylacetyl-CoA:quinone oxidoreductase	1	-6.060	-19.010	14.080	-1
rxn05000	2',4,4',6'-tetrahydroxychalcone:oxygen oxidoreductase	1	-77.950	-110.430	-85.270	-1
rxn05001	2',3,4,4',6'-pentahydroxychalcone:oxygen oxidoreductase	1	-73.010	-117.730	-124.350	-1
rxn05003	S-adenosyl-L-methionine:2-nonaprenyl-3-methyl-5-hydroxy-6-methoxy-1,4-benzoquinone 3-O-methyltransferase	2	-3.530	0.400	7.280	-1
rxn05004	S-adenosyl-L-methionine:gamma-tocopherol 5-O-methyltransferase	2	-20.610	-5.450	-4.270	-1
rxn05007	S-adenosyl-L-methionine:isoeugenol O-methyltransferase	2	-4.330	-1.830	-23.120	8
rxn05008	S-adenosyl-L-methionine:protoberberine 13-C-methyltransferase	2	-36.090	-1.740	14.150	-1
rxn05009	S-adenosyl-L-methionine:isoliquiritigenin 2'-O-methyltransferase	2	-4.330	-1.390	-16.740	8
rxn05010	S-adenosyl-L-methionine:sarcosine N-methyltransferase	2	-13.080	-3.070	2.270	7
rxn05011	S-adenosyl-L-methionine:N,N-dimethylglycine N-methyltransferase	2	23.270	-1.830	3.330	-1
rxn05012	carbamoyl-phosphate:N2-acetyl-L-ornithine carbamoyltransferase	2	0.580	-2.340	-7.140	-1
rxn05015	alpha,alpha'-trehalose-6-mycolate:alpha,alpha'-trehalose-6-mycolate 6'-mycolyltransferase	2	0.000	-0.750	0.000	16
rxn05016	malonyl-CoA:N-methylanthraniloyl-CoA malonyltransferase (cyclizing)	2	-5.880	-37.200	-1.700	-1
rxn05018	acetyl-CoA:taxan-10beta-ol O-acetyltransferase	2	-3.610	1.280	-0.900	-1
rxn05021	GDP-mannose:undecaprenyl-phosphate D-mannosyltransferase	2	9.500	57.980	10.210	-1
rxn05022	UDP-glucose:cis-zeatin O-beta-D-glucosyltransferase	2	-1.700	-5.270	-8.590	29
rxn05023	1,4-dihydroxy-2-naphthoyl-CoA hydrolase	3	-5.720	-6.400	-13.550	-1
rxn05024	4-(2-carboxyphenyl)-4-oxobutanoyl-CoA dehydratase (cyclizing)	4	-8.550	-19.490	25.100	10
rxn05025	2-alpha-D-glucosyl-D-glucose:phosphate beta-D-glucosyltransferase	2	-10.330	2.780	5.800	6
rxn05026	alpha,alpha-trehalose:phosphate alpha-D-glucosyltransferase	2	-10.330	3.520	6.340	6
rxn05028	(E)-octaprenyl-diphosphate:isopentenyl-diphosphate octaprenyltranstransferase	2	-22.500	-18.640	-22.440	36
rxn05030	di-trans,poly-cis-decaprenyl-diphosphate:isopentenyl-diphosphate undecaprenylcistransferase	2	-22.500	-18.640	-23.150	36
rxn05031	prephytoene diphosphate:geranylgeranyl-diphosphate geranylgeranyltransferase	2	-13.160	11.220	-9.910	1
rxn05032	dimethylallyl-diphosphate:(6aS,11aS)-3,6a,9-trihydroxypterocarpan dimethylallyltransferase	2	-26.410	-19.090	-26.410	-1
rxn05033	dimethylallyl-diphosphate:(6aS,11aS)-3,6a,9-trihydroxypterocarpan dimethylallyltransferase	2	-26.410	-19.090	-27.750	-1
rxn05034	solanesyl-diphosphate:4-hydroxybenzoate nonaprenyltransferase	2	-26.410	-19.410	-21.920	-1
rxn05035	O-phospho-L-serine:hydrogen-sulfide 2-amino-2-carboxyethyltransferase	2	11.390	-8.650	-8.880	3
rxn05036	L-arogenate:2-oxoglutarate aminotransferase	2	0.000	-2.280	-1.080	16
rxn05037	nicotianamine:2-oxoglutarate aminotransferase; nicotianamine transaminase	2	-9.500	-2.080	-1.080	-1
rxn05038	ATP:1D-myo-inositol 3-phosphotransferase	2	-14.000	-1.020	-5.600	-1
rxn05039	R07280	3	7.220	-3.330	-2.930	3
rxn05040	D-ribulose 5-phosphate formate-lyase (L-3,4-dihydroxybutan-2-one 4-phosphate-forming)	4	-20.750	-20.390	-24.670	-1
rxn05042	3'-phosphoadenylyl-sulfate:glycolithocholate sulfotransferase	2	-14.000	-59.800	9.480	-1
rxn05044	formyl-CoA:oxalate CoA-transferase	2	-1.540	1.430	-17.170	-1
rxn05047	phenylglyoxylyl-CoA hydrolase	3	-5.720	-6.460	-3.460	-1
rxn05048	deoxycholoyl-CoA hydrolase	3	-5.720	-6.460	-7.360	42
rxn05049	choloyl-CoA hydrolase	3	-5.720	-6.460	-13.420	-1
rxn05052	N8-acetylspermidine amidohydrolase	3	-2.000	-2.910	-6.930	29
rxn05053	(S)-N-acetylphenylethylamine:H2O hydrolase	3	-2.000	-1.950	-4.200	29
rxn05055	N-benzylformamide amidohydrolase	3	0.740	-6.980	1.700	-1
rxn05057	cyanuric acid amidohydrolase	3	-41.850	-19.190	-40.700	-1
rxn05058	GTP 8,9-hydrolase (phosphate-forming)	3	-18.560	-14.430	-9.660	-1
rxn05059	dCTP aminohydrolase (dUMP-forming)	3	-32.420	-16.050	-12.250	-1
rxn05061	4-hydroxyphenylacetate carboxy-lyase	4	-4.930	-4.140	-6.640	-1
rxn05062	D-dopachrome carboxy-lyase	4	-23.070	68.960	32.830	-1
rxn05064	carbamate hydro-lyase	3;4	3.470	-2.320	-2.350	-1
rxn05065	2,7,4'-trihydroxyisoflavanone hydro-lyase (daidzein-forming)	4	-11.880	10.250	1.590	-1
rxn05066	7alpha,12alpha-dihydroxy-3-oxochol-4-enoate hydro-lyase	4	-11.110	-6.320	-9.900	-1
rxn05067	maltose 1-epimerase	5	0.000	-0.040	-2.890	-1
rxn05068	violaxanthin-capsorubin isomerase (ketone-forming)	5	14.400	-10.830	-13.370	-1
rxn05069	antheraxanthin-capsanthin isomerase (ketone-forming)	5	7.200	-5.420	-6.680	3
rxn05070	squalene mutase (cyclizing)	5	-119.150	-249.650	-16.800	-1
rxn05071	squalene mutase (cyclizing)	4	-126.740	-250.350	1.350	-1
rxn05072	1D-myo-inositol-3-phosphate lyase (isomerizing)	5	-1.680	-14.230	-16.100	20
rxn05073	flavanone,2-oxoglutarate:oxygen oxidoreductase (3-hydroxylating)	1	-110.080	-109.880	-106.650	24
rxn05078	UDP-L-rhamnose:flavanone-7-O-glucoside 2''-O-beta-L-rhamnosyltransferase	2	-1.700	-3.370	0.230	-1
rxn05080	UDP-glucose:flavonol-3-O-glucoside 2''-O-beta-D-glucosyltransferase	2	-1.700	-3.060	-6.730	29
rxn05081	UDP-glucose:flavonol-3-O-beta-D-glucosyl-(1->2)-beta-D-glucoside 2'''-O-beta-D-glucosyltransferase	2	-1.700	-3.060	-6.730	29
rxn05085	D-glucitol:NADP+ oxidoreductase	1	3.600	2.370	3.020	19
rxn05087	5,6,7,8-tetrahydropteridine:NAD+ oxidoreductase	1	-6.300	-10.100	-15.140	-1
rxn05088	5,6,7,8-tetrahydropteridine:NADP+ oxidoreductase	1	-6.300	-10.980	-15.720	-1
rxn05090	D-tryptophan:oxygen 2,3-oxidoreductase (decyclizing)	1	-92.100	-78.200	-85.280	-1
rxn05092	1,2-dihydroxy-5-(methylthio)pent-1-en-3-one:oxygen oxidoreductase (formate-forming)	1	-121.640	-121.170	-114.770	-1
rxn05094	leucocyanidin,2-oxoglutarate:oxygen oxidoreductase	1	-121.920	-122.410	-127.130	-1
rxn05095	flavanone,2-oxoglutarate:oxygen oxidoreductase (dehydrating)	1	-121.160	-83.340	-106.930	-1
rxn05096	dihydroflavonol,2-oxoglutarate:oxygen oxidoreductase	1	-119.580	-92.090	-95.950	-1
rxn05097	flavanone,NADPH:oxygen oxidoreductase	1	-95.860	-105.790	-91.990	25
rxn05098	3',5'-dihydroxyflavanone,NADPH:oxygen oxidoreductase	1	-95.860	-105.790	-82.140	26
rxn05099	isoflavone,NADPH:oxygen oxidoreductase (2'-hydroxylating)	1	-95.860	-105.810	-82.680	26
rxn05102	S-adenosyl-L-methionine:hydroxyisoflavone 7-O-methyltransferase	2	-3.530	14.630	-38.890	-1
rxn05104	S-methyl-5-thio-D-ribulose-1-phosphate hydro-lyase	4	-8.170	-9.800	-15.420	-1
rxn05105	2,3-diketo-5-methylthiopentyl-1-phosphate keto---enol-isomerase	3;5	0.000	-0.170	-0.120	16
rxn05106	2-hydroxy-5-(methylthio)-3-oxopent-1-enyl phosphate phosphohydrolase	3	7.220	-3.240	-3.840	3
rxn05107	5-(methylthio)-2,3-dioxopentyl-phosphate phosphohydrolase (isomerizing)	3	7.220	-3.410	-3.960	3
rxn05108	R07396	2	0.000	2.480	2.690	-1
rxn05109	R07399	2	-8.890	-10.350	-10.160	40
rxn05110	cephalosporin C:oxygen oxidoreductase (deaminating)	1	-23.020	-25.180	-22.680	37
rxn05111	R07401	none	-90.960	-89.260	-89.160	-1
rxn05112	(7R)-7-(4-carboxybutanamido)cephalosporanate amidohydrolase	3	-0.460	1.140	1.410	-1
rxn05113	indole,NADPH:oxygen oxidoreductase (2-hydroxylating)	1	-112.570	-115.710	-113.560	-1
rxn05114	5-amino-1-(5-phospho-D-ribosyl)imidazole:carbon-dioxide ligase (ADP-forming)	6	-21.850	-13.710	5.170	-1
rxn05115	5-carboxyamino-1-(5-phospho-D-ribosyl)imidazole carboxymutase	5	17.230	7.300	-11.050	-1
rxn05116	R07406	none	-3.120	-3.660	-6.490	-1
rxn05117	L-aspartate:NADP+ oxidoreductase (deaminating)	1	14.470	14.530	13.050	22
rxn05118	R07408	2	-12.230	-7.260	-13.670	-1
rxn05119	L-aspartate:NAD+ oxidoreductase (deaminating)	1	14.470	14.530	13.630	22
rxn05122	R07413	3	-3.110	-2.120	0.350	10
rxn05123	glutamate putrescine ligase	6	-6.320	-5.340	-5.910	-1
rxn05124	R07415	1	-24.020	-22.050	-21.000	37
rxn05125	N-Methylanthranilate:CoA ligase (AMP-forming)	6	-21.520	-2.510	-0.010	-1
rxn05126	R07417	1	-9.740	-9.050	-5.250	41
rxn05127	R07418	1	-9.740	-9.090	-5.830	41
rxn05128	4-(Glutamylamino)butanoate amidohydrolase	3	-0.460	-3.360	-0.190	-1
rxn05129	R07420	none	-36.270	-10.600	-10.390	-1
rxn05130	indolin-2-one,NADPH:oxygen oxidoreductase (3-hydroxylating)	1	-96.220	-97.030	-87.600	-1
rxn05131	3-hydroxyindolin-2-one,NADPH:oxygen oxidoreductase (2-hydroxy-2H-1,4-benzoxazin-3(4H)-one-forming)	1	-92.980	-102.370	-86.720	-1
rxn05132	2-hydroxy-2H-1,4-benzoxazin-3(4H)-one,NADPH:oxygen oxidoreductase (N-hydroxylating)	1	-81.960	-45.260	-58.660	-1
rxn05135	UDP-glucose:DIBOA 2-D-glucosyltransferase	2	-1.700	-3.060	-0.830	-1
rxn05136	p-coumaroyl-CoA:quinate hydroxycinnamoyltransferase	2	-3.610	-0.190	5.600	-1
rxn05137	5-O-caffeoylshikimic acid:shikimate hydroxycinnamoyltransferase	2;3	3.610	4.380	-3.540	5
rxn05142	sinapoyl aldehyde:NAD oxidoreductase	1	-9.740	-9.510	5.100	10
rxn05143	sinapoyl aldehyde:NADP oxidoreductase	1	-9.740	-9.540	4.510	10
rxn05144	Pyridoxal 5-phosphate synthase	none	-43.270	-73.050	-75.630	-1
rxn05287	geranylgeranyl-diphosphate:isopentenyl-diphosphate transtransferase	2	-22.500	-18.640	-22.440	36
rxn05746	Maltodextrin glucosidase (maltotriose)	2;3	-3.110	-3.170	3.600	10
rxn05765	Sulochrin:oxygen oxidoreductase (cyclizing, (+)-specific)	1	-94.370	-59.440	-150.100	-1
rxn05766	Sulochrin:oxygen oxidoreductase (cyclizing, (-)-specific)	1	-94.370	-59.440	-151.230	-1
rxn05887	Hydrogen:NAD+ oxidoreductase	1	-8.440	-8.500	-3.690	-1
rxn05909	L-serine hydro-lyase (adding hydrogen sulfide, L-cysteine-forming)	4	4.170	-6.120	-6.430	3
rxn05910	L-cysteine,glutathione:NADP+ oxidoreductase (disulfide-forming)	1	-4.940	2.040	1.400	6
rxn05928	D-Ribose:NADP+ 1-oxidoreductase	1	-7.660	-12.330	-9.300	-1
rxn05941	[1,4-(N-Acetyl-beta-D-glucosaminyl)]n glycanohydrolase	2;3;4;5	-155.940	-29.100	-6.140	-1
rxn05946	3'-Phosphoadenylylsulfate:phenol sulfotransferase	2	-14.000	-68.650	-7.770	11
rxn05957	O4-succinyl-L-homoserine:hydrogen sulfide S-(3-amino-3-carboxypropyl)transferase	2	-1.880	-13.520	-17.280	20
rxn05974	5-hydroxy-2,4-dioxopentanoate glycolylhydrolase	3	12.780	15.520	12.860	22
rxn06060	Thiosulfate:thiol sulfurtransferase	2	-20.320	-10.820	-76.030	-1
rxn06063	beta-D-glucosaminide glucosaminohydrolase	2;3;4;5	126.340	9.700	-6.140	-1
rxn06105	Barbiturate amidohydrolase	3	-37.070	11.450	-49.300	-1
rxn06135	Stearoyl-CoA:malonyl-CoA C-acyltransferase (decarboxylating, oxoacyl- and enoyl-reducing)	2	-16.080	-15.190	-18.960	-1
rxn06136	Stearoyl-CoA:malonyl-CoA C-acyltransferase (decarboxylating, oxoacyl- and enoyl-reducing)	2	-16.080	-15.120	-17.800	35
rxn06166	flavanone,NADPH:oxygen oxidoreductase	1	-191.710	-211.590	-64.450	-1
rxn06278	Medicarpin:NADP+ 2'-oxidoreductase	1	15.910	103.430	14.860	-1
rxn06299	Hydrogen:Coenzyme F420 oxidoreductase	1	-11.930	-6.700	-2.450	-1
rxn06304	S-Adenosyl-L-methionine:nocardicin-E 3-amino-3-carboxypropyltransferase	2	-4.330	-2.350	-2.130	33
rxn06306	UTP:beta-L-arabinose-1-phosphate uridylyltransferase	2	1.070	-2.320	-2.420	12
rxn06317	flavanone,NADPH:oxygen oxidoreductase	1	-191.710	-211.590	-64.450	-1
rxn06353	UDP-D-xylose:flavonol-3-O-glycoside D-xylosyltransferase	2	-1.700	-3.350	-9.320	29
rxn06458	diphosphate:purine nucleoside phosphotransferase	2	-3.040	-0.410	-0.850	-1
rxn06465	R03725	none	-19.830	-2.680	8.340	-1
rxn06467	stipitatonate carboxy-lyase (decyclizing, stipitatate-forming)	4	-38.760	-8.940	-65.100	-1
rxn06488	Deoxylimonate A-ring-lactonohydrolase	3	3.770	33.550	-8.510	-1
rxn06510	Lauroyl-CoA:acetyl-CoA C-acyltransferase	2	7.060	7.210	2.550	-1
rxn06547	pyrimidodiazepine:glutathione-disulfide oxidoreductase (ring-opening, cyclizing)	1	34.260	9.990	14.640	-1
rxn06655	R04328	1	316.090	319.400	324.730	-1
rxn06670	R04375	1	3.790	4.440	3.360	19
rxn06683	1-O-trans-Cinnamoyl-beta-D-glucopyranose:alcohol O-cinnamoyltransferase	2	-3.250	-5.170	-28.960	-1
rxn06684	1-O-trans-Cinnamoyl-beta-D-glucopyranose:alcohol O-cinnamoyltransferase	2	-0.090	-2.540	-10.530	-1
rxn06696	hydrogen:N5,N10-methenyltetraydromethanopterin oxidoreductase	1	-10.390	35.350	-0.070	-1
rxn06733	CDPabequose:D-mannosyl-L-rhamnosyl-D-galactose-1-diphospholipid D-abequosyltransferase	2	-1.700	-3.480	-8.390	29
rxn06777	(S)-3-Hydroxytetradecanoyl-CoA:NAD+ oxidoreductase	1	3.790	4.460	5.890	19
rxn06843	1-O-trans-Cinnamoyl-beta-D-glucopyranose:alcohol O-cinnamoyltransferase	2	-0.000	-1.610	-9.300	-1
rxn06859	rxn06859	none	-7.190	-15.550	-13.450	-1
rxn06861	rxn06861	4	-1.860	-2.850	-17.740	-1
rxn06888	Penicillin-N,2-oxoglutarate:oxygen oxidoreductase (ring-expanding)	none	216.730	234.540	235.150	-1
rxn06890	R05238	1	-24.510	-24.300	-17.010	37
rxn06895	rxn06895	none	-109.410	-110.680	-103.650	24
rxn06897	UDPglucose:cis-p-coumarate beta-D-glucosyltransferase	2	-1.700	-12.280	-12.620	20
rxn06912	R05419	1	-118.100	-107.720	-103.960	-1
rxn06921	R05488	1	-79.160	-89.380	-83.020	-1
rxn06929	rxn06929	4	-7.830	-16.030	-13.060	-1
rxn06984	R05843	1	-70.720	-82.160	-91.100	23
rxn07101	perillic acid:CoA ligase (ADP-forming)	6	-1.060	-0.080	-6.830	-1
rxn07102	perillic acid:CoA ligase (AMP-forming)	6	-21.520	-2.510	-8.760	-1
rxn07111	R06544	2	-3.610	-2.030	-22.010	8
rxn07112	R06545	2	-3.610	-2.180	-2.180	33
rxn07113	R06546	2	-1.700	-20.080	-12.520	-1
rxn07115	flavanone,NADPH:oxygen oxidoreductase	1	-181.790	-267.510	-60.880	-1
rxn07118	trans-5-O-(4-coumaroyl)-D-shikimate,NADPH:oxygen oxidoreductase (3'-hydorxylating)	1	-95.860	-105.790	-81.150	26
rxn07140	S-adenosyl-L-methionine:nogalonic-acid O-methyltransferase	2	-5.330	11.430	1.500	-1
rxn07141	R06676	5	-11.370	-45.420	-4.730	-1
rxn07142	R06678	none	2.820	-16.100	15.210	-1
rxn07160	rxn07160	1	-118.000	-116.440	-128.220	-1
rxn07165	R06766	none	-5.360	-31.430	3.920	-1
rxn07170	R06850	none	5.360	15.460	16.790	-1
rxn07178	R06992	none	-11.840	-19.480	2.410	10
rxn07182	R07096	none	7.450	-19.670	-8.130	-1
rxn07183	R07097	none	9.370	-20.060	-8.420	-1
rxn07200	hydrogen:NADP+ oxidoreductase	1	-8.440	-8.530	-4.280	-1
rxn07217	acyl-CoA:malonyl-CoA C-acyltransferase (decarboxylating, oxoacyl- and enoyl-reducing, thioester-hydrolysing)	2	-101.790	-177.950	-151.610	-1
rxn07218	acyl-CoA:malonyl-CoA C-acyltransferase (decarboxylating, oxoacyl-reducing, thioester-hydrolysing and cyclizing)	2	-35.550	-39.860	-34.000	34
rxn07219	malonyl-CoA:4-coumaroyl-CoA malonyltransferase (cyclizing, reducing)	1;2	-12.850	-29.350	-8.910	-1
rxn07271	Delta5-3-ketosteroid isomerase	5	0.000	0.000	0.940	16
rxn07272	3-beta-hydroxysteroid dehydrogenase	none	0.780	-0.260	5.620	-1
rxn07273	Campest-4-en-3-one,NADPH:steroid 5alpha-reductase	1	-13.600	-4.110	-2.520	-1
rxn07274	6-Oxocampestanol,NADPH:brassinosteroid C22alpha-hydroxylase	1	-94.420	-94.870	-94.720	27
rxn07277	Teasterone:brassinosteroid C3-oxidoreductase	1	-12.440	-15.440	-15.790	35
rxn07278	Campesterol,NADPH:brassinosteroid C22alpha-hydroxylase	1	-94.420	-94.870	-93.430	27
rxn07279	22alpha-Hydroxy-campesterol:3-oxosteroid Delta5-Delta4-isomerase,NAD+ 3-oxidoreductase	none	-13.990	-15.440	-9.120	-1
rxn07280	22alpha-Hydroxy-campest-4-en-3-one,NADPH:steroid 5alpha-reductase	1	-13.600	-4.110	-4.170	32
rxn07281	6-Deoxocathasterone:brassinosteroid C23alpha-hydroxylase	1	-79.650	-79.720	-77.940	23
rxn07282	6-Deoxoteasterone:brassinosteroid C3-oxidoreductase	1	-12.440	-15.440	-15.680	35
rxn07285	Campest-4-en-3-one,NADPH:brassinosteroid C22alpha-hydroxylase	1	-94.420	-94.870	-93.430	27
rxn07286	5alpha-Campestan-3-one,NADPH:brassinosteroid C22alpha-hydroxylase	1	-94.420	-94.870	-95.080	27
rxn07287	Campesterol,NADPH:brassinosteroid C22alpha-hydroxylase	1	-94.420	-94.870	-95.080	27
rxn07295	glycine oxidase	1	-27.190	-5.400	-21.790	-1
rxn07298	R07466	none	12.440	15.440	15.680	22
rxn07300	R07468	none	-12.440	-15.440	-11.720	-1
rxn07301	R07469	none	12.440	15.440	15.060	22
rxn07304	R07472	none	12.440	15.440	15.680	22
rxn07305	R07473	none	12.440	15.440	14.950	22
rxn07306	R07474	none	-81.450	-81.890	-78.300	23
rxn07307	(2R)-O-phospho-3-sulfolactate sulfo-lyase	4	11.920	74.640	-40.670	-1
rxn07308	spermidine:NAD+ oxidoreductase	2	17.100	-61.970	0.190	-1
rxn07314	R07483	1	-10.330	-4.110	-2.040	-1
rxn07315	R07484	5	-8.820	1.630	4.980	6
rxn07320	R07489	none	3.360	-1.020	-106.290	-1
rxn07323	R07492	1	4.440	11.040	6.570	-1
rxn07324	R07493	1	-16.910	-13.960	-4.060	-1
rxn07325	R07494	1	0.340	-5.740	-0.920	-1
rxn07328	R07497	none	-8.820	1.630	1.630	6
rxn07331	phytyl-diphosphate:homogentisate phytyltransferase (decarboxylating)	2	-31.340	-23.550	-21.300	-1
rxn07332	R07501	2	-20.610	-5.450	-5.180	-1
rxn07333	R07502	5	-12.050	-15.190	4.340	10
rxn07334	R07503	none	-12.050	-15.190	4.340	10
rxn07335	S-adenosyl-L-methionine:delta-tocopherol 5-O-methyltransferase	2	-20.610	-5.450	-0.040	-1
rxn07337	R07506	none	13.310	14.130	-98.430	-1
rxn07343	7,9,7',9'-tetracis-lycopene cis-trans-isomerase	5	0.000	0.000	-3.680	-1
rxn07346	2,6-dihydroxypseudooxynicotinehydrolase	3	-9.200	1.560	-10.000	-1
rxn07347	lycopene hydro-lyase (1-hydroxy-1,2-dihydrolycopene-forming)	2;3;4	-8.250	-0.100	11.610	-1
rxn07348	R07517	1	-1.460	-1.020	-6.690	-1
rxn07350	lycopene hydro-lyase (1-hydroxy-1,2-dihydrolycopene-forming)	4	-8.250	-0.100	19.620	-1
rxn07352	S-adenosyl-L-methionine:demethylspheroidene O-methyltransferase	2	-4.330	7.920	-11.260	1
rxn07353	lycopene hydro-lyase (1-hydroxy-1,2-dihydrolycopene-forming)	4	-4.570	-0.100	19.620	-1
rxn07355	S-adenosyl-L-methionine:demethylspheroidene O-methyltransferase	2	-4.330	7.920	-11.260	1
rxn07358	S-adenosyl-L-methionine:demethylspheroidene O-methyltransferase	2	-4.330	7.920	-11.260	1
rxn07359	lycopene hydro-lyase (1-hydroxy-1,2-dihydrolycopene-forming)	4	-4.570	-0.100	19.620	-1
rxn07360	S-adenosyl-L-methionine:demethylspheroidene O-methyltransferase	2	-4.330	7.920	-11.260	1
rxn07361	alpha-carotene,NADH:oxygen 3-oxidoreductase	1	-43.520	-40.530	-97.770	-1
rxn07363	lycopene hydro-lyase (1-hydroxy-1,2-dihydrolycopene-forming)	4	-8.250	-0.100	19.620	-1
rxn07366	S-adenosyl-L-methionine:demethylspheroidene O-methyltransferase	2	-4.330	7.920	-11.960	1
rxn07367	lycopene hydro-lyase (1-hydroxy-1,2-dihydrolycopene-forming)	4	-4.570	-0.100	19.620	-1
rxn07369	R07538	1	-92.180	-90.440	-88.160	-1
rxn07370	lycopene hydro-lyase (1-hydroxy-1,2-dihydrolycopene-forming)	4	-4.570	-0.100	19.620	-1
rxn07372	R07541	none	-40.450	-19.280	-17.020	-1
rxn07374	lycopene hydro-lyase (1-hydroxy-1,2-dihydrolycopene-forming)	4	-8.250	-0.100	19.620	-1
rxn07382	R07551	none	13.990	15.440	5.710	-1
rxn07389	beta-carotene,NADH:oxygen 3-oxidoreductase	1	-43.520	-40.530	-96.760	-1
rxn07390	beta-cryptoxanthin,NADH:oxygen 3'-oxidoreductase	1	-39.840	-40.530	-96.760	-1
rxn07391	R07560	none	-80.900	-38.550	-34.050	-1
rxn07392	echinenone,NADH:oxygen 3'-oxidoreductase	1	-39.840	-40.530	-96.760	-1
rxn07399	canthaxanthin,NADH:oxygen 3-oxidoreductase	1	-39.840	-40.530	-93.030	-1
rxn07400	3'-hydroxyechinenone,NADH:oxygen 3-oxidoreductase	1	-39.840	-40.530	-93.030	-1
rxn07403	phoenicoxanthin,NADH:oxygen 3'-oxidoreductase	1	-39.840	-40.530	-93.030	-1
rxn07405	UDP-glucose:zeaxanthin beta-D-glucosyltransferase	2	-3.400	-6.130	-18.400	-1
rxn07406	UDP-D-glucose:abscisate beta-D-glucosyltransferase	2	-2.700	0.460	3.820	13
rxn07407	R07576	none	-34.980	10.020	6.350	-1
rxn07408	R07577	none	12.440	15.440	14.920	22
rxn07413	(9S,10S)-10-hydroxy-9-(phosphonooxy)octadecanoate phosphohydrolase	3	7.220	-4.490	-0.830	3
rxn07414	myo-inositol-hexakisphosphate 5-phosphohydrolase	3	7.220	1.850	11.070	-1
rxn07415	myo-inositol-hexakisphosphate 5-phosphohydrolase	3	7.220	1.850	3.790	-1
rxn07429	L-lysine:oxygen 6-oxidoreductase (deaminating)	1	-24.020	-22.840	-21.240	37
rxn07430	R07599	1	-6.900	-5.650	-9.780	-1
rxn07432	R07601	1	-6.900	-5.960	-10.300	-1
rxn07434	R07603	1	-6.900	-5.650	-8.590	-1
rxn07441	LL-2,6-diaminoheptanedioate:2-oxoglutarate aminotransferase	2	-16.710	-14.470	-15.960	-1
rxn07444	cis-stilbene-oxide hydrolase	3	-3.630	6.170	10.500	6
rxn07445	3-oxo-3-ureidopropanoate amidohydrolase (urea- and malonate-forming)	3	-11.750	-8.390	-6.650	-1
rxn07446	2-trans,6-trans-farnesyl-diphosphate diphosphate-lyase (amorpha-4,11-diene-forming)	4	-44.370	-140.950	-27.240	9
rxn07447	geranyl-diphosphate diphosphate-lyase [(3S)-linalool-forming]	4	-16.570	-7.700	-3.110	-1
rxn07448	geranyl-diphosphate diphosphate-lyase [(3R)-linalool-forming]	4	-16.570	-7.700	-3.110	-1
rxn07449	3-sulfolactate bisulfite-lyase	4	2.810	65.250	-53.250	-1
rxn07450	L-cysteate bisulfite-lyase (deaminating)	4	5.280	67.280	-49.990	-1
rxn07456	R07641	6	-16.000	1.510	1.150	-1
rxn07465	L-2,4-diaminobutanoate carboxy-lyase	4	-3.120	-5.160	-7.240	31
rxn07466	D-Ala-D-Ala dipeptidase	3	-0.460	-0.390	-4.940	-1
rxn07468	4,4'-diapophytoene:FAD oxidoreductase	1	-18.840	-3.060	17.460	-1
rxn07472	1-hydroxy-2-naphthoate:oxygen 1,2-oxidoreductase (decyclizing)	1	-71.540	-71.070	-104.030	-1
rxn07473	R07658	1	1.010	-2.670	4.120	-1
rxn07474	R07659	2	3.920	7.750	-1.980	5
rxn07475	R07660	2	-6.650	0.940	-2.430	-1
rxn07476	UDP-4-deoxy-4-formamido-L-arabinose:undecaprenyl-phosphate 4-deoxy-4-formamido-L-arabinosyltransferase	2	9.500	55.550	11.780	-1
rxn07477	4-deoxy-4-formamido-L-arabinose-phosphoundecaprenol amidohydrolase	3	0.740	-6.600	-3.310	-1
rxn07478	R07663	1	-53.720	49.230	-132.720	-1
rxn07479	(S)-2-hydroxy-2-phenylacetate:acceptor 2-oxidoreductase	1	-0.140	0.430	-8.830	-1
rxn07480	R07665	1	-92.610	-92.440	-93.990	27
rxn07481	3-hydroxybenzaldehyde:NADP+ oxidoreductase	1	-9.740	-7.730	-11.670	-1
rxn07482	3-hydroxybenzaldehyde:NAD+ oxidoreductase	1	-9.740	-7.700	-11.090	-1
rxn07487	R07672	5	0.000	2.330	2.290	-1
rxn07488	R07673	5	0.000	-1.930	-1.870	16
rxn07489	R07674	3	7.220	-5.870	1.690	-1
rxn07490	L-galactose:NAD+ 1-oxidoreductase	1	-1.730	-3.010	-3.570	29
rxn07491	R07676	1	2.930	4.010	6.390	19
rxn07493	R07678	2	-12.030	1.820	-3.010	-1
rxn07495	R07680	3	-5.690	-5.120	-5.630	-1
rxn07496	naphthalene disulfonate 1,2-dioxygenase	1	-68.300	-26.260	-93.750	-1
rxn07497	naphthalene disulfonate 1,2-dioxygenase	1	-68.300	-26.260	-92.140	-1
rxn07498	R07684	1	-71.540	-71.250	-109.850	-1
rxn07500	R07686	none	-53.720	50.000	-129.280	-1
rxn07502	R07688	1	-41.960	-31.090	-5.580	-1
rxn07503	R07689	none	10.880	0.210	-33.020	-1
rxn07505	R07691	1	-21.580	-10.320	-110.890	-1
rxn07506	R07692	none	-22.660	-21.390	-11.130	-1
rxn07512	naphthalene disulfonate 1,2-dioxygenase	1	-68.300	-26.630	-94.040	-1
rxn07513	naphthalene disulfonate 1,2-dioxygenase	1	-68.300	-26.630	-92.420	-1
rxn07514	aniline dioxygenase	1	-77.410	-95.640	-62.610	-1
rxn07515	R07701	1	-71.540	-70.720	-102.630	-1
rxn07516	R07702	1	-98.250	-83.600	-138.590	-1
rxn07517	1,2-dihydrophthalic acid:NAD+ oxidoreductase	1	-12.410	-3.070	2.200	7
rxn07518	anthracene,NADH:oxygen oxidoreductase (1,2-hydroxylating)	1	-70.720	-82.160	-91.140	23
rxn07519	anthracene cis-1,2-dihydrodiol:NAD+ 1,2-oxidoreductase	1	-15.840	-20.320	25.160	10
rxn07521	R07707	none	-39.800	71.120	17.660	-1
rxn07522	R07708	none	-40.170	-18.440	6.750	-1
rxn07523	R07709	1	-95.860	-105.820	-94.480	25
rxn07524	salicylate,NADPH:oxygen oxidoreductase (5-hydroxylating)	1	-95.860	-105.790	-93.900	25
rxn07525	R07711	1	-95.860	-105.760	-81.130	26
rxn07526	R07712	none	-14.030	7.120	13.640	-1
rxn07527	(3Z)-4-(2-carboxyphenyl)-2-oxobut-3-enoate 2-formylbenzoate-lyase (pyruvate-forming)	4	1.860	3.250	18.040	-1
rxn07528	7,4'-dihydroxyflavone,NADPH:oxygen oxidoreductase (isoflavanone-forming)	1	-96.960	-119.330	-126.110	-1
rxn07529	6,7,4'-trihydroxyflavanone,NADPH:oxygen oxidoreductase (isoflavanone-forming)	1	-96.220	-97.060	-97.360	28
rxn07532	UDP-glucose:isoflavone 7-O-beta-D-glucosyltransferase	2	-0.900	4.300	-24.780	-1
rxn07533	malonyl-CoA:isoflavone-7-O-beta-D-glucoside 6''-O-malonyltransferase	2	-3.610	-0.460	-2.340	-1
rxn07534	UDP-glucose:isoflavone 7-O-beta-D-glucosyltransferase	2	-0.900	4.180	-29.030	-1
rxn07535	malonyl-CoA:isoflavone-7-O-beta-D-glucoside 6''-O-malonyltransferase	2	-3.610	-0.460	-1.510	-1
rxn07537	2,7-dihydroxy-4'-methoxyisoflavanone hydro-lyase (formononetin-forming)	4	-11.880	10.260	1.600	-1
rxn07538	S-adenosyl-L-methionine:hydroxyisoflavone 7-O-methyltransferase	2	-3.530	14.640	-38.890	-1
rxn07539	R07725	none	18.350	8.870	-4.350	-1
rxn07542	(6aR,11aR)-3,9-dihydroxypterocarpan:NADP+ 2'-oxidoreductase	1	-15.910	-103.430	-14.850	11
rxn07543	UDP-glucose:isoflavone 7-O-beta-D-glucosyltransferase	2	-0.900	4.170	-29.040	-1
rxn07544	R07730	5	-6.440	-51.630	-24.930	-1
rxn07545	malonyl-CoA:isoflavone-7-O-beta-D-glucoside 6''-O-malonyltransferase	2	-3.610	-0.450	-2.330	-1
rxn07548	R07734	1	-4.650	-39.790	-28.350	-1
rxn07550	R07736	none	-14.720	9.850	-6.840	1
rxn07551	R07737	none	13.990	15.610	0.840	-1
rxn07552	R07738	4	-15.130	-103.890	-15.690	11
rxn07553	R07739	none	17.280	106.980	-6.840	-1
rxn07554	UDP-glucose:isoflavone 7-O-beta-D-glucosyltransferase	2	-1.700	-12.290	-12.620	20
rxn07555	malonyl-CoA:pterocarpan-7-O-beta-D-glucoside 6''-O-malonyltransferase	2	-3.610	-0.450	-2.330	-1
rxn07559	calycosin,NADPH:oxygen oxidoreductase (methylenedioxy-bridge-forming)	1	-21.030	-19.950	-69.050	-1
rxn07560	isoflavone,NADPH:oxygen oxidoreductase (2'-hydroxylating)	1	-73.830	-28.110	-72.830	-1
rxn07561	(+)-sophorol:NADP+ oxidoreductase	1	-32.270	-99.990	-31.200	9
rxn07562	(+)-maackiain:NADP+ 2'-oxidoreductase	1	-15.910	-103.440	-14.960	11
rxn07564	R07750	none	14.650	23.200	-22.470	-1
rxn07565	(-)-sophorol:NADP+ oxidoreductase	1	-32.270	-99.990	-31.200	9
rxn07566	(-)-maackiain:NADP+ 2'-oxidoreductase	1	-15.910	11.280	-14.860	-1
rxn07567	UDP-glucose:isoflavone 7-O-beta-D-glucosyltransferase	2	-1.700	-1.110	-12.620	-1
rxn07568	malonyl-CoA:pterocarpan-7-O-beta-D-glucoside 6''-O-malonyltransferase	2	-3.610	-0.450	-1.500	-1
rxn07571	malonyl-CoA:isoflavone-7-O-beta-D-glucoside 6''-O-malonyltransferase	2	0.740	-0.700	-1.660	-1
rxn07572	R07758	2	2.130	4.200	-3.330	5
rxn07573	R07759	1	-3.790	-4.430	-2.550	-1
rxn07574	R07760	4	2.160	-0.100	-2.550	-1
rxn07575	R07761	1	-16.580	-14.130	-9.370	-1
rxn07584	ATP:lipoate adenylyltransferase	2	12.570	278.280	13.820	-1
rxn07590	biochanin A,NADPH:oxygen oxidoreductase (3'-hydroxylating)	1	-95.860	-105.790	-78.070	26
rxn07591	liquiritigenin,NADPH:oxygen oxidoreductase (isoflavanone-forming)	1	-96.220	-97.060	-97.360	28
rxn07592	naringenin,NADPH:oxygen oxidoreductase (isoflavanone-forming)	1	-96.220	-97.060	-97.370	28
rxn07596	R07782	3	-4.720	-3.510	-8.340	-1
rxn07600	R07793	1	-77.410	-95.660	-57.110	-1
rxn07602	2,3-dihydroxybenzenesulfonate 2,3-dioxygenase	1	-87.740	-10.890	-170.310	-1
rxn07604	3'-phosphoadenylyl-sulfate:5alpha-cholan-3alpha,7alpha,12alpha,24-tetrol sulfotransferase	2	-14.000	-61.630	10.460	-1
rxn07605	3'-phosphoadenosine 5'-phosphosulfate:5beta-scymnol sulfotransferase	2	-14.000	-61.630	9.700	-1
rxn07606	R07799	1	-66.240	-63.630	-63.570	-1
rxn07607	R07800	1	-22.200	-31.140	-17.700	-1
rxn07608	R07801	1	-79.380	-62.480	-85.590	-1
rxn07609	R07802	3	-11.890	-11.680	-14.690	35
rxn07611	R07804	1	-32.060	4.320	-2.270	-1
rxn07618	3-chlorocatechol:oxygen 1,2-oxidoreductase (decyclizing)	1	-76.930	-60.270	-120.810	-1
rxn07622	R07831	3	-17.050	7.550	-2.290	-1
rxn07623	3-hydroxy-5-oxohexanoyl-CoA:acetate CoA-transferase	2	-1.540	-1.220	1.190	10
rxn07624	R07833	2	-7.060	-9.540	-0.380	-1
rxn07626	rxn07626	none	-0.940	-3.400	-0.470	-1
rxn07630	R07839	5	0.000	-0.000	-0.000	16
rxn07631	carotenoid psi-end group lyase (decyclizing)	5	-16.890	-28.970	-7.030	-1
rxn07639	R07848	none	-20.130	-34.920	-3.730	-1
rxn07640	R07849	none	-40.450	-19.280	-19.010	-1
rxn07646	carotenoid beta-end group lyase (decyclizing)	5	-20.130	-34.920	-6.040	-1
rxn07647	R07857	none	-40.450	-19.280	-17.020	-1
rxn07648	R07858	none	-40.450	-19.280	-17.020	-1
rxn07653	(9Z,11E,15Z)-(13S)-hydroperoxyoctadeca-9,11,15-trienoate 12,13-hydro-lyase [(9Z,15Z)-(13S)-12,13-epoxyoctadeca-9,11,15-trienoate-forming]	4	4.870	0.000	-64.500	-1
rxn07654	R07864	1	-69.980	0.000	-23.760	0
rxn07655	R07865	4	4.870	0.000	-66.040	-1
rxn07656	R07866	none	-53.370	-25.650	-20.260	-1
rxn07657	(8E)-9-[(1E,3Z,6Z)-nona-1,3,6-trien-1-yloxy]non-8-enoate synthase	4	3.710	-0.000	-57.440	-1
rxn07658	R07868	none	-20.340	-0.000	-55.000	0
rxn07659	R07869	1	-69.980	-0.000	-24.550	0
rxn07660	R07870	4	-20.340	0.000	-53.650	0
rxn07661	R07871	none	-1.110	0.000	-57.280	-1
rxn07662	R07872	5	-1.550	-0.000	1.650	-1
rxn07663	R07873	2	-3.610	-1.820	20.770	-1
rxn07664	R07874	2	-1.700	-13.090	-12.540	20
rxn07665	R07875	2	-1.700	-13.190	-10.420	20
rxn07666	R07876	2	-3.610	-1.910	22.890	-1
rxn07667	R07877	2	-1.700	-3.880	-7.100	29
rxn07668	R07878	2	-1.700	-3.880	-7.100	29
rxn07669	R07879	2	-1.700	-3.880	-7.100	29
rxn07670	hydroxycinnamoyl-CoA:anthocyanidin 3,5-diglucoside 5-O-glucoside-6'''-O-hydroxycinnamoyltransferase	2	-3.610	-23.600	-20.280	-1
rxn07671	R07881	2	-5.720	-6.460	-11.090	-1
rxn07672	hydroxycinnamoyl-CoA:anthocyanidin 3,5-diglucoside 5-O-glucoside-6'''-O-hydroxycinnamoyltransferase	2	-3.610	-2.180	-2.180	33
rxn07673	hydroxycinnamoyl-CoA:anthocyanidin 3,5-diglucoside 5-O-glucoside-6'''-O-hydroxycinnamoyltransferase	2	-3.610	-2.180	-2.180	33
rxn07674	R07884	2	-3.610	7.780	-2.280	-1
rxn07675	R07885	2	-3.610	0.670	-2.340	-1
rxn07676	R07886	2	-3.610	0.560	-2.420	-1
rxn07693	R07903	2	-1.700	-5.970	5.330	-1
rxn07700	malonyl-CoA:cyanidin-3-O-(6-caffeoyl-beta-D-glucoside)-5-O-beta-D-glucoside 6'''-O-malonyltransferase	2	-3.610	-0.680	-2.310	-1
rxn07701	R07911	2	-1.700	-20.020	-12.470	-1
rxn07702	UDP-glucose:anthocyanin 3'-O-beta-D-glucosyltransferase	2	-1.700	-13.080	-13.160	20
rxn07703	UDP-glucose:delphinidin 3'-O-beta-D-glucosyltransferase	2	-1.700	-12.830	-13.820	20
rxn07706	geranylgeranyl-diphosphate:geranylgeranyl-diphosphate geranylgeranyltransferase	2	585.490	875.080	-37.190	-1
rxn07707	S-adenosyl-L-methionine:xanthosine N7-methyltransferase	2	12.790	5.120	-31.870	-1
rxn07708	7-methylxanthosine ribohydrolase	3	-20.230	2.240	35.910	-1
rxn07709	S-adenosyl-L-methionine:7-methylxanthine N3-methyltransferase	2	-6.710	6.970	24.360	-1
rxn07710	S-adenosyl-L-methionine:3,7-dimethylxanthine N1-methyltransferase	2	-6.710	7.540	11.760	6
rxn07711	S-adenosyl-L-methionine:1,7-dimethylxanthine N3-methyltransferase	2	-6.710	7.260	13.890	6
rxn07712	R07922	none	-6.710	7.260	22.230	-1
rxn07713	UDP-glucose:anthocyanin 3'-O-beta-D-glucosyltransferase	2	-1.700	-13.080	-13.160	20
rxn07716	R07926	2	-3.610	-1.970	-21.990	8
rxn07717	R07927	2	-3.610	-23.500	-22.400	-1
rxn07718	R07928	2	-3.610	-2.000	-22.020	8
rxn07719	R07929	2	-3.610	-2.000	-21.980	8
rxn07720	hydroxycinnamoyl-CoA:anthocyanidin 3,5-diglucoside 5-O-glucoside-6'''-O-hydroxycinnamoyltransferase	2	-3.610	-1.910	22.890	-1
rxn07721	hydroxycinnamoyl-CoA:anthocyanidin 3,5-diglucoside 5-O-glucoside-6'''-O-hydroxycinnamoyltransferase	2	-3.610	-2.150	-2.190	33
rxn07722	R07932	2	-1.700	-4.160	-8.550	29
rxn07724	R07934	1	11.740	10.660	3.370	-1
rxn07725	R07935	4	2.160	-0.100	-4.700	-1
rxn07726	R07936	1	3.790	4.460	2.060	19
rxn07727	R07937	2	7.060	7.210	2.560	-1
rxn07728	malonyl-CoA:anthocyanidin-3-O-beta-D-glucoside 6''-O-malonyltransferase	2	-3.610	-1.020	-1.700	-1
rxn07729	R07939	1	-99.850	-98.890	-101.420	-1
rxn07732	1-methylxanthine:oxygen oxidoreductase	1	-39.830	-11.230	-47.260	-1
rxn07734	hydroxycinnamoyl-CoA:anthocyanidin 3,5-diglucoside 5-O-glucoside-6'''-O-hydroxycinnamoyltransferase	2	-3.610	-2.150	-2.190	33
rxn07737	R07947	none	6.250	13.250	-30.270	-1
rxn07740	R07950	1	11.740	10.660	3.370	-1
rxn07741	R07951	4	2.160	-0.100	-4.700	-1
rxn07742	R07952	1	3.790	4.460	2.060	19
rxn07743	R07953	2	7.060	7.210	2.560	-1
rxn07744	R07954	1	-99.850	-98.920	-102.010	-1
rxn07745	R07955	1	-99.850	-99.210	-99.880	-1
rxn07746	R07956	1	-99.850	-99.180	-99.290	-1
rxn07747	R07957	1	-99.850	-98.920	-110.350	-1
rxn07748	R07958	1	-99.850	-98.890	-109.760	-1
rxn07749	R07959	1	-93.650	-116.570	-74.600	-1
rxn07750	R07960	1	-93.650	-116.580	-74.020	-1
rxn07751	R07961	1	-99.850	-98.640	-112.470	-1
rxn07752	R07962	1	-99.850	-98.610	-111.890	-1
rxn07753	R07963	1	-76.460	-99.380	-100.560	-1
rxn07754	R07964	1	-76.460	-99.380	-99.980	-1
rxn07755	7-methylxanthine:oxygen oxidoreductase (demethylating)	1	-88.750	-99.810	-94.490	-1
rxn07756	7-methylxanthine:oxygen oxidoreductase (demethylating)	1	-88.750	-99.780	-93.900	-1
rxn07757	R07967	1	-112.140	-100.320	-106.400	-1
rxn07758	R07968	1	-112.140	-100.320	-105.820	-1
rxn07759	R07969	1	-94.950	-83.410	-130.230	-1
rxn07760	R07970	1	-94.950	-83.410	-129.650	-1
rxn07761	R07971	1	-99.850	-98.960	-100.060	-1
rxn07762	R07972	1	-99.850	-98.930	-99.470	-1
rxn07763	R07973	1	-76.460	-99.620	-100.380	-1
rxn07764	R07974	1	-76.460	-99.620	-99.800	-1
rxn07765	R07975	1	-93.650	-116.530	-76.550	-1
rxn07766	R07976	1	-93.650	-116.540	-75.970	-1
rxn07767	1,7-dimethylxanthine:oxygen oxidoreductase	1	-33.630	-28.170	-15.620	-1
rxn07768	3,7-dimethylxanthine:oxygen oxidoreductase	1	-23.930	-28.260	-24.000	-1
rxn07769	7-methylxanthine:oxygen oxidoreductase	1	-12.900	-28.310	-17.510	-1
rxn07773	R07983	none	-102.970	-93.660	-133.440	-1
rxn07774	6-oxo-1,4,5,6-tetrahydronicotinate amidohydrolase	3	2.470	14.310	10.310	-1
rxn07775	(S)-2-hydroxymethylglutarate:NAD+ oxidoreductase	1	-5.250	-4.940	-4.820	-1
rxn07776	R07986	none	-0.870	-2.130	-0.840	-1
rxn07777	malonyl-CoA:cinnamoyl-CoA malonyltransferase (cyclizing)	2	0.130	-42.950	35.100	-1
rxn07778	malonyl-CoA:caffeoyl-CoA malonyltransferase (cyclizing)	2	0.130	-42.880	35.120	-1
rxn07779	malonyl-CoA:feruloyl-CoA malonyltransferase (cyclizing)	2	0.130	-42.940	31.950	-1
rxn07780	flavanone lyase (decyclizing)	5	-8.370	-6.600	-10.900	-1
rxn07781	R07991	none	-8.370	-6.600	-8.990	-1
rxn07782	R07992	none	-8.370	-6.600	-5.820	-1
rxn07783	flavanone,2-oxoglutarate:oxygen oxidoreductase (3-hydroxylating)	1	-110.080	-109.920	-108.220	24
rxn07785	flavanone lyase (decyclizing)	5	-8.370	-23.330	5.740	-1
rxn07786	flavanone,2-oxoglutarate:oxygen oxidoreductase (3-hydroxylating)	1	-110.080	-109.920	-108.220	24
rxn07788	5-deoxyleucopelargonidin:NADP+ 4-oxidoreductase	1	0.780	-0.480	-1.170	-1
rxn07790	R08000	none	-13.990	-15.630	-16.270	35
rxn07792	flavonoid,NADPH:oxygen oxidoreductase (3'-hydroxylating)	1	-95.860	-105.790	-79.240	26
rxn07793	R08003	2	-26.410	-19.070	-24.560	-1
rxn07795	2',3,4,4',6'-pentahydroxychalcone:oxygen oxidoreductase	1	-77.950	-110.100	-89.110	-1
rxn07796	R08006	none	-158.480	-70.610	-9.430	-1
rxn07797	R08007	none	-158.480	-70.850	-12.590	-1
rxn07798	2',4,4',6'-tetrahydroxychalcone 4'-O-glucoside:oxygen oxidoreductase	1	-77.950	-110.300	-88.340	-1
rxn07799	2',3,4,4',6'-peptahydroxychalcone 4'-O-glucoside:oxygen oxidoreductase	1	-77.950	-110.330	-89.010	-1
rxn07800	2',3,4,4',6'-peptahydroxychalcone 4'-O-glucoside:oxygen oxidoreductase	1	-73.010	-118.130	-124.160	-1
rxn07811	UDP-glucose:flavanone 7-O-beta-D-glucosyltransferase	2	-1.700	-12.180	-12.530	20
rxn07812	UDP-L-rhamnose:hesperetin-7-O-glucoside 2''-O-alpha-L-rhamnosyltransferase	2	-1.700	-3.370	-1.430	-1
rxn07814	R08024	none	-8.370	-6.510	-10.840	-1
rxn07840	R08050	1	-110.080	-109.890	-109.810	24
rxn07841	2-Isopentenyl-diphosphate:ATP delta2-isopentenyltransferase	2	-19.970	-12.120	-23.060	-1
rxn07842	2-Isopentenyl-diphosphate:ADP delta2-isopentenyltransferase	2	-19.970	-13.530	-23.060	-1
rxn07847	R08058	4	-6.970	-7.200	-7.040	43
rxn07848	R08059	1	1.950	-43.890	-4.210	-1
rxn07849	R08060	1	0.740	-5.040	2.570	-1
rxn07850	R08061	none	-6.780	-7.940	-6.400	-1
rxn07851	R08062	none	-16.280	-7.460	-5.750	32
rxn07852	R08063	none	-6.780	-7.940	-6.400	-1
rxn07856	R08067	none	-2.800	1.800	19.580	-1
rxn07858	R08069	none	7.220	-3.660	-2.970	3
rxn07860	R08071	none	7.220	-3.660	-2.970	3
rxn07861	R08072	none	-0.730	0.970	-7.310	-1
rxn07862	R08073	none	-0.730	0.970	-7.310	-1
rxn07863	R08074	none	-0.730	0.970	-8.800	-1
rxn07864	R08075	2	-4.080	-3.200	-4.150	-1
rxn07865	R08076	2	-1.700	-5.270	-6.960	29
rxn07868	R08079	none	7.220	-3.660	-2.970	3
rxn07869	R08080	none	-0.730	0.970	-7.310	-1
rxn07870	flavanone,2-oxoglutarate:oxygen oxidoreductase (dehydrating)	1	-121.960	-83.440	-116.760	-1
rxn07871	dihydroflavonol,2-oxoglutarate:oxygen oxidoreductase	1	-121.180	-147.940	-103.540	-1
rxn07872	R08083	1	3.700	4.910	1.710	19
rxn07873	R08084	1	5.250	4.910	5.140	19
rxn07874	R08085	1	5.250	4.910	4.650	19
rxn07875	R08086	1	-9.740	-9.120	-0.640	-1
rxn07876	R08087	1	-9.740	-9.120	-6.600	41
rxn07877	citronellyl-CoA ligase	6	-21.520	-2.510	-0.250	-1
rxn07879	3-hydroxy-3-(4-methylpent-3-en-1-yl)glutaryl-CoA acetate-lyase (7-methyl-3-oxooct-6-enoyl-CoA-forming)	4	-0.830	-0.870	2.720	-1
rxn07885	R08096	1	-9.740	-9.120	-6.230	41
rxn07886	R08097	2	5.720	6.460	4.630	19
rxn07887	R08098	5	0.000	0.000	-3.050	-1
rxn07888	R08099	none	0.000	0.000	0.000	16
rxn07905	4-fluorobenzoate:CoA ligase	6	-21.520	-3.740	2.760	7
rxn08040	UDP-N-acetyl-D-glucosamine:undecaprenyl-phosphate N-acetyl-D-glucosamine phosphotransferase	2	-0.000	1.320	0.570	16
rxn08043	pyruvate:2-oxobutanoate acetaldehydetransferase (decarboxylating)	2	-10.560	-5.060	-6.850	-1
rxn08044	N-acetylmuramate 6-phosphate hydro-lyase (N-acetyl-D-glucosamine 6-phosphate forming)	4	-3.110	-0.760	-6.720	-1
rxn08094	2-Oxoglutarate dehydrogenase complex	1;2	-8.140	-6.690	-6.400	-1
rxn08113	D-allose-6-phosphate aldose-ketose-isomerase	5	-1.460	-0.480	7.970	-1
rxn08118	D-allulose-6-phosphate 3-epimerase	5	-1.750	-0.610	-2.430	-1
rxn08126	Amylomaltase (maltotriose)	2;3;4	0.000	-0.310	11.610	-1
rxn08127	Amylomaltase (maltotetraose)	2;3;4	0.000	-0.310	11.610	-1
rxn08128	Amylomaltase (maltopentaose)	2;3;4	0.000	-0.310	11.610	-1
rxn08137	P1,P5-bis(5'-adenosyl)pentaphosphate nucleotidohydrolase (ATP-forming)	3	-9.310	-0.790	-9.060	-1
rxn08254	RXN0-3601.c	2	0.000	0.170	2.580	-1
rxn08258	CARNDETRU-RXN.c	4	2.160	-0.100	-1.820	-1
rxn08347	5-dehydro-D-gluconate:NADP+ 2-oxidoreductase	1	-6.250	-5.800	8.600	10
rxn08352	R08210	1	-16.230	-15.640	15.910	10
rxn08444	Stearoyl-CoA hydrolase	3	-5.720	-6.460	-7.350	42
rxn08458	FADH2:NAD+ oxidoreductase	1	-4.840	-3.600	4.430	10
rxn08459	FADH2:NADP+ oxidoreductase	1	-4.840	-3.610	-3.850	-1
rxn08468	FMNH2-dependent monooxygenase (methanesulfonate)	1	-81.490	-20.600	-135.950	-1
rxn08571	D-galactose 1-phosphatase	3	7.220	-4.930	-5.490	3
rxn08647	ATP:(R)-glycerate 2-phosphotransferase	2	-14.000	-1.990	-3.030	32
rxn08659	(R)-lactate hydro-lyase	4	-15.990	-13.050	9.010	10
rxn08756	isopentenyl-diphosphate:NAD+ oxidoreductase	1	-16.890	-14.480	14.730	10
rxn08884	2-O-(6-phospho-alpha-D-mannosyl)-D-glycerate 6-phosphomannohydrolase	3	-3.110	-1.350	2.660	10
rxn08981	nicotinic acid mononucleotide pyrophosphorylase	2;6	-16.380	-8.380	6.900	10
rxn09037	(2E,6E)-farnesyl-diphosphate:isopentenyl-diphosphate farnesyltranstransferase (adding 5 isopentenyl units)	2	-112.500	-93.180	-112.220	-1
rxn09177	(R)-4'-Phosphopantothenate:L-cysteine ligase	6	-26.780	-12.370	-11.650	-1
rxn09188	Proline dehydrogenase	1	-15.300	1.110	8.550	6
rxn09320	ATP:3'-dephospho-CoA 5-triphosphoribosyltransferase	2	-7.120	0.390	0.690	-1
rxn09345	Undecaprenyl diphosphate synthase	2	-180.000	-149.090	-185.270	17
rxn09532	acyl carrier protein synthase, mitochondrial	none	-28.310	-9.900	-16.240	-1
rxn09944	propanal:NAD+ oxidoreductase (CoA-acylating)	1	-4.020	-2.370	-2.010	33
rxn09953	acetyl-CoA:acetoin O-acetyltransferase	2	0.650	-1.180	2.580	-1
rxn09954	L-glyceraldehyde reductase	none	-5.250	-6.210	-8.500	-1
rxn09991	3-phytase, extracellular	3	7.220	1.850	3.790	-1
rxn10425	R08323	none	-6.320	-4.950	-3.530	-1
rxn10432	R08198	1	6.250	7.470	6.740	19
rxn10434	R08213	4	-7.420	-6.560	-12.450	-1
rxn10468	R213-RXN.c	4	-0.050	0.880	1.390	-1
rxn10469	R217-RXN.c	4	-0.050	0.880	1.390	-1
rxn10475	R08217	2	-14.000	-2.020	66.150	-1
rxn10504	2,5-diamino-6-(5-phospho-D-ribitylamino)pyrimidin-4(3H)-one:NAD+ 1'-oxidoreductase	1	-3.170	-6.830	-18.090	-1
rxn10505	2,5-diamino-6-(5-phospho-D-ribitylamino)pyrimidin-4(3H)-one:NADP+ 1'-oxidoreductase	1	-3.170	-6.800	-17.510	-1
rxn10506	2,5-diamino-6-ribitylamino-4(3H)-pyrimidinone 5'-phosphate deaminase	3	-16.230	65.890	-2.550	-1
rxn10543	tetrahydromethanopterin:alpha-L-glutamate ligase (ADP-forming)	6	-6.320	-7.530	-6.620	-1
rxn10568	Methanol: coenzyme M methyltransferase	2	-8.920	-10.280	-17.180	-1
rxn10594	ribose 1,5-bisphosphate isomerase	5	0.620	-2.950	-3.290	-1
rxn10595	R212-RXN.c	4	1.470	0.090	0.310	15
rxn10596	R216-RXN.c	4	1.470	0.090	0.310	15
rxn10609	threonine-phosphate synthase	2	-14.000	1.110	-3.480	-1
rxn10613	Trimethylamine methyltransferase	2	-0.030	-4.930	-9.600	-1
rxn10770	R08557	1	5.250	4.220	5.040	19
rxn10785	(2E,6E)-farnesyl-diphosphate:isopentenyl-diphosphate farnesyltranstransferase (adding 7 isopentenyl units)	2	-157.500	-130.450	-157.110	-1
rxn10902	G6PDH1	1	-1.970	-0.910	-0.210	-1
rxn11033	R83-RXN	3	7.220	-3.240	-3.840	3
rxn11040	RXN-3341.c	1	0.670	2.500	3.200	-1
rxn11244	beta-galactosidase	3	-3.110	97.690	-2.880	-1
rxn11245	RXN-13158.c	1	3.130	0.450	1.670	-1
rxn11276	CTP synthase	6	-6.330	-4.440	-4.840	-1
rxn11300	Model-specific reaction, used to affect ATP levels by converting ADT to ATP	3;5;7	-6.780	-6.540	-6.400	43
rxn11357	3'(2'),5'-BISPHOSPHATE-NUCLEOTIDASE-RXN	3	7.220	-1.920	0.060	-1
rxn11409	TDPFUCACTRANS-RXN.c	2	-5.260	-6.290	-5.880	42
rxn11475	(S)-Methylmalonate semialdehyde:oxygen oxidoreductase	1	41.480	41.230	33.220	-1
rxn11510	R08124	2	-14.000	-2.270	-2.740	32
rxn11511	R08125	3	2.130	2.790	6.600	-1
rxn11513	beta-D-glucuronoside glucuronosohydrolase	3	-3.110	7.430	11.180	6
rxn11514	R08128	none	-1.700	-3.060	-6.860	29
rxn11516	R08130	none	-14.830	7.160	3.350	-1
rxn11517	R08131	none	-4.440	-11.040	-5.330	-1
rxn11523	R08137	none	12.440	15.440	-23.200	-1
rxn11526	R08140	1	-2.330	0.260	-5.650	-1
rxn11527	R08141	1	-2.330	0.260	-4.820	-1
rxn11534	R08148	1	-95.070	-99.420	-81.580	-1
rxn11535	juvenile hormone III acylhydrolase	3	1.140	-1.450	17.370	-1
rxn11536	R08150	3	1.140	-1.450	17.370	-1
rxn11537	R08151	2	-5.330	10.930	-3.010	1
rxn11538	R08152	none	-3.920	4.460	3.940	6
rxn11539	R08153	none	-3.920	4.460	3.940	6
rxn11540	R08154	none	-14.000	-1.320	-5.040	-1
rxn11551	galactitol:NAD+ 1-oxidoreductase	1	-2.930	-2.620	-5.870	-1
rxn11552	galactitol:NADP+ 1-oxidoreductase	1	-2.930	-2.590	-5.280	-1
rxn11559	pyridoxal:oxygen 4-oxidoreductase	1	-32.580	-41.010	-42.930	-1
rxn11560	R02339	1	-99.820	-105.170	-89.030	-1
rxn11561	D-Arabinono-1,4-lactone:oxygen oxidoreductase	1	-29.410	-32.010	-23.270	37
rxn11565	R02993	1	3.700	4.940	1.100	-1
rxn11569	geranoyl-CoA:carbon-dioxide ligase (ADP-forming)	6	-1.040	-2.690	-4.870	29
rxn11570	D-Apiitol:NAD+ 1-oxidoreductase	1	5.250	4.940	5.950	19
rxn11573	R03823	none	40.260	69.830	7.470	-1
rxn11574	carotenoid beta-end group lyase (decyclizing)	5	-20.130	-34.920	-3.730	-1
rxn11578	5-Methylbarbiturate amidohydrolase	3	-47.030	4.980	-46.090	-1
rxn11579	UDP-L-rhamnose:flavonol-3-O-D-glucoside L-rhamnosyltransferase	2	-1.700	-5.580	-6.860	29
rxn11588	Acetyl-CoA:N-hydroxyarylamine O-acetyltransferase	2	-3.610	-36.220	-18.120	-1
rxn11592	Aldehyde:oxygen oxidoreductase	1	-19.890	-26.800	18.810	10
rxn11596	R04282	none	7.660	1.590	18.010	-1
rxn11599	R04318	3	9.550	-11.910	-9.760	-1
rxn11605	vomifoliol:NAD+ oxidoreductase	1	2.240	4.460	1.590	-1
rxn11608	1,2-bis(3,4-dimethoxyphenyl)propane-1,3-diol:hydrogen-peroxide oxidoreductase	1	-61.670	-62.380	-54.180	-1
rxn11610	R04488	3	-11.580	-9.310	-3.690	-1
rxn11625	carotenoid beta-end group lyase (decyclizing)	5	-20.130	-34.920	-3.730	-1
rxn11631	5-hydroxyindoleacetaldehyde:oxygen oxidoreductase	1	-41.480	-40.770	-39.460	34
rxn11645	Thiosulfate:dithioerythritol sulfurtransferase	2	-14.040	-10.450	-77.920	-1
rxn11646	UDP-glucose:4-hydroxyphenylethanol 1-O-beta-D-glucosyltransferase	2	-1.700	-5.270	-8.590	29
rxn11653	R05418	1	-104.240	-111.150	-79.240	-1
rxn11654	fluorene,NADH:oxygen oxidoreductase	1	-99.900	-97.070	-88.450	-1
rxn11655	R05423	1	-69.270	-121.980	-75.340	-1
rxn11656	R05425	1	-98.100	-94.900	-86.190	-1
rxn11657	R05426	1	-106.590	-104.700	-109.240	24
rxn11659	Nucleoside:oxygen 5'-oxidoreductase (H2O2-forming)	1	-67.970	-68.980	-62.660	-1
rxn11660	R05697	1	-41.480	-40.770	-37.740	34
rxn11661	3beta-hydroxy-4beta-methyl-5alpha-cholest-7-ene-4alpha-carbaldehyde,NADH:oxygen oxidoreductase (hydroxylating)	1	-118.580	-118.280	-114.840	-1
rxn11662	5'-oxoinosine:oxygen 5'-oxidoreductase	1	-128.320	-127.400	-122.020	-1
rxn11663	4-(phosphonooxy)threonine:NAD oxidoreductase	1	0.670	-0.070	-2.080	-1
rxn11670	flavan-3-ol:NADP+ oxidoreductase	1	24.410	31.160	41.080	-1
rxn11671	flavan-3-ol:NADP+ oxidoreductase	1	24.410	-17.010	42.870	-1
rxn11672	flavan-3-ol:NADP+ oxidoreductase	1	24.410	-17.130	44.600	-1
rxn11673	R06585	1	-99.400	-179.320	-121.570	-1
rxn11674	4-hydroxyphenylpyruvate:oxygen oxidoreductase (decarboxylating)	1	-108.280	-120.400	-98.290	-1
rxn11680	6-(2-Amino-2-carboxyethyl)-7,8-dioxo-7,8-dihydroquinoline-2,4-dicarboxylate:oxygen oxidoreductase (cyclizing)	1	-147.810	-70.770	-201.980	-1
rxn11681	R07499	1	-17.570	-13.350	8.280	10
rxn11682	R07507	1	-17.570	-13.350	8.280	10
rxn11683	R07509	1	-314.770	-316.270	-313.330	-1
rxn11684	farnesyl-diphosphate:farnesyl-diphosphate farnesyltransferase (4,4'-diapophytoene forming)	2	-40.460	-26.010	-33.590	-1
rxn11687	22alpha-hydroxy-5alpha-campestan-3-one,NADPH:oxygen oxidoreductase (C-23-hydroxylating)	1	-38.040	-38.360	-93.050	-1
rxn11688	3-epi-6-deoxocathasterone,NADPH:oxygen oxidoreductase (C-23-hydroxylating)	1	-38.040	-38.360	-93.050	-1
rxn11689	R07835	none	-0.940	-3.400	-0.470	-1
rxn11694	R08064	none	-16.280	-7.460	-5.750	32
rxn11695	R08065	none	-2.800	1.800	19.580	-1
rxn11696	R08070	none	7.220	-3.660	-2.970	3
rxn11701	UDP-glucose:N-hydroxy-2-phenylethanethioamide S-beta-D-glucosyltransferase	2	-14.430	4.920	-8.890	1
rxn11702	2-succinyl-5-enolpyruvyl-6-hydroxy-3-cyclohexene-1-carboxylate synthase	2	-6.230	-1.360	-20.300	8
rxn11703	2-succinyl-6-hydroxy-2,4-cyclohexadiene-1-carboxylate synthase	4	-23.300	-21.780	-7.510	-1
rxn11704	R08167	2	-14.000	-96.920	-20.140	11
rxn11710	Icosanoyl-CoA hydrolase	3	-5.720	-6.460	-7.350	42
rxn11711	Oleoyl-CoA hydrolase	3	-5.720	-6.460	-7.350	42
rxn11712	Linoleoyl-CoA hydrolase	3	-5.720	-5.200	-7.350	-1
rxn11713	R08178	3	-5.720	-6.460	-7.350	42
rxn11714	R08179	3	-5.720	-6.460	-7.350	42
rxn11715	R08180	3	-5.720	-6.460	-7.350	42
rxn11716	R08181	3	-5.720	-6.460	-7.350	42
rxn11717	R08182	3	-5.720	-6.460	-7.350	42
rxn11718	R08183	3	-5.720	-6.570	-7.350	42
rxn11719	R08184	3	-5.720	-6.460	-7.350	42
rxn11720	R08185	3	-5.720	-6.460	-7.350	42
rxn11721	R08186	3	-5.720	-6.460	-7.350	42
rxn11722	R08187	3	-5.720	-6.460	-7.350	42
rxn11723	R08188	3	-5.720	-6.460	-7.350	42
rxn11724	R08189	3	-5.720	-6.460	-7.350	42
rxn11725	R08190	3	-5.720	-6.460	-7.350	42
rxn11726	R08191	3	-5.720	-6.460	-7.350	42
rxn11727	R08192	3	-5.720	-6.460	-7.350	42
rxn11728	1,5-anhydro-D-mannitol:NADP+ oxidoreductase	1	2.330	-0.290	4.120	14
rxn11729	D-threonine acetaldehyde-lyase (glycine-forming)	4	3.210	-0.020	0.310	15
rxn11730	R08196	4	3.210	-0.020	0.440	-1
rxn11731	L-arginine:pyruvate aminotransferase	2	-0.000	2.780	0.540	-1
rxn11732	R08198	1	6.250	5.080	6.740	19
rxn11733	dimethylallyl-diphosphate diphosphate-lyase (isoprene-forming)	4	-13.800	-6.670	0.140	-1
rxn11734	R08200	3	-15.050	-17.010	-16.610	-1
rxn11735	R08201	6	-2.850	-2.160	-1.570	-1
rxn11739	R08205	1	-97.280	-83.280	-90.680	-1
rxn11740	R08206	1	-117.890	-122.070	-118.000	-1
rxn11741	R08207	1	-102.950	-64.480	-94.070	-1
rxn11742	R08208	1	10.040	8.880	-0.120	-1
rxn11743	betaine aldehyde:oxygen oxidoreductase	1	-41.480	-40.380	-34.410	34
rxn11744	choline oxidase	1	-67.970	-67.810	-61.570	-1
rxn11767	S-adenosyl-L-methionine:6-thioinosine 5'-monophosphate S-methyltransferase	2	-13.120	-8.910	17.990	10
rxn11775	D-ribose pyranase	5	-1.560	0.680	-2.540	-1
rxn11776	acetyl-CoA: isoniazid N-acetyltransferase	2	-4.050	0.090	-9.360	-1
rxn11777	R08249	3	-1.670	-10.050	5.210	-1
rxn11778	acetyl-CoA:acetylhydrazine N-acetyltransferase	2	-4.050	-0.150	-9.550	-1
rxn11779	R08251	none	-0.460	-9.950	20.590	-1
rxn11781	R08253	none	-4.010	0.040	-31.090	-1
rxn11782	R08254	none	-4.010	0.000	-34.800	-1
rxn11787	R08259	2	-1.460	-11.870	-14.110	20
rxn11788	SN38 glucuronide glucuronosohydrolase	3	-3.350	6.400	9.780	6
rxn11795	R08267	1	-95.860	-105.790	-95.900	25
rxn11798	R08270	1	-95.860	-105.790	-95.900	25
rxn11799	R08271	1	-94.420	-94.870	-95.210	27
rxn11802	R08274	1	-94.420	-94.870	-95.210	27
rxn11822	R08294	1	-95.860	-105.790	-90.690	25
rxn11828	Lidocaine amidohydrolase	3	-1.670	-0.200	7.280	-1
rxn11831	R08303	1	-95.860	-105.790	-95.900	25
rxn11832	R08304	1	-95.840	-95.850	-86.860	-1
rxn11834	2-phenyl-1,3-propanediol monocarbamate:NAD+ oxidoreductase	1	5.250	4.940	4.530	19
rxn11835	3-carbamoyl-2-phenylpropionaldehyde:NAD+ oxidoreductase	1	-9.740	-9.120	-2.500	39
rxn11837	R08309	none	3.500	-3.580	9.760	-1
rxn11838	4-hydroxy-5-phenyltetrahydro-1,3-oxazin-2-one:NAD+ oxidoreductase	1	2.330	-10.870	-5.540	3
rxn11840	R08312	1	-80.660	11.120	-73.420	-1
rxn11841	R08313	1	-95.860	-105.780	-90.600	25
rxn11842	R08314	3	0.370	-0.000	10.600	-1
rxn11844	R08316	none	11.360	-30.590	6.340	-1
rxn11847	R08319	none	0.210	-26.750	-0.980	-1
rxn11849	R08321	none	13.990	15.430	15.790	22
rxn11851	R08324	1	2.700	-0.420	-12.710	-1
rxn11852	R08325	1	-94.420	-94.870	-96.120	27
rxn11853	R08326	1	-92.610	-93.820	-95.790	27
rxn11854	R08327	1	-94.420	-94.870	-95.920	27
rxn11855	R08328	none	-4.120	-2.240	-4.820	-1
rxn11856	R08329	none	-3.570	-1.800	-3.930	-1
rxn11857	R08330	none	-10.980	-10.720	-13.380	-1
rxn11858	R08331	4	-8.890	-7.370	-7.470	-1
rxn11859	R08332	4	-8.890	-6.040	-7.470	-1
rxn11862	R08335	none	-10.980	-10.720	-14.110	-1
rxn11863	R08336	none	1.250	-1.800	-12.840	-1
rxn11864	R08337	none	3.360	-1.020	-13.840	-1
rxn11877	R08365	5	1.580	1.410	2.970	18
rxn11885	(2E,6E)-farnesyl-diphosphate diphosphate-lyase [(3S,6E)-nerolidol-forming]	4	-16.570	-7.700	1.810	-1
rxn11887	R08376	none	-86.570	-200.010	-32.740	9
rxn11890	retinol: NADP+ oxidoreductase	1	3.700	2.580	2.140	19
rxn11891	11-cis-retinol: NADP+ oxidoreductase	1	3.700	7.460	2.210	-1
rxn11892	Palmitoyl-CoA:retinol O-acyltransferase	2	-3.610	-1.780	-12.150	-1
rxn11893	9-cis-retinol:NAD+ oxidoreductase	1	3.700	4.940	2.720	19
rxn11894	R08383	1	3.700	4.910	2.140	19
rxn11895	retinal:oxygen oxidoreductase	1	-41.480	-40.770	-30.800	-1
rxn11896	retinal:NAD+ oxidoreductase	1	-9.740	-9.120	1.410	10
rxn11900	R08390	1	-92.610	-93.820	-94.820	27
rxn11901	R08391	1	-104.940	-78.080	-77.230	-1
rxn11902	R08392	1	-96.220	-97.040	-96.780	28
rxn11917	Aldehyde:oxygen oxidoreductase	1	-37.460	-26.800	26.280	-1
rxn11934	AMP,sulfite:acceptor oxidoreductase (adenosine-5'-phosphosulfate-forming)	1	16.580	6.770	6.550	-1
rxn11946	R05614	2	-1.630	15.210	7.280	-1
rxn11953	R01723	none	-26.780	-6.570	-6.090	-1
rxn11961	Glycerol 1,2-cyclic phosphate 2-glycerophosphohydrolase	3	-23.030	-92.800	-10.480	11
rxn11964	indole-3-acetaldehyde:oxygen oxidoreductase	1	-41.480	-40.770	-35.680	34
rxn11966	11-epi-Prostaglandin F2alpha:NADP+ 11-oxidoreductase	1	2.330	-0.290	3.340	14
rxn11970	serotonin O-methyltransferase	2	2.380	-2.050	-29.900	-1
rxn11972	R02962	none	-3.370	-15.020	17.180	-1
rxn11985	4-Cresol,NADPH:oxogen oxidoreductase (2-hydroxylating)	1	-95.860	-105.790	-79.240	26
rxn11998	Geranylgeranyl diphosphate:sn-glyceryl phosphate geranylgeranyltransferase	2	-10.130	-6.980	-11.790	-1
rxn12004	R05098	none	-21.580	-19.630	-21.850	36
rxn12008	R05611	2	22.500	18.640	22.440	-1
rxn12009	Phenylphosphate synthase	2	-30.280	-28.080	-16.260	-1
rxn12015	R07948	none	-61.140	-55.530	-154.020	-1
rxn12019	R08170	4	2.110	-15.600	-4.200	3
rxn12020	benzoyl-CoA:3'-N-debenzoyltaxol 3'-N-benzoyltransferase	2	-5.260	-6.870	-15.190	-1
rxn12021	amino phenylpropanoyl-CoA:Baccatin III amino phenylpropanoyl-13-O-transferase	2	-3.610	-1.650	-1.330	-1
rxn12028	R08255	3	-2.580	-90.420	3.480	-1
rxn12030	R08258	3	-2.580	-90.420	3.480	-1
rxn12033	Monoethylglycinexylidide amidohydrolase	3	-1.670	-0.190	8.390	-1
rxn12035	R08305	none	1.020	-84.930	-13.140	-1
rxn12036	R08308	none	-4.670	-86.250	-26.080	-1
rxn12037	R08311	none	-15.570	5.330	-6.710	1
rxn12040	glutathione:glutathionylspermidine amidase	3	-0.460	-0.460	-4.710	-1
rxn12041	glutathione:glutathionylaminopropylcadaverine amidase	3	-0.460	-0.480	-4.710	-1
rxn12042	glutathione:spermine ligase (ADP-forming)	6	-6.320	-5.170	-2.950	-1
rxn12043	glutathione:glutathionylspermine ligase (ADP-forming)	6	-6.320	-5.130	-2.970	-1
rxn12044	glutathione:aminopropylcadaverine ligase (ADP-forming)	6	-6.320	-5.450	-3.190	-1
rxn12045	glutathione:glutathionylaminopropylcadaverine ligase (ADP-forming)	6	-6.320	-5.680	-1.680	-1
rxn12046	bis(glutathionyl)spermine:NADP+ oxidoreductase	1	-4.940	29.340	4.370	-1
rxn12047	homotrypanothione:NADP+ oxidoreductase	1	-4.940	28.020	4.390	-1
rxn12049	S-adenosylmethioninamine:cadaverine 3-aminopropyltransferase	2	-10.430	0.830	-4.210	-1
rxn12057	R08395	4	-33.320	-143.810	-30.050	9
rxn12058	geranyl-diphosphate diphosphohydrolase	3	-13.240	-7.050	-3.060	-1
rxn12060	R08410	none	-24.520	15.360	30.550	-1
rxn12064	R08414	none	25.230	3.290	6.540	-1
rxn12074	R08424	none	12.530	10.770	15.860	22
rxn12092	S-Adenosyl-L-methionine:Anhalonidine O-methyltransferase	2	-4.330	-1.840	-21.330	8
rxn12107	vanillylamine:succinate-semialdehyde aminotransferase	none	27.320	62.630	4.450	-1
rxn12109	R08464	none	12.530	10.870	14.860	-1
rxn12110	S-Adenosyl-L-methionine:D-cathine N-methyltransferase	2	-10.430	1.760	8.260	6
rxn12111	R08466	none	12.530	10.870	14.660	-1
rxn12112	S-Adenosyl-L-methionine:norephedrine N-methyltransferase	2	-10.430	1.760	8.260	6
rxn12129	R08485	1	-14.800	-23.420	-19.710	-1
rxn12130	R08486	1	19.240	0.520	20.620	-1
rxn12147	3D-(3,5/4)-Trihydroxycyclohexane-1,2-dione acylhydrolase (decyclizing)	3	-9.410	13.400	-11.420	1
rxn12153	R08510	1	8.880	-5.270	5.520	-1
rxn12157	phosphoramidate:hexose 1-phosphotransferase	2	-28.510	-0.690	-122.120	-1
rxn12158	ADP:alpha-D-aldose-1-phosphate adenylyltransferase	2	12.030	-1.760	2.220	-1
rxn12159	17alpha-Hydroxypregnenolone acetaldehyde-lyase	4	2.880	-1.450	1.860	-1
rxn12169	Arachidonate 5-lipoxygenase	1	-86.010	-86.690	-97.850	-1
rxn12170	Monoterpenyl-diphosphate pyrophosphohydrolase	3	-13.240	-9.260	-6.770	-1
rxn12171	Acetyl-CoA:monoterpenol O-acetyltransferase	2	-3.610	1.280	-1.200	-1
rxn12172	Acetyl-CoA:monoterpenol O-acetyltransferase	2	-3.610	1.280	-2.410	-1
rxn12173	Acetyl-CoA:monoterpenol O-acetyltransferase	2	-3.610	1.280	-1.200	-1
rxn12175	hydroxycinnamoyl glucosyltransferase	2	-2.700	0.460	1.530	13
rxn12177	L-Glucitol:NAD+ 2-oxidoreductase	1	2.040	3.830	9.890	-1
rxn12178	S-Adenosyl-L-methionine:amine N-methyltransferase	2	-13.080	-3.080	3.380	7
rxn12179	S-Adenosyl-L-methionine:5-hydroxyfuranocoumarin O-methyltransferase	2	-3.530	14.700	-34.700	-1
rxn12185	D-Galactose:NAD+ 1-oxidoreductase	1	-1.970	-3.260	-0.200	-1
rxn12187	(2E,6E)-Farnesyl-diphosphate diphosphate-lyase (beta-selinene-forming)	4	-26.880	-91.000	-19.150	-1
rxn12188	R08548	3	7.220	-2.840	-3.750	3
rxn12191	R08558	1	5.250	4.190	4.460	19
rxn12193	3-isopropylmalate dehydratase	4	1.420	0.980	-1.630	-1
rxn12204	alpha-D-glucose 1,6-phosphomutase	5	0.000	-2.370	-1.530	16
rxn12206	malonate carboxy-lyase (biotin-independent/biotin-dependent)	4	-6.470	-6.450	-6.850	43
rxn12217	R09093	none	-5.170	-6.870	-5.980	-1
rxn12510	ATP:pantothenate 4'-phosphotransferase	2	-14.000	-3.690	-4.810	32
rxn12512	(R)-4'-Phosphopantothenate:L-cysteine ligase	6	-26.780	-11.950	-11.620	-1
rxn12649	5,6,7,8-tetrahydrofolate:NADP+ oxidoreductase	1	16.590	-8.970	11.450	-1
rxn12746	6-hydroxynicotinate,NADH:oxygen oxidoreductase (3-hydroxylating, decarboxylating)	1	-95.990	-108.370	-88.950	26
rxn12748	N-formylmaleamic acid amidohydrolase	3	-14.770	-6.200	-9.920	-1
rxn12749	2,5-dihydroxypyridine:oxygen 5,6-oxidoreductase	1	-87.610	-84.910	-97.840	-1
rxn13134	5'-nucleotidase	3	7.220	-3.910	-2.970	3
rxn13186	S-adenosyl-L-methionine:2-hexaprenyl-3-methyl-5-hydroxy-6-methoxy-1,4-benzoquinone 3-O-methyltransferase	2	-3.530	0.400	2.160	-1
rxn13251	Fumarate dependent DHORD	1	-3.130	-12.080	-13.640	20
rxn13385	ATP:1D-myo-inositol-hexakisphosphate 5-phosphotransferase	2	9.500	1.670	11.210	-1
rxn13388	spermidine:oxygen oxidoreductase (spermidine-forming)	1	-23.500	-20.680	-16.020	37
rxn13400	3-(4-hydroxyphenyl)lactate hydro-lyase (4-coumarate-forming)	4	-2.660	-0.100	-2.250	-1
rxn13477	(2E,6E)-farnesyl-diphosphate:isopentenyl-diphosphate farnesyltranstransferase (adding 3 isopentenyl units)	2	-67.500	-55.910	-67.330	-1
rxn13771	rxn13771	1	-108.830	-109.160	-110.950	24
rxn13801	(2S)-2-amino-4-deoxychorismate:L-glutamate aminotransferase	2	-7.190	-4.420	3.970	10
rxn13802	D-alanine-D-alanine ligase (reversible)	6	-6.320	-6.150	-1.450	-1
rxn13930	FMN reductase	1	-4.840	-4.010	4.960	10
rxn13931	D-glycero-D-manno-heptose 7-phosphate kinase	2	-14.000	-2.170	-3.920	32
rxn13933	mannitol-1-phosphate 5-dehydrogenase	1	2.040	3.460	2.750	-1
rxn13937	D-glycero-D-manno-heptose 7-phosphate aldose-ketose-isomerase	5	-0.860	0.530	2.650	13
rxn13939	FMN reductase	1	-4.840	-4.010	4.960	10
rxn13940	D-glycero-D-manno-hepose 1-phosphate adenyltransferase	2	1.070	-3.000	7.330	-1
rxn13941	D-glycero-D-manno-heptose 7-phosphate kinase	2	-14.000	-2.170	-3.920	32
rxn13943	mannitol-1-phosphate 5-dehydrogenase	1	2.040	3.460	2.750	-1
rxn13947	sedoheptulose 7-phosphate isomerase	5	-0.860	0.530	2.650	13
rxn13949	beta-D-fructofuranosyl-alpha-D-mannopyranoside-6F-phosphate phosphohydrolase	3	7.220	-3.660	-4.920	3
rxn13952	tetrahydropalmatine:oxygen oxidoreductase	1	-48.360	-66.370	-79.710	-1
rxn13953	3alpha,7alpha-dihydroxy-5beta-cholestanate,NADPH:oxygen oxidoreductase (26-hydroxylating)	1	-118.580	-118.250	-109.740	-1
rxn13954	ADP-glucose: D-glucose 1-alpha-D-glucosyltransferase	2	-1.700	-1.770	-3.730	29
rxn13955	GDP-D-mannose:alpha-L-rhamnosyl-(1->3)-alpha-D-galactosyl-diphosphoundecaprenol D-mannosyltransferase	2	-1.700	-0.940	-11.650	-1
rxn13956	2-trans,6-trans-farnesyl-diphosphate 2-cis-trans-isomerase	none	0.000	0.000	-0.780	-1
rxn13957	ditrans,hexacis-nonaprenyl-diphosphate:isopentenyl-diphosphate nonaprenylcistransferase	2	-22.500	-18.640	-23.150	36
rxn13958	raffinose:raffinose 3F-alpha-D-galactosyltransferase	2	0.000	2.280	-1.490	-1
rxn13966	L-tyrosine,NADPH:oxygen oxidoreductase (N-hydroxylating, decarboxylating)	1	-190.030	-246.630	-181.050	17
rxn13968	dopamine:oxygen oxidoreductase	1	-79.730	-82.130	-140.610	-1
rxn13969	5-formyluracil,2-oxoglutarate:oxygen oxidoreductase	1	-150.000	-130.790	-134.250	-1
rxn13970	UDP-glucuronate:betanin beta-D-glucuronosyltransferase	2	-1.700	-3.830	-6.710	29
rxn13972	UDP-L-rhamnose:NADP+ 4-oxidoreductase	1	-2.330	0.290	-7.420	-1
rxn13975	2-(2'-methylthio)ethylmalate hydroxymutase	5	1.420	0.980	2.510	-1
rxn13977	3-(4'-methylthio)butylmalate oxidoreductase (decarboxylating)	1	-11.640	-15.040	-16.450	35
rxn13980	cholest-5-ene-3beta,7alpha,25-triol:NAD+ 3-oxidoreductase	1	0.780	-0.260	5.600	-1
rxn13981	dimethylallyl-diphosphate:dimethylallyl-diphosphate dimethylallyltransferase (lavandulyl-diphosphate-forming)	2	-25.630	-15.990	-18.970	-1
rxn13983	3-(7'-methylthio)heptylmalate oxidoreductase (decarboxylating)	1	-11.640	-15.030	-16.450	35
rxn13984	homomethionine,NADPH:oxygen oxidoreductase (N-hydroxylating, decarboxylating)	1	-190.030	-234.850	-184.200	17
rxn13986	dihomomethionine,NADPH:oxygen oxidoreductase (N-hydroxylating, decarboxylating)	1	-190.030	-234.850	-184.200	17
rxn13988	(-)-menthone,NADPH:oxygen oxidoreductase	1	-97.280	-82.880	-90.950	-1
rxn13989	dTDP-D-olivose:premithramycinone D-olivosyltransferase	2	-1.700	-0.070	-11.200	-1
rxn13990	ATP:N-acetyl-D-glucosamine 1-phosphotransferase	2	-14.000	-0.510	-2.520	-1
rxn13995	2-(3'-methylthio)hexylmalate hydroxymutase	5	1.420	0.980	2.400	18
rxn13998	feruloyl-CoA:malonyl-CoA C-feruloyltransferase (decarboxylating)	2	2.130	3.510	-2.270	5
rxn13999	CDP-abequose:NADP+ 4-oxidoreductase	1;4	-2.330	0.290	-2.510	-1
rxn14000	L-Lysine:NAD+ 6-oxidoreductase (deaminating)	1	7.720	8.810	10.970	21
rxn14001	N-hydroxyl-tryptamine oxidoreductase	2	-2.220	-80.660	-27.970	-1
rxn14002	L-tryptophan,NADPH:oxygen oxidoreductase (N-hydroxylating, decarboxylating)	1	-190.030	-238.360	-192.010	17
rxn14004	acetyl-CoA:4-methylthio-2-oxobutanoate C-acetyltransferase (thioester-hydrolysing, carboxymethyl-forming)	2	-8.890	-5.650	-6.680	38
rxn14007	11beta,17beta-dihydroxy-4-androsten-3-one:NAD+ 17-oxidoreductase	1	2.330	-0.260	3.050	14
rxn14008	D-glucose-6-phosphate phosphate-lyase (2-deoxy-scyllo-inosose-forming)	4	-4.750	-32.450	-27.270	-1
rxn14009	Geranyl-diphosphate diphosphohydrolase	3	-13.240	-7.050	-3.060	-1
rxn14011	ditrans,pentacis-octaprenyl-diphosphate:isopentenyl-diphosphate octaprenylcistransferase	2	-22.500	-18.640	-23.150	36
rxn14012	(E)-nonaprenyl-diphosphate:isopentenyl-diphosphate nonaprenyltranstransferase	2	-22.500	-18.640	-22.440	36
rxn14019	4alpha-methylzymosterol:NADP+ 3-oxidoreductase	1	-2.330	0.290	-2.530	-1
rxn14020	trans-cinnamate,NADPH:oxygen oxidoreductase (4-hydroxylating)	1	-95.860	-105.840	-95.920	25
rxn14023	N,N-dimethyl-1,4-phenylenediamine, aniline:NADP+ oxidoreductase	1	19.660	-132.790	-24.090	-1
rxn14025	3'-phosphoadenylyl-sulfate:desulfo-p-hydroxybenzylglucosinolate sulfotransferase	2	-14.000	-96.920	-20.130	11
rxn14026	3'-phosphoadenylyl-sulfate:cholesterol sulfotransferase	2	-14.000	-59.430	8.930	-1
rxn14030	dTDP-D-olivose:compound-100-1 O-beta-D-olivosyltransferase	2	-1.700	-4.240	-12.250	-1
rxn14038	ADP-ribose ribophosphohydrolase	3	-28.310	-5.420	-12.990	-1
rxn14039	CTP:riboflavin 5'-phosphotransferase	2	-14.000	-1.840	-1.230	-1
rxn14040	ditrans,tetracis-heptaprenyl-diphosphate:isopentenyl-diphosphate heptaprenylcistransferase	2	-22.500	-18.640	-23.150	36
rxn14041	Androstan-3alpha,17beta-diol:NADP+ oxidoreductase	1	-2.330	0.290	4.080	13
rxn14044	L-fucose:NAD+ 1-oxidoreductase	1	-1.970	-3.260	-3.010	29
rxn14049	3beta,7alpha-dihydroxy-5-cholestenoate:NAD+ 3-oxidoreductase	1	0.780	-0.260	5.600	-1
rxn14051	p-coumaroyl-CoA:p-coumaroyl-diketide-CoA C-coumaroyltransferase (thioester-hydrolysing and decarboxylating)	2	-3.590	-4.750	-14.680	-1
rxn14053	6-methylpretetramide,NADPH:oxygen oxidoreductase (4-hydroxylating)	1	-95.860	-105.670	-80.560	26
rxn14054	trans-3-Chloro-2-propene-1-ol:NAD+ oxidoreductase	1	3.700	4.940	3.810	19
rxn14059	2-(3'-methylthio)butylmalate hydroxymutase	5	1.420	0.980	2.400	18
rxn14061	trans,trans,cis-geranylgeranyl-diphosphate:isopentenyl-diphosphate geranylgeranylcistransferase	2	-22.500	-18.640	-23.150	36
rxn14063	2-dehydro-L-idonate:NADP+ 5-oxidoreductase	1	3.790	7.180	7.580	19
rxn14065	feruloyl-CoA:feruloyl-diketide-CoA C-feruloyltransferase (thioester-hydrolysing and decarboxylating)	2	-3.590	-4.850	-14.730	-1
rxn14068	S-(phenylacetothiohydroximoyl)-L-cysteine phenylacetothiohydroximate-lyase (deaminating; pyruvate-forming)	4	2.110	-15.600	-4.200	3
rxn14069	3,4-dihydroxy-L-phenylalanine ammonia-lyase (3,4-dihydroxyphenylpropanoate-forming)	4	-11.950	-11.890	-18.940	-1
rxn14072	cholesterol 26-hydroxylase	1	-92.610	-93.820	-95.950	27
rxn14074	UDP-glucose:4-methylthiobutylthiohydroximate S-beta-D-glucosyltransferase	2	-14.430	4.950	-8.860	1
rxn14077	putrescine:pyruvate aminotransferase	2	-1.000	0.940	1.880	13
rxn14078	Nomega-(ADP-D-ribosyl)-L-arginine ADP-ribosylhydrolase	3	6.730	-2.860	15.920	-1
rxn14079	UDP-glucose:ferulate D-glucosyltransferase	2	-2.700	0.460	1.530	13
rxn14080	trans,trans-Farnesyl-diphosphate diphosphohydrolase	3	-13.240	-7.050	-3.060	-1
rxn14081	(2R)-4-hydroxy-3-oxo-3,4-dihydro-2H-1,4-benzoxazin-2-yl beta-D-glucopyranoside:oxygen oxidoreductase (7-hydroxylating)	1	-109.720	-118.650	-99.550	-1
rxn14082	tryptamine,NADPH:oxygen oxidoreductase (N-hydroxylating)	1	-90.630	-55.150	-57.710	-1
rxn14083	flaviolin,NADPH:oxygen oxidoreductase	1	-112.620	-106.120	-124.330	-1
rxn14084	2-aminophenol:oxygen oxidoreductase	1	-106.690	-105.560	-136.850	-1
rxn14085	all-trans-nonaprenyl-diphosphate:homogentisate nonaprenyltransferase (decarboxylating)	2	-31.340	-23.550	-25.100	-1
rxn14089	cis-3-chloro-2-propene-1-ol:NAD+ oxidoreductase	1	3.700	4.940	2.300	19
rxn14090	dimethylallyl-diphosphate:leachianone-G 2''-dimethylallyltransferase	2	-25.630	-16.190	-14.770	-1
rxn14093	ATP:N-acetyl-D-hexosamine 1-phosphotransferase	2	-14.000	-0.650	-6.000	-1
rxn14094	tetrahydrogeranylgeranyl-diphosphate:NADP+ oxidoreductase	1	-17.570	-13.270	-0.710	-1
rxn14096	Geranylgeranyl-diphosphate diphosphohydrolase (sclareol-forming)	3	-59.580	-83.910	6.350	-1
rxn14097	S-adenosyl-L-methionine:L-histidine Nalpha-methyltransferase	2	-0.240	-4.430	8.610	-1
rxn14099	5beta-androstane-3,17-dione:NADP+ 4,5-oxidoreductase	1	13.600	4.520	4.820	-1
rxn14102	acetyl-CoA:9-methylthio-2-oxononanoate C-acetyltransferase (thioester-hydrolysing, carboxymethyl-forming)	2	-8.890	-5.660	-5.250	38
rxn14103	UDP-glucose:curcumin-monoglucoside glucosyltransferase	2	-1.700	-13.210	-13.270	20
rxn14104	ADP-glucose:D-fructose 2-alpha-D-glucosyltransferase	2	1.700	-1.080	0.480	-1
rxn14115	dTDP-L-rhamnose:alpha-D-galactosyl-diphosphoundecaprenol L-rhamnosyltransferase	2	-1.700	-4.240	-0.060	-1
rxn14120	5,6,7,8-tetrahydrofolate:NAD+ oxidoreductase	1	-16.590	9.030	12.620	-1
rxn14121	UDP-N-acetylmuramoyl-L-alanyl-gamma-D-glutamyl-L-lysyl-D-alanyl-D-alanine carboxypeptidase	none	-0.460	0.350	1.570	-1
rxn14122	3-(5'-methylthio)pentylmalate oxidoreductase (decarboxylating)	1	-11.640	-15.030	-16.450	35
rxn14124	3alpha-hydroxy-5alpha-pregnan-20-one:NADP+ 3-oxidoreductase (A-specific)	1	-2.330	0.290	-0.160	-1
rxn14126	Z-farnesyl diphosphate synthase	2	-22.500	-18.640	-23.230	36
rxn14127	L-phenylalanine,NADPH:oxygen oxidoreductase (N-hydroxylating, decarboxylating)	1	-190.030	-234.850	-181.520	17
rxn14129	(+)-pulegone,NADPH:oxygen oxidoreductase (9-hydroxylating)	1	-110.550	-74.390	-77.760	-1
rxn14130	S-(hydroxyphenylacetothiohydroximoyl)-L-cysteine phenylacetothiohydroximate-lyase (deaminating; pyruvate-forming)	4	2.110	-15.590	-4.180	3
rxn14133	3'-phosphoadenylyl-sulfate:3-methylthiopropyl-desulfoglucosinolate sulfotransferase	2	-14.000	-96.930	-20.140	11
rxn14134	benzoate,NADPH:oxygen oxidoreductase (2-hydroxylating)	1	-95.860	-105.790	-95.970	25
rxn14136	4-isopropenyl-7-methyloxepan-2-one lactonohydrolase	3	-10.610	-10.940	-5.810	41
rxn14138	Propanoyl-CoA:acetyl-CoA C-acyltransferase	2	5.250	5.970	4.320	19
rxn14139	8'-apo-beta-Carotenol:O2 oxidoreductase	1	-79.860	-87.160	-72.350	23
rxn14142	dihydrogeranylgeranyl-diphosphate:NADP+ oxidoreductase	1	-17.570	-13.270	3.890	10
rxn14143	5,6-Dihydroxyindole-2-carboxylate:oxygen oxidoreductase	1	-62.310	0.070	-197.890	-1
rxn14144	UDP-glucuronate glucuronohydrolase	2;3	-4.810	-5.470	-4.330	-1
rxn14148	L-idonate:NADP+ 2-oxidoreductase	none	6.250	3.060	2.420	-1
rxn14149	3alpha,7alpha,12alpha-trihydroxy-5beta-cholestanoate,NADPH:oxygen oxidoreductase (26-hydroxylating)	1	-118.580	-118.250	-107.880	-1
rxn14150	D-threitol:NADP+ oxidoreductase	1	3.790	4.340	3.210	19
rxn14156	2-(3'-methylthio)heptylmalate hydroxymutase	5	1.420	0.980	2.400	18
rxn14157	butanoyl-CoA:carbon-dioxide ligase (ADP-forming)	6	-2.850	-2.030	-1.710	-1
rxn14161	hexahomomethionine,NADPH:oxygen oxidoreductase (N-hydroxylating, decarboxylating)	1	-190.030	-234.850	-184.200	17
rxn14163	trans,trans-farnesyl-diphosphate diphosphate-lyase [cyclizing, (+)-Valencene-forming]	4	-45.280	-91.480	-28.150	9
rxn14164	pregnenolone,NADPH:oxygen oxidoreductase (7alpha-hydroxylating)	1	-96.220	-97.040	-93.850	28
rxn14165	L-valine,NADPH:oxygen oxidoreductase (N-hydroxylating, decarboxylating)	1	-190.030	-232.560	-178.660	17
rxn14167	2-Aminobut-2-enoate aminohydrolase (spontaneous)	4	-7.300	-7.250	5.030	10
rxn14169	S-(5-deoxy-D-ribos-5-yl)-L-homocysteine homocysteine-lyase [(4S)-4,5-dihydroxypentan-2,3-dione-forming]	4	-3.680	-3.730	-13.080	-1
rxn14172	3-(2'-methylthio)ethylmalate oxidoreductase (decarboxylating)	1	-11.640	-15.040	-18.660	35
rxn14174	7alpha,27-dihydroxycholesterol:NAD+ 3-oxidoreductase	1	0.780	-0.260	5.600	-1
rxn14176	3alpha,21-dihydroxy-5alpha-pregnan-20-one:NADP+ 3-oxidoreductase (A-specific)	1	-2.330	0.290	-0.160	-1
rxn14177	5alpha-pregnan-20alpha-ol-3-one:NADP+ 20-oxidoreductase	1	3.790	4.430	3.040	19
rxn14179	5alpha-pregnane-3alpha,20alpha-diol:NADP+ 20-oxidoreductase	1	3.790	4.430	3.040	19
rxn14180	Cholesterol-sulfate sulfohydrolase	3	16.280	-38.270	28.580	-1
rxn14182	3-(3'-methylthio)propylmalate oxidoreductase (decarboxylating)	1	-11.640	-15.040	-16.450	35
rxn14183	acetyl-CoA:5-methylthio-2-oxopentanoate C-acetyltransferase (thioester-hydrolysing, carboxymethyl-forming)	2	-8.890	-5.650	-5.250	38
rxn14184	nitrite oxidase	none	-58.340	-40.490	-40.300	-1
rxn14186	sophoraflavanone-B,NADPH:oxygen oxidoreductase (2'-hydroxylating)	1	-95.860	-105.800	-80.850	26
rxn14190	L-cystathionine cysteine-lyase	4	-3.120	-15.260	-3.400	-1
rxn14192	S-adenosyl-L-methionine:isoflavone 4'-O-methyltransferase	2	-4.330	-1.830	-22.470	8
rxn14194	UDP-glucose:p-hydroxyphenylacetothiohydroximate S-beta-D-glucosyltransferase	2	-14.430	4.910	-8.910	1
rxn14199	S-adenosyl-L-methionine:1-(3,4-Dihydroxyphenyl)-5-hydroxy-3-decanone O-methyltransferase	2	-4.330	-1.830	-22.960	8
rxn14203	CDP-4-dehydro-3,6-dideoxy-D-glucose 5-epimerase	5	0.000	0.000	0.580	16
rxn14205	acetyl-CoA:7-methylthio-2-oxoheptanoate C-acetyltransferase (thioester-hydrolysing, carboxymethyl-forming)	2	-8.890	-5.650	-5.250	38
rxn14206	UDP-glucuronate:cyclo-DOPA-5-O-glucoside 2'-O-beta-D-glucuronosyltransferase	2	-1.700	-3.030	-6.680	29
rxn14209	L-phenylalanine,NADPH:oxygen oxidoreductase (N-hydroxylating, decarboxylating)	1	-190.030	-236.450	-181.040	17
rxn14211	1-O-feruloyl-beta-D-glucose:betanin feruloyltransferase	2	0.000	-2.550	-12.400	-1
rxn14212	3alpha,7alpha-dihydroxy-5beta-cholestanate:CoA ligase (AMP-forming)	6	-21.520	-2.510	-11.340	-1
rxn14214	3'-phosphoadenylyl-sulfate:pregnenolone sulfotransferase	2	-14.000	-59.430	8.930	-1
rxn14215	(2E,6E)-farnesyl-diphosphate diphosphate-lyase [(E)-beta-farnesene-forming]	4	-13.800	-7.000	-1.050	-1
rxn14217	S-adenosyl-L-methionine:TRIBOA-glucoside 7-O-methyltransferase	2	-4.330	-1.820	-19.940	8
rxn14222	(6E)-8-hydroxygeraniol:NADP+ oxidoreductase	1	7.400	9.820	11.460	21
rxn14223	dopaxanthin:oxygen oxidoreductase	1	-79.730	-82.070	-140.910	-1
rxn14225	S-adenosyl-L-methionine:(R)-reticuline methyltransferase 7-O-methyltransferase	2	-4.330	-1.790	-23.080	8
rxn14228	3alpha,7alpha-dihydroxy-5beta-cholanoyl-CoA:taurine N-choloyltransferase	2	-5.260	-7.280	-9.090	-1
rxn14233	(2E,6E)-farnesyl-diphosphate diphosphate-lyase [(E)-alpha-bisabolene-forming]	4	-33.440	-37.770	-27.830	-1
rxn14236	7alpha,26-dihydroxy-4-cholesten-3-one,NADPH:oxygen oxidoreductase (26-hydroxylating)	1	-222.160	-222.450	-218.770	-1
rxn14237	pentahomomethionine,NADPH:oxygen oxidoreductase (N-hydroxylating, decarboxylating)	1	-190.030	-234.850	-184.200	17
rxn14238	Pregnenolone-sulfate sulfohydrolase	3	16.280	-38.270	28.580	-1
rxn14242	2-amino-4-ketopentanoate thiolase	2	7.060	8.050	-0.270	-1
rxn14243	p-coumaroyl-CoA:malonyl-CoA C-coumaroyltransferase (decarboxylating)	2	2.130	3.470	-2.290	5
rxn14244	3-(6'-methylthio)hexylmalate oxidoreductase (decarboxylating)	1	-11.640	-15.040	-16.450	35
rxn14245	2-Aminoacrylate aminohydrolase	4	-6.640	-5.780	0.140	-1
rxn14246	L-homocysteine hydrogen-sulfide-lyase	4	-0.440	6.710	-4.500	-1
rxn14248	2-(3'-methylthio)propylmalate hydroxymutase	5	1.420	0.980	2.400	18
rxn14249	UDP-glucose:2,3-dihydro-5,6-dihydroxyindole-2-carboxylate 5-O-beta-D-glucosyltransferase	2	-1.700	-12.280	-13.260	20
rxn14253	dTDP-D-olivose:urdamycin-G D-olivosyltransferase	2	-1.700	-4.240	-20.640	-1
rxn14255	(2E,6E)-Farnesyl-diphosphate diphosphate-lyase (adding water;acetone-geosmin-forming)	4	-62.060	-46.290	14.750	-1
rxn14257	(R)-2-O-sulfolactate 2-sulfohydrolase	3	-16.280	39.390	-30.920	-1
rxn14258	S-adenosyl-L-methionine:(S)-reticuline methyltransferase 7-O-methyltransferase	2	-4.330	-1.790	-23.090	8
rxn14259	(Z)-phenylacetaldehyde-oxime,NADPH:oxygen oxidoreductase (adding cysteine)	1	-104.590	-103.950	-112.420	24
rxn14260	sn-glycerol-1-phosphate phosphohydrolase	3	7.220	-4.930	-4.380	3
rxn14261	phytyl-diphosphate:NADP+ oxidoreductase	1	-17.570	-13.270	4.700	10
rxn14262	CDP-ascarylose:NAD+ 4-oxidoreductase	1	-2.330	0.260	-4.050	-1
rxn14263	futalosine ribohydrolase	3	-0.730	-3.860	-2.380	-1
rxn14264	dimethylallyl-diphosphate:naringenin 8-dimethylallyltransferase	2	-26.410	-19.140	-27.800	-1
rxn14267	menth-8-en-2-ol:NAD+ oxidoreductase	1	2.330	-0.260	4.090	14
rxn14271	(+)-cis-isopulegone:NADP+ oxidoreductase	1	-6.360	10.950	-1.760	-1
rxn14273	4-methylthiobutanaldoxime,NADPH:oxygen oxidoreductase (adding cysteine)	1	-104.590	-103.950	-112.410	24
rxn14276	11beta,17beta-dihydroxy-4-androsten-3-one:NADP+ 17-oxidoreductase	1	2.330	-0.290	2.470	14
rxn14278	2-(3'-methylthio)pentylmalate hydroxymutase	5	1.420	0.970	2.390	18
rxn14282	3,4-dihydroxy-L-phenylalanine:oxygen oxidoreductase (deaminating)	1	-91.400	-95.490	-92.480	-1
rxn14284	feruloyl-CoA:p-Coumaroyl-diketide-CoA C-feruloyltransferase (thioester-hydrolysing and decarboxylating)	2	-3.590	-4.780	-14.690	-1
rxn14285	trihomomethionine,NADPH:oxygen oxidoreductase (N-hydroxylating, decarboxylating)	1	-190.030	-234.850	-184.200	17
rxn14286	dimethylallyl-diphosphate:dimethylallyl-diphosphate dimethylallyltransferase (chrysanthemyl-diphosphate-forming)	2	-27.300	-36.570	-27.690	-1
rxn14288	2,4-Dioxotetrahydropyrimidine-nucleotide:pyrophosphatephospho-alpha-D-ribosyltransferase	2	12.510	4.110	9.340	-1
rxn14291	5beta-dihydrotestosterone:NADP+ 4,5-oxidoreductase	1	13.600	3.710	4.820	-1
rxn14292	4-hydroxy-6-methylpretetramide,NADPH:oxygen oxidoreductase (12a-hydroxylating)	1	-69.880	-93.500	-137.450	-1
rxn14294	(2E,6E)-farnesyl-diphosphate lyase [(3E,6E)-alpha-farnesene-forming]	4	-13.140	-7.600	-7.260	-1
rxn14295	TDP-4-keto-6-deoxyhexose 3,4-isomerase	5	0.000	-0.000	2.860	-1
rxn14296	3alpha,7alpha,12alpha-trihydroxy-5beta-cholestanoate:CoA ligase (AMP-forming)	6	-21.520	-2.510	-13.210	-1
rxn14301	L-arginine:taurine amidinotransferase	2	0.000	7.650	-1.960	-1
rxn14302	3-sulfolactate:NAD+ oxidoreductase	1	-6.250	-4.460	-3.750	-1
rxn14303	3beta-hydroxy-5-cholestenoate,NADPH:oxygen oxidoreductase (7alpha-hydroxylating)	1	-96.220	-97.040	-93.850	28
rxn14305	tetrahomomethionine,NADPH:oxygen oxidoreductase (N-hydroxylating, decarboxylating)	1	-190.030	-234.850	-184.200	17
rxn14306	phosphoramidate:hexose 1-phosphotransferase	none	-28.510	-0.690	-121.270	-1
rxn14307	NAD+ glycohydrolase	3	-3.640	-7.950	-4.330	-1
rxn14308	acetyl-CoA:6-methylthio-2-oxohexanoate C-acetyltransferase (thioester-hydrolysing, carboxymethyl-forming)	2	-8.890	-5.660	-5.250	38
rxn14311	3alpha,7alpha,12alpha-trihydroxy-5beta-cholestan-26-oyl-CoA 25-epimerase	5	0.000	0.000	0.000	16
rxn14316	L-phenylalanine:oxygen oxidoreductase (decarboxylating)	1	-109.260	-112.410	-105.520	24
rxn14318	3-oxopropionyl-CoA:NAD+ oxidoreductase	none	9.740	11.090	8.890	21
rxn14319	(24S)-cholest-5-ene-3beta,7alpha,24-triol:NAD+ 3-oxidoreductase	1	0.780	-0.260	5.210	-1
rxn14320	N-Acetyl-9-O-acetylneuraminate 9-O-acetylhydrolase	3	-3.650	-6.970	-13.720	-1
rxn14321	clavulanate:NADP+ oxidoreductase	none	-3.700	-4.910	-0.020	-1
rxn14322	5alpha-Dihydrodeoxycorticosterone:NADP+ 5-oxidoreductase	1	-13.600	-4.110	-4.660	32
rxn14323	5-hydroxymethyluracil,2-oxoglutarate:oxygen oxidoreductase	1	-99.890	-117.230	-121.570	-1
rxn14327	3beta-hydroxyandrost-5-en-17-one,NADPH:oxygen oxidoreductase (7alpha-hydroxylating)	1	-96.220	-97.040	-93.190	28
rxn14329	Isomaltose 6-alpha-D-glucanohydrolase	3	215.170	99.930	2.660	-1
rxn14331	(Z)-4-hydroxyphenylacetaldehyde-oxime,NADPH:oxygen oxidoreductase (adding cysteine)	1	-104.590	-103.950	-112.420	24
rxn14333	ditrans,dicis-pentaprenyl-diphosphate:isopentenyl-diphosphate pentaprenylcistransferase	2	-22.500	-18.640	-23.150	36
rxn14334	ditrans,tricis-hexaprenyl-diphosphate:isopentenyl-diphosphate hexaprenylcistransferase	2	-22.500	-18.640	-23.150	36
rxn14335	1-O-feruloyl-beta-D-glucose:amaranthin feruloyltransferase	2	0.000	-0.410	-10.390	-1
rxn14339	S-(4-methylthiobutylthiohydroximoyl)-L-cysteine 4-methylthiobutylthiohydroximate-lyase (deaminating; pyruvate-forming)	4	2.110	-15.630	-4.230	3
rxn14341	ATP:ammonia phosphotransferase	2	14.510	-7.830	120.210	-1
rxn14342	UDP-N-acetyl-D-glucosaminuronate 4-epimerase	5	0.000	0.000	-0.390	16
rxn14344	chenodeoxycholoyl-CoA hydrolase	3	5.720	6.460	7.360	19
rxn14345	CTP:2,3-bis-O-(geranylgeranyl)-sn-glycerol-1-phosphate cytidylyltransferase	2	1.070	-2.220	-0.300	12
rxn14346	N-Acetylmuramoyl-Ala amidohydrolase	none	-0.460	0.210	-2.070	-1
rxn14347	acetyl-CoA:8-methylthio-2-oxooctanoate C-acetyltransferase (thioester-hydrolysing, carboxymethyl-forming)	2	-8.890	-5.660	-5.250	38
rxn14354	indole-3-acetaldehyde-oxime,NADPH:oxidoreductase	none	-104.590	-103.950	-112.420	24
rxn14357	GDP-mannose: D-fructose-6-phosphate 2-alpha-D-mannosyltransferase	2	-1.700	2.170	-1.140	-1
rxn14359	L-methionine methanethiol-lyase	4	5.470	5.140	0.890	-1
rxn14360	ADP:D-ribose-5-phosphate adenylyltransferase	2	12.030	-1.080	7.240	-1
rxn14362	3'-phosphoadenylyl-sulfate:4-methylthiobutyl-desulfoglucosinolate sulfotransferase	2	-14.000	-96.930	-20.140	11
rxn14363	menth-8-ene-1,2-diol:NAD+ oxidoreductase	1	2.330	-0.260	4.200	14
rxn14365	N-Acetyl-4-O-acetylneuraminate 4-O-acetylhydrolase	3	-3.650	-9.170	-14.330	-1
rxn14368	Undecaprenyl-diphospho-N-acetylmuramoyl-(N-acetylglucosamine)-L-alanyl-gamma-D-glutamyl-L-lysyl-D-alanyl-D-alanine:L-glutamine amido-ligase (ADP-forming)	6	-6.780	-5.920	-5.660	43
rxn14370	UDP-4-dehydro-6-deoxy-glucose 3,5-epimerase	1;5	0.000	0.000	-4.740	-1
rxn14371	cholest-5-ene-3beta,26-diol,NADPH:oxygen oxidoreductase (26-hydroxylating)	1	-222.160	-222.450	-218.770	-1
rxn14372	carbamoyl-phosphate:N2-succinyl-L-ornithine carbamoyltransferase	2	0.580	-1.790	-7.470	-1
rxn14375	5alpha-pregnane-3alpha,20alpha-diol:NADP+ oxidoreductase (A-specific)	1	-2.330	0.290	-0.160	-1
rxn14376	L-leucine,NADPH:oxygen oxidoreductase (N-hydroxylating, decarboxylating)	1	-190.030	-233.200	-181.330	17
rxn14378	CDP-ascarylose:NADP+ 4-oxidoreductase	1	-2.330	0.290	-3.460	-1
rxn14379	11beta,21-dihydroxy-5beta-pregnane-3,20-dione:NADP+ 4,5-oxidoreductase	1	13.600	4.110	-4.050	-1
rxn14387	S-adenosyl-L-methionine:1-(3,4-dihydroxyphenyl)-1-decene-3,5-dione O-methyltransferase	2	-4.330	-1.830	-23.120	8
rxn14389	dTDP-L-mycarose:NADP+ 4-oxidoreductase	none	-2.330	0.290	-3.970	-1
rxn14394	4-imidazolone-5-propanoate:oxygen oxidoreductase	1	30.130	31.520	21.470	-1
rxn14397	7-isopropyl-4-methyloxepan-2-one lactonohydrolase	3	-10.610	-10.940	-6.420	-1
rxn14400	p-coumaroyl-CoA:feruloyl-diketide-CoA C-coumaroyltransferase (thioester-hydrolysing and decarboxylating)	2	-3.590	-4.820	-14.710	-1
rxn15002	R06103	3	-3.110	-1.950	-2.980	-1
rxn15003	sucrose:sucrose 1'-beta-D-fructosyltransferase	2	0.000	-0.990	-5.120	16
rxn15004	sucrose:sucrose 1'-beta-D-fructosyltransferase	2	-0.000	-0.990	-5.120	16
rxn15005	chitobiose N-acetylglucosaminohydrolase	3	-3.110	-2.720	2.510	10
rxn15007	cellobiose glucohydrolase	3	-3.110	-2.270	6.130	10
rxn15008	2-hydroxy-1,2-diphenylethanone benzaldehyde-lyase (benzaldehyde-forming)	4	2.470	2.900	2.370	19
rxn15009	2-hydroxy-1,2-diphenylethanone benzaldehyde-lyase (benzaldehyde-forming)	4	2.470	2.900	2.370	19
rxn15010	maltose glucohydrolase	3	-3.110	-2.610	5.810	10
rxn15011	maltose glucohydrolase	3	-3.110	-2.610	5.810	10
rxn15012	1-O-galloyl-beta-D-glucose:1-O-galloyl-beta-D-glucose O-galloyltransferase	2	0.000	-2.210	-10.930	-1
rxn15013	1-O-galloyl-beta-D-glucose:1-O-galloyl-beta-D-glucose O-galloyltransferase	2	0.000	-2.210	-10.930	-1
rxn15014	1-O-sinapoyl-beta-D-glucose:1-O-sinapoyl-beta-D-glucose 1-O-sinapoyltransferase	2	0.000	-0.790	-10.740	-1
rxn15015	1-O-sinapoyl-beta-D-glucose:1-O-sinapoyl-beta-D-glucose 1-O-sinapoyltransferase	2	-0.000	-0.790	-10.740	-1
rxn15017	S-Adenosyl-L-methionine alkyltransferase (cyclizing)	2	1.850	13.620	10.360	-1
rxn15018	AMP phosphoribohydrolase	3	-0.730	-4.830	-3.040	-1
rxn15019	2,3-diaminopropanoate ammonia-lyase (adding water; pyruvate-forming)	4	-3.830	0.390	2.100	-1
rxn15021	pyruvate:pyruvate acetaldehydetransferase (decarboxylating)	2;4	10.560	7.140	11.130	-1
rxn15022	Isocitrate:NADP+ oxidoreductase (decarboxylating)	1	3.130	1.120	1.430	18
rxn15023	Isocitrate:NADP+ oxidoreductase (decarboxylating)	1	3.130	1.120	1.430	18
rxn15024	D-Glucose:NAD+ 1-oxidoreductase	1	-1.970	-1.440	-0.200	-1
rxn15025	D-Glucose:NADP+ 1-oxidoreductase	1	-1.730	-3.040	2.910	10
rxn15026	D-Glucose:NADP+ 1-oxidoreductase	1	-1.730	-3.040	2.910	10
rxn15027	D-glucose:oxygen 2-oxidoreductase	1	-29.410	-31.910	-21.510	-1
rxn15028	D-glucose:oxygen 2-oxidoreductase	1	-29.410	-31.910	-21.510	-1
rxn15029	D-Glucose-6-phosphate phosphohydrolase	3	7.220	-3.500	-2.960	3
rxn15030	D-Glucose-1-phosphate phosphohydrolase	3	7.220	-5.870	-4.490	3
rxn15033	cellobiose glucohydrolase	3	-3.110	-2.700	-2.880	-1
rxn15035	D-glucose aldose-ketose-isomerase	5	-0.890	-0.110	0.210	13
rxn15036	6-Acetyl-D-glucose acetylhydrolase	3	-3.650	-6.740	-7.510	31
rxn15037	6-Acetyl-D-glucose acetylhydrolase	3	-3.650	-6.740	-7.510	31
rxn15038	GDP-glucose glucohydrolase	3	-4.810	-4.890	-7.580	-1
rxn15039	GDP-glucose glucohydrolase	3	-4.810	-4.890	-7.580	-1
rxn15040	(S,S)-tartrate hydro-lyase (oxaloacetate-forming)	4	-8.170	-8.110	-14.440	-1
rxn15044	D-4-Hydroxy-2-oxoglutarate glyoxylate-lyase	4	3.210	4.040	3.440	19
rxn15045	isocitrate glyoxylate-lyase (succinate-forming)	4	5.020	2.080	2.010	-1
rxn15046	isocitrate glyoxylate-lyase (succinate-forming)	4	5.020	2.080	2.010	-1
rxn15047	UDP-galactose:D-glucose 4-beta-D-galactosyltransferase	2	-1.700	-3.370	-2.540	-1
rxn15048	UDP-galactose:D-glucose 4-beta-D-galactosyltransferase	2	-1.700	-3.370	-2.540	-1
rxn15049	Cytidine-5'-monophosphate phosphoribohydrolase	3	-0.730	-2.800	5.150	-1
rxn15050	D-Glucose 6-sulfate sulfohydrolase	3	-16.280	40.480	-29.060	-1
rxn15051	D-Glucose-1-phosphate:riboflavin 5'-phosphotransferase	2	-0.000	-0.420	0.680	-1
rxn15052	D-Glucose-1-phosphate:riboflavin 5'-phosphotransferase	2	-0.000	-0.420	0.680	-1
rxn15055	L-ornithine:2-oxoglutarate aminotransferase	2	-15.030	-2.130	-13.840	-1
rxn15056	Isocitrate:NAD+ oxidoreductase (decarboxylating)	1	3.130	1.150	2.020	18
rxn15057	Isocitrate:NAD+ oxidoreductase (decarboxylating)	1	3.130	1.150	2.020	18
rxn15058	ITP:D-glucose 6-phosphotransferase	2	-14.000	-3.040	-3.430	32
rxn15059	ITP:D-glucose 6-phosphotransferase	2	-14.000	-3.360	-3.430	32
rxn15060	D-fructose-6-phosphate D-erythrose-4-phosphate-lyase (adding phosphate; acetyl-phosphate-forming)	4	-20.320	-12.660	-11.430	-1
rxn15061	D-glucosamine-6-phosphate aminohydrolase (ketol isomerizing)	3	1.580	1.190	0.540	-1
rxn15062	UDP-glucose:D-fructose-6-phosphate 2-alpha-D-glucosyltransferase	2	-1.700	0.040	0.700	-1
rxn15063	CTP:D-fructose-6-phosphate 1-phosphotransferase	2	-14.000	-4.460	-3.770	32
rxn15064	L-glutamine:D-fructose-6-phosphate isomerase (deaminating)	2	-6.300	-4.600	-3.320	-1
rxn15065	UTP:D-fructose-6-phosphate 1-phosphotransferase	2	-14.000	-4.440	-3.550	32
rxn15066	ITP:D-fructose-6-phosphate 1-phosphotransferase	2	-14.000	-4.710	-3.770	32
rxn15067	sucrose glucohydrolase	3	-3.110	-5.190	-6.220	31
rxn15068	sucrose glucohydrolase	3	-3.110	-5.190	-6.220	31
rxn15069	sucrose alpha-glucohydrolase	3	-3.110	-5.190	4.840	10
rxn15070	D-Sorbitol 6-phosphate:NADP+ 1-oxidoreductase	1	2.930	4.770	2.360	19
rxn15071	D-Sorbitol 6-phosphate:NADP+ 1-oxidoreductase	1	2.930	4.450	2.360	19
rxn15072	D-glucose-6-phosphate:NADP+ 1-oxidoreductase	1	-1.970	-2.880	-0.790	-1
rxn15073	alpha,alpha-Trehalose-6-phosphate phosphoglucohydrolase	3	-3.110	0.060	-2.960	-1
rxn15075	R06115	3	-3.110	-2.540	-7.620	-1
rxn15078	6-phospho-beta-D-glucosyl-(1->4)-D-glucose 6-phosphoglucohydrolase	3	-3.110	-2.850	-1.430	-1
rxn15079	sn-Glycerol-3-phosphate:D-glucose 6-phosphotransferase	2	0.000	0.670	-0.770	-1
rxn15080	sn-Glycerol-3-phosphate:D-glucose 6-phosphotransferase	2	0.000	0.360	-0.770	-1
rxn15081	ATP:D-fructose 6-phosphotransferase	2	-14.000	-2.880	3.820	7
rxn15082	D-Glucose:D-fructose oxidoreductase	1	-4.010	-4.520	-3.330	-1
rxn15083	D-Glucose:D-fructose oxidoreductase	1	-4.010	-4.520	-3.330	-1
rxn15084	ITP:D-fructose 6-phosphotransferase	2	-14.000	-3.200	-3.430	32
rxn15085	D-mannose aldose-ketose-isomerase	5	-0.890	-0.110	-0.780	-1
rxn15086	D-mannose aldose-ketose-isomerase	5	-0.890	-0.110	-0.780	-1
rxn15087	alpha-D-Glucose aldose-ketose-isomerase	5	-0.890	-0.110	-4.620	-1
rxn15090	L-cysteine:2-oxoglutarate aminotransferase	2	-3.940	-3.930	-0.850	-1
rxn15091	L-cysteine:2-oxoglutarate aminotransferase	2	-3.940	-3.930	-0.850	-1
rxn15092	propanoyl-CoA:glyoxylate C-propanoyltransferase (thioester-hydrolysing, 2-carboxyethyl-forming)	2	8.930	10.910	10.430	21
rxn15093	propanoyl-CoA:glyoxylate C-propanoyltransferase (thioester-hydrolysing, 2-carboxyethyl-forming)	2	8.930	11.840	10.430	21
rxn15094	(S)-Methylmalonate semialdehyde:NAD+ oxidoreductase (CoA-propanoylating)	1	-7.140	-7.080	-6.980	43
rxn15095	alpha-D-glucose-1-phosphate phosphohydrolase	3	7.220	-5.870	0.340	-1
rxn15097	cellobiose:phosphate alpha-D-glucosyltransferase	2	-10.330	3.170	1.610	6
rxn15098	cellobiose:phosphate alpha-D-glucosyltransferase	2	-10.330	3.600	1.610	6
rxn15100	3-beta-D-glucosyl-D-glucose:phosphate alpha-D-glucosyltransferase	2	-10.330	3.400	0.640	6
rxn15101	3-beta-D-glucosyl-D-glucose:phosphate alpha-D-glucosyltransferase	2	-10.330	3.400	0.640	6
rxn15102	alpha-D-Glucose-1-phosphate:alpha-D-glucose-1-phosphate 4-alpha-D-glucosyltransferase (dephosphorylating)	2	17.550	-9.120	-5.120	-1
rxn15103	alpha-D-Glucose-1-phosphate:alpha-D-glucose-1-phosphate 4-alpha-D-glucosyltransferase (dephosphorylating)	2	17.550	-9.120	-5.120	-1
rxn15106	Glycerol hydro-lyase	4	-10.980	-7.690	-9.000	-1
rxn15107	Glycerol hydro-lyase	4	-10.980	-9.070	-9.000	-1
rxn15108	ATP:D-ribose-5-phosphate diphosphotransferase	2	-14.000	0.480	-0.540	-1
rxn15109	ATP:D-ribose-5-phosphate 1-phosphotransferase	2	-14.000	-2.180	-0.060	-1
rxn15111	ADP:D-ribose-5-phosphate adenylyltransferase	2	12.030	-0.520	7.240	-1
rxn15112	Ribose-5-phosphate:ammonia ligase (ADP-forming)	6	-9.250	-8.130	1.670	10
rxn15113	uracil hydro-lyase (adding D-ribose 5-phosphate;pseudouridine-5'-phosphate-forming)	4	-13.530	-8.050	-5.840	-1
rxn15114	D-ribose-5-phosphate aldose-ketose-isomerase	5	0.620	1.050	0.250	-1
rxn15115	D-Ribose 1,5-phosphomutase	5	0.000	-3.300	-1.970	16
rxn15116	beta-D-fructose-1,6-bisphosphate D-glyceraldehyde-3-phosphate-lyase (glycerone-phosphate-forming)	4	4.310	5.220	-0.730	5
rxn15117	D-Ribose:NADP+ 1-oxidoreductase	1	-7.660	-8.800	-9.300	-1
rxn15118	Uridine ribohydrolase	3	7.830	-6.600	-4.810	3
rxn15120	ATP:D-galactose 1-phosphotransferase	2	-14.000	-2.000	-5.740	32
rxn15121	ATP:D-galactose 1-phosphotransferase	2	-14.000	-3.290	-5.740	32
rxn15122	galactitol:NAD+ 1-oxidoreductase	1	-2.930	-3.010	-5.870	-1
rxn15123	galactitol:NAD+ 1-oxidoreductase	1	-2.930	-4.300	-5.870	31
rxn15124	D-Galactose:NAD+ 1-oxidoreductase	1	-1.730	-2.470	-3.480	29
rxn15125	D-Galactose:NAD+ 1-oxidoreductase	1	-1.730	-3.760	-3.480	29
rxn15126	galactitol:NADP+ 1-oxidoreductase	1	-2.930	-2.980	-5.280	-1
rxn15127	galactitol:NADP+ 1-oxidoreductase	1	-2.930	-4.270	-5.280	-1
rxn15128	D-Galactose:NADP+ 1-oxidoreductase	1	-1.970	-3.680	-0.790	-1
rxn15129	D-Galactose:NADP+ 1-oxidoreductase	1	-1.970	-4.970	-0.790	-1
rxn15130	D-Galactose:NADP+ 1-oxidoreductase	1	-1.730	-2.500	-4.060	29
rxn15131	D-Galactose:NADP+ 1-oxidoreductase	1	-1.730	-3.790	-4.060	29
rxn15132	D-Galactose:oxygen 6-oxidoreductase	1	-39.160	-39.780	-39.930	34
rxn15133	D-Galactose:oxygen 6-oxidoreductase	1	-39.160	-41.070	-39.930	34
rxn15134	D-Galactose:oxygen 6-oxidoreductase	1	-24.170	-25.720	-26.160	37
rxn15135	D-Galactose:oxygen 6-oxidoreductase	1	-24.170	-27.010	-26.160	37
rxn15136	Lactose galactohydrolase	3	-3.110	-2.700	-2.880	-1
rxn15139	melibiose galactohydrolase	3	-3.110	-2.170	-2.170	33
rxn15140	Raffinose galactohydrolase	3	-3.110	-0.760	-1.340	-1
rxn15141	Raffinose galactohydrolase	3	-3.110	0.530	-1.340	-1
rxn15142	Galactosylglycerol galactohydrolase	3	-3.110	-1.790	1.050	10
rxn15143	Galactosylglycerol galactohydrolase	3	-3.110	-0.500	1.050	10
rxn15145	CTP:N-acetylneuraminate cytidylyltransferase	2	-12.930	54.710	11.350	-1
rxn15146	CTP:N-acetylneuraminate cytidylyltransferase	2	-12.930	54.710	11.350	-1
rxn15147	5'-Inosinate phosphoribohydrolase	3	-0.730	-2.540	-2.380	-1
rxn15148	dATP:D-glucose 6-phosphotransferase	2	-14.000	-3.290	-3.430	32
rxn15149	dATP:D-glucose 6-phosphotransferase	2	-14.000	-3.610	-3.430	32
rxn15150	dATP:D-fructose 6-phosphotransferase	2	-14.000	-3.450	-3.430	32
rxn15151	myo-Inositol:oxygen oxidoreductase	1	-111.650	-95.450	-92.670	-1
rxn15152	R06093	3	-3.110	-2.010	-2.170	33
rxn15153	R06093	3	-3.110	-0.720	-2.170	-1
rxn15154	N-Acetyl-D-glucosamine amidohydrolase	3	-2.000	-2.330	-1.800	-1
rxn15155	ATP:N-acetyl-D-glucosamine 6-phosphotransferase	2	-14.000	-2.420	-3.430	32
rxn15156	N-Acetyl-D-glucosamine:NAD+ 1-oxidoreductase	1	-7.420	-8.710	-13.220	40
rxn15157	N-acetyl-D-glucosamine:oxygen 1-oxidoreductase	1	-39.160	-40.360	-39.160	34
rxn15158	Acetyl-CoA:D-glucosamine N-acetyltransferase	2	-5.260	-5.350	-5.450	-1
rxn15159	UDP-galactose:N-acetyl-D-glucosamine 4-beta-D-galactosyltransferase	2	-1.700	-3.360	-0.530	-1
rxn15161	N-acetyl-D-glucosamine 2-epimerase	5	0.000	-0.140	0.770	16
rxn15162	Adenosine ribohydrolase	3	-0.730	-4.950	-3.040	-1
rxn15163	1-beta-Aspartyl-N-acetyl-D-glucosaminylamine L-asparaginohydrolase	3	6.730	5.500	7.130	19
rxn15164	Nicotinamide D-ribonucleotide phosphoribohydrolase	3	-3.640	-5.660	-9.170	31
rxn15165	N-ribosylnicotinamide ribohydrolase	3	-3.640	-10.550	-8.540	-1
rxn15166	L-cystathionine L-homocysteine-lyase (deaminating; pyruvate-forming)	4	-1.830	0.130	0.400	-1
rxn15167	L-serine hydro-lyase (adding homocysteine; L-cystathionine-forming)	4	-5.680	-7.350	-7.530	-1
rxn15168	Glutathione:homocystine oxidoreductase	1	-7.880	-1.060	-0.710	-1
rxn15171	citrate hydroxymutase	4	1.420	1.830	1.810	18
rxn15172	citrate hydroxymutase	4	1.420	1.830	1.810	18
rxn15173	ATP:D-mannose 6-phosphotransferase	2	-14.000	-2.880	-4.260	32
rxn15174	ATP:D-mannose 6-phosphotransferase	2	-14.000	-2.880	-4.260	32
rxn15175	ITP:D-mannose 6-phosphotransferase	2	-14.000	-3.200	-4.260	32
rxn15176	ITP:D-mannose 6-phosphotransferase	2	-14.000	-3.200	-4.260	32
rxn15179	Epimelibiose galactohydrolase	3	-3.110	-2.170	-2.170	33
rxn15180	dATP:D-mannose 6-phosphotransferase	2	-14.000	-3.450	-4.260	32
rxn15181	dATP:D-mannose 6-phosphotransferase	2	-14.000	-3.450	-4.260	32
rxn15185	D-xylose:NAD+ 1-oxidoreductase	1	-1.970	-3.650	-6.280	29
rxn15186	D-xylose:NAD+ 1-oxidoreductase	1	-1.970	-3.650	-6.280	29
rxn15187	D-xylose:NADP+ 1-oxidoreductase	1	-1.970	-3.680	-6.870	29
rxn15188	D-xylose:NADP+ 1-oxidoreductase	1	-1.970	-3.680	-6.870	29
rxn15189	xylitol:NADP+ oxidoreductase	1	4.730	1.240	3.600	-1
rxn15190	xylitol:NADP+ oxidoreductase	1	4.730	1.240	3.600	-1
rxn15191	D-xylose aldose-ketose-isomerase	5	-0.890	-0.110	0.830	-1
rxn15192	D-xylose aldose-ketose-isomerase	5	-0.890	-0.110	0.830	-1
rxn15195	ATP:cellobiose 6-phosphotransferase	2	-14.000	-2.880	-4.880	32
rxn15196	ATP:cellobiose 6-phosphotransferase	2	-14.000	-2.450	-4.880	32
rxn15197	Cellobiose:oxygen 1-oxidoreductase	1	-33.710	-35.300	-35.640	-1
rxn15198	Cellobiose:oxygen 1-oxidoreductase	1	-33.710	-34.870	-35.640	-1
rxn15202	cellotriose glucohydrolase	3	-3.110	-2.470	-3.850	-1
rxn15203	cellotriose glucohydrolase	3	-3.110	-2.900	-3.850	-1
rxn15205	Cellobiose 2-epimerase	5	0.000	0.000	5.410	-1
rxn15206	Cellobiose 2-epimerase	5	0.000	0.430	5.410	-1
rxn15207	Cholesteryl-beta-D-glucoside glucohydrolase	3	-3.110	-2.700	2.390	10
rxn15208	Cholesteryl-beta-D-glucoside glucohydrolase	3	-3.110	-2.700	2.390	10
rxn15209	ATP:D-glucuronate 1-phosphotransferase	2	-14.000	-1.540	-2.510	-1
rxn15212	L-Gulonate:NADP+ 6-oxidoreductase	1	2.930	3.920	8.130	19
rxn15213	D-glucuronate aldose-ketose-isomerase	5	-0.890	0.020	0.150	13
rxn15214	D-Glucuronolactone lactonohydrolase	3	-8.010	-6.110	-1.090	-1
rxn15215	D-Glucurono-6,2-lactone lactonohydrolase	3	-7.770	-5.470	0.170	-1
rxn15219	ATP:D-ribulose 5-phosphotransferase	2	-14.050	-1.030	-4.040	-1
rxn15220	ATP:2-dehydro-3-deoxy-D-gluconate 6-phosphotransferase	2	-14.000	-4.240	-2.790	32
rxn15222	Maltose:phosphate 1-beta-D-glucosyltransferase	2	-10.330	3.250	3.600	6
rxn15223	Acetyl-CoA:maltose O-acetyltransferase	2	-3.610	-0.850	-4.240	-1
rxn15224	Acetyl-CoA:maltose O-acetyltransferase	2	-3.610	-0.850	-4.240	-1
rxn15225	Maltose alpha-D-glucosylmutase	5	0.000	-0.660	-0.880	16
rxn15226	Maltose alpha-D-glucosylmutase	5	0.000	-0.660	-0.880	16
rxn15227	D-arabinose aldose-ketose-isomerase	5	-0.890	-3.690	1.250	-1
rxn15228	Sedoheptulose-7-phosphate:D-glyceraldehyde-3-phosphate glycolaldehyde transferase	2	-2.080	0.370	1.380	-1
rxn15229	Guanosine ribohydrolase	3	-0.730	-4.140	-1.830	-1
rxn15230	Lactose galactohydrolase	3	-3.110	-3.860	1.950	10
rxn15233	Isomaltose 6-alpha-D-glucanohydrolase	3	-3.110	-1.230	2.660	10
rxn15234	ATP:L-arabinose 1-phosphotransferase	2	-12.440	-1.360	-3.290	-1
rxn15235	ATP:L-arabinose 1-phosphotransferase	2	-12.440	-1.360	-3.290	-1
rxn15236	L-Arabinose:NAD+ 1-oxidoreductase	1	-1.970	-3.650	-7.240	29
rxn15237	L-Arabinose:NAD+ 1-oxidoreductase	1	-1.970	-3.650	-7.240	29
rxn15238	L-Arabitol:NAD+ 1-oxidoreductase	1	3.170	4.590	10.190	19
rxn15239	L-Arabitol:NAD+ 1-oxidoreductase	1	3.170	4.590	10.190	19
rxn15240	L-Arabitol:NADP+ 1-oxidoreductase	1	3.170	4.560	9.610	19
rxn15241	L-Arabitol:NADP+ 1-oxidoreductase	1	3.170	4.560	9.610	19
rxn15244	L-Arabinose aldose-ketose-isomerase	5	0.670	-0.800	1.160	-1
rxn15245	L-Arabinose aldose-ketose-isomerase	5	0.670	-0.800	1.160	-1
rxn15248	Inosine ribohydrolase	3	-0.730	-4.850	-2.380	-1
rxn15249	ATP:alpha-D-glucose 6-phosphotransferase	2	-14.000	-2.730	-3.430	32
rxn15250	alpha-D-Glucose 6-phosphate phosphohydrolase	3	7.220	-3.810	-2.960	3
rxn15254	phosphoenolpyruvate:N-acetyl-D-mannosamine C-(1-carboxyvinyl)transferase (phosphate-hydrolysing, 2-carboxy-2-oxoethyl-forming)	2	2.970	13.850	14.840	-1
rxn15255	phosphoenolpyruvate:N-acetyl-D-mannosamine C-(1-carboxyvinyl)transferase (phosphate-hydrolysing, 2-carboxy-2-oxoethyl-forming)	2	2.970	13.850	14.840	-1
rxn15256	N-Acetylneuraminate 9-phosphate phosphohydrolase	3	7.220	-2.880	-2.590	3
rxn15257	N-Acetylneuraminate 9-phosphate phosphohydrolase	3	7.220	-2.880	-2.590	3
rxn15258	Acetyl-CoA:N-acetylneuraminate 4-O-acetyltransferase	2	-3.610	1.280	7.090	-1
rxn15259	Acetyl-CoA:N-acetylneuraminate 4-O-acetyltransferase	2	-3.610	1.280	7.090	-1
rxn15260	Acetyl-CoA:N-acetylneuraminate 7-O-acetyltransferase	2	-3.610	0.680	8.000	-1
rxn15261	Acetyl-CoA:N-acetylneuraminate 7-O-acetyltransferase	2	-3.610	0.680	8.000	-1
rxn15262	Acetyl-CoA:N-acetylneuraminate 9-O-acetyltransferase	2	-3.610	-0.930	6.480	-1
rxn15263	Acetyl-CoA:N-acetylneuraminate 9-O-acetyltransferase	2	-3.610	-0.930	6.480	-1
rxn15266	N-Acetylneuraminate pyruvate-lyase (N-acetyl-D-mannosamine-forming)	4	1.080	0.720	1.870	-1
rxn15267	N-Acetylneuraminate pyruvate-lyase (N-acetyl-D-mannosamine-forming)	4	1.080	0.720	1.870	-1
rxn15270	D-mannose-6-phosphate aldose-ketose-isomerase	5	-0.890	-0.120	7.300	13
rxn15271	beta-D-Fructose 6-phosphate:D-glyceraldehyde-3-phosphate glycolaldehyde transferase	2	1.750	1.400	-4.450	5
rxn15272	ATP:sedoheptulose 7-phosphate	2	-12.010	-2.680	-5.770	-1
rxn15276	Ribitol:NAD+ 2-oxidoreductase	1	3.840	3.800	4.700	19
rxn15277	D-Lyxose aldose-ketose-isomerase	5	0.890	0.110	-0.650	-1
rxn15278	Isocitrate:NADP+ oxidoreductase	1	6.250	4.260	5.080	19
rxn15279	Isocitrate:NADP+ oxidoreductase	1	6.250	4.260	5.080	19
rxn15280	isocitrate hydro-lyase (cis-aconitate-forming)	4	0.050	0.200	0.180	16
rxn15281	isocitrate hydro-lyase (cis-aconitate-forming)	4	0.050	0.200	0.180	16
rxn15282	Caffeoyl-CoA:isocitrate 3-O-(3,4-dihydroxycinnamoyl)transferase	2	-3.610	-0.790	0.570	-1
rxn15283	Caffeoyl-CoA:isocitrate 3-O-(3,4-dihydroxycinnamoyl)transferase	2	-3.610	-0.790	0.570	-1
rxn15284	ATP:D-glucosamine 6-phosphotransferase	2	-14.000	-1.990	-2.910	32
rxn15285	D-glucosamine:oxygen 1-oxidoreductase	1	-39.160	-40.010	-40.240	34
rxn15286	N-Sulfo-D-glucosamine sulfohydrolase	3	-14.280	46.130	-57.080	-1
rxn15287	ITP:D-glucosamine 6-phosphotransferase	2	-14.000	-2.310	-2.910	32
rxn15288	dATP:D-glucosamine 6-phosphotransferase	2	-14.000	-2.560	-2.910	32
rxn15290	ATP:D-galacturonate 1-phosphotransferase	2	-14.000	-1.440	3.840	-1
rxn15291	D-galacturonate:NAD+ 1-oxidoreductase	1	-7.420	-8.510	-9.430	-1
rxn15293	D-Galacturonate aldose-ketose-isomerase	5	0.860	0.420	0.320	-1
rxn15294	R01984	none	8.010	6.110	0.040	-1
rxn15296	6-Phospho-D-gluconate hydro-lyase(2-dehydro-3-deoxy-6-phospho-D-gluconate-forming)	4	-8.170	-9.660	-10.340	40
rxn15297	(R)-3-Amino-2-methylpropanoate:pyruvate aminotransferase	2	-1.000	0.170	4.530	13
rxn15298	diphosphate:beta-D-fructose-6-phosphate 1-phosphotransferase	2	-3.040	-1.920	-2.410	33
rxn15301	UDPglucose:sterol 3-O-beta-D-glucosyltransferase	2	-1.700	-3.060	-8.440	29
rxn15306	Cytidine ribohydrolase	3	-0.730	-3.070	5.170	-1
rxn15307	Xanthosine ribohydrolase	3	10.370	-4.310	-2.330	3
rxn15310	GDPglucose:D-glucose-6-phosphate 1-alpha-D-glucosyltransferase	2	-1.700	-4.950	-4.620	29
rxn15312	Pyrimidine-5'-nucleotide phosphoribo(deoxyribo)hydrolase	3	-3.640	-2.040	18.780	-1
rxn15313	pyrimidine-nucleoside ribohydrolase	3	-3.640	-1.290	19.350	-1
rxn15317	(S)-Propane-1,2-diol:NAD+ oxidoreductase	1	5.250	6.320	6.020	19
rxn15319	N-D-ribosylpurine ribohydrolase	3	-0.730	-2.560	-7.710	-1
rxn15320	3-Hydroxybutan-2-one:D-ribose-5-phosphate aldehydetransferase	2	2.730	0.770	-1.720	5
rxn15324	propane-1,2-diol hydro-lyase	4	-9.170	-9.320	-6.920	41
rxn15325	propane-1,2-diol hydro-lyase	4	-9.170	-9.320	-6.920	41
rxn15326	Carnitine:NAD+ 3-oxidoreductase	1	3.790	5.640	4.460	19
rxn15327	Acetyl-CoA:carnitine O-acetyltransferase	2	-3.610	-0.180	-1.570	-1
rxn15328	Acetyl-CoA:carnitine O-acetyltransferase	2	-3.610	0.440	-1.570	-1
rxn15329	4-Trimethylammoniobutanoate,2-oxoglutarate:oxygen oxidoreductase (3-hydroxylating)	1	-108.280	-107.890	-109.050	24
rxn15330	4-Trimethylammoniobutanoate,2-oxoglutarate:oxygen oxidoreductase (3-hydroxylating)	1	-108.280	-108.510	-109.050	24
rxn15331	Carnitine carboxy-lyase	4	-4.930	-4.360	-2.310	-1
rxn15332	Carnitine carboxy-lyase	4	-4.930	-3.740	-2.310	33
rxn15333	Allantoin amidohydrolase	3	-3.690	-13.080	0.580	-1
rxn15334	(S)(+)-Allantoin amidohydrolase	3	-3.690	-13.080	7.250	-1
rxn15335	Quercitrin 3-L-rhamnohydrolase	3	15.890	-32.870	8.050	-1
rxn15336	Quercitrin 3-L-rhamnohydrolase	3	15.890	-32.870	8.050	-1
rxn15337	L-Rhamnose ketol-isomerase	5	0.860	0.270	0.050	15
rxn15338	L-Rhamnose ketol-isomerase	5	0.860	0.270	0.050	15
rxn15339	R02438	none	0.240	0.650	0.930	16
rxn15340	R02438	none	0.240	0.650	0.930	16
rxn15341	Lactaldehyde:NAD+ 1-oxidoreductase	1	6.250	2.690	1.630	-1
rxn15345	Propane-1,2-diol:NAD+ 1-oxidoreductase	1	5.250	6.290	7.090	19
rxn15346	Propane-1,2-diol:NAD+ 1-oxidoreductase	1	5.250	4.910	7.090	19
rxn15348	Coniferin beta-D-glucosidase	3	-3.110	7.790	6.450	6
rxn15349	Coniferin beta-D-glucosidase	3	-3.110	7.790	6.450	6
rxn15354	D-Mannitol-1-phosphate:NAD+ 5-oxidoreductase	1	2.040	4.530	10.410	-1
rxn15359	alpha,alpha-Trehalose:orthophosphate beta-D-glucosyltransferase	2	-10.330	3.920	4.480	6
rxn15360	alpha,alpha-Trehalose:orthophosphate beta-D-glucosyltransferase	2	-10.330	3.920	4.480	6
rxn15361	D-Fructose-2,6-bisphosphate 2-phosphohydrolase	3	7.220	-7.470	0.870	-1
rxn15362	UDPglucose:D-glucose-6-phosphate 1-alpha-D-glucosyltransferase	2	-1.700	-5.820	-8.680	29
rxn15364	alpha-D-Glucose 6-phosphate ketol-isomerase	5	-0.890	-0.270	2.630	13
rxn15368	5-Aminopentanoate:lipoate oxidoreductase (cyclizing)	1	14.520	0.390	6.960	-1
rxn15373	(R)-Acetoin:NAD+ oxidoreductase	1	6.250	4.860	3.540	19
rxn15378	Flavanone lyase (decyclizing)	5	8.370	23.260	-3.890	-1
rxn15379	Melibiitol galactohydrolase	3	-3.110	0.260	-1.340	-1
rxn15380	Melibiitol galactohydrolase	3	-3.110	1.550	-1.340	-1
rxn15382	(-)-borneol:NAD+ oxidoreductase	1	2.330	-0.260	4.280	14
rxn15383	(S)-2-Hydroxy-2-methyl-3-oxobutanoate carboxy-lyase	4	-1.700	-4.130	-4.720	29
rxn15389	1-O-(4-Hydroxy-3,5-dimethoxycinnamoyl)-beta-D-glucose:choline 1-O-(4-Hydroxy-3,5-dimethoxycinnamoyl)transferase	2	0.000	3.320	7.870	-1
rxn15390	1-O-(4-Hydroxy-3,5-dimethoxycinnamoyl)-beta-D-glucose:choline 1-O-(4-Hydroxy-3,5-dimethoxycinnamoyl)transferase	2	0.000	3.320	7.870	-1
rxn15393	2,5-Diaminopentanoate:2-oxoglutarate aminotransferase	2	0.000	-3.070	-4.620	-1
rxn15394	2,5-Diaminopentanoate:2-oxoglutarate aminotransferase	2	0.000	-0.790	-4.620	16
rxn15395	O-Succinyl-L-homoserine succinate-lyase (adding cysteine)	2;4	-11.730	-14.750	-18.380	35
rxn15396	UDP-D-xylose:flavonol-3-O-glycoside D-xylosyltransferase	2	-1.700	-3.350	-9.320	29
rxn15399	1-O-Sinapoyl-beta-D-glucose:(S)-malate O-sinapoyltransferase	2	0.000	8.670	-5.600	-1
rxn15400	1-O-Sinapoyl-beta-D-glucose:(S)-malate O-sinapoyltransferase	2	-0.000	8.670	-5.600	-1
rxn15401	3-Hydroxy-2-methylpropanoyl-CoA hydrolase	3	-5.720	-6.460	-2.030	-1
rxn15403	1-(4-Hydroxyphenyl)-2-(methylamino)ethanol hydro-lyase	4	-5.830	-2.190	-6.580	-1
rxn15407	2-Hydroxyglutarate:(acceptor) 2-oxidoreductase	1	1.410	2.920	2.310	-1
rxn15408	2-Hydroxyglutarate:(acceptor) 2-oxidoreductase	1	1.410	4.010	2.310	-1
rxn15412	Syringin beta-D-glucosidase	3	-3.110	6.530	8.250	6
rxn15413	Syringin beta-D-glucosidase	3	-3.110	6.530	8.250	6
rxn15417	R06152	3	-3.110	-1.180	-1.340	-1
rxn15418	R06152	3	-3.110	0.110	-1.340	-1
rxn15425	1,4-beta-D-Glucan glucohydrolase	3	-3.110	-2.920	1.630	10
rxn15426	1,4-beta-D-Glucan glucohydrolase	3	-3.110	-2.920	1.630	10
rxn15430	ATP:sedoheptulose 1-phosphotransferase	2	-12.010	-1.610	-3.950	-1
rxn15431	Strictosidine beta-D-glucohydrolase	3	-3.110	-2.700	-2.990	-1
rxn15432	Strictosidine beta-D-glucohydrolase	3	-3.110	-2.700	-2.990	-1
rxn15433	1-Methyladenosine ribohydrolase	3	2.550	0.030	0.900	14
rxn15435	ATP:D-fructose 6-phosphotransferase	2	-14.000	-2.880	-2.410	32
rxn15436	beta-Alanyl-L-arginine hydrolase	3	-0.460	-4.750	4.040	-1
rxn15437	beta-Alanyl-L-arginine hydrolase	3	-0.460	-0.440	4.040	-1
rxn15438	(E)-Glutaconate CoA-transferase	2	-1.540	-0.920	-2.640	-1
rxn15439	(E)-Glutaconate CoA-transferase	2	-1.540	0.010	-2.640	-1
rxn15440	4-Hydroxycinnamyl alcohol 4-D-glucoside beta-D-glucosidase	3	-3.110	6.530	5.810	6
rxn15441	4-Hydroxycinnamyl alcohol 4-D-glucoside beta-D-glucosidase	3	-3.110	6.530	5.810	6
rxn15456	Indole-3-acetyl-beta-1-D-glucoside:myo-inositol indoleacetyltransferase	2	-0.000	-0.340	-5.780	-1
rxn15457	Indole-3-acetyl-beta-1-D-glucoside:myo-inositol indoleacetyltransferase	2	-0.000	-0.340	-5.780	-1
rxn15460	1-O-trans-Cinnamoyl-beta-D-glucopyranose:alcohol O-cinnamoyltransferase	2	-3.250	-4.770	-28.960	-1
rxn15461	1-O-trans-Cinnamoyl-beta-D-glucopyranose:alcohol O-cinnamoyltransferase	2	-3.250	-4.770	-28.960	-1
rxn15462	1-O-trans-Cinnamoyl-beta-D-glucopyranose:alcohol O-cinnamoyltransferase	2	-0.090	-2.140	-10.530	-1
rxn15463	1-O-trans-Cinnamoyl-beta-D-glucopyranose:alcohol O-cinnamoyltransferase	2	-0.090	-2.140	-10.530	-1
rxn15466	(R)-2,3-Dihydroxy-3-methylbutanoate:NADP+ oxidoreductase (isomerizing)	1	3.790	4.430	-2.120	5
rxn15467	(R)-2,3-Dihydroxy-3-methylbutanoate hydro-lyase	4	-6.750	-8.830	-10.920	40
rxn15471	1-O-Galloyl-beta-D-glucose:1,2,3,6-tetrakis-O-galloyl-beta-D-glucose 4-O-galloyltransferase	2	-0.800	-17.110	4.900	-1
rxn15472	1-O-Galloyl-beta-D-glucose:1,2,3,6-tetrakis-O-galloyl-beta-D-glucose 4-O-galloyltransferase	2	-0.800	-17.110	4.900	-1
rxn15475	3-D-Glucuronosyl-N2,6-disulfo-beta-D-glucosamine glucuronohydrolase	3	-3.110	-1.830	0.730	10
rxn15476	UDPglucose:2,4-dihydroxy-7-methoxy-2H-1,4-benzoxazin-3(4H)-one 2-D-glucosyltransferase	2	-1.700	-3.060	1.700	10
rxn15477	3alpha,7alpha,12alpha-Trihydroxy-5beta-cholestanate:CoA ligase (AMP-forming)	6	-21.520	-2.510	-6.450	-1
rxn15479	R04592	1	11.180	9.660	1.280	-1
rxn15480	R04592	1	11.180	9.660	1.280	-1
rxn15482	(+/-)-5-[(tert-Butylamino)-2'-hydroxypropoxyl]-1,2,3,4-tetrahydro-1-naphthol:NADP+ oxidoreductase	1	0.780	-0.290	-0.690	-1
rxn15489	3-Ureidoisobutyrate amidohydrolase	3	2.670	-11.940	-3.610	3
rxn15490	3-Ureidoisobutyrate amidohydrolase	3	2.670	-11.940	-3.610	3
rxn15491	(S)-2-Acetolactate pyruvate-lyase (carboxylating)	2	3.660	0.150	3.810	-1
rxn15493	ATP:D-fructose-6-phosphate 1-phosphotransferase	2	-14.000	-4.390	-4.990	32
rxn15494	beta-D-Fructose 1,6-bisphosphate 1-phosphohydrolase	3	7.220	-2.150	-1.410	3
rxn15495	3alpha,7alpha,12alpha,24-tetrahydroxy-5beta-cholestanoyl-CoA:NAD+ oxidoreductase	1	3.790	4.460	1.050	-1
rxn15496	(24R,25R)-3alpha,7alpha,12alpha,24-tetrahydroxy-5beta-cholestanoyl-CoA hydro-lyase	4	1.600	-0.880	-11.640	-1
rxn15505	beta-D-Glucosyl-2-coumarinate glucohydrolase	3	-3.110	6.520	3.620	6
rxn15506	beta-D-Glucosyl-2-coumarinate glucohydrolase	3	-3.110	6.520	3.620	6
rxn15507	L-erythro-4-hydroxyglutamate:2-oxoglutarate aminotransferase	2	0.000	-2.250	-0.760	16
rxn15508	1-O-trans-Cinnamoyl-beta-D-glucopyranose:alcohol O-cinnamoyltransferase	2	-0.000	-1.210	-9.300	-1
rxn15509	1-O-trans-Cinnamoyl-beta-D-glucopyranose:alcohol O-cinnamoyltransferase	2	0.000	-1.210	-9.300	-1
rxn15510	3-Hydroxy-2-methylpropanoate:NAD+ oxidoreductase	1	5.250	4.940	5.250	19
rxn15511	(S)-2-Acetolactate methylmutase	1;5	2.460	0.000	6.690	14
rxn15519	R05128	none	-0.080	8.870	0.590	-1
rxn15524	S-Adenosyl-L-methionine:(RS)-norcoclaurine 6-O-methyltransferase	2	-4.330	-1.830	-23.120	8
rxn15525	lacto-N-tetraose lacto-N-biosylhydrolase	3	-3.110	-2.700	2.880	10
rxn15537	beta-D-galactopyranosyl-(1->3)-N-acetyl-D-hexosamine:phosphate galactosyltransferase	2	-10.330	1.830	9.580	6
rxn15539	methylmalonyl-CoA carboxy-lyase	4	-3.120	-4.680	-6.730	31
rxn15540	R05495	1	-4.030	-0.920	9.070	-1
rxn15544	R05659	none	-7.830	-12.350	-14.680	-1
rxn15545	sn-Glycerol-1-phosphate:NAD 2-oxidoreductase	1	3.790	4.360	4.460	19
rxn15546	sn-Glycerol-1-phosphate:NADP 2-oxidoreductase	1	3.790	4.330	3.880	19
rxn15547	Mannitol:oxygen oxidoreductase (cyclizing)	1	-28.810	-28.860	-28.690	37
rxn15548	Mannitol:oxygen oxidoreductase (cyclizing)	1	-28.810	-28.860	-28.690	37
rxn15550	trehalose 6-phosphate:phosphate b-D-glucosyltransferase	2	-10.330	5.930	4.490	6
rxn15552	4-hydroxyphenylpyruvate:oxygen oxidoreductase (decarboxylating)	1	-108.280	-120.400	-98.290	-1
rxn15560	maltose:phosphate 1-beta-D-glucosyltransferase	2	-10.330	3.250	3.600	6
rxn15568	alpha-D-glucose-1-phosphate:alpha-D-glucose-1-phosphate 4-alpha-D-glucosyltransferase	2	17.550	-9.120	-5.120	-1
rxn15607	(+)-Copalyl-diphosphate lyase (decyclizing)	5	-22.740	-82.890	-4.030	-1
rxn15630	sedoheptulose-7-phosphate:D-glyceraldehyde-3-phosphate glycolaldehydetransferase	2	-10.820	1.620	-5.360	-1
rxn15634	R06662	none	-3.400	-8.470	-21.280	-1
rxn15635	R06664	none	-5.100	-9.100	-36.300	-1
rxn15636	R06688	none	-94.420	-94.870	-95.450	27
rxn15638	R06743	none	49.420	71.870	-82.390	-1
rxn15639	R06779	none	0.080	-8.880	3.440	-1
rxn15640	D-Sedoheptulose-7-phosphate:thiamin diphosphate glycolaldehydetransferase	2	-0.840	0.640	-19.670	-1
rxn15641	2,5-Dihydro-5-oxofuran-2-acetate lyase (decyclizing)	5	0.150	-0.540	1.570	-1
rxn15642	(S)-5-oxo-2,5-dihydrofuran-2-acetate delta3-delat2-isomerase	5	3.130	-5.950	-2.040	-1
rxn15643	(1R,2S)-naphthalene 1,2-oxide hydrolase	3	0.370	89.560	10.750	-1
rxn15644	(1R,2S)-naphthalene 1,2-oxide hydrolase	3	0.370	89.560	10.750	-1
rxn15645	(1S,2R)-naphthalene 1,2-oxide hydrolase	3	0.370	89.560	8.350	-1
rxn15646	(1S,2R)-naphthalene 1,2-oxide hydrolase	3	0.370	89.560	8.350	-1
rxn15647	1,2-Dihydronaphthalene-1,2-diol dehydrogenase	1	-15.840	-20.350	22.940	10
rxn15648	1,2-Dihydronaphthalene-1,2-diol dehydrogenase	1	-15.840	-20.350	22.940	10
rxn15649	1,2-Dihydronaphthalene-1,2-diol, NADPH:oxygen oxidoreductase (RH-hydroxylating or -epoxidizing)	none	-85.480	11.110	-77.510	-1
rxn15650	1,2-Dihydronaphthalene-1,2-diol, NADPH:oxygen oxidoreductase (RH-hydroxylating or -epoxidizing)	none	-85.480	11.110	-77.510	-1
rxn15656	D-sorbitol-6-phosphate:NAD+ 2-oxidoreductase	1	2.040	4.530	6.780	19
rxn15657	D-arabinitol:NAD+ 2-oxidoreductase (D-ribulose-forming)	1	3.840	-0.720	4.420	-1
rxn15658	mannitol:NAD+ 1-oxidoreductase	1	2.930	2.790	3.520	19
rxn15659	mannitol:NAD+ 1-oxidoreductase	1	2.930	2.790	3.520	19
rxn15660	lactaldehyde:NADP+ oxidoreductase	1	6.250	4.040	1.500	-1
rxn15661	D-arabinitol:NADP+ oxidoreductase	1	3.840	-0.750	3.840	-1
rxn15662	D-glucose:NADP+ 1-oxidoreductase	1	-1.970	-1.470	-0.790	-1
rxn15664	2-alpha-D-glucosyl-D-glucose:phosphate beta-D-glucosyltransferase	2	-10.330	3.170	5.800	6
rxn15665	2-alpha-D-glucosyl-D-glucose:phosphate beta-D-glucosyltransferase	2	-10.330	3.170	5.800	6
rxn15668	1D-myo-inositol-3-phosphate lyase (isomerizing)	5	-1.680	-16.180	-16.100	20
rxn15669	1D-myo-inositol-3-phosphate lyase (isomerizing)	5	-1.680	-15.870	-16.100	20
rxn15670	flavanone,2-oxoglutarate:oxygen oxidoreductase (3-hydroxylating)	1	-110.080	-109.880	-106.650	24
rxn15675	flavanone,2-oxoglutarate:oxygen oxidoreductase (dehydrating)	1	-121.160	-83.340	-106.930	-1
rxn15676	flavanone,NADPH:oxygen oxidoreductase	1	-95.860	-105.790	-91.990	25
rxn15677	R07413	3	-3.110	-2.310	0.350	10
rxn15678	R07456	none	398.260	292.290	-75.630	-1
rxn15680	R07506	none	13.310	14.130	-98.430	-1
rxn15681	R07510	1	-12.560	-2.040	-12.760	-1
rxn15685	1-hydroxy-1,2-dihydrolycopene:acceptor oxidoreductase	1	-1.460	-1.020	-6.690	-1
rxn15686	1-hydroxy-1,2-dihydrolycopene:acceptor oxidoreductase	1	-1.460	-1.020	-6.690	-1
rxn15687	R07540	none	-2.800	1.800	19.540	-1
rxn15688	R07542	none	-43.250	-17.480	2.510	-1
rxn15689	echinenone,NADH:oxygen 3-oxidoreductase	1	-96.220	-97.070	-93.030	28
rxn15692	3-hydroxyechinenone,NADH:oxygen 3'-oxidoreductase	1	-96.220	-97.070	-96.760	28
rxn15693	myo-inositol-hexakisphosphate 5-phosphohydrolase	3	7.220	1.850	3.790	-1
rxn15695	3-sulfolactate bisulfite-lyase	4	2.810	65.250	-53.250	-1
rxn15696	3-sulfolactate bisulfite-lyase	4	2.810	65.250	-53.250	-1
rxn15697	R07676	1	2.930	3.920	6.390	19
rxn15698	R07685	none	-22.660	-21.230	-11.030	-1
rxn15699	ATP:lipoate adenylyltransferase	2	12.570	278.740	13.820	-1
rxn15700	22alpha-hydroxy-campesterol,NADPH:oxygen oxidoreductase (C-23-hydroxylating)	1	-94.420	-94.870	-93.050	27
rxn15701	22alpha-hydroxy-campest-4-en-3-one,NADPH:oxygen oxidoreductase (C-23-hydroxylating)	1	-94.420	-94.870	-93.050	27
rxn15702	R07788	none	12.440	15.440	14.950	22
rxn15703	R07789	none	-13.990	-15.440	-9.120	-1
rxn15704	R07790	none	1.170	11.040	10.940	-1
rxn15706	alpha-cryptoxanthin,NADH:oxygen 3-oxidoreductase	1	-96.220	-97.070	-97.770	28
rxn15707	7-methylxanthosine ribohydrolase	3	-20.230	-1.290	35.910	-1
rxn15710	R07981	1	-58.320	-43.680	-74.270	-1
rxn15711	R07982	none	-9.850	-3.380	-5.050	-1
rxn15717	R08072	none	-0.730	-2.560	-7.310	-1
rxn15718	R08073	none	-0.730	-2.560	-7.310	-1
rxn15719	R08074	none	-0.730	-2.560	-8.800	-1
rxn15720	R08080	none	-0.730	-2.560	-7.310	-1
rxn15721	R08125	3	2.130	4.740	6.600	19
rxn15722	R08125	3	2.130	4.740	6.600	19
rxn15723	R08125	3	2.130	4.420	6.600	19
rxn15724	R08125	3	2.130	4.420	6.600	19
rxn15725	beta-D-glucuronoside glucuronosohydrolase	3	-3.110	7.560	11.180	6
rxn15726	R08198	1	6.250	6.540	6.740	19
rxn15727	SN38 glucuronide glucuronosohydrolase	3	-3.350	6.530	9.780	6
rxn15738	R08451	none	-0.960	-3.010	-2.530	-1
rxn15740	phosphoramidate:hexose 1-phosphotransferase	2	-28.510	-0.690	-122.120	-1
rxn15741	phosphoramidate:hexose 1-phosphotransferase	2	-28.510	-0.690	-122.120	-1
rxn15742	D-Galactose:NAD+ 1-oxidoreductase	1	-1.970	-3.650	-0.200	-1
rxn15743	D-Galactose:NAD+ 1-oxidoreductase	1	-1.970	-4.940	-0.200	-1
rxn15744	S-Adenosyl-L-methionine:L-tryptophan 2-C-methyltransferase	2	-19.390	-8.960	-13.670	-1
rxn15745	N-acetylmuramate 6-phosphate hydro-lyase (N-acetyl-D-glucosamine 6-phosphate forming)	4	-3.110	-0.760	-6.720	-1
rxn15748	R08568	2;4	2.460	-6.340	-11.330	-1
rxn15749	R08569	1	6.540	-15.420	3.970	-1
rxn15750	R08570	4	0.750	4.330	4.380	-1
rxn15751	sedoheptulose-7-phosphate:D-glyceraldehyde-3-phosphate glyceronetransferase	2	-1.750	0.830	3.240	-1
rxn15754	R08588	1	-24.650	-19.480	-12.680	-1
rxn15756	R08591	none	0.000	0.610	0.390	16
rxn15758	R08598	none	9.980	15.440	11.390	-1
rxn15759	N-Acetyl-4-O-acetylneuraminate 4-O-acetylhydrolase	3	-3.650	-8.950	-14.330	-1
rxn15760	N-Acetyl-4-O-acetylneuraminate 4-O-acetylhydrolase	3	-3.650	-8.950	-14.330	-1
rxn15761	N-Acetyl-9-O-acetylneuraminate 9-O-acetylhydrolase	3	-3.650	-6.750	-13.720	-1
rxn15762	N-Acetyl-9-O-acetylneuraminate 9-O-acetylhydrolase	3	-3.650	-6.750	-13.720	-1
rxn15770	UDP-glucuronate glucuronohydrolase	2;3	-4.810	-5.340	-4.330	-1
rxn15771	D-glucose-6-phosphate phosphate-lyase (2-deoxy-scyllo-inosose-forming)	4	-4.750	-34.400	-27.270	-1
rxn15772	D-glucose-6-phosphate phosphate-lyase (2-deoxy-scyllo-inosose-forming)	4	-4.750	-34.090	-27.270	-1
rxn15773	alpha-D-glucose 1,6-phosphomutase	5	0.000	-4.000	0.890	-1
rxn15774	R08650	none	-39.600	-66.220	-49.450	-1
rxn15775	D-fructose:NADP+ 5-oxidoreductase	1;2;3;4;5	5.540	4.390	-12.010	-1
rxn15777	R08758	1	-9.520	-10.240	-10.980	40
rxn15778	R08759	1	-9.520	-10.240	-10.980	40
rxn15779	3-(4-hydroxyphenyl)lactate hydro-lyase (4-coumarate-forming)	4	-2.660	-0.100	-2.250	-1
rxn15780	R08767	none	-2.160	-2.870	12.380	-1
rxn15786	R08783	2	-19.130	-17.820	-32.490	-1
rxn15789	S-adenosyl-L-methionine:(S)-reticuline methyltransferase 7-O-methyltransferase	2	-4.330	-1.790	-23.080	8
rxn15790	S-adenosyl-L-methionine:(R)-reticuline methyltransferase 7-O-methyltransferase	2	-4.330	-1.790	-23.080	8
rxn15791	R08794	2	-6.710	-5.190	0.990	10
rxn15792	R08796	none	7.500	-3.440	-8.490	3
rxn15793	R08797	none	7.500	-3.310	-8.510	3
rxn15794	R08798	none	5.030	14.420	8.220	-1
rxn15795	R08799	none	5.030	14.420	10.130	-1
rxn15796	R08800	none	5.030	13.700	10.290	-1
rxn15801	R08818	none	-49.650	3.590	-24.290	-1
rxn15802	1-O-feruloyl-beta-D-glucose:amaranthin feruloyltransferase	2	0.000	-0.000	-10.390	-1
rxn15803	1-O-feruloyl-beta-D-glucose:amaranthin feruloyltransferase	2	-0.000	-0.000	-10.390	-1
rxn15804	R08820	none	-49.650	3.650	-24.260	-1
rxn15806	1-O-feruloyl-beta-D-glucose:betanin feruloyltransferase	2	0.000	-2.140	-12.400	-1
rxn15807	1-O-feruloyl-beta-D-glucose:betanin feruloyltransferase	2	0.000	-2.140	-12.400	-1
rxn15808	R08825	none	5.120	-83.890	-19.580	-1
rxn15809	R08827	none	5.120	-72.150	-19.610	-1
rxn15811	R08831	none	5.120	-71.480	-22.350	-1
rxn15812	R08833	none	-11.070	-13.080	14.450	10
rxn15814	R08835	none	5.120	-71.480	-27.840	-1
rxn15815	R08837	none	11.570	-28.690	-5.700	-1
rxn15817	R08843	none	-12.440	-15.440	-10.730	-1
rxn15819	R08848	none	-11.190	-9.720	13.400	10
rxn15826	R08861	none	-5.250	-5.170	-3.470	-1
rxn15827	(S)-2-hydroxypropylphosphonate,NADH:oxygen epoxidase	1	-90.780	-101.230	-50.990	-1
rxn15828	R08864	none	-1.620	-21.300	-73.400	-1
rxn15829	R08865	none	-19.020	-29.590	5.980	-1
rxn15833	2-dehydro-L-idonate:NADP+ 5-oxidoreductase	1	3.790	5.800	7.580	19
rxn15834	L-idonate:NADP+ 2-oxidoreductase	1	6.250	4.430	2.420	19
rxn15835	L-idonate:NADP+ 2-oxidoreductase	1	6.250	3.740	2.420	19
rxn15844	L-glutamine:2-deoxy-scyllo-inosose aminotransferase	2	3.920	4.160	3.620	19
rxn15845	L-glutamine:3-amino-2,3-dideoxy-scyllo-inosose aminotransferase	2	3.920	3.690	-2.700	5
rxn15846	2-deoxy-scyllo-inosamine:NAD+ oxidoreductase	1	2.330	-0.260	8.510	14
rxn15847	2-deoxy-scyllo-inosamine:S-adenosyl-L-methionine oxidoreductase (S-adenosyl-L-methionine cleaving)	1	-21.340	-8.520	-1.690	-1
rxn15848	UDP-N-acetyl-D-glucosamine:2-deoxystreptamine N-acetyl-D-glucosaminyltransferase	2	-1.700	-3.090	-10.790	29
rxn15849	2'-N-acetylparomamine acetylhydrolase	3	-2.000	-2.970	-2.050	-1
rxn15850	paromamine:oxygen oxidoreductase	1	-26.490	-26.710	-25.190	37
rxn15851	L-glutamine:6'-dehydro-6'-oxoparomamine aminotransferase	2	1.000	-4.360	4.000	-1
rxn15852	5-phospho-alpha-D-ribose 1-diphosphate:neamine phosphoribosyltransferase	2	-10.130	-3.930	-6.790	-1
rxn15853	5''-phosphoribostamycin phosphohydrolase	3	7.220	-6.470	-5.100	3
rxn15854	UDP-N-acetyl-D-glucosamine:ribostamycin N-acetyl-D-glucosaminyltransferase	2	-1.700	-3.240	-8.740	29
rxn15855	2'''-N-acetyl-6'''-deamino-6'''-hydroxyneomycin C acetylhydrolase	3	-2.000	-3.630	-7.090	29
rxn15856	6'''-deamino-6'''-hydroxyneomycin C:oxygen oxidoreductase	1	-26.490	-26.710	-25.010	37
rxn15857	L-glutamine:6'''-deamino-6'''-dehydro-6'''-oxoneomycin-C aminotransferase	2	1.000	-5.160	2.440	-1
rxn15858	R08904	5	0.000	0.000	-0.190	16
rxn15864	gamma-L-glutamyl-butirosin-B gamma-glutamyltransferase (cyclizing)	2;4	-3.140	-7.450	2.190	-1
rxn15865	R08911	5	0.000	0.000	1.900	16
rxn15866	menth-8-ene-1,2-diol:NAD+ oxidoreductase	1	2.330	-0.260	4.200	14
rxn15867	menth-8-ene-1,2-diol:NAD+ oxidoreductase	1	2.330	-0.260	4.200	14
rxn15868	R08927	none	9.980	15.440	12.610	-1
rxn15872	dTDP-4-amino-2,3,4,6-tetradeoxy-D-glucose:2-oxoglutarate aminotransferase	2	3.920	7.790	0.560	-1
rxn15873	S-adenosyl-L-methionine:dTDP-4-amino-2,3,4,6-tetradeoxy-D-glucose N-methyltransferase (dTDP-D-forosamine-forming)	2	-23.510	-1.330	8.840	-1
rxn15874	dTDP-6-deoxy-L-mannose:NADP+ 4-oxidoreductase (3,5-epimerizing)	1	2.330	3.390	9.770	-1
rxn15876	ADP-glucose: D-glucose 1-alpha-D-glucosyltransferase	2	-1.700	-2.160	-3.730	29
rxn15877	ADP-glucose: D-glucose 1-alpha-D-glucosyltransferase	2	-1.700	-2.160	-3.730	29
rxn15878	GDP-mannose: D-fructose-6-phosphate 2-alpha-D-mannosyltransferase	2	-1.700	2.170	-1.140	-1
rxn15880	ATP:N-acetyl-D-hexosamine 1-phosphotransferase	2	-14.000	-0.650	-6.000	-1
rxn15881	ATP:N-acetyl-D-galactosamine 1-phosphotransferase	2	-14.000	-0.650	-0.440	-1
rxn15882	ATP:N-acetyl-D-glucosamine 1-phosphotransferase	2	-14.000	-0.650	-2.520	-1
rxn15883	S-adenosyl-L-methionine:TRIBOA-glucoside 7-O-methyltransferase	2	-4.330	-1.820	-19.940	8
rxn15886	7-isopropyl-4-methyloxepan-2-one lactonohydrolase	3	-10.610	-10.940	-6.420	-1
rxn15887	R08983	2	-14.080	-23.760	-13.390	-1
rxn15891	R08987	2	-4.330	-1.940	-23.230	8
rxn15895	R08994	none	1.170	11.040	8.610	-1
rxn15897	(+)-columbianetin,NADPH:oxygen oxidoreductase	1	-102.950	-64.480	-89.950	-1
rxn15898	UDP-L-arabinopyranose furanomutase	5	-1.560	0.680	-0.790	-1
rxn15899	D-allulose-6-phosphate 3-epimerase	5	-1.750	-0.610	-2.430	-1
rxn15907	4-(beta-D-glucosyloxy)benzoate glucohydrolase	3	-3.110	6.130	5.810	6
rxn15908	4-(beta-D-glucosyloxy)benzoate glucohydrolase	3	-3.110	6.530	5.810	6
rxn15909	4-(beta-D-glucosyloxy)benzoate glucohydrolase	3	-3.110	6.530	5.810	6
rxn15910	geranyl-diphosphate:4-hydroxybenzoate geranyltransferase	2	-26.410	-19.410	-21.920	-1
rxn15912	geranylhydroquinone,NADPH:oxygen oxidoreductase (3''-hydroxylating)	1	-92.610	-93.820	-94.820	27
rxn15916	R09046	none	-0.960	-1.660	-28.910	-1
rxn15922	R09052	none	15.530	3.930	14.080	-1
rxn15944	N1-acetylspermidine:oxygen oxidoreductase (3-acetamidopropanal-forming)	1	-23.500	-21.510	-15.900	37
rxn15945	N8-acetylspermidine:oxygen oxidoreductase (propane-1,3-diamine-forming)	1	-23.500	-21.340	-15.490	37
rxn15946	spermidine:oxygen oxidoreductase (3-aminopropanal-forming)	1	-23.500	-21.050	-16.310	37
rxn15948	carboxynorspermidine:NADP+ oxidoreductase	1	-8.240	-17.420	-19.270	-1
rxn15950	carboxynorspermidine carboxy-lyase (norspermidine-forming)	4	-8.070	-6.140	-11.060	-1
rxn15952	ADP:D-fructose-6-phosphate 1-phosphotransferase	2	-23.500	-4.350	-4.340	-1
rxn15953	ADP:D-glucose 6-phosphotransferase	2	-23.500	-2.680	-2.790	-1
rxn15954	ADP:D-glucose 6-phosphotransferase	2	-23.500	-2.990	-2.790	-1
rxn15959	Coenzyme B:coenzyme M:methanophenazine oxidoreductase	1	11.820	12.460	83.950	-1
rxn15960	R09094	none	-17.860	-18.580	-3.460	-1
rxn15961	hydrogen:2-(2,3-dihydropentaprenyloxy)phenazine oxidoreductase	1	1.760	-4.210	-12.700	-1
rxn15963	methanol:coenzyme M methyltransferase	2	-8.920	-10.280	-17.180	-1
rxn15964	5,10-methylenetetrahydromethanopterin:glycine hydroxymethyltransferase	2	-1.750	-2.750	-2.760	29
rxn15968	R09103	1	-14.080	-11.120	-19.570	-1
rxn15970	R09105	3	-2.110	-14.340	-16.860	20
rxn15971	feruloyl-CoA:16-hydroxypalmitate feruloyltransferase	2	-3.610	-2.420	0.900	10
rxn15972	N-acetyl-L-citrulline amidohydrolase	3	-2.000	-6.450	-4.560	-1
rxn15974	R09109	1	-9.520	-10.240	-11.100	40
rxn15976	Copalyl diphosphate-lyase (isopimara-7,15-diene-forming)	4	-40.960	-108.630	-24.700	9
rxn15978	R09113	1	-9.520	-10.240	-11.100	40
rxn15982	9alpha-Copalyl-diphosphate diphosphate-lyase (9beta-pimara-7,15-diene-forming)	4	-40.960	-108.630	-24.010	9
rxn15984	ent-Copalyl-diphosphate diphosphate-lyase (ent-cassa-12,15-diene-forming)	4	-53.690	-115.260	-16.760	9
rxn15985	ent-Copalyl-diphosphate diphosphate-lyase [ent-pimara-8(14),15-diene-forming]	4	-40.960	-108.630	-24.460	9
rxn15986	Geranylgeraniol,NADPH:oxygen oxidoreductase (18-hydroxylating)	1	-92.610	-93.820	-94.820	27
rxn15987	Geranylgeranyl diphosphate-lyase (fusicocca-2,10(14)-diene-forming)	4	-62.400	-217.090	-36.340	9
rxn15988	R09124	2	-0.030	-4.930	-9.600	-1
rxn15991	S-(hydroxymethyl)mycothiol:NAD+ oxidoreductase	1	-6.050	-7.010	6.950	10
rxn15992	R09130	1	-68.690	-103.250	-97.080	-1
rxn15993	R09131	1	-68.690	-103.220	-96.490	-1
rxn15994	R09132	1	-14.990	-17.990	53.640	-1
rxn15995	R09133	1	-14.990	-18.020	53.060	-1
rxn15996	tetrachlorocatechol:oxygen 1,2-oxidoreductase	1	-92.140	-50.570	-159.270	-1
rxn15998	2,3,5-trichlorodienelactone lactonohydrolase	3	-26.030	11.360	-6.610	-1
rxn16003	R09141	1	-95.070	-100.050	-82.470	-1
rxn16010	R09148	1	-92.610	-87.490	-90.710	-1
rxn16011	R09149	1	-9.520	-10.240	-11.160	40
rxn16026	R09164	4	-0.130	-2.160	2.560	-1
rxn16027	R09165	1	-65.180	-82.360	-82.540	-1
rxn16028	R09166	1	-32.600	-37.850	4.460	-1
rxn16048	R09186	4	-9.170	-9.320	-12.380	40
rxn16051	S-adenosyl-L-methionine:pretetramid C-methyltransferase	2	-20.610	-5.480	-1.770	-1
rxn16052	R09190	1	-165.730	-199.170	-218.010	-1
rxn16053	S-adenosyl-L-methionine:4-amino-anhydrotetracycline N-methyltransferase	2	-23.510	-2.940	8.160	-1
rxn16054	R09192	none	-8.020	23.810	7.670	-1
rxn16055	anhydrochlortetracycline,NADPH:oxygen oxidoreductase (6-hydroxylating)	1	-62.860	-175.620	-107.120	-1
rxn16056	R09194	none	-8.820	10.840	3.750	-1
rxn16057	malonyl-CoA:L-glutamine amido-ligase (AMP-forming)	6	-27.240	-7.130	-5.240	-1
rxn16063	R09201	1	-69.910	-97.360	-94.290	-1
rxn16069	R09207	4	-0.130	-2.160	6.430	-1
rxn16070	R09208	4	-0.130	-2.160	2.560	-1
rxn16075	R09213	1	-12.970	-5.290	34.760	-1
rxn16076	R09214	1	-93.820	-70.010	-135.180	-1
rxn16077	chloromuconate chloromuconate	5	-1.430	-13.030	14.910	-1
rxn16082	dienelactone hydrolase	3	-23.770	12.470	-11.610	-1
rxn16084	dienelactone hydrolase	3	-22.870	6.510	-8.050	1
rxn16086	maleylacetate reductase	1	-15.030	-14.160	-13.760	-1
rxn16087	3-methyl-5-oxo-2,5-dihydrofuran-2-acetate delta3-delat2-isomerase	5	3.130	-5.710	0.090	-1
rxn16088	R09226	3	-13.190	2.310	-5.180	-1
rxn16089	R09227	1	-71.130	-93.790	-80.420	-1
rxn16090	R09228	1	-11.750	-8.690	15.730	10
rxn16091	muconate cycloisomerase	5	0.490	-5.420	0.290	-1
rxn16098	R09236	1	-14.230	-2.830	32.000	-1
rxn16099	R09237	1	-87.720	-59.150	-129.390	-1
rxn16100	R09238	3	-12.780	-10.140	-4.250	-1
rxn16106	(2Z,6E)-farnesyl-diphosphate:isopentenyl-diphosphate farnesylcistransferase (adding 7 isopentenyl units)	2	-157.500	-130.450	-162.050	-1
rxn16107	geranylgeranyl-diphosphate:isopentenyl-diphosphate transferase (adding 2 isopentenyl units)	2	-45.000	-37.270	-44.890	-1
rxn16108	(2E,6E)-farnesyl-diphosphate:isopentenyl-diphosphate farnesyltranstransferase (adding 4 isopentenyl units)	2	-90.000	-74.540	-89.780	-1
rxn16110	geranyl-diphosphate:isopentenyl-diphosphate transtransferase (adding 7 isopentenyl units)	2	-157.500	-130.450	-157.110	-1
rxn16111	geranylgeranyl-diphosphate:isopentenyl-diphosphate transtransferase (adding 5 isopentenyl units)	2	-112.500	-93.180	-112.220	-1
rxn16112	R09252	none	13.260	6.270	4.450	-1
rxn16113	2-oxo-4-hydroxy-5-aminovalerate hydro-lyase (deaminating; 2,5-dioxopentanoate-forming)	none	-6.700	-5.330	-5.320	-1
rxn16114	L-tyrosine:pyruvate aminotransferase	2	0.000	0.060	-0.140	16
rxn16115	feruloyl-CoA:agmatine feruloyltransferase	2	-5.260	-6.840	-3.750	-1
rxn16116	4-coumaroyl-CoA:putrescine N4-coumaroyltransferase	2	-5.260	-6.980	-3.900	-1
rxn16117	feruloyl-CoA:putrescine feruloyltransferase	2	-5.260	-6.850	-3.760	-1
rxn16130	syringate:tetrahydrofolate N-methyltransferase	2	-2.380	2.060	30.540	-1
rxn16131	3-O-methylgallate:tetrahydrofolate N-methyltransferase	2	-2.380	2.040	30.530	-1
rxn16132	3-O-methylgallate:oxygen 3,4-oxidoreductase (decyclizing)	1	-100.650	-61.380	-114.920	-1
rxn16133	4-carboxy-2-hydroxy-6-methoxy-6-oxohexa-2,4-dienoate acylhydrolase	none	1.140	-1.920	17.620	-1
rxn16134	R09274	none	-4.180	55.510	57.910	-1
rxn16135	5,5'-dehydrodivanillate,NADPH:oxygen oxidoreductase (demethylating)	none	-102.230	-89.920	-64.430	-1
rxn16136	2,2',3-trihydroxy-3'-methoxy-5,5'-dicarboxybiphenyl:oxygen 1,2-oxidoreductase (decyclizing)	none	-78.500	-62.310	-85.900	-1
rxn16137	4-[2-(5-carboxy-2-hydroxy-3-methoxyphenyl)-2-oxoethylidene]-2-hydroxy-2-pentenedioate 5-carboxy-2-hydroxy-3-methoxybenzoylhydrolase	none	-12.780	-10.690	-8.230	-1
rxn16138	5-carboxyvanillate 5-carboxy-lyase (vanillate-forming)	none	-0.130	-2.160	2.470	-1
rxn16139	4-hydroxybutyrate:CoA ligase (AMP-forming)	6	-21.520	-6.320	-0.970	-1
rxn16140	succinate-semialdehyde:NADP+ oxidoreductase (CoA-acylating)	1	4.020	2.640	-0.310	-1
rxn16141	R09281	1	5.250	-0.120	2.300	-1
rxn16142	(3S)-citramalyl-CoA hydro-lyase (mesaconyl-C4-CoA-forming)	4	-1.470	-0.100	3.350	-1
rxn16143	mesaconyl-CoA C1,C4-CoA-mutase	2;5	0.000	0.000	0.810	16
rxn16144	3-(hydroxyamino)phenol hydroxymutase	5	-6.440	-51.630	-19.230	-1
rxn16145	R09285	none	3.680	-5.000	9.990	2
rxn16146	3-hydroxypropionate:CoA ligase (AMP-forming)	6	21.520	-0.470	-0.940	-1
rxn16147	R09287	none	3.680	-5.010	15.680	-1
rxn16149	3-hydroxypropionate:NADP+ oxidoreductase	1	5.250	5.580	5.130	19
rxn16150	ethylmalonyl-CoA:NADP+ oxidoreductase (decarboxylating)	1	13.460	9.520	8.480	-1
rxn16151	(2R)-ethylmalonyl-CoA CoA-carbonylmutase	5	0.000	0.000	3.800	-1
rxn16156	R09307	none	11.840	-73.770	9.840	-1
rxn16157	R09308	4	-15.020	0.000	-16.700	-1
rxn16161	R09312	none	-31.920	70.050	25.690	-1
rxn16162	dihydrokalafungin-dihydroquinone,FMNH2:oxygen oxidoreductase (hydroxylating)	1	-91.020	-101.990	-84.370	-1
rxn16163	R09314	1	-73.870	-186.820	-97.130	-1
rxn16168	12-deoxynogalonic acid:oxygen 12-oxidoreductase	1	-96.990	-44.710	-92.400	-1
rxn16169	R09328	5	-11.370	-45.420	-2.310	-1
rxn16170	nogalavinone:NADP+ 7-oxidoreductase	1	-0.780	0.720	1.050	-1
rxn16172	dTDP-L-rhodosamine:aklavinone L-rhodosaminyltransferase	2	-1.700	-5.250	-15.880	-1
rxn16173	dTDP-L-2-deoxyfucose:aclacinomycin-T L-2-deoxyfucosyltransferase	2	-1.700	-4.240	-10.530	29
rxn16175	aclacinomycin N:oxygen oxidoreductase	1	-29.410	-31.910	-25.190	37
rxn16176	aclacinomycin A:oxygen oxidoreductase	1	-26.960	-25.880	-29.390	37
rxn16178	epsilon-rhodomycin-T acylhydrolase	none	1.140	-1.150	14.080	-1
rxn16179	R09338	none	-102.480	-96.770	-88.430	-1
rxn16183	R09342	none	-6.930	0.000	-14.960	-1
rxn16184	R09343	none	-29.030	-30.580	-23.010	37
rxn16186	dTDP-D-olivose:UWM6 9-C-beta-D-olivosyltransferase	2	-17.980	-1.980	-23.640	-1
rxn16204	L-arginine,2-oxoglutarate:oxygen oxidoreductase ((3S)-hydroxylating)	1	-108.280	-103.410	-106.460	24
rxn16205	(2S,3S)-hydroxyarginine hydro-lyase (cyclizing, (2S,3R)-capreomycidine-forming)	4	2.700	-5.360	-13.400	-1
rxn16215	2-amino-5-formylamino-6-(5-phospho-D-ribosylamino)pyrimidin-4(3H)-one amidohydrolase	3	-0.470	-7.630	1.480	-1
rxn16216	2,5-diamino-6-(5-phospho-D-ribitylamino)pyrimidin-4(3H)-one 2-aminohydrolase	3	-16.230	65.890	-2.550	-1
rxn16217	ATP:(R)-pantoate 4-phosphotransferase	2	-14.000	-4.380	-4.820	32
rxn16218	(R)-4-phosphopantoate:beta-alanine ligase (AMP-forming)	6	-26.780	-8.490	-9.970	30
rxn16222	(S)-limonene,NADH:oxygen oxidoreductase	1	-103.710	-129.210	-79.150	-1
rxn16224	limonene-1,2-epoxide hydrolase	3	9.190	43.610	4.350	-1
rxn16225	(1R,2R,4S)-menth-8-ene-1,2-diol:NAD+ 2-oxidoreductase	1	2.330	-0.260	3.150	14
rxn16226	(S)-limonene,NADPH:oxygen oxidoreductase	1	-103.710	-129.180	-78.570	-1
rxn16227	(1R,4S)-1-hydroxymenth-8-en-2-one,NADPH:oxygen oxidoreductase	1	-97.280	-82.880	-87.630	-1
rxn16228	R09391	1	-20.110	-17.780	-29.440	-1
rxn16229	R09392	1	-20.110	-17.780	-29.190	-1
rxn16230	limonene,NADPH:oxygen oxidoreductase	1	-103.710	-129.180	-78.820	-1
rxn16231	GTP 8,9-lyase (cyclic pyranopterin monophosphate-forming)	4	3.310	-10.380	-0.130	-1
rxn16233	4-hydroxyphenylpyruvate:5-amino-6-(D-ribitylamino)uracil 4-hydroxybenzyltransferase	2	-46.780	-36.480	-44.160	-1
rxn16234	GTP:2-phospho-L-lactate guanylyltransferase	2	1.070	-1.710	4.980	-1
rxn16235	(2S)-lactyl-2-diphospho-5'-guanosine:7,8-didemethyl-8-hydroxy-5-deazariboflavin lactylphosphotransferase	2	-14.000	52.820	-1.150	-1
rxn16236	L-glutamate:coenzyme F420-0 ligase (GDP-forming)	6	-6.320	-5.420	-6.090	-1
rxn16237	L-glutamate:coenzyme F420-1 ligase (GDP-forming)	6	-6.320	-5.400	-6.180	-1
rxn16238	L-glutamate:coenzyme gamma-F420-2 (ADP-forming)	6	-6.320	-7.280	-6.360	-1
rxn16240	L-isoleucine,NADPH:oxygen oxidoreductase (N-hydroxylating)	1	-190.030	-234.390	-182.550	17
rxn16241	R09404	1	-96.220	-97.040	-86.550	-1
rxn16242	R09405	1	-104.370	-55.500	-86.170	-1
rxn16243	R09406	1	-90.300	-180.280	-80.670	-1
rxn16244	R09407	1	-90.300	-180.280	-82.270	-1
rxn16245	R09408	1	-90.300	-180.280	-82.270	-1
rxn16246	glutathione-S-transferase	2	-9.250	0.010	-8.470	-1
rxn16247	epoxide hydrolase	3	0.370	89.560	8.470	-1
rxn16251	R09414	none	9.520	10.670	9.870	21
rxn16252	R09415	none	9.520	10.700	11.470	21
rxn16253	R09416	1	-71.090	11.110	-97.760	-1
rxn16254	microsomal epoxide hydrolase	3	0.370	-0.000	7.460	-1
rxn16255	R09418	1	-85.480	-182.950	-78.550	-1
rxn16278	R09441	1	-96.290	-93.820	-93.070	-1
rxn16279	R09442	1	-59.740	11.110	-104.060	-1
rxn16280	microsomal epoxide hydrolase	3	0.370	-0.000	11.010	-1
rxn16281	3'-phosphoadenylyl-sulfate:7-hydroxymethyl-12-methylbenz[a]anthracene sulfotransferase	2	-14.000	-61.630	11.060	-1
rxn16284	D-glucuronate:NAD+ 1-oxidoreductase	1	-7.420	-8.380	-12.240	40
rxn16285	D-glucuronate:NAD+ 1-oxidoreductase	1	-7.420	-8.510	-12.240	40
rxn16286	R09448	1	-9.520	-10.240	-12.810	40
rxn16289	Hexadecanoic acid:fatty acid omega-hydroxylase	1	-92.610	-93.220	-95.790	27
rxn16290	oleate,NADPH:oxygen oxidoreductase (18-hydroxylating)	1	-92.610	-93.820	-95.790	27
rxn16291	cis-9,10-epoxystearate,NADPH:oxygen oxidoreductase (18-hydroxylating)	1	-92.610	-93.820	-95.790	27
rxn16292	docosanoate,NADPH:oxygen oxidoreductase (22-hydroxylating)	1	-92.610	-93.820	-95.790	27
rxn16293	R09455	1	-9.520	-10.240	-12.810	40
rxn16294	R09456	1	-9.520	-10.240	-12.810	40
rxn16298	16-hydroxypalmitate,NADPH:oxygen oxidoreductase (10-hydroxylating)	1	-94.420	-94.870	-99.400	-1
rxn16299	9,10-dihydroxystearate,NADPH:oxygen oxidoreductase (18-hydroxylating)	1	-92.610	-93.820	-95.790	27
rxn16300	9,10-dihydroxystearate,NADPH:oxygen oxidoreductase (18-hydroxylating)	1	-92.610	-93.820	-95.790	27
rxn16301	9,10-dihydroxystearate,NADPH:oxygen oxidoreductase (18-hydroxylating)	1	-92.610	-93.820	-95.790	27
rxn16304	9,10-epoxy-18-hydroxystearate hydrolase	3	-3.630	6.170	6.820	6
rxn16305	9,10-epoxystearate hydrolase	3	-3.630	6.170	6.820	6
rxn16306	9,10-epoxystearate hydrolase	3	-3.630	6.170	6.820	6
rxn16307	9,10-epoxystearate hydrolase	3	-3.630	6.170	6.820	6
rxn16313	R09471	none	-30.700	-27.420	-22.850	-1
rxn16314	6-hydroxy-3-succinoylpyridine hydrolase	3	14.740	0.690	-89.990	-1
rxn16318	(S)-2,3-epoxysqualene mutase (cyclizing, taraxerol-forming)	5	-121.630	-254.840	-31.210	9
rxn16319	xylitol:NAD+ oxidoreductase	1	4.730	1.270	4.180	-1
rxn16320	xylitol:NAD+ oxidoreductase	1	4.730	1.270	4.180	-1
rxn16321	xylitol:NAD+ oxidoreductase	1	4.730	1.270	4.180	-1
rxn16322	2-hydroxyethylphosphonate:NAD+ oxidoreductase	1	5.250	5.210	4.060	19
rxn16330	indole-3-carboxylate carboxy-lyase	4	-1.350	0.650	7.540	-1
rxn16337	L-saccharopine:oxygen oxidoreductase (L-glutamate forming)	1	-23.500	-22.800	-21.300	37
rxn16354	9H-carbazole,NADPH:oxygen oxidoreductase (2,3-hydroxylating)	1	-82.140	-101.860	-89.560	-1
rxn16355	methanesulfonate,NADH:oxygen oxidoreductase	1	-86.330	-24.200	-141.500	-1
rxn16356	urate,NADH:oxygen oxidoreductase (5-hydroxyisourate forming)	1	-134.210	-131.080	-107.910	-1
rxn16357	calcitriol,NADPH:oxygen oxidoreductase (24-hydroxylating)	1	-94.420	-94.870	-96.560	27
rxn16358	calcidiol,NADPH:oxygen oxidoreductase (24-hydroxylating)	1	-94.420	-94.870	-91.720	27
rxn16359	anthranilate,FAD:oxygen oxidoreductase (3-hydroxylating)	1	-91.020	-102.350	-87.410	-1
rxn16365	acetyl-CoA:acetoin O-acetyltransferase	2	0.650	-0.780	2.580	-1
rxn16366	(2E,6E)-farnesyl-diphosphate diphosphate-lyase (zingiberene-forming)	4	-41.250	-45.290	-22.090	-1
rxn16367	(2E,6E)-farnesyl-diphosphate diphosphate-lyase (beta-eudesmol-forming)	4	-34.470	-91.700	-3.850	-1
rxn16368	acetyl-CoA:malonyl-CoA C-acetyltransferase (decarboxylating)	2	2.130	2.300	0.410	-1
rxn16369	benzoyl-CoA:benzyl alcohol O-benzoyltransferase	2	-3.610	-2.470	13.010	-1
rxn16371	sulfite:O-phospho-L-serine sulfotransferase (phosphate-hydrolysing, L-cysteate-forming)	2	-5.570	-77.020	40.410	-1
rxn16372	S-adenosylmethioninamine:spermidine 3-aminopropyltransferase (thermospermine synthesizing)	2	-15.380	-0.880	-5.150	-1
rxn16373	2,3-bisphospho-D-glycerate 3-phosphohydrolase	3	7.220	-1.350	-1.250	3
rxn16376	hesperetin 7-(6-O-alpha-L-rhamnopyranosyl-beta-D-glucopyranoside) 6-O-alpha-rhamnopyranosyl-beta-glucohydrolase	3	-3.110	6.420	9.390	6
rxn16378	fatty acylamide amidohydrolase	3	-0.460	2.920	3.460	-1
rxn16379	fatty acylamide amidohydrolase	3	-4.720	-3.250	-2.780	33
rxn16380	CDP-choline phosphohydrolase	3	-28.310	-10.440	-8.050	30
rxn16381	salicylate carboxy-lyase	4	-0.130	-2.540	0.440	-1
rxn16386	D-arabitol-phosphate:NAD+ oxidoreductase	1	3.790	4.860	3.140	19
rxn16387	(R)-2,3-dihydroxypropane-1-sulfonate:NAD+ 3-oxidoreductase	1	-4.490	-4.570	-0.230	-1
rxn16392	D-glucose-6-phosphate:F420 1-oxidoreductase	1	-5.460	0.770	1.030	-1
rxn16393	D-glucose-6-phosphate:F420 1-oxidoreductase	1	-5.460	-0.990	1.030	-1
rxn16394	D-glucose-6-phosphate:F420 1-oxidoreductase	1	-5.460	-0.680	1.030	-1
rxn16398	3,4-didehydroadipyl-CoA semialdehyde:NADP+ oxidoreductase	1	-9.740	-10.700	-8.810	-1
rxn16399	benzoyl-CoA,NADPH:oxygen oxidoreductase (2,3-hydroxylating)	1	-72.720	-177.970	-95.240	-1
rxn16400	2,3-dihydro-2,3-dihydroxybenzoyl-CoA 3,4-didehydroadipyl-CoA semialdehyde-lyase (formate-forming)	4	4.700	104.750	4.190	-1
rxn16401	2-sulfoacetaldehyde:NADP+ oxidoreductase (CoA-acetylating)	1	-4.020	-4.240	-2.450	-1
rxn16403	(2S)-2-amino-4-deoxychorismate:FMN oxidoreductase	1	-16.580	-21.220	-0.110	-1
rxn16404	7-chloro-L-tryptophan:oxygen oxidoreductase	1	-44.720	-23.580	-39.870	-1
rxn16405	glutathione amide:NAD+ oxidoreductase	1	-4.940	3.880	4.960	6
rxn16406	S-(2E,6E)-farnesyl-L-cysteine oxidase	1	-18.420	-16.810	-13.350	-1
rxn16407	glutathione amide:hydrogen-peroxide oxidoreductase	1	-82.030	-73.640	-73.780	23
rxn16409	gallate:oxygen oxidoreductase	1	-99.650	-74.280	-134.770	-1
rxn16410	2-imino-3-(7-chloroindol-3-yl)propanoate ammonia-lyase (dichlorochromopyrrolate-forming)	1;4	-45.170	-144.800	-265.510	-1
rxn16411	dichlorochromopyrrolate,NADH:oxygen 2,5-oxidoreductase (dichloroarcyriaflavin A-forming)	1	-457.250	-451.830	-383.360	-1
rxn16412	4'-demethylrebeccamycin D-glucose-lyase	4	-0.730	-2.570	11.260	-1
rxn16413	S-adenosyl-L-methionine:demethylrebeccamycin-D-glucose O-methyltransferase	2	-4.330	7.400	-7.760	1
rxn16416	L-proline,2-oxoglutarate:oxygen oxidoreductase (3-hydroxylating)	1	-110.080	-116.800	-102.440	-1
rxn16417	5-epiaristolochene,NADPH:oxygen oxidoreductase (1- and 3-hydroxylating)	1	-196.110	-194.080	-191.030	17
rxn16418	(2E,6E)-farnesyl-diphosphate diphosphate-lyase [(+)-5-epiaristolochene-forming]	4	-45.280	-91.480	-25.090	9
rxn16420	(-)-vetispiradiene,NADPH:oxygen 2alpha-oxidoreductase	1	-99.900	-97.040	-92.280	-1
rxn16421	solavetivol,NADPH:oxygen 2-oxidoreductase	1	-108.050	-109.390	-102.890	24
rxn16422	L-phenylalanine,NADPH:oxygen oxidoreductase (N-hydroxylating)	1	-190.030	-236.450	-181.040	17
rxn16423	L-phenylalanine,NADPH:oxygen oxidoreductase (N-hydroxylating)	1	-90.630	-57.130	-59.480	-1
rxn16424	N-hydroxy-L-phenylalanine,NADPH:oxygen oxidoreductase (N-hydroxylating)	1	-83.980	-56.890	-58.320	-1
rxn16425	R09581	1	-15.430	-122.430	-63.250	-1
rxn16426	L-tryptophan,NADPH:oxygen oxidoreductase (N-hydroxylating)	1	-90.630	-59.040	-59.480	-1
rxn16427	N-hydroxy-L-tryptophan,NADPH:oxygen oxidoreductase (N-hydroxylating)	1	-83.980	-56.890	-58.320	-1
rxn16428	R09585	1	-15.430	-122.430	-74.210	-1
rxn16429	pyrrole-2-carboxylate,NADH:oxygen oxidoreductase (5-hydroxylating)	1	-114.150	-116.040	-68.560	-1
rxn16431	D-alanine:(R)-lactate ligase (ADP-forming)	6	-4.670	-0.840	1.310	-1
rxn16432	3-hydroxybenzoate:CoA ligase (AMP-forming)	6	-21.520	-2.570	2.730	7
rxn16434	L-cysteine:1-O-(2-amino-2-deoxy-alpha-D-glucopyranosyl)-1D-myo-inositol ligase (AMP-forming)	6	-26.780	-11.900	-12.960	-1
rxn16437	D-alanine:D-serine ligase (ADP-forming)	6	-6.320	-6.490	-7.100	43
rxn16438	UDP-N-acetylmuramoyl-L-alanyl-D-glutamate:D-lysine alpha-ligase (ADP-forming)	6	-6.320	-5.090	-3.980	-1
rxn16442	2,3-diacetamido-2,3-dideoxy-alpha-D-glucuronate 2-epimerase	5	0.000	0.000	-0.240	16
rxn16443	all-trans-8'-apo-beta-carotenal:oxygen 15,15'-oxidoreductase (bond-cleaving)	1	-83.780	-86.670	-72.680	23
rxn16444	pratensein,NADPH:oxygen oxidoreductase (methylenedioxy-bridge-forming)	1	-115.090	-130.150	-69.050	-1
rxn16445	zeaxanthin:oxygen oxidoreductase (7,8-cleaving)	1	-167.560	-174.770	-145.500	-1
rxn16448	(2E,6E)-farnesyl-diphosphate diphosphate-lyase [(-)-alpha-gurjunene-forming]	4	-43.020	-249.310	-34.350	-1
rxn16452	(2Z,6E)-farnesyl-diphosphate diphosphate-lyase [(-)-gamma-cadinene-forming]	4	-27.730	-150.310	-24.080	9
rxn16453	S-adenosyl-L-methionine:tricetin 3',5'-O-dimethyltransferase	2	-8.660	-3.610	-46.200	-1
rxn16454	S-adenosyl-L-methionine:tricetin 3'-O-methyltransferase	2	-4.330	-1.740	-23.060	8
rxn16455	S-adenosyl-L-methionine:3'O-tricetin 5'-O-methyltransferase	2	-4.330	-1.860	-23.140	8
rxn16457	(2E,6E)-farnesyl-diphosphate diphosphate-lyase [(+)-cubenene-forming]	4	-46.130	-150.790	-30.430	9
rxn16458	(2E,6E)-farnesyl-diphosphate diphosphate-lyase [(+)-delta-selinene-forming]	4	-57.520	-111.590	-21.160	9
rxn16459	(2E,6E)-farnesyl-diphosphate diphosphate-lyase [(+)-epicubenol-forming]	4	-60.490	-101.300	-8.070	-1
rxn16460	(2E,6E)-farnesyl-diphosphate diphosphate-lyase [(3R,6E)-nerolidol-forming]	4	-16.570	-7.700	1.810	-1
rxn16461	(2E,6E)-farnesyl-diphosphate diphosphate-lyase [(E)-gamma-bisabolene-forming]	4	-9.110	-47.820	-30.180	-1
rxn16462	(2E,6E)-farnesyl-diphosphate diphosphate-lyase [(Z)-gamma-bisabolene-forming]	4	-9.110	-47.820	-30.180	-1
rxn16463	malonyl-CoA:benzoyl-CoA malonyltransferase (cyclizing)	2	-21.150	-40.610	-49.080	-1
rxn16464	acetyl-CoA:desacetylmycothiol N-acetyltransferase	2	-5.260	-5.380	-8.030	-1
rxn16465	(2E,6E)-farnesyl-diphosphate diphosphate-lyase [(S)-beta-bisabolene-forming]	4	-25.850	-37.070	-23.530	-1
rxn16467	(S)-beta-macrocarpene lyase (decyclizing)	5	-17.440	-28.560	-10.790	-1
rxn16468	(2E,6E)-farnesyl-diphosphate diphosphate-lyase (cis-muuroladiene-forming)	4	-50.950	-150.790	-20.660	9
rxn16469	(2E,6E)-farnesyl-diphosphate diphosphate-lyase (cis-muuroladiene-forming)	4	-25.310	-145.990	-14.960	-1
rxn16470	(2E,6E)-farnesyl-diphosphate diphosphohydrolase (drimenol-forming)	3;4	-61.620	-94.740	-13.630	-1
rxn16473	acetyl-CoA:(3Z)-hex-3-en-1-ol acetyltransferase	2	-3.610	-0.330	-3.750	-1
rxn16474	beta-D-galactosyl-(1->4)-L-rhamnose:phosphate 1-alpha-D-galactosyltransferase	2	-10.330	2.080	8.550	6
rxn16475	beta-D-galactosyl-(1->4)-L-rhamnose:phosphate 1-alpha-D-galactosyltransferase	2	-10.330	1.840	8.550	6
rxn16476	beta-D-galactosyl-(1->4)-L-rhamnose:phosphate 1-alpha-D-galactosyltransferase	2	-10.330	1.840	8.550	6
rxn16477	dimethylallyl-diphosphate:isopentenyl-diphosphate cistransferase (adding 2 isopentenyl units)	2	-45.000	-36.950	-45.170	-1
rxn16478	UDP-N-acetyl-D-glucosamine:1D-myo-inositol 3-phosphate alpha-D-glycosyltransferase	2	-1.700	-3.010	-5.880	29
rxn16479	UDP-D-glucuronate:cyanidin-3-O-beta-glucoside 2-O-beta-glucuronosyltransferase	2	-1.700	-3.610	-6.510	29
rxn16480	UDP-D-glucuronate:soyasapogenol 3-O-D-glucuronosyltransferase	2	-1.700	-2.640	-8.450	29
rxn16482	dimethylallyl-diphosphate:L-tryptophan 7-dimethylallyltransferase	2	-26.410	-22.590	-36.330	-1
rxn16485	UDP-glucose:ditrans,octacis-undecaprenyl-phosphate glucose phosphotransferase	2	-0.000	1.270	0.120	16
rxn16486	UDP-D-xylose:3-O-alpha-D-mannopyranosyl-alpha-D-mannopyranose xylosylphosphotransferase	2	-14.000	52.900	-3.180	-1
rxn16490	(R)-piperazine-2-carboxamide amidohydrolase	3	-4.720	-2.870	-1.010	-1
rxn16491	beta-Alaninamide amidohydrolase	3	-4.720	-4.130	-3.880	-1
rxn16492	(S)-piperazine-2-carboxamide amidohydrolase	3	-4.720	-2.870	-3.470	-1
rxn16493	L-prolinamide amidohydrolase	3	-4.720	4.070	-2.330	-1
rxn16494	1-(2-acetamido-2-deoxy-alpha-D-glucopyranosyl)-1D-myo-inositol acetylhydrolase	3	-2.000	-2.340	-2.730	-1
rxn16498	9,15,9'-tricis-zeta-carotene cis-trans-isomerase	5	0.000	0.000	-2.900	-1
rxn16500	streptothricin-F hydrolase	3	8.720	93.910	2.520	-1
rxn16503	S-methyl-5'-thioadenosine amidohydrolase	3	-8.510	-4.920	-5.650	38
rxn16507	alpha-D-glucosyl-3-phospho-D-glycerate phosphohydrolase	3	7.220	-2.900	-2.630	3
rxn16508	ADP-glucose:D-glycerate 2-alpha-D-glucosyltransferase	2	-1.700	-1.990	-7.880	-1
rxn16509	GDP-mannose:D-glycerate 2-alpha-D-mannosyltransferase	2	-1.700	-1.520	-7.650	-1
rxn16510	GDP-mannose:2-O-(alpha-D-glucosyl)-3-phospho-D-glycerate 2-O-alpha-D-mannosyltransferase	2	-1.700	-0.940	-5.460	-1
rxn16511	S-methyl-5'-thioinosine:phosphate S-methyl-5-thio-alpha-D-ribosyl-transferase	2	-7.950	2.080	3.380	6
rxn16512	CTP:1L-myo-inositol 1-phosphate cytidylyltransferase	2	1.070	-2.230	8.190	-1
rxn16513	CDP-1L-myo-inositol:1L-myo-inositol 1-phosphate myo-inositolphosphotransferase	2	-14.000	53.630	7.180	-1
rxn16519	fumonisin B1 acylhydrolase	3	-4.230	-12.780	-12.210	-1
rxn16522	S-adenosyl-L-methionine:tricin 4'-O-methyltransferase	2	-4.330	-1.780	-24.880	8
rxn16523	S-adenosyl-L-methionine:tricetin 3',4',5'-O-trimethyltransferase	2	-12.990	-5.390	-71.090	-1
rxn16524	(S)-piperidine-2-carboxamide amidohydrolase	3	-4.720	-2.700	-2.210	33
rxn16525	ent-copalyl-diphosphate diphosphate-lyase [ent-pimara-9(11),15-diene-forming]	4	-40.960	-108.630	-23.210	9
rxn16527	threo-3-hydroxy-D-aspartate ammonia-lyase (oxaloacetate-forming)	4	-5.700	-6.100	-9.510	-1
rxn16528	terpentedienyl-diphosphate diphosphate-lyase (terpentetriene-forming)	4	-13.800	-7.000	-3.520	32
rxn16529	geranylgeranyl-diphosphate diphosphate-lyase (elisabethatriene-forming)	4	-25.310	-145.990	-21.190	9
rxn16531	neryl-diphosphate diphosphate-lyase [cyclizing; beta-phellandrene-forming]	4	-15.610	-40.490	-8.560	-1
rxn16532	neryl-diphosphate diphosphate-lyase [cyclizing; beta-phellandrene-forming]	4	-15.610	-40.490	-8.560	-1
rxn16533	neryl-diphosphate diphosphate-lyase [cyclizing; beta-phellandrene-forming]	4	-15.610	-40.490	-8.560	-1
rxn16534	(S)-2,3-epoxysqualene mutase (cyclizing, cucurbitadienol-forming)	5	-95.390	-198.390	-27.990	9
rxn16535	(S)-2,3-epoxysqualene mutase [cyclizing, (17Z)-protosta-17(20),24-dien-3beta-ol-forming]	5	-76.890	-199.290	-26.170	9
rxn16536	4,4'-diapophytoene:FAD oxidoreductase	1	14.600	42.650	25.160	-1
rxn16540	1,5-anhydro-D-fructose hydro-lyase (ascopyrone-M-forming)	4	-7.830	-12.350	-13.050	-1
rxn16541	R09695	4	0.660	5.230	4.620	-1
rxn16542	1,5-anhydro-D-fructose hydro-lyase (microthecin-forming)	4	-7.170	-7.120	-8.430	-1
rxn16543	UDP-N-acetylglucosamine hydro-lyase (inverting; UDP-2-acetamido-2,6-dideoxy-beta-L-arabino-hexos-4-ulose-forming)	4	-13.900	-15.210	-12.360	-1
rxn16545	(8E)-9-[(1E,3E)-nona-1,3-dien-1-yloxy]non-8-enoate synthase	4	3.710	-0.000	-57.440	-1
rxn16546	(S)-squalene-2,3-epoxide hydro-lyase (arabidiol forming)	4	70.870	130.520	1.900	-1
rxn16547	(S)-squalene-2,3-epoxide hydro-lyase (dammarenediol-II forming)	4	97.540	189.240	11.680	-1
rxn16548	linalool hydro-lyase (myrcene-forming)	4	2.770	0.700	2.060	-1
rxn16551	1,5-anhydro-4-deoxy-D-glycero-hex-3-en-2-ulose Delta3-Delta1-isomerase	5	1.570	-0.080	-0.020	15
rxn16552	4-oxalomesaconate keto-enol-isomerase	5	0.000	-0.000	-0.000	16
rxn16553	(5S,6S)-6-amino-5-hydroxycyclohexane-1,3-diene-1-carboxyate isomerase	5	0.790	-0.140	-8.100	-1
rxn16554	geraniol hydroxymutase	5	-3.330	-0.640	-0.050	-1
rxn16555	(S)-2,3-epoxysqualene mutase (cyclizing, thalianol-forming)	5	-51.080	-184.130	-22.980	9
rxn16556	(S)-2,3-epoxysqualene mutase (cyclizing, germanicol-forming)	5	-121.630	-254.840	-31.620	9
rxn16557	(S)-2,3-epoxysqualene mutase (cyclizing, isomultiflorenol-forming)	5	-112.810	-256.470	-30.890	9
rxn16558	squalene mutase (cyclizing, dammara-20,24-diene-forming)	5	-92.480	-190.930	-11.470	-1
rxn16559	(3S)-2,3-epoxy-2,3-dihydrosqualene mutase (cyclizing, camelliol-C-forming)	5	-22.860	-26.590	-16.060	-1
rxn16560	terpentedienyl-diphosphate lyase (decyclizing)	5	-48.380	-87.690	-12.810	-1
rxn16561	halima-5(6),13-dien-15-yl-diphosphate lyase (cyclizing)	5	-32.320	-126.210	-9.660	-1
rxn16563	threo-3-hydroxy-D-aspartate glyoxylate-lyase (glycine-forming)	4	5.020	0.840	-1.890	-1
rxn16564	D-erythro-3-hydroxyaspartate glyoxylate-lyase (glycine-forming)	4	5.020	-0.670	-3.690	-1
rxn16565	4,4'-diapophytoene:FAD oxidoreductase	1	3.650	10.660	3.780	-1
rxn16566	(R)-2-hydroxybutane-1,2,4-tricarboxylate hydro-lyase [(1R,2S)-1-hydroxybutane-1,2,4-tricarboxylate-forming]	4	1.420	0.920	1.550	18
rxn16569	beta-D-glucopyranosyl abscisate glucohydrolase	3	-2.110	-6.620	-10.640	-1
rxn16570	beta-D-glucopyranosyl abscisate glucohydrolase	3	-2.110	-6.220	-10.640	-1
rxn16571	beta-D-glucopyranosyl abscisate glucohydrolase	3	-2.110	-6.220	-10.640	-1
rxn16572	trans-Permethrin acylhydrolase	3	-2.110	-4.020	-5.280	29
rxn16577	ATP:hygromycin-B 4-O-phosphotransferase	2	-14.000	1.490	0.130	-1
rxn16578	geranylgeranyl-diphosphate:isopentenyl-diphosphate cistransferase (adding 7 isopentenyl units)	2	-157.500	-130.450	-162.120	-1
rxn16580	UDP-glucuronate:D-Man-alpha-(1->3)-D-Glc-beta-(1->4)-D-Glc-alpha-1-diphospho-ditrans,octacis-undecaprenol beta-1,2-glucuronyltransferase	2	-1.700	-3.410	-7.670	29
rxn16581	GDP-mannose:D-Glc-beta-(1->4)-Glc-alpha-1-diphospho-ditrans,octacis-undecaprenol 3-alpha-mannosyltransferase	2	-1.700	-0.940	-7.150	-1
rxn16582	GDP-mannose:GlcA-beta-(1->2)-D-Man-alpha-(1->3)-D-Glc-beta-(1->4)-D-Glc-alpha-1-diphospho-ditrans,octacis-undecaprenol 4-beta-mannosyltransferase	2	-1.700	-0.940	-6.570	-1
rxn16586	butanoyl-CoA:NADP+ 2,3-oxidoreductase	1	16.580	12.800	11.990	-1
rxn16591	(3S)-2,3-epoxy-2,3-dihydrosqualene hydro-lyase (lupan-3beta,20-diol forming)	4	124.210	247.970	11.510	-1
rxn16592	4,4'-diapophytoene:FAD oxidoreductase	1	3.650	10.660	5.980	-1
rxn16593	4,4'-diapophytoene:FAD oxidoreductase	1	3.650	10.660	7.700	-1
rxn16594	4,4'-diapophytoene:FAD oxidoreductase	1	3.650	10.660	7.700	-1
rxn16595	beta-carotene,NADH:oxygen oxidoreductase (3,3'-hydroxylating)	1	-196.110	-194.140	-193.520	17
rxn16596	reduced coenzyme F420:NADP+ oxidoreductase	1	3.490	-1.730	-1.820	-1
rxn16598	GDP:alpha-D-glucose 1-phosphate guanylyltransferase	2	-12.030	0.980	-3.090	-1
rxn16599	UDP-galactose:soyasapogenol B 3-O-glucuronide beta-D-galactosyltransferase	2	-1.700	-3.370	-7.520	29
rxn16600	UDP-rhamnose:soyasaponin III rhamnosyltransferase	2	-1.700	-3.370	-3.210	29
rxn16601	UDP-glucose:crocetin 8-O-D-glucosyltransferase	2	-2.700	0.850	4.750	-1
rxn16602	UDP-glucose:beta-D-glucosylcrocetin 8'-O-D-glucosyltransferase	2	-2.700	0.460	4.460	13
rxn16603	UDP-glucose:beta-D-gentiobiosylcrocetin 8'-O-D-glucosyltransferase	2	-2.700	0.460	4.460	13
rxn16604	phosphoenolpyruvate:D-Man-beta-(1->4)-GlcA-beta-(1->2)-D-Man-alpha-(1->3)-D-Glc-beta-(1->4)-D-Glc-alpha-1-diphospho-ditrans,octacis-undecaprenol 4,6-O-(1-carboxyethan-1,1-diyl)transferase	2	-18.590	-88.580	-10.620	11
rxn16607	CMP-3-deoxy-D-manno-oct-2-ulosonate:(KDO)2-lipid IVA 3-deoxy-D-manno-oct-2-ulosonate transferase [(2->8) glycosidic bond-forming]	2	-11.200	-62.810	-22.900	-1
rxn16608	CMP-3-deoxy-D-manno-oct-2-ulosonate:(KDO)3-lipid IVA 3-deoxy-D-manno-oct-2-ulosonate transferase [(2->4) glycosidic bond-forming]	2	-11.200	-60.990	-16.380	-1
rxn16609	ATP:(KDO)-lipid IVA 3-deoxy-alpha-D-manno-oct-2-ulopyranose 4-phosphotransferase	2	-14.000	-4.520	-8.450	-1
rxn16611	D-glycero-alpha-D-manno-heptose 7-phosphate aldose-ketose-isomerase	5	-0.860	0.530	7.020	-1
rxn16612	ATP:D-glycero-alpha-D-manno-heptose 7-phosphate 1-phosphotransferase	2	-14.000	-2.170	-10.310	-1
rxn16613	D-glycero-alpha-D-manno-heptose 1,7-bisphosphate 7-phosphohydrolase	3	7.220	-2.140	-1.830	3
rxn16614	GTP:D-glycero-alpha-D-manno-heptose 1-phosphate guanylyltransferase	2	1.070	-1.700	-1.050	12
rxn16616	4-amino-4-deoxy-alpha-L-arabinopyranosyl ditrans,octacis-undecaprenyl phosphate:KDO2-lipid IVA 4-amino-4-deoxy-beta-L-arabinopyranosyltransferase	2	0.000	2.810	-5.670	-1
rxn16622	D-arabino-hex-3-ulose-6-phosphate isomerase	5	-1.750	-2.490	3.610	10
rxn16623	4-amino-4-deoxy-alpha-L-arabinopyranosyl ditrans,octacis-undecaprenyl phosphate:KDO2-lipid A 4-amino-4-deoxy-alpha-L-arabinopyranosyltransferase	2	0.000	2.810	-3.600	-1
rxn16624	torulene:oxygen 4',5'-oxidoreductase (bond-cleaving)	1	-87.460	-87.380	-73.180	23
rxn16625	4'-apo-beta,psi-carotenal:NAD+ oxidoreductase	1	-9.740	-9.120	-0.320	-1
rxn16626	2-oxoglutarate:oxygen oxidoreductase (decarboxylating, ethylene-forming)	1	-112.070	-108.830	-109.470	24
rxn16627	L-arginine,2-oxoglutarate:oxygen oxidoreductase (succinate-forming)	1	-124.750	-109.450	-104.970	-1
rxn16628	dimethyl sulfide,NADH:oxygen oxidoreductase	1	-93.440	-90.860	-76.010	-1
rxn16630	(2E,6E)-farnesyl-diphosphate diphosphate-lyase (alpha-eudesmol-forming)	4	-60.110	-96.500	-14.360	-1
rxn16631	(2E,6E)-farnesyl-diphosphate diphosphate-lyase (10-epi-gamma-eudesmol-forming)	4	-51.290	-98.120	-10.800	9
rxn16632	1,1'-dihydroxy-1,1',2,2'-tetrahydrolycopene hydro-lyase (1-hydroxy-1,2-dihydrolycopene-forming)	4	4.570	0.100	-19.620	-1
rxn16633	S-adenosyl-L-methionine:(2S)-5,7,4'-trihydroxyflavanone 7-O-methyltransferase	2	-4.330	-1.720	-22.380	8
rxn16634	S-adenosyl-L-methionine:flavonoid 4'-O-methyltransferase	2	-4.330	-1.830	-22.470	8
rxn16635	presqualene-diphosphate diphosphate-lyase (15-cis-4,4'-diapophytoene-forming)	2	-13.160	11.220	-7.010	1
rxn16636	pyrrole-2-carboxylate carboxy-lyase	4	-1.350	-2.540	6.040	-1
rxn16637	pyrrole-2-carboxylate carboxy-lyase	4	-2.160	-3.780	4.870	10
rxn16638	N-acetyl-alpha-neuraminate 2-epimerase	5	0.000	0.000	0.000	16
rxn16639	nitrilotriacetate,FMNH2:oxygen oxidoreductase (glyoxylate-forming)	1	-90.050	-88.910	-83.280	-1
rxn16641	R09800	3	-6.890	-5.320	10.080	10
rxn16642	N2-acetyl-L-2,4-diaminobutanoate amidohydrolase	3	-2.000	-2.300	-3.610	29
rxn16644	UDP-L-rhamnose:quercetin 3-O-rhamnosyltransferase	2	-20.700	26.810	-8.250	-1
rxn16646	L-Aspartate-4-semialdehyde:NAD+ oxidoreductase	1	-9.740	-16.700	-13.550	-1
rxn16648	prosolanapyrone-II:oxygen 3'-oxidoreductase	1	-28.040	-26.710	-27.860	37
rxn16651	alpha-linolenate:oxygen (9R)-oxidoreductase	1	-69.980	0.000	-25.980	0
rxn16652	linoleate:oxygen (10R)-oxidoreductase	1	-65.160	0.000	-24.270	0
rxn16656	beta-amyrin,NADPH:oxygen 11-oxidoreductase (hydroxylating)	1	-96.220	-97.040	-93.360	28
rxn16657	11alpha-hydroxy-beta-amyrin,NADPH:oxygen 11-oxidoreductase	1	-108.050	-109.390	-102.960	24
rxn16658	beta-amyrin,NADPH:oxygen oxidoreductase	1	-204.270	-206.430	-196.320	17
rxn16659	1-hydroxy-2-naphthoate,NADPH:oxygen oxidoreductase (2-hydroxylating, decarboxylating)	1	-95.990	-108.340	-85.550	26
rxn16662	S-adenosyl-L-methionine:dTDP-3-amino-3,6-dideoxy-alpha-D-galactopyranose 3-N,N-dimethyltransferase	2	-23.510	-1.360	6.830	-1
rxn16665	dTDP-3-amino-3,6-dideoxy-alpha-D-galactopyranose:2-oxoglutarate aminotransferase	2	-3.920	-7.770	-0.400	-1
rxn16666	UDP-4-amino-4,6-dideoxy-N-acetyl-beta-L-altrosamine:2-oxoglutarate aminotransferase	2	-3.920	-7.790	-2.410	-1
rxn16669	tuberculosinyl diphosphate diphosphohydrolase (tuberculosinol forming)	3	-13.240	-7.050	-3.060	-1
rxn16670	tuberculosinyl diphosphate diphosphohydrolase (isotuberculosinol forming)	3	-16.570	-7.700	1.230	-1
rxn16671	L-Tyrosine:NAD+ oxidoreductase (deaminating)	1	8.720	8.820	9.240	21
rxn16672	beta-D-4-deoxy-Delta4-GlcAp-(1->4)-beta-D-Glcp-(1->4)-alpha-L-Rhap-(1->3)-beta-D-Glcp beta-D-4-deoxy-Delta4-GlcAp hydrolase	3	-3.110	-2.700	-13.660	-1
rxn16673	8-oxo-dGTP diphosphohydrolase	3	-27.240	-10.380	-6.780	30
rxn16674	2-hydroxy-dATP diphosphohydrolase	3	-27.240	-12.210	-7.410	30
rxn16675	UDP-2,4-bis(acetamido)-2,4,6-trideoxy-beta-L-altropyranose hydrolase	3	-4.810	-6.180	-4.760	-1
rxn16678	2-(1,2-epoxy-1,2-dihydrophenyl)acetyl-CoA isomerase	5	31.800	53.890	16.040	-1
rxn16679	phenylacetyl-CoA:oxygen oxidoreductase (1,2-epoxidizing)	1	-82.450	-126.870	-106.620	-1
rxn16681	R09840	3	-5.720	-6.290	-2.760	-1
rxn16682	phosphoenolpyruvate:2,4-bis(acetylamino)-2,4,6-trideoxy-beta-L-altropyranose transferase (phosphate-hydrolysing, 2,7-acetylamino-transfering, 2-carboxy-2-oxoethyl-forming)	2	-2.970	-14.540	-9.070	20
rxn16683	acetyl-CoA:UDP-4-amino-4,6-dideoxy-N-acetyl-beta-L-altrosamine 4-N-acetyltransferase	2	-5.260	-6.320	-5.770	42
rxn16684	CTP:pseudaminate cytidylyltransferase	2	-12.930	54.720	-0.680	-1
rxn16689	farnesal reductase	none	11.070	10.240	11.960	21
rxn16690	CTP:2-trans,6-trans-farnesol O-phosphotransferase	2	-14.000	-3.010	-5.350	32
rxn16691	CTP:farnesyl-phosphate phosphotransferase	2	9.500	0.930	-0.550	4
rxn16700	cholest-4-en-3-one,NADH:oxygen oxidoreductase (26-hydroxylating)	1	-92.610	-93.850	-96.530	27
rxn16701	androsta-1,4-diene-3,17-dione,NADH:oxygen oxidoreductase (9alpha-hydroxylating)	1	-104.370	-55.530	-92.270	-1
rxn16703	9beta-pimara-7,15-diene,NADPH:oxygen 19-oxidoreductase	1	-96.290	-93.820	-96.460	-1
rxn16704	9beta-pimara-7,15-dien-19-ol,NADPH:oxygen 19-oxidoreductase	1	-103.580	-104.190	-106.340	24
rxn16705	9beta-pimara-7,15-dien-19-al,NADPH:oxygen 19-oxidoreductase	1	-118.580	-118.250	-112.870	-1
rxn16706	9beta-pimara-7,15-diene,NADPH:oxygen 19-oxidoreductase	1	-318.450	-316.270	-315.670	-1
rxn16707	ent-cassa-12,15-diene,NADPH:oxygen 11-oxidoreductase	1	-99.900	-97.040	-93.230	-1
rxn16708	10beta-hydroxytaxa-4(20),11-dien-5alpha-yl-acetate,NADPH:oxygen 14-oxidoreductase	1	-96.220	-97.040	-94.780	28
rxn16709	taxusin,NADPH:oxygen 7-oxidoreductase	1	-96.220	-97.040	-94.700	28
rxn16710	S-adenosyl-L-methionine:trans-resveratrol 3-O-methyltransferase	2	-4.330	-1.820	-22.490	8
rxn16711	S-adenosyl-L-methionine:3-Methoxy-4',5-dihydroxy-trans-stilbene 5-O-methyltransferase	2	-4.330	-1.820	-25.240	8
rxn16712	S-adenosyl-L-methionine:trans-resveratrol 3,5-O-dimethyltransferase	2	-8.660	-3.640	-47.730	-1
rxn16713	acetyl-CoA:dTDP-3-amino-3,6-dideoxy-alpha-D-galactopyranose 3-N-acetyltransferase	2	-5.260	-6.310	-6.190	42
rxn16714	geranylgeranyl-diphosphate diphosphohydrolase [(13E)-labda-7,13-dien-15-ol-forming]	3	-61.620	-94.740	-10.910	-1
rxn16715	8-oxoguanine aminohydrolase	3	-11.580	65.880	-4.170	-1
rxn16716	8-oxo-dGDP phosphohydrolase	3	-16.280	-7.490	-4.780	32
rxn16717	R09878	3	-16.280	-7.820	-26.510	-1
rxn16718	P1,P6-bis(5'-adenosyl)hexaphosphate nucleotidohydrolase (ATP-forming)	3	-9.310	-0.690	-8.380	-1
rxn16720	P1,P5-bis(5'-adenosyl)pentaphosphate nucleotidohydrolase (AMP-forming)	3	-18.810	-11.070	-8.730	-1
rxn16721	4,5:9,10-diseco-3-hydroxy-5,9,17-trioxoandrosta-1(10),2-diene-4-oate hydrolase ( (2Z,4Z)-2-hydroxyhexa-2,4-dienoate-forming)	3	-9.420	-11.200	-0.460	-1
rxn16723	R09885	none	3.560	79.750	21.370	-1
rxn16724	(2E,6E)-farnesyl-diphosphate diphosphate-lyase (7-epi-alpha-selinene-forming)	4	-52.520	-95.800	-28.240	9
rxn16725	(2E,6E)-farnesyl-diphosphate diphosphate-lyase (cyclizing, alpha-guaiene-forming)	4	-28.310	-138.250	-27.920	9
rxn16726	(2E,6E)-farnesyl-diphosphate diphosphate-lyase (viridiflorene-forming)	4	-43.020	-249.310	-34.040	-1
rxn16728	(2E,6E)-farnesyl-diphosphate diphosphate-lyase (cyclizing, 5-epi-alpha-selinene-forming)	4	-52.520	-95.800	-28.250	9
rxn16730	(2E,6E)-farnesyl-diphosphate diphosphate-lyase [(+)-gamma-cadinene-forming]	4	-27.730	-150.310	-24.360	9
rxn16731	(2E,6E)-farnesyl-diphosphate diphosphate-lyase (cyclizing, delta-guaiene-forming)	4	-35.550	-142.570	-27.910	9
rxn16732	(2E,6E)-farnesyl-diphosphate diphosphate-lyase (cyclizing, gamma-curcumene-forming)	4	-39.670	-51.240	-20.460	-1
rxn16733	(2E,6E)-farnesyl-diphosphate diphosphate-lyase [cyclizing, (-)-alpha-cuprenene-forming]	4	-52.610	-65.860	-18.620	-1
rxn16734	(2E,6E)-farnesyl-diphosphate diphosphate-lyase (cyclizing, avermitilol-forming)	4	-58.960	-190.270	-14.770	-1
rxn16735	(2E,6E)-farnesyl-diphosphate diphosphate-lyase [cyclizing, (-)-delta-cadinene-forming]	4	-44.550	-156.740	-31.390	9
rxn16736	(2E,6E)-farnesyl-diphosphate diphosphate-lyase [cyclizing, (+)-T-muurolol-forming]	4	-51.670	-143.640	-10.780	-1
rxn16737	9alpha-copalyl-diphosphate diphosphate-lyase [(12E)-9alpha-labda-8(17),12,14-triene-forming]	4	-13.140	-7.600	-6.340	-1
rxn16739	(2E,6E)-farnesyl-diphosphate diphosphate-lyase (7-epi-sesquithujene-forming)	4	-41.900	-100.930	-33.780	9
rxn16740	(2E,6E)-farnesyl-diphosphate diphosphate-lyase (sesquithujene-forming)	4	-41.900	-100.930	-34.030	9
rxn16742	dTDP-4-dehydro-6-deoxy-alpha-D-glucopyranose:dTDP-3-dehydro-6-deoxy-alpha-D-galactopyranose isomerase	5	0.000	-3.680	0.570	-1
rxn16743	(8R,9Z,12Z)-8-hydroperoxyoctadeca-9,12-dienoate hydroxymutase [(5S,8R,9Z,12Z)-5,8-dihydroxyoctadeca-9,12-dienoate-forming]	5	-14.840	-0.000	-67.170	0
rxn16744	(3S)-2,3-epoxy-2,3-dihydrosqualene mutase (cyclizing, shionone-forming)	5	-116.600	-157.690	-23.150	-1
rxn16745	(3S)-2,3-epoxy-2,3-dihydrosqualene mutase (cyclizing, parkeol-forming)	5	-95.390	-198.390	-31.700	9
rxn16746	(3S)-2,3-epoxy-2,3-dihydrosqualene mutase (cyclizing, achilleol-B-forming)	5	-44.020	-115.430	-22.620	9
rxn16747	(3S)-2,3-epoxy-2,3-dihydrosqualene mutase (cyclizing, glutinol-forming)	5	-121.630	-254.840	-33.510	9
rxn16748	(3S)-2,3-epoxy-2,3-dihydrosqualene mutase (cyclizing, friedelin-forming)	5	-143.270	-216.410	-25.900	9
rxn16750	(3S)-2,3-epoxy-2,3-dihydrosqualene mutase (cyclizing, alpha-seco-amyrin-forming)	5	-97.000	-181.260	-30.070	9
rxn16751	(3S)-2,3-epoxy-2,3-dihydrosqualene mutase (cyclizing, marneral-forming)	5	-9.440	-29.410	-13.940	-1
rxn16752	(3S)-2,3-epoxy-2,3-dihydrosqualene mutase (cyclizing, beta-seco-amyrin-forming)	5	-96.330	-178.950	-30.540	9
rxn16753	(3S)-2,3-epoxy-2,3-dihydrosqualene mutase (cyclizing, delta-amyrin-forming)	5	-112.810	-256.470	-32.820	9
rxn16754	(3S)-2,3-epoxy-2,3-dihydrosqualene mutase (cyclizing, tirucalla-7,24-dien-3beta-ol-forming)	5	-95.390	-198.390	-31.810	9
rxn16755	(3S)-2,3-epoxy-2,3-dihydrosqualene mutase (cyclizing, baruol-forming)	5	-94.960	-196.120	-30.760	9
rxn16756	prosolanapyrone-III:(-)-solanapyrone A isomerase	5	-29.120	-126.820	-26.040	9
rxn16758	cholesterol:NAD+ 3-oxidoreductase	1;5	0.780	-0.260	6.560	-1
rxn16760	(+)-linalool,NADH:oxygen oxidoreductase (8-hydroxylating)	1	-92.610	-93.850	-88.790	-1
rxn16761	(-)-linalool,NADH:oxygen oxidoreductase (8-hydroxylating)	1	-92.610	-93.850	-88.790	-1
rxn16762	8-hydroxylinalool,NADH:oxygen 8-oxidoreductase	1	-105.130	-104.220	-102.050	24
rxn16763	linalool,NADH:oxygen oxidoreductase (8-hydroxylating)	1	-197.740	-198.070	-193.300	17
rxn16764	linalool,NADH:oxygen oxidoreductase (8-hydroxylating)	1	-197.740	-198.070	-193.300	17
rxn16765	linalool,NADH:oxygen oxidoreductase (8-hydroxylating)	1	-197.740	-198.070	-193.300	17
rxn16766	(6E)-8-hydroxygeraniol:NADP+ oxidoreductase	1	3.700	4.910	3.150	19
rxn16767	(6E)-8-hydroxygeranial:NADP+ oxidoreductase	1	3.700	4.910	8.320	19
rxn16768	(6E)-8-hydroxygeraniol:NADP+ oxidoreductase	1	3.700	4.910	9.750	19
rxn16769	(6E)-8-oxogeraniol:NADP+ oxidoreductase	1	3.700	4.910	1.710	19
rxn16771	eugenol:NADP+ oxidoreductase (coniferyl acetate reducing)	1	19.880	22.030	14.520	-1
rxn16772	(S)-benzoin:NADP+ oxidoreductase	1	4.700	4.430	-7.030	-1
rxn16773	(R)-benzoin:NADP+ oxidoreductase	1	4.700	4.430	-7.030	-1
rxn16775	(+)-sabinene,NADPH:oxygen oxidoreductase (3-hydroxylating)	1	-99.900	-97.040	-95.130	-1
rxn16779	S-adenosyl-L-methionine:5-carbamimidamido-2-oxopentanoate 3-methyltransferase	2	-19.170	-3.280	0.930	-1
rxn16780	S-adenosyl-L-methionine:geranyl-diphosphate 2-C-methyltransferase	2	-19.730	-4.060	-6.020	-1
rxn16781	3-O-alpha-D-glucopyranosyl-D-glucopyranose:phosphate beta-D-glucosyltransferase	2	-10.330	2.780	7.070	6
rxn16782	3-O-alpha-D-glucopyranosyl-D-glucopyranose:phosphate beta-D-glucosyltransferase	2	-10.330	3.170	7.070	6
rxn16783	3-O-alpha-D-glucopyranosyl-D-glucopyranose:phosphate beta-D-glucosyltransferase	2	-10.330	3.170	7.070	6
rxn16784	N,N'-diacetylchitobiose:phosphate N-acetyl-D-glucosaminyltransferase	2	-10.330	3.040	6.390	6
rxn16785	N,N'-diacetylchitobiose:phosphate N-acetyl-D-glucosaminyltransferase	2	-10.330	3.170	6.390	6
rxn16786	4-O-beta-D-mannopyranosyl-D-glucopyranose:phosphate alpha-D-mannosyltransferase	2	-10.330	2.780	-0.370	-1
rxn16787	4-O-beta-D-mannopyranosyl-D-glucopyranose:phosphate alpha-D-mannosyltransferase	2	-10.330	3.170	-0.370	-1
rxn16788	4-O-beta-D-mannopyranosyl-D-glucopyranose:phosphate alpha-D-mannosyltransferase	2	-10.330	3.170	-0.370	-1
rxn16790	ATP:alpha-maltose 1-phosphotransferase	2	-14.000	-0.590	-0.350	-1
rxn16791	ATP:alpha-maltose 1-phosphotransferase	2	-14.000	-0.590	-0.350	-1
rxn16792	ATP:alpha-maltose 1-phosphotransferase	2	-14.000	-0.590	-0.350	-1
rxn16793	ATP:UDP-N-acetyl-D-glucosamine 3'-phosphotransferase	2	-14.000	-2.400	-1.000	-1
rxn16794	(Z)-3-ureidoacrylate-peracid amidohydrolase	3	-2.010	-9.930	-2.580	-1
rxn16795	(Z)-3-ureidoacrylate peracid amidohydrolase	3	1.460	9.540	-4.930	-1
rxn16796	(Z)-2-methylureidoacrylate-peracid amidohydrolase	3	-2.010	-9.930	-2.580	-1
rxn16797	(Z)-2-methylureidoacrylate peracid amidohydrolase	3	1.460	9.540	-4.930	-1
rxn16798	D-chiro-inositol:NAD+ oxidoreductase	1	2.330	-0.260	9.490	14
rxn16799	R09952	5	0.000	0.000	3.130	-1
rxn16800	scyllo-inositol:NAD+ oxidoreductase	1	2.330	-0.260	12.620	-1
rxn16801	scyllo-inositol:NADP+ oxidoreductase	1	2.330	-0.290	12.040	14
rxn16802	5-androstene-3,17-dione delta5-delta4-isomerase	5	-1.550	0.400	7.320	-1
rxn16803	epiandrosterone:NAD+ oxidoreductase	1	2.330	-0.260	7.540	14
rxn16804	dehydroepiandrosterone:NAD+ oxidoreductase	1	2.330	-0.260	-1.110	15
rxn16805	(S)-ethylmalonyl-CoA carboxy-lyase (butanoyl-CoA-forming)	4	-3.120	-3.280	-3.510	-1
rxn16807	(2Z,4Z)-2-hydroxyhexa-2,4-dienoate hydro-lyase	4	-3.710	0.100	-10.910	-1
rxn16809	geranyl-diphosphate diphosphate-lyase [(E)-beta-ocimene-forming]	4	-13.140	-7.600	-9.830	-1
rxn16810	geranyl-diphosphate diphosphate-lyase [cyclizing, (+)-car-3-ene-forming]	4	-33.320	-143.810	-30.170	9
rxn16812	geranyl-diphosphate diphosphate-lyase [cyclizing, (-)-sabinene-forming]	4	-16.260	-96.130	-21.980	11
rxn16813	geranyl-diphosphate diphosphate-lyase [cyclizing, (+)-sabinene-forming]	4	-16.260	-96.130	-21.770	11
rxn16814	geranyl-diphosphate diphosphate-lyase [cyclizing, (+)-alpha-terpineol-forming]	4	-33.440	-37.770	-8.290	-1
rxn16815	geranyl-diphosphate diphosphate-lyase (cyclizing, gamma-terpinene-forming)	4	-34.850	-51.240	-26.690	-1
rxn16816	geranyl-diphosphate diphosphate-lyase (cyclizing, alpha-terpinene-forming)	4	-39.670	-51.240	-14.220	-1
rxn16819	(E)-2-methylgeranyl-diphosphate diphosphate-lyase (cyclizing, 2-methylisoborneol-forming)	4	-66.470	-87.480	-7.560	-1
rxn16822	(2E,6E)-farnesyl diphosphate diphosphate-lyase (cyclizing, beta-sesquiphellandrene-forming)	4	-15.610	-40.490	-16.730	-1
rxn16823	2-(2-carboxy-4-methylthiazol-5-yl)ethyl phosphate isomerase	5	-24.400	-4.310	-0.580	-1
rxn16825	(2S)-ethylmalonyl-CoA epimerase	5	0.000	0.000	-9.020	-1
rxn16826	Ureidoacrylate amidohydrolase	3	-2.010	-13.080	-2.720	-1
rxn16827	R09981	none	-28.260	0.640	-85.550	-1
rxn16829	R09983	3	-7.650	-4.080	2.640	-1
rxn16832	(+)-thujan-3-ol:NAD+ oxidoreductase	1	2.330	-0.260	4.100	14
rxn16833	(+)-thujan-3-ol:NADP+ oxidoreductase	1	2.330	-0.290	3.520	14
rxn16835	L-threo-7,8-dihydrobiopterin:NADP+ oxidoreductase	1	0.770	2.980	10.180	-1
rxn16836	L-threo-tetrahydrobiopterin:NADP+ oxidoreductase	1	10.040	8.880	8.140	21
rxn16839	4-amino-5-aminomethyl-2-methylpyrimidine aminohydrolase	3	2.470	16.200	2.080	-1
rxn16843	methylated-thiol:coenzyme M methyltransferase	2	-5.900	0.510	-6.570	-1
rxn16844	monomethylamine:5-hydroxybenzimidazolylcobamide Co-methyltransferase	2	-3.550	-5.310	-12.320	-1
rxn16845	dimethylamine:5-hydroxybenzimidazolylcobamide Co-methyltransferase	2	-2.330	-3.980	-10.630	-1
rxn16855	dTDP-6-deoxy-L-talose:NADP+ 4-oxidoreductase	1	2.330	-0.290	3.310	14
rxn16860	ketopantoyl lactone reductase	1	4.790	-0.290	7.160	-1
rxn16862	3beta-hydroxy-delta5-C27-steroid oxidoreductase	1	0.780	-0.260	5.600	-1
rxn16863	indole-3-ethanol:NAD+ oxidoreductase	1	5.250	4.940	-2.350	5
rxn16866	3beta(or 20alpha)-hydroxysteroid dehydrogenase	1	2.330	-0.290	-0.570	15
rxn16879	3beta-hydroxy-steroid:NADP+ 3-oxidoreductase	1	2.330	-0.290	5.380	14
rxn16887	(R)-mevalonate:NADP+ oxidoreductase (CoA-acylating)	1	1.230	0.670	4.510	-1
rxn16888	(R)-mevalonate:NADP+ oxidoreductase (CoA-acylating)	1	1.230	0.670	4.510	-1
rxn16889	(R)-mevalonate:NADP+ oxidoreductase (CoA-acylating)	1	1.230	0.670	4.510	-1
rxn16895	(S)-cheilanthifoline,NADPH:oxygen oxidoreductase (methylenedioxy-bridge-forming)	1	-115.090	-113.920	69.060	-1
rxn16896	(S)-N-methylcoclaurine,NADPH:oxygen oxidoreductase (C-O phenol-coupling)	1	-92.740	-104.550	109.720	-1
rxn16898	(S)-tetrahydrocolumbamine oxidase (methylenedioxy-bridge-forming)	1	-115.090	-113.920	69.060	-1
rxn16900	vitamin-K-epoxide reductase (warfarin-insensitive)	1	-6.060	14.540	10.790	-1
rxn16994	D-glucose:D-fructose oxidoreductase	1	-4.010	-4.520	-3.330	-1
rxn16995	D-glucose:D-fructose oxidoreductase	1	-4.010	-4.520	-3.330	-1
rxn17075	valine N-monooxygenase	1	-190.030	-232.560	-178.660	17
rxn17080	trans-5-O-(4-coumaroyl)-D-quinate,NADPH:oxygen oxidoreductase (3'-hydroxylating)	1	-95.860	-105.790	-81.150	26
rxn17087	dihydrosanguinarine 10-monooxygenase	1	-95.860	-105.790	-78.070	26
rxn17088	dihydrochelirubine 12-hydroxylase	1	-95.860	-105.790	-86.230	26
rxn17089	L-lysine 6-monooxygenase (NADPH)	1	-90.630	-55.650	-56.200	-1
rxn17093	sterol 14-demethylase	1	-294.520	-357.010	-313.730	-1
rxn17096	7-deoxyloganin,NADPH:oxygen oxidoreductase (7alpha-hydroxylating)	1	-96.220	-97.040	-94.710	28
rxn17099	4-hydroxyacetophenone monooxygenase	1	-113.760	-116.570	-108.410	-1
rxn17124	(S)-scoulerine,NADPH:oxygen oxidoreductase (methylenedioxy-bridge-forming)	1	-115.090	-113.850	67.180	-1
rxn17199	dehydrogenase, glyceraldehyde phosphate (nicotinamide adenine dinucleotide phosphate) (phosphorylating)	1	-9.860	1.070	1.270	6
rxn17223	delta24(241)-sterol reductase	1	12.090	13.960	10.770	-1
rxn17226	loganin:oxygen oxidoreductase (ring-cleaving)	1	-85.400	3.220	-98.830	-1
rxn17243	methylenetetrahydrofolate reductase (NADPH2)	1	3.820	10.400	9.440	-1
rxn17246	lysine-2-oxoglutarate reductase	1	9.240	8.720	8.580	21
rxn17247	saccharopine dehydrogenase (NAD+, L-glutamate-forming)	1	8.240	8.850	10.910	21
rxn17248	AtPAO1	1	-23.500	-20.680	-16.020	37
rxn17378	alpha-(1->2)-L-fucosidase	3	-3.110	-3.090	2.000	10
rxn17384	2-aminoadipic aminotransferase	2	-0.000	-0.170	0.110	16
rxn17404	hexaprenyldihydroxybenzoate methyltransferase	2	-4.330	-1.820	-20.150	8
rxn17405	S-adenosyl-L-methionine:columbamine O-methyltransferase	2	-4.330	-1.830	-23.120	8
rxn17414	24-methylenesterol C-methyltransferase	2	-16.700	-4.440	-7.350	-1
rxn17440	tetrahydromethanopterin methyltransferase	2	-6.400	-9.980	-9.660	-1
rxn17468	sterol carrier protein-chi	2	-5.250	-5.970	-1.560	-1
rxn17474	N-acetylneuraminate 4-O-acetyltransferase	2	-3.610	1.500	7.090	-1
rxn17475	N-acetylneuraminate 7,8-O-acetyltransferase	2	-3.610	0.900	8.000	-1
rxn17487	sinapoylglucose-malate O-sinapoyltransferase	2	0.000	8.670	-5.600	-1
rxn17640	4-hydroxybenzoate nonaprenyltransferase	2	-26.410	-19.410	-21.920	-1
rxn17648	SEPHCHC synthase	2	-6.230	-1.360	-20.300	8
rxn17649	N8DT	2	-26.410	-19.140	-27.800	-1
rxn17650	leachianone-G 2''-dimethylallyltransferase	2	-25.630	-16.190	-14.770	-1
rxn17652	L-alanine:3-oxopropanoate aminotransferase	2	1.000	0.880	0.940	-1
rxn17660	putrescine aminotransferase	2	-13.230	-6.280	-11.620	-1
rxn17662	inositol-trisphosphate 3-kinase	2	-14.000	-5.290	-9.890	-1
rxn17663	1D-myo-inositol-tetrakisphosphate 5-kinase	2	-14.000	-6.840	-13.070	-1
rxn17669	ATP:1D-myo-inositol-hexakisphosphate 5-phosphotransferase	2	9.500	1.670	11.210	-1
rxn17678	diphosphate:glycerol 1-phosphotransferase	2	-3.040	-0.930	1.780	-1
rxn17703	PP-IP5 kinase	2	9.500	-0.610	-2.280	-1
rxn17704	ethanolamine-phosphate cytidylyltransferase	2	1.070	-0.930	-0.230	12
rxn17705	ethanolamine-phosphate cytidylyltransferase	2	1.070	-0.930	-0.230	12
rxn17713	UTP-monosaccharide-1-phosphate uridylyltransferase	2	1.070	-2.320	-2.420	12
rxn17744	2KETO-3METHYLVALERATE-RXN.c	1	-8.140	-5.290	-5.690	38
rxn17745	2-oxoglutarate dehydrogenase complex	1;2	-8.140	-6.690	-6.400	-1
rxn17748	phosphoenolpyruvate hydratase	4	-0.870	-0.910	-1.000	-1
rxn17749	dehydropantoate hydroxymethyltransferase	2	-1.470	2.310	-6.180	-1
rxn17751	DHQase	4	-8.480	-1.260	-1.270	-1
rxn17752	DHQase	4	-8.480	-1.260	-1.270	-1
rxn17753	D-3-oxosphinganine reductase	1	3.790	4.280	2.990	19
rxn17754	D-3-oxosphinganine reductase	1	3.790	4.280	2.990	19
rxn17763	3'-nucleotidase (AMP) (periplasm)	3	7.220	-4.360	-1.080	3
rxn17765	3'-nucleotidase (GMP) (periplasm)	3	7.220	-3.290	-1.100	3
rxn17766	3'-nucleotidase (CMP) (periplasm)	3	7.220	-5.420	-1.090	3
rxn17767	3'-nucleotidase (UMP) (periplasm)	3	7.220	-3.460	-0.880	3
rxn17806	arachidoyl-CoA hydrolase	3	-5.720	-6.460	-7.350	42
rxn17810	palmitoyl-CoA deacylase	3	-5.720	-6.400	-7.350	42
rxn17811	Stearoyl-CoA hydrolase	3	-5.720	-6.460	-7.350	42
rxn17853	InsP3/Ins(1,3,4,5)P4 5-phosphatase	3	7.220	-2.810	2.950	2
rxn17854	Inositol-1,3,4,5-tetrakisphosphate 3-phosphatase	3	7.220	-1.250	3.500	2
rxn18179	HIUHase	3	2.130	38.130	-1.850	-1
rxn18911	heterotrimeric G-protein GTPase	3	-6.780	-5.870	-6.400	43
rxn18917	GriP mutase	5	0.000	1.080	-0.980	-1
rxn18924	branched-chain oxo acid decarboxylase	4	-4.120	-2.620	-2.720	33
rxn18925	indolepyruvate decarboxylase	4	-4.120	1.360	-5.360	-1
rxn18927	2-dehydro-3-deoxy-L-pentonate aldolase	4	0.750	4.680	4.730	-1
rxn18934	2-dehydro-3-deoxy-L-arabinonate dehydratase	4	-9.170	-8.130	-11.890	40
rxn18964	2-keto-4-hydroxyglutaric aldolase	4	3.210	4.270	4.420	19
rxn18965	4OHBENZOATE-OCTAPRENYLTRANSFER-RXN.p	2	-26.410	-19.410	-21.920	-1
rxn18967	5-formyltetrahydrofolate cyclo-ligase (ADP-forming)	6	-8.190	-17.380	-13.900	-1
rxn18970	adenosine 5'-phosphatase	3	7.220	-3.540	-2.970	3
rxn18972	adenosine 5'-phosphatase	3	7.220	-3.390	-2.980	3
rxn18973	adenosine 5'-phosphatase	3	7.220	-1.890	-3.000	3
rxn18974	adenosine 5'-phosphatase	3	7.220	-1.350	-2.960	3
rxn18975	adenosine 5'-phosphatase	3	7.220	-2.170	-2.810	3
rxn18977	serine racemase	5	0.000	-0.340	1.070	-1
rxn18989	ent-copalyl-diphosphate lyase (decyclizing)	5	-22.740	-82.890	-4.970	-1
rxn18999	3alpha,7alpha-dihydroxy-5beta-cholestanoyl coenzyme A synthetase	6	-21.520	-2.510	-11.340	-1
rxn19000	3alpha,7alpha,12alpha-trihydroxy-5beta-cholestanoate-CoA synthetase	6	-21.520	-2.510	-13.210	-1
rxn19004	N-(5-amino-5-carboxypentanoyl)-L-cysteinyl-D-valine synthase	6	-80.800	-27.640	-33.980	-1
rxn19010	carbon-dioxide:ammonia ligase (ADP-forming, carbamate-phosphorylating)	6	-16.810	0.270	-0.020	-1
rxn19011	imidazoleacetate-phosphoribosyldiphosphate ligase	6	-19.290	-14.050	-19.220	-1
rxn19015	phosphofructokinase (phosphorylating)	2	-14.000	-4.390	-4.990	32
rxn19017	6-phosphogluconolactonase	3	-5.450	-5.380	-5.160	42
rxn19018	6-phosphogluconolactonase	3	-5.450	-5.380	-5.160	42
rxn19025	acetoin:NADP+ oxidoreductase	1	6.250	4.430	2.960	19
rxn19030	2-aceto-2-hydroxy-butyrate synthase	2	-10.560	-5.060	-6.850	-1
rxn19031	beta-acetoacetyl coenzyme A thiolase	2	7.060	5.970	6.290	19
rxn19039	aconitase	4	1.470	2.020	1.990	18
rxn19040	aconitase	4	-0.050	-0.200	0.180	16
rxn19041	O-acetyl-L-serine sulfhydrylase	2	0.520	-12.290	-12.060	-1
rxn19042	O-acetyl-L-serine sulfhydrylase	2	0.520	-12.290	-12.060	-1
rxn19071	aminodeoxychorismate lyase	4	-36.940	-21.110	-16.450	-1
rxn19073	adenylyl-sulfate sulfohydrolase	3	-30.280	-20.090	-19.670	-1
rxn19075	adenosine phosphosulfokinase	2	-14.000	-3.550	-6.480	32
rxn19085	L-alanine racemase	5	0.000	-0.010	0.000	16
rxn19092	geraniol dehydrogenase	1	3.700	4.940	3.730	19
rxn19123	acetaldehyde dehydrogenase (NAD+)	1	-11.930	-11.890	-11.010	35
rxn19126	aldose-6-phosphate reductase (NADPH)	1	2.930	4.450	2.360	19
rxn19127	aldose-6-phosphate reductase (NADPH)	1	2.930	4.450	2.360	19
rxn19140	allantoinase	3	-3.690	-13.080	7.250	-1
rxn19141	allantoinase	3	-3.690	-13.080	7.250	-1
rxn19142	allene-oxide cyclase	5	-53.370	-25.640	-21.020	-1
rxn19144	allyl-alcohol:NADP+ oxidoreductase	1	3.700	4.910	6.250	19
rxn19149	AMACETOXID-RXN.p	1	-21.560	-22.650	-21.380	37
rxn19157	AMINEPHEN-RXN.p	1	-24.020	-22.330	-16.840	37
rxn19159	(2R,3R)-3-methylornithine synthase	5	-1.810	0.060	1.080	-1
rxn19161	ABAL dehydrogenase	1	-9.740	-11.320	-5.010	-1
rxn19174	D-arabinonate hydro-lyase	4	-8.170	-9.800	-12.420	40
rxn19180	L-arginine carboxy-lyase (agmatine-forming)	4	-3.120	-1.170	-6.750	-1
rxn19181	canavanase	3	-3.900	-8.110	-6.860	-1
rxn19208	L-asparaginase	3	-4.720	-4.160	-3.930	-1
rxn19213	phosphoribosyladenosine triphosphate:pyrophosphate phosphoribosyltransferase	2	26.680	11.810	42.600	-1
rxn19217	BADH	1	-9.740	-8.730	-2.210	39
rxn19218	BADH	1	-9.740	-8.730	-2.210	39
rxn19219	BADH	1	-9.740	-8.730	-2.210	39
rxn19224	benzaldehyde:NAD+ oxidoreductase	1	-9.740	-9.090	-11.100	40
rxn19225	benzoic acid 4-hydroxylase	1	-95.860	-105.790	-95.900	25
rxn19239	blasticidin-S deaminase	3	-5.170	-5.080	-4.730	-1
rxn19240	Isoleucine transaminase	2	-0.000	-1.410	-4.130	16
rxn19241	branched-chain-amino-acid transaminase	2	-0.000	0.080	-0.300	16
rxn19242	Valine transaminase	2	-0.000	0.420	1.860	16
rxn19253	L-arogenate hydro-lyase (decarboxylating)	4	-29.100	-18.420	5.280	-1
rxn19259	carnitine O-acetyltransferase	2	-3.610	-0.180	-1.570	-1
rxn19260	carnitine O-acetyltransferase	2	-3.610	-0.180	-1.570	-1
rxn19261	carnosine-homocarnosine synthetase	6	-6.320	-7.380	-4.750	-1
rxn19263	carveol dehydrogenase	1	0.780	-0.290	7.780	-1
rxn19264	CAT	1	-45.350	-45.860	-46.540	-1
rxn19276	CDPKIN-RXN.n	2	0.000	0.060	-0.000	16
rxn19309	chorismate mutase	5	-16.680	-11.630	-30.450	-1
rxn19316	citrate condensing enzyme	2;4	-8.890	-8.580	8.330	10
rxn19327	CK-MM	2	32.200	3.520	3.150	-1
rxn19338	2',3'-cyclic-nucleotide phosphodiesterase (AMP) (periplasm)	3	-17.230	-7.220	-19.880	-1
rxn19339	2',3'-cyclic-nucleotide phosphodiesterase (GMP) (periplasm)	3	-17.230	-7.230	-19.870	-1
rxn19340	2',3'-cyclic-nucleotide phosphodiesterase (CMP) (periplasm)	3	-17.230	-7.200	-19.880	-1
rxn19341	2',3'-cyclic-nucleotide phosphodiesterase (UMP) (periplasm)	3	-17.230	-7.390	-17.350	-1
rxn19347	cystathionine L-homocysteine-lyase (deaminating)	4	-1.830	0.130	0.400	-1
rxn19368	aspartic oxidase	1	-23.020	-23.490	-23.870	37
rxn19384	DADPKIN-RXN.n	2	0.000	0.570	0.000	16
rxn19449	DCDPKIN-RXN.n	2	-0.000	0.990	0.010	16
rxn19465	DGDPKIN-RXN.n	2	-0.000	0.460	0.010	16
rxn19466	ATP:2,3-dihydroxybenzoate adenylyltransferase	2	0.720	278.730	34.110	-1
rxn19487	dihydrodipicolinic acid synthase	4	-30.830	-29.980	-41.640	-1
rxn19488	7,8-dihydrofolate synthetase	6	-6.320	-4.330	-2.200	-1
rxn19545	2,3-Dihydroxy-3-methylvalerate dehydratase	4	-6.750	-8.830	-12.070	40
rxn19568	desulfhydrase	4	-7.750	5.520	-2.160	-1
rxn19641	dTDP-4-dehydrorhamnose 3,5-epimerase	5	0.000	-3.680	-2.350	16
rxn19642	dTDP-4-keto-L-rhamnose reductase	1	2.330	-0.290	7.420	14
rxn19643	DTDPKIN-RXN.n	2	0.000	0.020	-0.210	16
rxn19645	DUDPKIN-RXN.n	2	0.000	-0.350	-0.200	16
rxn19646	1-deoxy-D-xylulose-5-phosphate isomeroreductase	1	5.210	3.800	2.100	-1
rxn19662	3-hydroxyacyl-CoA dehydratase (3-hydroxydodecanoyl-CoA), peroxisomal	4	2.160	-0.100	0.210	15
rxn19663	enoyl-CoA hydratase/isomerase family protein	4	2.160	-0.100	0.210	15
rxn19664	3-hydroxyacyl-CoA dehydratase (3-hydroxyhexadecanoyl-CoA), peroxisomal	4	2.160	-0.100	0.210	15
rxn19666	enoyl-CoA hydratase/isomerase family protein	4	2.160	0.160	0.220	15
rxn19668	3-hydroxyacyl-CoA dehydratase (3-hydroxydecanoyl-CoA), peroxisomal	4	2.160	-0.100	0.210	15
rxn19669	enoyl-CoA hydratase/isomerase family protein	4	-2.160	-0.780	0.720	10
rxn19673	ENZRXN-201-RXN.d	1	-5.250	-5.620	-2.300	-1
rxn19683	fructose diphosphate aldolase	4	4.310	5.220	-0.730	5
rxn19684	hexose diphosphatase	3	7.220	-2.150	-1.410	3
rxn19685	hexose diphosphatase	3	7.220	-2.150	-1.410	3
rxn19689	geranylgeranyl pyrophosphate synthetase	2	-22.500	-18.640	-22.440	36
rxn19690	geranylgeranyl pyrophosphate synthetase	2	-22.500	-18.640	-22.440	36
rxn19691	geranylgeranyl pyrophosphate synthetase	2	-22.500	-18.640	-22.440	36
rxn19714	formaldehyde transketolase	2	-2.660	-4.290	-5.090	-1
rxn19730	farnesyl pyrophosphate synthetase	2	-22.500	-18.640	-22.440	36
rxn19731	fructokinase (phosphorylating)	2	-14.000	-2.880	-2.410	32
rxn19732	5-keto-D-fructose reductase (NADP+)	1;2;3;4;5	5.540	4.390	-12.010	-1
rxn19738	L-fucose isomerase	5	0.860	1.300	1.280	-1
rxn19739	fucokinase	2	-14.000	-0.280	-0.010	-1
rxn19740	(S)-malate hydro-lyase	4	0.610	0.820	0.820	-1
rxn19742	GABA-oxoglutarate aminotransferase	2	-1.000	1.570	1.460	-1
rxn19762	NAD+-dependent glyceraldehyde phosphate dehydrogenase	1	-9.860	1.100	1.850	6
rxn19763	GCVMULTI-RXN.m	1;2	2.090	4.490	5.840	19
rxn19769	GDPKIN-RXN.n	2	0.000	-0.670	0.010	16
rxn19774	WecA	2	-0.000	1.320	0.570	16
rxn19775	glucose-6-phosphate dehydrogenase	1	-1.970	-2.570	-5.300	29
rxn19776	adenosine diphosphate glucose pyrophosphorylase	2	1.070	-4.230	-0.360	-1
rxn19794	glucose isomerase	5	-0.890	-0.110	0.210	13
rxn19800	glucosamine kinase	2	-14.000	-1.990	-2.910	32
rxn19801	glucosamine acetyltransferase	2	-5.260	-5.490	-5.450	42
rxn19804	glucosamine-phosphate N-acetyltransferase	2	-5.260	-5.780	-5.960	42
rxn19806	glucosamine-phosphate N-acetyltransferase	2	-5.260	-5.780	-5.960	42
rxn19808	glucosamine-phosphate N-acetyltransferase	2	-5.260	-5.780	-5.960	42
rxn19814	D-glucose-6-phosphate phosphohydrolase	3	7.220	-3.500	-2.960	3
rxn19825	glutaconyl coenzyme A decarboxylase	4;7	-4.930	-4.050	0.370	10
rxn19827	L-glutamate:NAD+ oxidoreductase (deaminating)	1	8.720	8.720	9.220	21
rxn19830	GLUTAMIDOTRANS-RXN.d	2;4	-25.500	56.990	-3.010	-1
rxn19831	L-glutaminase	3;6	-4.720	-3.410	-2.780	33
rxn19834	glutamine phenylacetyltransferase	2	-5.260	-5.760	-1.730	-1
rxn19835	glutamate-ammonia ligase	6	-2.060	-3.130	-3.620	29
rxn19836	glutamate-ammonia ligase	6	-2.060	-3.130	-3.620	29
rxn19841	glutathione-disulfide reductase	1	-4.940	3.690	4.110	6
rxn19842	glutathione-disulfide reductase	1	-4.940	3.690	4.110	6
rxn19849	D-glycerate dehydrogenase	1	6.250	7.460	7.520	19
rxn19855	arginine-glycine transamidinase	2	0.000	-0.110	-0.070	16
rxn19858	glycine-taurine N-acyltransferase	2	-5.260	-6.330	-13.250	-1
rxn19870	threonine aldolase	2	0.050	-2.420	1.700	-1
rxn19871	phosphoglycolate hydrolase	3	7.220	-7.550	-6.880	3
rxn19872	dimethylallyltranstransferase	2	-22.500	-18.310	-21.240	36
rxn19878	GUANOSINEKIN-RXN.m	2	-14.000	-4.660	-3.400	32
rxn19884	HAO (ambiguous	1	-30.610	0.000	75.800	-1
rxn19892	Histidinal dehydrogenase	1	-9.740	-7.320	-2.280	-1
rxn19893	phosphoribosyladenosine monophosphate cyclohydrolase	3	4.040	-0.010	-13.970	-1
rxn19896	Histidinol dehydrogenase	1	5.250	4.900	3.660	19
rxn19898	phosphoribosyl-ATP pyrophosphatase	3	-17.740	-20.200	-7.290	-1
rxn19905	homoserine kinase	2	-14.000	-8.860	-4.080	-1
rxn19924	D-erythro-1-(imidazol-4-yl)glycerol 3-phosphate hydro-lyase	4	-10.630	-9.850	-20.330	-1
rxn19930	IMP dehydrogenase	1	1.610	4.670	1.400	-1
rxn19933	inosine kinase (phosphorylating)	2	-14.000	-5.190	-3.430	32
rxn19935	isopentenylpyrophosphate isomerase	5	0.660	-1.160	-1.180	-1
rxn19936	isopentenylpyrophosphate isomerase	5	0.660	-1.160	-1.180	-1
rxn19940	MenF	5	0.000	0.230	0.240	16
rxn19941	isocitrate glyoxylate-lyase	4	5.020	2.080	2.010	-1
rxn19942	IDP1	1	3.130	1.120	1.430	18
rxn19943	IDP1	1	3.130	1.120	1.430	18
rxn19944	formononetin,NADPH:oxygen oxidoreductase (2'-hydroxylating)	1	-95.860	-105.830	-72.840	-1
rxn19945	formononetin,NADPH:oxygen oxidoreductase (2'-hydroxylating)	1	-95.860	-105.830	-72.840	-1
rxn19950	(-)-trans-isopiperitenol:NAD+ oxidoreductase	1	0.780	-11.010	8.650	-1
rxn19956	(E)-4-hydroxy-3-methylbut-2-en-1-yl diphosphate reductase	1	16.890	14.450	-14.150	-1
rxn19957	(E)-4-hydroxy-3-methylbut-2-en-1-yl diphosphate reductase	1	16.890	14.480	14.730	22
rxn19967	myristoyl-CoA:acetylCoA C-myristoyltransferase	2	7.060	7.210	2.550	-1
rxn19968	butanoyl-CoA:acetyl-CoA C-butanoyltransferase	2	7.060	7.270	2.550	-1
rxn19970	Decanoyl-CoA:acetyl-CoA C-acyltransferase	2	7.060	7.210	2.550	-1
rxn19974	Lauroyl-CoA:acetyl-CoA C-acyltransferase	2	7.060	7.210	2.550	-1
rxn19976	Octanoyl-CoA:acetyl-CoA C-acyltransferase	2	7.060	7.210	2.550	-1
rxn19977	Hexanoyl-CoA:acetyl-CoA C-acyltransferase	2	7.060	7.210	2.550	-1
rxn19979	acetyl-CoA acyltransferase (tetradecanoyl-CoA), peroxisomal	2	-7.060	-7.210	2.550	10
rxn19980	acetyl-CoA C-acyltransferase, putative / 3-ketoacyl-CoA thiolase, putative	2	7.060	7.270	2.550	-1
rxn19982	acetyl-CoA C-acyltransferase (decanoyl-CoA), peroxisomal	2	-7.060	-7.210	2.550	10
rxn19986	acetyl-CoA C-acetyltransferase (dodecanoyl), peroxisomal	2	-7.060	-7.210	2.550	10
rxn19988	acetyl-CoA C-acetyltransferase (octanoyl-CoA), peroxisomal	2	-7.060	-7.210	2.550	10
rxn19989	acetyl-CoA C-acyltransferase, putative / 3-ketoacyl-CoA thiolase, putative	2	7.060	7.210	2.550	-1
rxn20003	L-aspartate oxidase	1	-17.270	-17.200	-18.570	-1
rxn20013	L-OXOACET-RXN.c	3	-4.720	-1.940	-4.850	-1
rxn20015	pipecolate oxidase	1	-42.200	-19.750	-23.060	-1
rxn20016	pipecolate oxidase	1	-42.200	-19.750	-23.060	-1
rxn20024	oxidosqualene-lanosterol cyclase	5	-86.570	-200.010	-31.320	9
rxn20025	oxidosqualene-lanosterol cyclase	5	-86.570	-200.010	-31.320	9
rxn20046	UDP-2,3-diacylglucosamine pyrophosphatase	3	-28.310	-6.460	-7.930	-1
rxn20057	lysine decarboxylase	4	-3.120	-5.980	-6.750	31
rxn20059	LysDH	1	-4.750	2.190	3.190	6
rxn20068	malic dehydrogenase	1	6.250	7.060	7.320	19
rxn20158	malic dehydrogenase (nicotinamide adenine dinucleotide phosphate)	1	6.250	7.030	6.740	19
rxn20161	malate oxidase	1	-25.490	-24.590	-24.880	37
rxn20162	malate synthase	2;4	-8.930	-8.560	8.280	10
rxn20172	mannitol-1-phosphate phosphatase	3	7.220	-2.880	-2.960	3
rxn20173	D-mannitol:NADP+ 2-oxidoreductase	1;2;3;4;5	2.040	2.650	-12.380	-1
rxn20174	D-mannitol dehydrogenase	1;2;3;4;5	2.040	2.680	-12.310	-1
rxn20179	mannose-6-phosphate reductase	1	2.930	3.540	2.120	19
rxn20181	D-mannitol-1-phosphate:NAD+ 5-oxidoreductase	1	2.040	3.460	10.000	-1
rxn20190	Methanol oxidase	1	-25.270	-23.630	-23.730	37
rxn20197	2-methylacetoacetyl-CoA thiolase	2	-5.250	-7.480	2.610	10
rxn20202	(R)-methylmalonyl-CoA CoA-carbonylmutase	5	1.810	-2.000	-1.810	-1
rxn20204	mevalonate kinase	2	-14.000	-3.530	-4.610	32
rxn20209	(-)-alpha-terpineol synthase	4	-33.440	-37.770	-8.050	-1
rxn20219	inositol-3-phosphate synthase	5	-1.680	-14.230	-16.100	20
rxn20227	N-acetyl-D-glucosaminyl N-deacetylase	3	-2.000	-2.190	-1.800	-1
rxn20228	N-acetylhexosamine dehydrogenase	1	-7.420	-8.710	-13.220	40
rxn20263	NADase	3	-3.640	-7.950	-4.330	-1
rxn20269	NADP pyrophosphatase	3	-28.310	-8.260	-8.150	30
rxn20461	UDPKIN-RXN.n	2	-0.000	0.050	-0.220	16
rxn20471	(1R,6R)-6-hydroxy-2-succinylcyclohexa-2,4-diene-1-carboxylate hydrolyase (2-succinylbenzoate-forming)	4	-25.060	-9.220	6.890	-1
rxn20474	3-hydroxyacyl-CoA dehydrogenase (3-oxohexadecanoyl-CoA), peroxisomal	1	-3.790	-4.460	5.890	10
rxn20475	3-hydroxyacyl-CoA dehydrogenase	1	3.790	4.040	4.400	19
rxn20478	3-hydroxyacyl-CoA dehydrogenase (3-oxodecanoyl-CoA), peroxisomal	1	-3.790	-4.460	5.890	10
rxn20479	3-hydroxyacyl-CoA dehydrogenase	1	3.790	4.460	5.890	19
rxn20480	3-hydroxyacyl-CoA dehydrogenase (3-oxodecanoyl-CoA), peroxisomal	1	-3.790	-4.460	5.890	10
rxn20481	3-hydroxyacyl-CoA dehydrogenase	1	3.790	4.730	5.900	19
rxn20490	uroporphyrinogen I synthetase	2;4	-25.970	-31.810	-68.010	-1
rxn20493	ornithine carbamoyltransferase	2	0.580	-7.160	-6.900	-1
rxn20495	L-ornithine ammonia-lyase (cyclizing, L-proline-forming)	4	4.150	-5.430	-5.960	3
rxn20496	Ornithine--oxo-glutarate aminotransferase	2	-1.000	-0.990	4.330	-1
rxn20498	aminodeoxychorismate synthase	2	-7.190	-4.280	-3.940	-1
rxn20499	aminodeoxychorismate synthase	2	-7.190	-4.280	-3.940	-1
rxn20502	palmitoyl-CoA deacylase	3	-5.720	-6.400	-7.350	42
rxn20503	palmitoyl-CoA deacylase	3	-5.720	-6.400	-7.350	42
rxn20509	phosphoenol transphosphorylase	2	-4.890	6.590	6.570	6
rxn20522	glucose-6-phosphate isomerase	5	-0.890	0.040	2.960	13
rxn20523	3-phosphoglyceric acid dehydrogenase	1	6.250	8.110	8.490	19
rxn20533	phenylacetaldehyde:NAD+ oxidoreductase	1	-9.740	-8.950	-3.470	39
rxn20539	phenylpyruvate decarboxylase	4	-4.120	-2.620	-5.360	-1
rxn20541	phosphate acetyltransferase	2	-5.840	2.120	2.350	6
rxn20544	3-PGK	2	-6.900	4.620	4.440	6
rxn20546	UDP-N-acetylmuramoyl-L-alanyl-D-glutamyl-meso-2,6-diaminopimelyl-D-alanyl-D-alanine:undecaprenyl-phosphate transferase	2	-0.000	0.340	3.980	-1
rxn20583	phosphoglucose mutase	5	0.000	-2.050	3.310	-1
rxn20592	ATP:(R)-5-phosphomevalonate phosphotransferase	2	9.500	0.070	-0.650	4
rxn20599	Polyamine oxidase	1	-23.500	-20.030	-15.150	37
rxn20600	Polyamine oxidase	1	-23.500	-20.030	-15.150	37
rxn20608	1-(5-phosphoribosyl)-5-[(5-phosphoribosylamino)methylideneamino]imidazole-4-carboxamide ketol-isomerase	5	0.620	-2.330	-12.190	-1
rxn20619	propionyl-CoA carboxylase	6	-2.850	-0.660	-0.620	-1
rxn20630	3PHP transaminase	2	-0.000	2.600	2.670	-1
rxn20637	putrescine:oxygen oxidoreductase (deaminating)	1	-24.020	-21.950	-20.940	37
rxn20638	putrescine:oxygen oxidoreductase (deaminating)	1	-24.020	-21.950	-20.940	37
rxn20649	1-pyrroline-5-carboxylate dehydrogenase	1	4.280	-9.620	1.240	-1
rxn20655	PPDK	2	-25.350	4.170	4.640	-1
rxn20656	PYRUVDEH-RXN.d	1;2	-8.140	-8.130	-7.910	-1
rxn20659	quercitrin 3-L-rhamnohydrolase	3	15.890	-32.630	8.050	-1
rxn20661	quinolinate synthase	2	-36.160	-51.410	76.600	-1
rxn20663	nicotinate mononucleotide pyrophosphorylase (carboxylating)	2	10.220	6.900	12.630	-1
rxn20738	5-exo-hydroxycamphor dehydrogenase	1	2.330	-0.260	3.890	14
rxn20739	R543-RXN.c	1	-97.280	-82.910	-90.210	-1
rxn20740	R544-RXN.c	none	9.460	18.170	-24.650	-1
rxn20741	(4,5,5-trimethyl-2-oxocyclopent-3-enyl)acetyl-CoA synthase	6	-21.520	-2.510	-0.200	-1
rxn20772	berberine bridge enzyme	1	-47.360	-30.690	-43.870	-1
rxn20774	retinene reductase	1	3.700	2.610	2.720	19
rxn20777	rhamnose isomerase	5	0.860	0.030	0.050	-1
rxn20779	riboflavin kinase	2	-14.000	-2.120	-1.230	-1
rxn20788	ribulose diphosphate carboxylase/oxygenase	4	7.850	6.310	-8.630	-1
rxn20800	RXN-10009.c	2	-27.120	-14.840	-31.140	-1
rxn20818	2-amino-3,7-dideoxy-D-threo-hept-6-ulosonate dehydrogenase (cyclyzing)	1	6.540	-15.420	3.970	-1
rxn20834	GTP cyclohydrolase IV	3	-3.600	63.930	-44.080	-1
rxn20839	isopentenyl phosphate kinase	2	9.500	1.210	-0.570	4
rxn20881	RXN-10139.c	2	-0.000	-9.410	-11.250	-1
rxn20915	(E,E)-geranyllinalool synthase	4	-16.570	-7.700	4.260	-1
rxn20968	RXN-1061.v	1	-92.610	-93.220	-95.790	27
rxn20986	geranylgeranyl reductase	1	52.710	40.060	7.880	-1
rxn21003	RXN-1065.v	3	-3.630	6.170	6.820	6
rxn21092	hydroxymethylfurfural reductase (NADH) activity	none	-3.700	-4.940	-2.590	-1
rxn21095	beta-carotene-9',10'-dioxygenase	1	-88.360	-88.690	-72.500	23
rxn21097	maize PAO	1	-23.500	-20.510	-14.850	37
rxn21102	beta-D-galactosyl-(1->4)-L-rhamnose phosphorylase	2	-10.330	2.080	8.550	6
rxn21103	FAAH	3	-4.720	-3.250	-2.780	33
rxn21112	cellobiose beta-glucosidase	3	-3.110	-2.270	6.130	10
rxn21114	serotonin oxidase	1	-24.020	-22.340	-27.650	-1
rxn21116	5-hydroxyindole acetaldehyde dehydrogenase	1	-9.740	-9.120	-7.260	41
rxn21132	RXN-10811.c	none	-28.310	-9.900	-16.240	-1
rxn21134	L-phenylalanine aminotransferase	2	0.000	-3.480	-0.130	-1
rxn21140	RXN-10824.c	1	-98.940	-98.890	-73.400	-1
rxn21152	NADP-retinol dehydrogenase	1	3.700	2.580	2.140	19
rxn21153	NADP-retinol dehydrogenase	1	3.700	2.580	2.140	19
rxn21210	noradrenaline O-methyltransferase	2	-4.330	-1.830	-23.120	8
rxn21211	noradrenaline oxidase	1	-24.020	-22.330	-20.930	37
rxn21212	adrenaline oxidase	1	-23.150	-19.580	-18.270	-1
rxn21213	adrenaline O-methyltransferase	2	-4.330	-1.830	-23.120	8
rxn21214	normetanephrine oxidase	1	-24.020	-22.330	-20.930	37
rxn21215	3,4-dihydroxyphenylglycolaldehyde dehydrogenase	1	-9.740	-9.120	-2.500	39
rxn21216	metanephrine oxidase	1	-23.150	-19.580	-18.270	-1
rxn21239	Phytase	3	7.220	1.850	7.330	-1
rxn21240	Phytase	3	7.220	1.850	7.330	-1
rxn21241	RXN-10941.r	3	7.220	1.850	11.070	-1
rxn21244	RXN-10943.r	3	7.220	1.850	8.110	-1
rxn21245	RXN-10944.r	3	7.220	1.850	3.790	-1
rxn21273	RXN-10974.c	2	9.500	-0.610	-0.670	4
rxn21274	RXN-10974.n	2	9.500	-0.610	-0.670	4
rxn21299	RXN-11.c	2	-11.930	-13.900	30.930	10
rxn21328	RXN-11034.c	1	3.790	4.460	0.860	-1
rxn21329	RXN-11035.c	1	3.790	4.060	-0.370	-1
rxn21378	RXN-11078.c	2	1.070	51.410	7.280	-1
rxn21379	RXN-11078.p	2	1.070	51.410	7.280	-1
rxn21400	cytochrome P450 90C1	1	-94.420	-94.870	-93.050	27
rxn21401	MIPP1	3	7.220	-1.350	-1.250	3
rxn21497	RXN-1121.v	1	-95.860	-105.790	-81.800	26
rxn21501	RXN-11222.c	6	-6.320	-6.090	-6.170	43
rxn21589	anol synthase	1	19.880	22.030	-14.520	-1
rxn21635	pyridoxal 5'-phosphate synthase (glutamine hydrolyzing)	4	-42.650	-72.550	-75.380	-1
rxn21639	ATP:(KDO)-lipid IVA 3-deoxy-alpha-D-manno-oct-2-ulopyranose 4-phosphotransferase	2	-14.000	-4.520	-8.450	-1
rxn21665	9,15,9'-tricis-zeta-carotene cis-trans-isomerase	5	0.000	0.000	-2.900	-1
rxn21749	L-galactonate dehydratase	4	-8.170	-9.800	-12.630	40
rxn21750	2-keto-3-deoxy-L-galactonate aldolase	4	0.750	2.760	5.150	-1
rxn21751	D-galacturonate reductase	none	-2.930	-4.040	6.980	10
rxn21759	RXN-11386.c	2	-10.430	1.760	2.980	6
rxn21808	RXN-1142.v	1	-95.860	-104.530	-81.800	26
rxn21829	RXN-1144.v	1	-95.860	-107.050	-87.030	26
rxn21852	AtBG1	3	-2.110	-6.220	-10.640	-1
rxn21865	solanesyl diphosphate synthase (ambiguous)	2	-112.500	-93.180	-112.220	-1
rxn21866	solanesyl diphosphate synthase (ambiguous)	2	-112.500	-93.180	-112.220	-1
rxn21891	fructokinase (phosphorylating)	2	-14.000	-2.880	3.820	7
rxn21914	RXN-11529.v	1	-94.420	-94.870	-93.050	27
rxn21915	RXN-11530.v	1	-94.420	-94.870	-93.050	27
rxn21916	RXN-11531.v	1	-94.420	-94.870	-93.050	27
rxn21936	RGP1	5	1.560	-0.680	-0.790	-1
rxn22000	farnesylcysteine lyase	1	-18.420	-16.810	-13.350	-1
rxn22126	copal-8-ol diphosphate hydratase	4	43.000	76.210	-7.110	-1
rxn22189	2-heptyl-3-hydroxy-4(1H)-quinolone synthase	1	-85.140	-105.820	-92.110	-1
rxn22190	4-hydroxy-2(1H)-quinolone synthase	none	-8.480	-17.590	35.900	10
rxn22285	RXN-11976.c	2	-20.130	-34.920	-3.730	-1
rxn22367	tryptophan N-hydroxylase	1	-90.630	-59.040	-59.480	-1
rxn22368	tryptophan N-hydroxylase	1	-83.980	-56.890	-58.320	-1
rxn22369	L-tryptophan,NADPH:oxygen oxidoreductase (N-hydroxylating)	1	-15.430	-122.430	-74.210	-1
rxn22376	beta-D-galactose reductase	1	2.930	2.980	-5.280	5
rxn22384	polyamine:oxygen oxidoreductase (3-aminopropanal or 3-acetamidopropanal-forming)	1	-23.500	-21.050	-16.310	37
rxn22404	catalase-peroxidase	1	-45.350	-45.860	-46.540	-1
rxn22407	17beta-hydroxysteroid:NADP+ 17-oxidoreductase	1	13.600	4.520	-3.110	-1
rxn22467	L-rhamnose pyranase	none	0.240	0.400	0.930	16
rxn22518	unspecific diphosphate phosphohydrolase	3	-6.780	-6.600	-6.390	43
rxn22637	UDPsulfoquinovose synthase	3	-12.790	-75.120	41.700	-1
rxn22647	legionaminate synthase	2	-2.970	-14.540	-11.230	20
rxn22648	CMP-legionaminate synthase	2	-12.930	54.720	-0.470	-1
rxn22724	presqualene diphosphate	2	-27.300	-37.220	-26.580	-1
rxn22772	RXN-12314.c	1	-118.580	-118.250	-110.690	-1
rxn22781	RXN-12332.x	1	-9.740	-9.720	-5.470	41
rxn22782	linalool hydro-lyase (myrcene-forming)	4	2.770	0.700	2.060	-1
rxn22783	geraniol isomerase	5	-3.330	-0.640	-0.050	-1
rxn22784	squalene hydro-lyase (tetrahymanol forming)	4	126.690	249.280	-3.350	-1
rxn22791	6-amino-6-deoxyfutalosine hydrolase	3	-0.730	-3.450	-3.040	-1
rxn22815	7,8-dihydro-D-neopterin 2',3'-cyclic phosphate phosphodiesterase	3	-23.030	-92.880	-4.410	-1
rxn22816	RXN-12357.c	none	-23.030	-91.370	-12.010	11
rxn22827	undecaprenyl phosphate-alpha-L-Ara4N transferase	2	0.000	2.810	-5.670	-1
rxn22862	RXN-12393.c	1	-84.680	-88.690	-69.520	23
rxn22914	RXN-12451.c	1	-0.970	76.650	14.740	-1
rxn22960	agmatine aminopropyltransferase	2	-10.430	0.820	-4.230	-1
rxn22961	N1-aminopropylagmatine ureohydrolase	3	-3.900	-14.000	-6.850	-1
rxn22962	RXN-12516.c	4	-33.440	-37.770	-27.830	-1
rxn23000	crotonyl-CoA reductase (NAD+)	1	16.580	12.830	12.570	-1
rxn23024	pyridoxal 5'-phosphate synthase (glutamine hydrolyzing)	4	-37.930	-69.140	-72.600	-1
rxn23042	thiamine-phosphate diphosphorylase	2	-9.480	-9.590	-10.190	40
rxn23045	glycine oxidase	1	-44.160	-21.870	-21.790	-1
rxn23048	glutathione hydrolase	2;3	-0.460	-0.440	5.280	-1
rxn23055	N,N'-diacetylchitobiose beta-N-acetylglucosaminidase	3	-3.110	-2.990	2.510	10
rxn23058	N,N'-diacetylchitobiose phosphorylase	2	-10.330	3.040	6.390	6
rxn23155	NAD(P)H-hydrate epimerase	5	0.000	0.000	-0.850	-1
rxn23163	styrene,FADH2:oxygen oxidoreductase	1	-84.250	-97.430	-83.020	-1
rxn23164	epoxystyrene isomerase	5	-14.600	-3.110	-6.800	32
rxn23260	eugenol synthase	1	15.720	21.420	-11.720	-1
rxn23355	4-methylaminobutyrate oxidase (demethylating)	1	-19.030	-18.490	-16.000	-1
rxn23361	2-ketoglutaramate amidase	3	-4.720	-0.770	-3.070	-1
rxn23363	3-O-alpha-D-glucosyl-L-rhamnose phosphorylase	2	-10.330	3.410	8.990	6
rxn23371	L-pyrrolysine synthase	none	-15.830	-9.280	-22.110	-1
rxn23373	pesudooxynicotine oxidase	1	-23.150	-19.580	-18.380	-1
rxn23374	3-succinoylsemialdehyde-pyridine dehydrogenase	1	-9.740	-9.150	-5.890	41
rxn23375	RXN-13090.c	none	-41.480	-40.770	-39.260	34
rxn23378	RXN-13093.c	none	-1.350	-2.160	-3.670	29
rxn23384	RXN-13099.c	1	3.700	4.940	-2.590	5
rxn23385	RXN-13100.c	none	-41.480	-40.770	-39.170	34
rxn23398	2-deoxy-scyllo-inosose synthase	4	-4.750	-32.450	-27.270	-1
rxn23402	2-deoxystreptamine glucosyltransferase	2	-1.700	-3.050	-7.530	29
rxn23403	2'-deamino-2'-hydroxyparomamine kanosaminyltransferase	2	-1.700	-5.030	-10.390	29
rxn23404	2'-deamino-2'-hydroxyneamine kanosaminyltransferase	2	-1.700	-5.440	-10.690	29
rxn23405	4-hydroxyphenylacetate hydrolase	3	8.380	-2.340	-1.490	3
rxn23406	glutamate--2''-deamino-2''-hydroxyparomamine aminotransferase	2	-1.000	1.320	5.670	-1
rxn23413	ATP-dependent NAD(P)H-hydrate dehydratase	4	-13.070	-12.970	-29.630	-1
rxn23414	RXN-13141.c	4	-22.570	-12.930	-28.990	-1
rxn23415	RXN-13142.c	5	0.000	0.000	-0.850	-1
rxn23417	6-deoxy-5-ketofructose 1-phosphate synthase	2	-0.710	4.960	5.410	-1
rxn23418	paromamine kanosaminyltransferase	2	-1.700	-5.440	-8.420	29
rxn23419	glutamate--6'-oxoparomanine aminotransferase	2	-1.000	1.720	4.000	-1
rxn23420	neamine kanosaminyltransferase	2	-1.700	-5.840	-8.720	29
rxn23435	2'-deamino-2'-hydroxyparomamine 6'-oxidase	1	-26.490	-26.710	-24.970	37
rxn23443	glutamate--6'-oxoneomycin C aminotransferase	2	-1.000	2.520	2.440	-1
rxn23445	L-gulonolactone oxidase	1	-29.410	-31.990	-25.640	37
rxn23446	RXN-13181.c	3	-3.650	-9.170	-14.330	-1
rxn23447	RXN-13182.c	3	-3.650	-6.970	-13.720	-1
rxn23463	inositol-polyphosphate multikinase	2	-28.000	-12.130	-18.040	-1
rxn23464	methylenediurea deaminase	3	-4.720	-7.890	6.580	10
rxn23465	RXN-13201.c	3	2.470	4.440	10.810	19
rxn23469	alpha-linolenate 13-lipoxygenase	1	-69.980	-0.000	-24.550	0
rxn23510	UDP-N-acetylglucosamine C-6 dehydratase	4	-13.900	-15.210	-12.220	-1
rxn23524	N-acetylgalactosaminyl-alpha1,3-N,N'-diacetylbacillosaminyl-alpha1-diphospho-undecaprenol synthase	2	-1.700	-3.370	-9.250	29
rxn23587	4-aminobutyrate transaminase (pyruvate dependent)	2	-2.460	-0.470	-1.390	-1
rxn23588	4-aminobutyrate transaminase (pyruvate dependent)	2	-2.460	-0.470	-1.390	-1
rxn23589	RXN-13329.c	none	22.600	0.980	1.660	-1
rxn23598	tetraprenyl-beta-curcumene synthase	4	-34.850	-51.240	-30.810	-1
rxn23599	miltiradiene synthase	4	-40.570	-125.930	-30.020	9
rxn23628	2-oxo-3-(5-oxofuran-2-ylidene)propanoate lactonase	3	-23.090	-1.030	-8.190	-1
rxn23644	RXN-13397.c	1	-207.950	-206.430	-195.180	17
rxn23648	glycine/sarcosine N-methyltransferase	2	-23.510	-0.380	14.420	-1
rxn23649	RXN-13405.c	2	10.190	-4.900	5.600	-1
rxn23650	glycine/sarcosine/dimethylglycine N-methyltransferase	2	-0.240	-2.210	17.750	-1
rxn23652	RXN-13408.d	1	6.250	7.060	7.320	19
rxn23662	RXN-13421.c	none	-3.630	6.170	6.980	6
rxn23667	RXN-1345.d	4	-20.340	0.000	-53.650	0
rxn23700	tryptamine oxidase	1	-24.020	-22.330	-27.800	-1
rxn23701	tryptophan N-hydroxylase	1	-190.030	-238.360	-192.010	17
rxn23720	RXN-1685.d	2	-14.000	-2.730	-3.430	32
rxn23731	RXN-1781.v	2	0.000	-0.990	-5.120	16
rxn23757	RXN-2.c	none	-2.380	2.050	30.540	-1
rxn23761	RXN-2006.x	2	-7.060	-7.210	-3.000	-1
rxn23779	RXN-2202.d	2	-8.890	-5.650	-6.680	38
rxn23781	RXN-2206.r	1	-190.030	-234.850	-184.200	17
rxn23791	2-pyrone-4,6-dicarboxylate hydrolase	3	5.320	-57.220	-40.300	-1
rxn23796	RXN-2541.d	2	-31.340	-23.550	-21.300	-1
rxn23797	RXN-2542.d	2	-20.610	-5.450	-5.180	-1
rxn23798	RXN-2543.d	5	-12.050	-15.190	4.340	10
rxn23799	RXN-2561.d	none	-12.050	-15.190	4.340	10
rxn23800	RXN-2562.d	2	-20.610	-5.450	-0.040	-1
rxn23804	RXN-2761.d	2	-31.340	-23.550	-25.100	-1
rxn23805	RXN-2762.c	2	-20.610	-5.450	-5.180	-1
rxn23806	RXN-2762.d	2	-20.610	-5.450	-5.180	-1
rxn23816	RXN-2901.m	2	-1.000	-0.840	-0.780	-1
rxn23817	RXN-2902.m	1	-8.950	-6.010	-5.060	38
rxn23830	2',4,4',6'-tetrahydroxychalcone:oxygen oxidoreductase	1	-77.950	-110.430	-85.270	-1
rxn23831	2',4,4',6'-tetrahydroxychalcone:oxygen oxidoreductase	1	-73.010	-117.730	-124.350	-1
rxn23832	RXN-3103.v	1	-77.950	-110.100	-89.110	-1
rxn23848	2-hydroxyisoflavanone synthase (ambiguous)	1	-96.220	-97.060	-97.360	28
rxn23851	hydrazine hydrolase	1;3	-3.030	-9.550	-13.350	-1
rxn23869	RXN-3601.c	1	-0.780	0.450	0.840	13
rxn23870	RXN-3602.c	4	-15.130	-103.890	-15.690	11
rxn23871	RXN-37.m	1	-9.740	-8.990	-5.200	41
rxn23873	isoflavone 3'-hydroxylase	1	-95.860	-105.790	-78.070	26
rxn23874	isoflavone 3'-hydroxylase	1	-95.860	-105.790	-78.070	26
rxn23875	Isoflavone 3'-hydroxylase	1	-95.860	-105.800	-78.070	26
rxn23876	Isoflavone 3'-hydroxylase	1	-95.860	-105.800	-78.070	26
rxn23877	RXN-3765.n	1	-95.860	-105.810	-72.830	-1
rxn23878	RXN-3765.r	1	-95.860	-105.810	-72.830	-1
rxn23885	RXN-4002.c	2	-4.330	-1.830	-22.470	8
rxn23921	RXN-4305.m	2	-19.970	-13.530	-23.060	-1
rxn23922	cytokinin synthase	2	-19.970	-14.500	-23.060	-1
rxn23923	cytokinin synthase	2	-19.970	-14.500	-23.060	-1
rxn23951	RXN-4504.v	1	-15.910	-103.430	-14.850	11
rxn23952	(6aR,11aR)-3,9-dihydroxypterocarpan,NADPH:oxygen oxidoreductase (6a-hydroxylating)	1	-104.370	-55.500	-86.860	-1
rxn23953	glyceollin synthase	2	-26.410	-19.090	-27.750	-1
rxn23954	glyceollin synthase	2	-26.410	-19.090	-26.410	-1
rxn23955	glyceollin synthase	1	-119.370	-115.870	-102.840	-1
rxn23956	glyceollin synthase	1	-104.400	-112.590	-98.770	-1
rxn24021	(+)-copalyl-diphosphate lyase (decyclizing)	5	-22.740	-82.890	-4.030	-1
rxn24022	OsDTC1	4	-53.690	-115.260	-16.760	9
rxn24024	9beta-pimara-7,15-diene synthase	4	-40.960	-108.630	-24.010	9
rxn24036	valine N-monooxygenase	none	-90.630	-53.240	-53.010	-1
rxn24037	valine N-monooxygenase	none	-90.630	-53.240	-53.010	-1
rxn24038	CYP79D2	none	-83.980	-56.890	-58.320	-1
rxn24039	CYP79D2	none	-83.980	-56.890	-58.320	-1
rxn24040	N,N-dihydroxy-L-valine carboxy-lyase	none	-15.430	-122.430	-67.340	-1
rxn24041	N,N-dihydroxy-L-valine carboxy-lyase	none	-15.430	-122.430	-67.340	-1
rxn24042	2-methylpropanal-oxime cis-trans isomerase	none	0.000	0.000	0.000	16
rxn24043	2-methylpropanal-oxime cis-trans isomerase	none	0.000	0.000	0.000	16
rxn24109	arogenic dehydrogenase (ambiguous)	1	-16.120	-4.930	19.170	-1
rxn24118	RXN-5841.p	3	7.220	1.230	-3.590	-1
rxn24132	RXN-6161.n	4	-3.470	-3.920	-4.140	-1
rxn24133	RXN-6182.d	5	-0.890	-0.270	2.630	13
rxn24134	RXN-6201.x	4	-14.580	-16.890	-10.240	-1
rxn24149	RXN-6321.m	2	1.410	10.840	-7.510	-1
rxn24177	RXN-6562.c	3	-4.720	-1.940	-4.850	-1
rxn24178	RXN-6581.c	none	-3.110	-2.980	3.650	10
rxn24198	RXN-6722.c	2	-5.330	10.920	19.500	6
rxn24199	RXN-6723.c	2	-5.330	10.920	21.950	-1
rxn24200	RXN-6741.c	2	-4.330	-1.830	-23.120	8
rxn24201	RXN-6742.c	2	-4.330	-1.830	-22.470	8
rxn24202	RXN-6762.c	2	-3.610	-0.960	-0.260	-1
rxn24207	RXN-6861.c	none	-16.470	-5.480	-9.580	-1
rxn24212	4-aminobutyrate transaminase (pyruvate dependent)	2	-1.000	1.530	1.300	-1
rxn24213	4-aminobutyrate transaminase (pyruvate dependent)	2	-1.000	1.530	1.300	-1
rxn24251	IP3/IP4 6-/3-kinase	2	-14.000	-6.840	-10.420	-1
rxn24314	6-hydroxynicotinate 3-monooxygenase	1	-95.990	-108.370	-88.950	26
rxn24346	D-sorbitol 2-dehydrogenase	1;2;3;4;5	2.040	3.080	-12.260	-1
rxn24350	RXN-7655.v	1	-96.220	-97.060	-97.360	28
rxn24354	RXN-7658.d	1	-17.570	-13.270	3.890	10
rxn24355	RXN-7659.d	1	-17.570	-13.270	-0.710	-1
rxn24356	RXN-7660.d	1	-17.570	-13.270	4.700	10
rxn24376	RXN-7683.c	2	-14.000	-3.010	-5.350	32
rxn24377	RXN-7683.d	2	-14.000	-3.010	-5.350	32
rxn24382	RXN-7693.m	1	5.250	4.940	5.610	19
rxn24403	RXN-7700.m	1	5.250	4.940	8.610	19
rxn24414	LL-DAP aminotransferase	2	-16.710	-14.470	-15.960	-1
rxn24420	CYP79A1	1	-83.980	-56.890	-58.320	-1
rxn24421	CYP79A1	1	-15.430	-122.430	-63.250	-1
rxn24433	RXN-777.v	none	-81.450	-81.890	-78.300	23
rxn24434	alpha-ketoglutarate decarboxylase	4	-4.120	-4.080	-7.290	-1
rxn24478	RXN-7853.c	2	-26.410	-19.410	-20.990	-1
rxn24487	N-acetylneuraminate 7,8-O-acetyltransferase	2	-3.610	-0.710	6.480	-1
rxn24542	zeaxanthin,NAD(P)H:oxygen oxidoreductase	1	-104.940	-78.080	-79.720	-1
rxn24543	zeaxanthin,NAD(P)H:oxygen oxidoreductase	1	-104.940	-78.110	-80.310	-1
rxn24546	antheraxanthin epoxidase	1	-104.940	-78.080	-79.720	-1
rxn24547	antheraxanthin epoxidase	1	-104.940	-78.110	-80.310	-1
rxn24576	RXN-8038.d	5	-20.130	-34.920	-3.730	-1
rxn24578	RXN-8040.d	5	-16.890	-28.970	-8.040	-1
rxn24580	amorpha-4,11-diene 12 monooxygenase	1	-96.290	-93.820	-94.820	-1
rxn24581	artemisinic alcohol monooxygenase	1	-105.130	-104.190	-100.630	-1
rxn24583	artemisinic aldehyde delta11(13) reductase	1	15.360	13.960	7.840	22
rxn24636	beta-ribofuranosylaminobenzene-5'-phosphate synthase	2	-26.540	-22.140	-17.890	37
rxn24829	molybdenum cofactor biosynthesis protein 1	4	3.310	-10.380	-0.130	-1
rxn24879	(+)-marmesin,NADPH:oxygen oxidoreductase	1	-102.950	-64.480	-94.070	-1
rxn24915	beta-chamigrene synthase	4	-33.210	-60.560	-25.440	-1
rxn24941	RXN-8458.c	2	-8.520	-7.020	-14.840	-1
rxn24943	CsZCD	1	-167.560	-174.770	-145.500	-1
rxn24971	copalyl diphosphate-lyase (isopimara-7,15-diene-forming)	4	-40.960	-108.630	-24.700	9
rxn25019	gamma-muurolene synthase	4	-27.730	-150.310	-24.610	9
rxn25026	alpha-muurolene synthase	4	-53.370	-155.110	-30.640	9
rxn25038	RXN-8620.c	none	-93.340	-94.050	-96.790	27
rxn25046	RXN-8631.d	4	4.310	6.910	4.200	19
rxn25050	IDP1	1;4	-3.120	-3.140	-3.650	-1
rxn25051	IDP1	1;4	-3.120	-3.140	-3.650	-1
rxn25068	RXN-8683.c	1	-0.970	76.650	14.840	-1
rxn25069	RXN-8684.c	1	-4.970	-7.930	14.830	-1
rxn25080	RXN-8698.v	1	-48.360	-66.370	-79.720	-1
rxn25081	RXN-8699.v	1	-48.360	-66.370	-79.710	-1
rxn25082	RXN-8702.v	1	-92.740	-104.550	109.720	-1
rxn25164	RXN-8807.c	2	-1.540	-1.550	0.750	10
rxn25165	RXN-8807.m	2	-1.540	-1.550	0.750	10
rxn25183	RXN-8836.c	1	-70.770	-58.440	-107.290	-1
rxn25216	RXN-8889.e	2	-1.540	-5.030	0.120	-1
rxn25233	PGT2	2	-26.410	-19.410	-21.920	-1
rxn25235	geranylhydroquinone,NADPH:oxygen oxidoreductase (3''-hydroxylating)	1	-92.610	-93.820	-94.820	27
rxn25258	RXN-8947.c	2	2.510	-24.010	-24.480	-1
rxn25259	RXN-8948.c	6	-25.390	-18.340	-1.790	-1
rxn25260	RXN-8949.c	1	-116.340	-122.160	-129.880	-1
rxn25470	RXN-9244.c	none	-3.610	-2.190	-9.000	-1
rxn25492	5-enolpyruvoyl-6-hydroxy-2-succinylcyclohex-3-ene-1-carboxylate pyruvate-lyase [(1R,6R)-6-hydroxy-2-succinylcyclohexa-2,4-diene-1-carboxylate-forming]	4	-23.300	-21.780	-7.510	-1
rxn25493	1,4-dihydroxy-2-naphthoyl-CoA hydrolase	3	-5.720	-6.400	-13.550	-1
rxn25494	1,4-dihydroxy-2-naphthoyl-CoA hydrolase	3	-5.720	-6.400	-13.550	-1
rxn25495	RXN-9312.c	none	-4.330	-1.830	-22.470	8
rxn25548	RXN-9406.c	6	-1.060	-0.080	-0.140	13
rxn25582	RXN-9453.e	none	-2.000	-2.290	0.920	10
rxn25605	RXN-9481.c	1	-94.420	-94.870	-98.090	-1
rxn25606	RXN-9481.v	1	-94.420	-94.870	-98.090	-1
rxn25609	RXN-9483.c	1	3.790	4.460	1.350	19
rxn25625	RXN-9497.c	1	-198.120	-156.350	-181.310	-1
rxn25626	RXN-9497.v	1	-198.120	-156.350	-181.310	-1
rxn25652	trans-2,3-stearoyl-CoA-reductase (NADPH, B-specific)	1	16.580	14.130	-9.370	-1
rxn25701	RXN-961.d	4	-124.300	-123.370	-125.580	-1
rxn25709	Stearoyl-CoA hydrolase	3	-5.720	-6.460	-7.350	42
rxn25713	arachidoyl-CoA hydrolase	3	-5.720	-6.460	-7.350	42
rxn25721	CYP79D3	none	-90.630	-55.070	-57.800	-1
rxn25722	CYP79D3	none	-90.630	-55.070	-57.800	-1
rxn25725	CYP79D3	none	-83.980	-56.890	-58.320	-1
rxn25726	CYP79D3	none	-83.980	-56.890	-58.320	-1
rxn25769	RXN-969.d	1	-24.030	-21.090	-21.460	37
rxn25795	dimethylsulfoniopropionate demthylase	2	6.710	0.620	-3.890	-1
rxn25846	RXN-9800.x	2	-5.260	-7.280	-86.810	-1
rxn25851	RXN-9805.v	1	-92.610	-93.820	-95.790	27
rxn25852	RXN-9806.v	3	-3.630	6.170	6.820	6
rxn25853	RXN-9807.v	1	-92.610	-93.820	-95.790	27
rxn25866	RXN-9825.c	2	-5.330	10.930	1.480	-1
rxn25891	RXN-9851.x	2	-5.260	-6.340	-7.190	42
rxn25892	RXN-9852.x	2	-5.260	-7.280	-9.090	-1
rxn25947	IDP1	1	6.250	4.260	5.080	19
rxn25948	IDP1	1	6.250	4.260	5.080	19
rxn25963	N-acetylneuraminate-9-phosphatase	3	7.220	-3.100	-2.590	3
rxn25964	RXN-9990.c	2	-12.930	54.930	11.350	-1
rxn25965	RXN-9990.n	2	-12.930	54.930	11.350	-1
rxn25970	CDP-2,3-di-O-geranylgeranyl-sn-glycerol synthase	2	1.070	-2.220	-0.300	12
rxn25971	RXN-9996.c	2	-14.000	52.090	-1.910	-1
rxn25975	phytase	3	7.220	1.850	8.110	-1
rxn26013	L-serine hydro-lyase [adding indole, L-tryptophan-forming]	4	-11.950	-12.130	-12.170	35
rxn26064	undecaprenyl-phosphate 4-deoxy-4-formamido-L-arabinose transferase	2	9.500	55.550	11.780	-1
rxn26077	RXN0-4281.d	1	-7.710	-4.520	-2.790	-1
rxn26078	RXN0-4281.r	1	-7.710	-4.520	-2.790	-1
rxn26100	RXN0-5114.d	3	7.220	-2.530	-2.450	3
rxn26130	RXN0-5186.c	3	7.220	-2.840	-3.750	3
rxn26144	RXN0-5213.c	1	-7.710	-4.550	-3.370	-1
rxn26146	RXN0-5224.d	4	0.810	1.240	1.150	-1
rxn26447	RXN0-6710.c	3	-17.230	-7.960	-13.340	-1
rxn26454	ADP-dependent NAD(P)H-hydrate dehydratase	4	-22.570	-12.690	-28.990	-1
rxn26456	RXN0-6732.c	2	-18.920	-10.400	18.040	-1
rxn26457	RXN0-6733.c	3	-27.240	-10.600	-7.790	30
rxn26458	RXN0-6733.p	3	-27.240	-10.600	-7.790	30
rxn26480	(E)-4-hydroxy-3-methylbut-2-en-1-yl diphosphate reductase	1	16.230	15.610	15.320	22
rxn26481	(E)-4-hydroxy-3-methylbut-2-en-1-yl diphosphate reductase	1	16.230	15.640	15.910	-1
rxn26503	lycopene epsilon-cyclase	5	-16.890	-28.970	-9.050	-1
rxn26505	lycopene beta-cyclase	5	-20.130	-34.920	-3.730	-1
rxn26506	lycopene beta-cyclase	5	-20.130	-34.920	-3.730	-1
rxn26517	hydroperoxide isomerase	4	4.870	0.000	-64.500	-1
rxn26736	RXN3O-130.r	1	-294.520	-357.010	-313.730	-1
rxn26737	RXN3O-130.w	1	-294.520	-357.010	-313.730	-1
rxn26743	RXN3O-4113.m	1	5.250	4.940	8.760	19
rxn26890	RXN66-28.r	1	-17.570	-13.350	-8.280	-1
rxn26891	farnesyltransferase	1;2	-21.650	-2.910	-16.440	-1
rxn26898	RXN66-306.n	1	-10.330	-4.110	1.260	-1
rxn26931	RXN66-314.r	1	-2.330	0.290	-2.530	-1
rxn26967	7-dehydrocholesterol reductase	1	10.330	4.110	9.770	-1
rxn26973	testosterone reductase	1	-13.600	-3.710	4.420	7
rxn26999	FAAH	3	-0.460	2.920	3.460	-1
rxn27000	RXN6666-4.m	1	-24.020	-22.340	-16.690	37
rxn27001	RXN6666-7.e	2	-4.330	-1.830	-23.120	8
rxn27013	RXNQT-4163.d	2	-8.890	-5.650	-5.250	38
rxn27014	RXNQT-4165.d	1	-11.640	-15.040	-16.450	35
rxn27015	RXNQT-4168.d	1	-11.640	-15.040	-16.450	35
rxn27016	RXNQT-4171.d	1	-11.640	-15.030	-16.450	35
rxn27017	RXNQT-4174.d	1	-11.640	-15.040	-16.450	35
rxn27018	RXNQT-4178.d	1	-11.640	-15.030	-16.450	35
rxn27031	RXNQT-4309.r	1	-190.030	-234.850	-184.200	17
rxn27032	RXNQT-4310.r	1	-190.030	-234.850	-184.200	17
rxn27033	RXNQT-4311.r	1	-190.030	-234.850	-184.200	17
rxn27034	RXNQT-4312.r	1	-190.030	-234.850	-184.200	17
rxn27035	RXNQT-4313.r	1	-190.030	-234.850	-184.200	17
rxn27104	serine-pyruvate transaminase	2	0.000	0.970	1.620	-1
rxn27106	SPT	2	2.130	1.590	-5.740	5
rxn27107	SPT	2	2.130	1.590	-5.740	5
rxn27108	serine acetyltransferase	2	-3.610	-1.500	-1.610	-1
rxn27109	serine acetyltransferase	2	-3.610	-1.500	-1.610	-1
rxn27110	shikimate 5-dehydrogenase	1	0.780	2.260	14.020	-1
rxn27205	sorbitol-6-phosphate phosphohydrolase	3	7.220	-2.210	-2.930	3
rxn27213	squalene-2,3-epoxide cyclase	1	-98.750	-99.420	-85.580	-1
rxn27224	streptomycin-6-phosphate phosphohydrolase	3	7.220	-8.040	-3.790	3
rxn27228	SCS	6	-1.060	0.250	0.090	13
rxn27251	succinic semialdehyde dehydrogenase (NAD+)	1	-9.740	-8.730	-5.610	41
rxn27252	succinyl-CoA acylase	3	-5.720	-6.120	-6.500	42
rxn27259	sulfate adenylyltransferase	2	3.040	11.120	11.340	-1
rxn27260	sulfate adenylyltransferase (ADP)	2	14.000	13.590	13.920	22
rxn27265	sulfite oxidase	1	-40.600	-41.210	-40.900	34
rxn27282	TDPFUCACTRANS-RXN.p	2	-5.260	-6.290	-5.880	42
rxn27286	lipid-A 4'-kinase	2	-14.000	-2.180	-4.620	32
rxn27287	(S)-THB oxidase	1	-48.360	-66.370	-79.720	-1
rxn27288	thiaminase I	2	-0.000	0.010	-23.290	-1
rxn27332	Tiglyl-CoA hydratase	4	1.600	-0.880	-8.140	-1
rxn27333	NADH:trimethylamine-N-oxide oxidoreductase	1	-56.060	-58.620	57.530	-1
rxn27334	S-adenosyl-L-methionine:gamma-tocopherol 5-O-methyltransferase	2	-20.610	-5.450	-4.270	-1
rxn27340	trans-cinnamic acid 4-hydroxylase	1	-95.860	-104.240	-95.900	25
rxn27341	trans-L-3-hydroxyproline hydro-lyase	4	-24.520	0.420	-13.640	-1
rxn27385	TML-alpha-ketoglutarate dioxygenase	1	-108.280	-107.720	-106.540	24
rxn27386	triose-phosphate isomerase	5	-1.460	-1.330	-1.830	-1
rxn27401	CYP79A1	1	-90.630	-67.310	-59.480	-1
rxn27409	UDP-glucuronate decarboxylase	4	-1.320	-2.430	-5.400	29
rxn27410	UDP-glucuronate decarboxylase	4	-1.320	-2.430	-5.400	29
rxn27419	C55-isoprenyl pyrophosphatase	3	-16.280	-7.530	-5.840	32
rxn27420	C55-isoprenyl pyrophosphatase	3	-16.280	-7.530	-5.840	32
rxn27425	factor-independent urate hydroxylase	1	-57.110	-53.560	-29.160	-1
rxn27426	factor-independent urate hydroxylase	1	-57.110	-53.560	-29.160	-1
rxn27427	ureidoglycolate hydrolase	3	-1.570	-5.750	-6.110	29
rxn27428	ureidoglycolate hydrolase	3	-1.570	-5.750	-6.110	29
rxn27429	ureidoglycolase	4	4.240	1.210	1.210	-1
rxn27436	URUR-RXN.r	3	2.470	-8.010	-1.410	-1
rxn27455	Long-chain-3-hydroxyacyl-CoA dehydrogenase	1	3.790	4.040	4.400	19
rxn27458	beta-hydroxy-beta-methylglutaryl coenzyme A reductase	1	1.230	0.670	4.510	-1
rxn27459	Malic enzyme	1	1.320	2.940	3.300	-1
rxn27460	NAD-dependent glycerol-3-phosphate dehydrogenase	1	3.790	6.150	6.330	19
rxn27468	(+)-ABA 8'-hydroxylase	1	-92.610	-93.820	-95.030	27
rxn27481	alpha-ketoisovalerate dehydrogenase	1	-8.140	-5.290	-5.690	38
rxn27484	DHU dehydrogenase	1	13.340	0.610	17.260	-1
rxn27488	Pyridine nucleotide transhydrogenase	1	0.000	0.030	0.580	16
rxn27491	Adenylyl-sulfate reductase (glutathione)	1	26.360	6.820	6.290	-1
rxn27493	12-oxophytodienoate reductase	1	4.780	5.740	1.790	-1
rxn27495	1TRANSKETO-RXN.d	2	-2.080	0.930	1.380	13
rxn27497	3-carboxy-3-hydroxy-4-methylpentanoate 3-methyl-2-oxobutanoate-lyase (CoA-acetylating)	2;4	-8.890	-5.650	8.210	10
rxn27502	24-methylenesterol C-methyltransferase	2	-16.700	-4.440	-7.350	-1
rxn27520	prephytoene-diphosphate synthase	2	-27.300	-37.220	-27.280	-1
rxn27521	Valine--isoleucine aminotransferase	2	-0.000	1.830	5.990	-1
rxn27522	(R)-3-amino-2-methylpropionate--pyruvate aminotransferase	2	-1.000	0.170	4.530	13
rxn27524	Tyrosine transaminase	2	0.000	0.100	0.020	16
rxn27525	CDP-ME kinase	2	-14.000	-1.670	-6.900	-1
rxn27529	2-C-methyl-D-erythritol 4-phosphate cytidylyltransferase	2	1.070	-2.200	-0.280	12
rxn27533	2KETO-3METHYLVALERATE-RXN.m	1	-8.140	-5.290	-5.690	38
rxn27534	2KETO-4METHYL-PENTANOATE-DEHYDROG-RXN.m	1	-8.140	-5.590	-5.360	38
rxn27536	D-Fructose 6-phosphate:D-glyceraldehyde-3-phosphate glycolaldehyde transferase	2	-1.750	-1.400	-4.450	-1
rxn27538	Crotonase	4	2.160	-1.510	1.030	-1
rxn27539	3-hydroxybutyrate dehydrogenase	1	3.790	2.630	2.720	19
rxn27542	beta-IPM dehydrogenase	1	6.250	4.470	6.160	19
rxn27543	isopropylmalate isomerase	4	1.470	0.090	-2.710	-1
rxn27586	3.6.4.9-RXN.d	3;5;7	-6.780	-6.540	-6.400	43
rxn27587	ATPase	3;5;7	-6.780	-6.540	-6.400	43
rxn27588	Microtubule-severing ATPase	3;5;7	-6.780	-6.540	-6.400	43
rxn27616	ATPase	3;5;7	-6.780	-6.540	-6.400	43
rxn27617	3.6.5.1-RXN.d	3	-6.780	-5.870	-6.400	43
rxn27619	4.4.1.14-RXN.d	4	-3.020	-12.950	-9.600	-1
rxn27624	Phosphogluconate dehydrogenase (decarboxylating)	1	0.670	2.470	2.610	-1
rxn27625	Phosphogluconate dehydrogenase (decarboxylating)	1	0.670	2.500	3.200	-1
rxn27656	Acetaldehyde dehydrogenase (acetylating)	1	-4.670	-4.210	-3.770	-1
rxn27657	Acetate--CoA ligase (ADP-forming)	6	0.480	1.140	0.850	-1
rxn27658	Acetate--CoA ligase (ADP-forming)	6	0.480	1.140	0.850	-1
rxn27659	short chain fatty acyl-CoA synthetase	6	-19.980	-1.290	-1.080	-1
rxn27660	Acyl-activating enzyme	6	-19.980	-1.290	-1.080	-1
rxn27661	Acetate kinase	2	-5.360	3.260	3.200	6
rxn27662	Acetate kinase	2	-5.360	3.260	3.200	6
rxn27664	Acetolactate synthase	2;4	-10.560	-7.140	11.130	10
rxn27667	Acetolactate synthase	2	-10.560	-5.060	-6.850	-1
rxn27668	acetyl coenzyme A carboxylase	6	-1.040	-1.630	0.660	-1
rxn27669	ACETYLGLUTKIN-RXN.d	2	-6.900	5.820	2.800	6
rxn27670	Acetylornithine deacetylase	3	-2.000	-1.640	-4.790	29
rxn27671	ACETYLORNTRANSAM-RXN.d	2	-1.000	-0.710	5.340	-1
rxn27678	Adenosine kinase	2	-14.000	-3.000	-3.430	32
rxn27683	S-adenosyl-L-homocysteine hydrolase	3	5.680	8.300	8.310	19
rxn27684	adenylate kinase	2	9.500	-0.050	-0.650	4
rxn27685	Adenylokinase	2	9.500	-0.050	-0.650	4
rxn27686	ADENYLOSUCCINATE-SYNTHASE-RXN.d	6	-2.530	-2.620	0.750	10
rxn27688	Adenylylsulfate kinase	2	-14.000	-3.550	-6.480	32
rxn27690	Agmatine deiminase	3	-12.380	-8.250	-8.020	-1
rxn27691	AICARSYN-RXN.d	4	7.340	5.560	2.950	-1
rxn27692	AICARTRANSFORM-RXN.d	2	-5.440	2.490	1.420	6
rxn27693	AIRS-RXN.d	6	-0.050	2.400	-20.440	-1
rxn27694	Alanine--glyoxylate aminotransferase	2	-1.460	-2.000	-2.690	-1
rxn27695	L-alanine-glycine transaminase	2	-1.460	-2.000	-2.690	-1
rxn27697	Alanine aminotransferase	2	0.000	0.040	0.160	16
rxn27698	glutamic-pyruvic aminotransferase	2	0.000	0.040	0.160	16
rxn27700	ALCOHOL-DEHYDROG-RXN.d	1	5.810	5.050	5.190	19
rxn27702	ALDOSE-1-EPIMERASE-RXN.d	5	0.000	0.000	-0.320	16
rxn27708	AMPSYN-RXN.d	4	7.340	7.600	1.930	-1
rxn27709	anthranilate synthetase	4	-44.130	-25.380	-15.680	-1
rxn27710	Apyrase	3	-23.070	-13.030	-12.150	-1
rxn27716	ARGSUCCINLYA-RXN.d	4	7.340	-2.330	3.010	2
rxn27717	ARGSUCCINSYN-RXN.d	6	-19.120	5.390	0.410	-1
rxn27719	glutamic-aspartic aminotransferase	2	-0.000	0.680	0.720	16
rxn27720	glutamic-aspartic aminotransferase	2	-0.000	0.680	0.720	16
rxn27723	ASPARTATE-SEMIALDEHYDE-DEHYDROGENASE-RXN.d	1	-9.860	-4.860	-3.400	-1
rxn27724	Aspartate kinase	2	-6.900	5.320	4.330	6
rxn27725	ASPCARBTRANS-RXN.d	2	0.580	-5.310	-5.040	-1
rxn27728	Betaine-aldehyde dehydrogenase	1	-9.740	-8.730	-2.210	39
rxn27737	Isoleucine transaminase	2	-0.000	-1.410	-4.130	16
rxn27738	branched-chain-amino-acid transaminase	2	-0.000	0.080	-0.300	16
rxn27739	Valine transaminase	2	-0.000	0.420	1.860	16
rxn27740	carbonate dehydratase	4	0.810	1.240	1.150	-1
rxn27741	carbonate dehydratase	4	0.810	1.240	1.150	-1
rxn27743	CARBPSYN-RXN.d	6	-20.720	-1.890	-1.620	-1
rxn27744	Catalase	1	-45.350	-45.860	-46.540	-1
rxn27747	CDPKIN-RXN.d	2	0.000	0.060	-0.000	16
rxn27748	CDPKIN-RXN.m	2	0.000	0.060	-0.000	16
rxn27752	RXN-3221.d	5	-8.370	-23.190	6.990	-1
rxn27765	citric-condensing enzyme	2;4	-8.890	-8.580	8.330	10
rxn27766	Cytidylate kinase	2	9.500	0.310	-0.610	4
rxn27771	CTP synthetase	6	-6.330	-4.440	-4.840	-1
rxn27772	Arogenate dehydrogenase	1	-16.120	-4.900	19.750	-1
rxn27773	D-alanine aminotransferase	2	0.000	0.190	0.200	16
rxn27774	D-alanine aminotransferase	2	0.000	0.190	0.200	16
rxn27777	DADPKIN-RXN.d	2	0.000	0.570	0.000	16
rxn27778	DADPKIN-RXN.m	2	0.000	0.570	0.000	16
rxn27779	DAPASYN-RXN.m	2	2.460	-0.140	1.100	14
rxn27780	DCDPKIN-RXN.d	2	-0.000	0.990	0.010	16
rxn27781	DCDPKIN-RXN.m	2	-0.000	0.990	0.010	16
rxn27785	DETHIOBIOTIN-SYN-RXN.m	6	-24.530	2.820	-19.660	-1
rxn27786	DGDPKIN-RXN.d	2	-0.000	0.460	0.010	16
rxn27787	DGDPKIN-RXN.m	2	-0.000	0.460	0.010	16
rxn27788	DIAMINOPIMDECARB-RXN.d	4	-3.120	-4.390	-6.270	31
rxn27789	DIAMINOPIMEPIM-RXN.d	5	0.000	-0.400	-0.190	16
rxn27791	Dihydrolipoamide dehydrogenase	1	1.580	1.100	1.460	18
rxn27792	Dihydrolipoamide dehydrogenase	1	1.580	1.100	1.460	18
rxn27793	Dihydrofolate reductase	1	-13.680	5.210	6.530	6
rxn27794	Carbamoylaspartic dehydrase	3	-5.250	-1.060	-0.880	-1
rxn27812	Dihydroorotate dehydrogenase	1	-19.840	-28.930	-13.640	-1
rxn27813	Dihydroorotate dehydrogenase	1	-19.840	-28.930	-13.640	-1
rxn27815	(S)-2,3,4,5-tetrahydropyridine-2,6-dicarboxylate:NAD(P)+ oxidoreductase	1	1.040	5.740	15.140	-1
rxn27816	(S)-2,3,4,5-tetrahydropyridine-2,6-dicarboxylate:NAD(P)+ oxidoreductase	1	1.040	5.770	15.720	-1
rxn27818	Dihydroxy-acid dehydratase	4	-6.750	-8.830	-12.070	40
rxn27839	DTDPKIN-RXN.d	2	0.000	0.020	-0.210	16
rxn27840	DTDPKIN-RXN.m	2	0.000	0.020	-0.210	16
rxn27841	DTMPKI-RXN.d	2	9.500	-0.350	-0.790	4
rxn27842	DUDPKIN-RXN.d	2	0.000	-0.350	-0.200	16
rxn27843	DUDPKIN-RXN.m	2	0.000	-0.350	-0.200	16
rxn27844	dUTP diphosphatase	3	-27.240	-8.900	-7.990	30
rxn27845	1-deoxy-D-xylulose-5-phosphate synthase	2	-8.140	-7.660	-10.840	-1
rxn27851	fructose diphosphate aldolase	4	4.310	5.220	-0.730	5
rxn27859	RXN-7651.r	1	-95.860	-105.790	-76.780	26
rxn27866	NADH-dependent fumarate reductase	1	15.030	14.630	16.740	22
rxn27867	GABA transaminase	2	-1.000	1.570	1.460	-1
rxn27871	NAD-dependent glyceraldehyde-3-phosphate dehydrogenase	1	-9.860	1.100	1.850	6
rxn27873	GDPKIN-RXN.d	2	0.000	-0.670	0.010	16
rxn27874	GDPKIN-RXN.m	2	0.000	-0.670	0.010	16
rxn27876	GKI-RXN.d	2	-14.000	-1.990	-3.030	32
rxn27877	glucose-6-phosphate dehydrogenase	1	-1.970	-2.570	-5.300	29
rxn27887	glutamate dehydrogenase 2	1	8.720	8.690	8.640	21
rxn27888	GLUTAMATE-SYNTHASE-NADH-RXN.d	1	13.440	12.120	12.000	-1
rxn27889	GOGAT	1	13.440	12.090	11.410	-1
rxn27891	GLUTATHIONE PEROXIDASE 6	1	-82.030	-73.800	-74.050	23
rxn27892	glutathione synthase	6	-6.320	-6.800	-10.660	-1
rxn27893	gamma-glutamylcysteine synthetase	6	-6.320	-7.890	-8.730	-1
rxn27895	glycerate kinase	2	-14.000	-3.070	-4.020	32
rxn27898	NAD(P)H-dependent dihydroxyacetone-phosphate reductase	1	3.790	6.120	5.750	19
rxn27899	Aldehyde dehydrogenase (NAD+)	1	-9.740	-12.250	-8.410	-1
rxn27900	D-glycerate dehydrogenase	1	6.250	7.460	7.520	19
rxn27909	glyoxylate-glutamate aminotransferase	2	1.460	2.040	2.850	-1
rxn27914	threonine aldolase	2	0.050	-2.420	1.700	-1
rxn27915	Glyoxylate reductase (NADP+)	1	7.710	10.530	10.160	21
rxn27917	T2-induced deoxynucleotide kinase	2	9.500	1.100	-0.600	4
rxn27918	GMP synthetase (glutamine-hydrolysing)	6	-23.050	-77.430	-10.440	11
rxn27919	GMP synthetase	6	-18.330	-74.030	-7.660	11
rxn27920	GSAAMINOTRANS-RXN.d	5	-1.460	-2.150	2.590	10
rxn27921	Glutamate-1-semialdehyde aminotransferase	5	-1.460	-2.150	2.590	10
rxn27924	Deoxyguanylate kinase	2	9.500	-0.090	-0.610	4
rxn27926	Histidinol-phosphate aminotransferase	2	2.460	1.980	-1.820	5
rxn27927	L-histidinol phosphate phosphatase	3	7.220	-4.370	-3.750	3
rxn27932	Homoserine dehydrogenase	1	5.250	5.350	5.460	19
rxn27933	Homoserine dehydrogenase	1	5.250	5.380	6.040	19
rxn27936	Hydroxylamine reductase (NADH)	1	23.030	-19.770	60.970	-1
rxn27937	hydroxymethylglutaryl coenzyme A lyase	4	0.710	-5.080	-0.660	-1
rxn27938	Hydroxymethylglutaryl-CoA reductase	1	1.230	0.730	5.680	-1
rxn27940	L-1-pyrroline-3-hydroxy-5-carboxylate dehydrogenase	1	6.080	1.140	8.940	-1
rxn27943	D-glycerate dehydrogenase	1	6.250	7.460	7.520	19
rxn27944	IMP dehydrogenase	1	1.610	4.670	1.400	-1
rxn27945	IMPCYCLOHYDROLASE-RXN.d	2;3	-2.580	4.680	-18.930	-1
rxn27946	INORGPYROPHOSPHAT-RXN.d	3	4.180	-4.070	-3.820	3
rxn27947	Inorganic diphosphatase	3	4.180	-4.070	-3.820	3
rxn27948	Inorganic diphosphatase	3	4.180	-4.070	-3.820	3
rxn27953	glyoxylate-succinate condensation	4	5.020	2.080	2.010	-1
rxn27955	isocitrate dehydrogenase (NAD+)	1	3.130	1.150	2.020	18
rxn27956	Isovaleryl-CoA dehydrogenase	1	11.180	9.660	-3.250	-1
rxn27959	formate C-acetyltransferase	2	-5.050	-0.850	-0.460	-1
rxn27972	Carotene oxidase	1	-69.980	0.000	-22.900	0
rxn27976	MAL-DEH-GLYOX-RXN.x	1	6.250	7.060	7.320	19
rxn27982	malate dehydrogenase (oxaloacetate-decarboxylating) (NADP+)	1	1.320	2.910	2.710	18
rxn27983	Malate dehydrogenase (oxaloacetate decarboxylating) (NADP+)	1	1.320	2.910	2.710	18
rxn27986	Malonyl-CoA decarboxylase	4	-4.930	-3.670	-5.880	-1
rxn27994	METBALT-RXN.d	2;4	9.620	14.070	-16.750	-1
rxn27997	Beta-methylcrotonyl-CoA carboxylase	6	-1.040	-2.690	-6.660	-1
rxn27998	Methylglutaconyl-CoA hydratase	4	3.020	0.100	-13.080	-1
rxn28001	Myo-inositol-1(or 4)-monophosphatase	3	7.220	-5.520	-0.800	3
rxn28002	N-ACETYLGLUTPREDUCT-RXN.d	1	-9.860	1.840	3.030	6
rxn28003	RXNBWI-16.d	2	-14.000	-2.400	-2.840	32
rxn28025	N-acetylglucosamine-1-phosphate uridyltransferase	2	1.070	-2.680	-0.020	12
rxn28042	UDPKIN-RXN.d	2	-0.000	0.050	-0.220	16
rxn28044	Nucleoside-diphosphate kinase	2	-0.000	0.050	-0.220	16
rxn28045	O-succinylhomoserine (thiol)-lyase	2;4	-11.730	-14.750	-18.380	35
rxn28046	hydroxymethylpyrimidine kinase (phosphorylating)	2	-14.000	-2.210	-6.970	-1
rxn28048	geranylfarnesyl diphosphate synthase	2	-22.500	-18.640	-22.440	36
rxn28050	geranylfarnesyl diphosphate synthase	2	-22.500	-18.640	-22.440	36
rxn28051	RXN-13482.d	2	0.580	-7.160	-6.900	-1
rxn28053	Orotidine-5'-phosphate pyrophosphorylase	2	19.600	-3.170	-3.450	-1
rxn28054	UMP synthase	4	-1.350	-6.220	1.170	-1
rxn28059	Phosphoglycerate dehydrogenase	1	6.250	8.110	8.490	19
rxn28060	L-phenylalanine aminotransferase	2	0.000	-3.480	-0.130	-1
rxn28067	Phosphotransacetylase	2	-5.840	2.120	2.350	6
rxn28068	Phosphotransacetylase	2	-5.840	2.120	2.350	6
rxn28078	PHOSPHORIBULOKINASE-RXN.d	2	-14.000	-6.190	-3.590	32
rxn28081	PORPHOBILSYNTH-RXN.d	4	-15.270	-24.440	-38.950	-1
rxn28082	PRA isomerase	5	0.620	-2.350	-12.290	-1
rxn28083	glutamate-prephenate aminotransferase	2	-0.000	2.280	-1.080	-1
rxn28084	Aromatic amino acid transferase	2	-0.000	2.280	-1.080	-1
rxn28085	PREPHENATEDEHYDRAT-RXN.d	4	-29.100	-19.610	6.230	-1
rxn28086	Prephenate dehydrogenase	1	-16.120	-2.520	20.850	-1
rxn28087	PROPCOASYN-RXN.m	1	-11.080	-10.530	6.760	10
rxn28088	Propionyl-CoA synthetase	6	-21.520	0.390	1.500	-1
rxn28089	Propionate--CoA ligase	6	-21.520	0.390	1.500	-1
rxn28090	RXN-7958.d	2	-6.900	7.810	8.260	6
rxn28091	PROPKIN-RXN.m	2	-6.900	7.810	8.260	6
rxn28100	glutamine ribosylpyrophosphate 5-phosphate amidotransferase	2	20.430	14.450	2.490	-1
rxn28101	Anthranilate phosphoribosyltransferase	2	19.970	14.390	22.800	-1
rxn28104	TRUB PSEUDOURIDINE (PSI) SYNTHASE HOMOLOG 1	3;4	-13.530	-8.050	-5.840	-1
rxn28105	TRUB PSEUDOURIDINE (PSI) SYNTHASE HOMOLOG 1	3;4	-13.530	-8.050	-5.840	-1
rxn28106	PTAALT-RXN.d	2	-5.840	4.990	4.840	6
rxn28107	PTAALT-RXN.m	2	-5.840	4.990	4.840	6
rxn28108	Putrescine N-methyltransferase	2	-10.430	1.750	6.630	6
rxn28109	Hydroxymethylpyrimidine phosphokinase	2	9.500	1.960	4.310	-1
rxn28114	P5CR	1	-10.460	11.990	12.390	-1
rxn28115	P5CR	1	-10.460	12.020	12.980	-1
rxn28116	Pyruvic carboxylase	6	-1.040	-1.180	-1.190	-1
rxn28118	RXN-6161.m	4	-3.470	-3.920	-4.140	-1
rxn28121	Pyruvate formate-lyase	2	5.050	4.730	5.020	19
rxn28139	R542-RXN.d	1	2.330	-0.260	3.890	14
rxn28141	Ribose 5-phosphate epimerase	5	0.620	0.500	0.250	15
rxn28146	Erythrose-4-phosphate epimerase	5	0.000	-0.810	-1.140	16
rxn28163	RXN-10763.d	3	-28.310	-2.670	-11.030	-1
rxn28164	cellobiose beta-glucosidase	3	-3.110	-2.270	6.130	10
rxn28168	Myo-inositol-1(or 4)-monophosphatase	3	7.220	-5.520	-9.020	3
rxn28169	RXN-10952.d	3	7.220	-5.520	-2.570	3
rxn28199	RXN-11632.m.araexp.NADP_NADPH	1	4.280	-9.650	0.650	-1
rxn28201	RXN-11737.d	2	0.000	-2.230	-2.210	16
rxn28202	RXN-11737.m	2	0.000	-2.230	-2.210	16
rxn28252	RXN-1461.d	3	-3.110	-5.190	4.840	10
rxn28253	RXN-1461.e	3	-3.110	-5.190	4.840	10
rxn28254	RXN-1461.m	3	-3.110	-5.190	4.840	10
rxn28255	RXN-1461.n	3	-3.110	-5.190	4.840	10
rxn28256	RXN-1461.w	3	-3.110	-5.190	4.840	10
rxn28267	RXN-2901.d	2	-1.000	-0.840	-0.780	-1
rxn28268	RXN-2961.m	4	3.110	2.580	3.650	19
rxn28285	RXN-4303.d	2	-19.970	-12.120	-23.060	-1
rxn28286	RXN-4303.m	2	-19.970	-12.120	-23.060	-1
rxn28287	RXN-4305.d	2	-19.970	-13.530	-23.060	-1
rxn28295	RXN-4501.v	1	-95.860	-105.820	-72.830	-1
rxn28305	RXN-5109.d	4	-13.140	-7.600	-9.830	-1
rxn28307	RXN-525.r	1	-95.860	-105.790	-79.240	26
rxn28308	RXN-527.r	1	-102.180	-148.000	-90.020	-1
rxn28318	RXN-6021.d	1	5.250	4.220	5.040	19
rxn28322	RXN-6382.m.chlamyexp.NAD_NADH	1	-9.740	-9.720	-5.470	41
rxn28323	RXN-6383.m	4	0.310	0.550	-5.040	-1
rxn28324	RXN-6384.m	3	-5.720	-9.440	9.260	10
rxn28325	RXN-6384.x	3	-5.720	-9.440	9.260	10
rxn28327	RXN-6841.m	1	-1.050	2.540	1.900	-1
rxn28328	RXN-6902.d	2	-1.000	1.530	1.300	-1
rxn28333	RXN-7141.v	1	-95.860	-105.800	-72.180	-1
rxn28338	RXN-721.d	none	-13.270	-16.650	-18.910	-1
rxn28345	RXN-7647.d	5	-8.370	-6.600	-10.900	-1
rxn28346	RXN-7652.r	1	-95.860	-105.790	-79.240	26
rxn28352	RXN-7693.d	1	-5.250	-4.940	5.610	10
rxn28356	RXN-7700.d	1	-5.250	-4.940	8.610	10
rxn28364	CYP79A1	1	-83.980	-56.890	-58.320	-1
rxn28365	CYP79A1	1	-15.430	-122.430	-63.250	-1
rxn28376	Cytidylate kinase	2	9.500	0.230	-0.610	4
rxn28377	RXN-7933.d	3	-2.000	-6.450	-4.560	-1
rxn28380	RXN1F-93.r	1	-121.180	-148.000	-91.830	-1
rxn28381	RXN-8001.d	1	-4.490	-2.420	1.380	10
rxn28382	RXN-8002.d	2	-13.160	11.220	-9.910	1
rxn28386	CrtZ	1	-99.900	-97.070	-96.760	-1
rxn28387	CrtZ	1	-96.220	-97.070	-96.760	28
rxn28388	RXN-8028.d	5	-16.890	-28.970	-7.030	-1
rxn28389	RXN-8036.r	3	-3.110	6.520	3.620	6
rxn28390	RXN-8042.d	5	0.000	0.000	-3.680	-1
rxn28400	linoleate 9-lipoxygenase	1	-69.980	0.000	-22.900	0
rxn28401	linolenate 9S-lipoxygenase	1	-69.980	0.000	-23.760	0
rxn28404	alpha-farnesene synthase	4	-13.140	-7.600	-7.260	-1
rxn28406	RXN-8631.m	4	4.310	6.910	4.200	19
rxn28413	trans-heptaprenyltranstransferase	2	-112.500	-93.180	-112.220	-1
rxn28414	trans-heptaprenyltranstransferase	2	-112.500	-93.180	-112.220	-1
rxn28415	RXN-902.m	4	3.220	0.880	20.900	-1
rxn28543	Myo-inositol-hexaphosphate 3-phosphohydrolase	3	7.220	1.850	8.110	-1
rxn28560	ADP-ribose pyrophosphatase	3	-28.310	-5.420	-12.990	-1
rxn28615	tryptophan synthase alpha	4	2.780	4.590	4.600	19
rxn28646	2-C-methyl-D-erythritol 2,4-cyclodiphosphate synthase	4	26.770	432.530	7.300	-1
rxn28681	RXN0-5240.m	2	2.550	0.250	-0.470	-1
rxn28800	RXN1F-144.d	2	-40.460	-26.010	-37.190	-1
rxn28803	RXN1F-148.d	5	-20.130	-34.920	-2.720	-1
rxn28804	RXN1F-152.d	1	-196.110	-194.140	-193.520	17
rxn28840	delta(24)-sterol C-methyltransferase	2	-19.830	-2.680	7.100	-1
rxn28889	RXN6666-5.m	1	-9.740	-9.120	-3.470	39
rxn28890	prephytoene-diphosphate synthase	2	-13.160	11.220	-7.010	1
rxn28899	indole-3-pyruvate monooxygenase	1	-122.700	-116.900	-119.200	-1
rxn28902	RXNQT-4143.v	2;3	-0.460	-0.440	5.280	-1
rxn28908	RXNQT-4166.d	2	-8.890	-5.660	-5.250	38
rxn28909	RXNQT-4169.d	2	-8.890	-5.650	-5.250	38
rxn28910	RXNQT-4172.d	2	-8.890	-5.660	-5.250	38
rxn28911	RXNQT-4175.d	2	-8.890	-5.660	-5.250	38
rxn28979	Methionine adenosyltransferase	2	-12.580	-21.060	17.960	10
rxn28980	Phosphoribosylaminoimidazole-succinocarboxamide synthetase	6	-16.020	-17.240	8.930	10
rxn28981	SEDOBISALDOL-RXN.d	4	-2.560	-4.980	3.910	10
rxn28982	Sedoheptulose-bisphosphatase	3	7.220	-3.220	-3.640	3
rxn28984	SERINE--PYRUVATE-AMINOTRANSFERASE-RXN.x	2	0.000	0.970	1.620	-1
rxn28985	SERINE-GLYOXYLATE-AMINOTRANSFERASE-RXN.m	2	-1.460	-1.020	-1.070	-1
rxn28986	serine-glyoxylate transaminase	2	-1.460	-1.020	-1.070	-1
rxn28988	Putrescine aminopropyltransferase	2	-10.430	0.830	-4.210	-1
rxn28991	Succinate thiokinase	6	-1.060	-0.420	0.100	13
rxn29001	Ornithine ketoacid aminotransferase	2	-1.000	-0.160	5.000	13
rxn29002	Succinate-semialdehyde dehydrogenase (NAD(P)+)	1	-9.740	-8.760	-6.190	41
rxn29006	TMP-PPase	2	-9.600	-6.890	-1.230	-1
rxn29011	Threonine deaminase	4	-5.700	-5.760	-6.450	42
rxn29012	THRESYN-RXN.d	4	5.410	-7.020	-9.640	3
rxn29013	Thymidylate synthase	2	-30.180	-10.790	-7.600	30
rxn29018	HepPP synthase	2	-90.000	-74.540	-89.780	-1
rxn29019	HepPP synthase	2	-90.000	-74.540	-89.780	-1
rxn29020	geranyl-diphosphate all-trans-nonaprenyl-diphosphate synthase	2	-157.500	-130.450	-157.110	-1
rxn29021	geranyl-diphosphate all-trans-nonaprenyl-diphosphate synthase	2	-157.500	-130.450	-157.110	-1
rxn29022	hexaprenyl-diphosphate synthase [(2E,6E)-farnesyl-diphosphate specific]	2	-67.500	-55.910	-67.330	-1
rxn29023	hexaprenyl-diphosphate synthase [(2E,6E)-farnesyl-diphosphate specific]	2	-67.500	-55.910	-67.330	-1
rxn29919	TRANSALDOL-RXN.d	2	-1.750	0.830	6.870	-1
rxn29923	UDP-glucose-glucosephosphate glucosyltransferase	2	-1.700	-5.820	-8.680	29
rxn29924	trehalose-6-phosphate phosphohydrolase	3	7.220	-1.800	-2.950	3
rxn29936	tryptophan synthase	4	-9.170	-7.540	-7.580	-1
rxn29938	Tyrosine N-hydroxylase	1	-90.630	-67.310	-59.480	-1
rxn29942	UMP diphosphorylase	2	21.070	3.320	3.140	-1
rxn29945	Galactose-1-phosphate uridylyltransferase	2	1.070	-1.000	-2.420	-1
rxn29946	Valine--pyruvate aminotransferase	2	0.000	0.380	1.700	16
rxn29950	L-asparaginase	3	-4.720	-4.160	-3.930	-1
rxn29951	5'-nucleotidase (dAMP)	3	7.220	-3.910	-2.970	3
rxn29952	5'-nucleotidase (dCMP)	3	7.220	-3.990	-2.980	3
rxn29953	5'-nucleotidase (dGMP)	3	7.220	-3.440	-3.000	3
rxn29954	4-(2-Aminoethyl)-1,2-benzenediol:oxygen oxidoreductase(deaminating)(flavin-containing)	1	-24.020	-22.340	-16.690	37
rxn29955	5'-nucleotidase (dTMP)	3	7.220	-2.390	-2.810	3
rxn29956	5'-nucleotidase (dUMP)	3	7.220	-3.370	-2.820	3
rxn29957	Glucose-1-phosphatase	3	7.220	-6.260	-4.490	3
rxn29958	Glycerophosphodiester phosphodiesterase (Glycerophosphocholine)	3	-14.310	-60.830	-6.540	11
rxn29960	Glycerophosphodiester phosphodiesterase (Glycerophosphoinositol)	3	-14.310	-63.030	-18.720	-1
rxn29962	glutaminase	3;6	-4.720	-3.410	-2.780	33
rxn29963	glycerol 2-phosphate phosphatase (periplasmic)	3	7.220	-6.570	-0.620	3
rxn29964	glutathione hydralase (periplasmic)	2;3	-0.460	-0.440	5.280	-1
rxn29965	b-galactosidase	3	-3.110	97.690	-2.880	-1
rxn29966	Phenethylamine oxidase	1	-24.020	-22.330	-16.840	37
rxn29967	Tyramine:oxygen oxidoreductase(deaminating)(flavin-containing) (periplasm)	1	-24.020	-22.340	-16.690	37
rxn29975	phospho-L-serine phosphatase (periplasmic)	3	7.220	-2.530	-2.450	3
rxn29977	alpha,alpha-trehalase (periplasm)	3	-3.110	-2.740	-2.980	-1
rxn29978	UDPglucose pyrophosphohydrolase	3	-28.310	-6.150	-7.930	-1
rxn29979	5'-nucleotidase (XMP)	3	7.220	-2.790	-2.960	3
rxn29982	Aminoacetone:oxygen oxidoreductase(deaminating)(flavin-containing)	1	-21.560	-22.650	-21.380	37
rxn29985	Adenosine deaminase	3	-8.510	-5.510	-5.650	38
rxn29986	adenine deaminase	3	-8.510	-5.410	-4.990	38
rxn29989	aldehyde dehydrogenase (phenylacetaldehyde, NAD)	1	2.290	5.640	-3.470	5
rxn29992	L-asparaginase	3	-4.720	-4.160	-3.930	-1
rxn29993	asparagine synthetase	6	-22.520	-4.810	-4.400	-1
rxn29994	L-aspartase	3;4	3.080	3.150	3.430	19
rxn29995	ATP amine hydrolysis (spontaneous)	3	-8.510	-13.300	-5.650	-1
rxn29996	Carbamate kinase	2	-10.030	6.810	6.370	6
rxn29997	Cytosine deaminase	3	3.390	-7.270	-13.740	-1
rxn29999	D-cysteine desulfhydrase	4	-11.680	1.090	2.450	6
rxn30000	Cysteine Desulfhydrase	4	-11.680	-1.100	-0.700	-1
rxn30001	cystathionine b-lyase	4	-1.830	0.130	0.400	-1
rxn30003	cytidine deaminase	3	-5.170	-3.680	-3.770	-1
rxn30004	Deoxyadenosine deaminase	3	-8.510	-5.220	-5.650	38
rxn30005	2,3-diaminopropionate amonnia lyase	4	-3.830	0.390	2.100	-1
rxn30006	dCTP deaminase	3	-5.170	-7.150	-4.260	-1
rxn30007	deoxycytidine deaminase	3	-5.170	-5.200	-3.720	-1
rxn30012	diaminohydroxyphosphoribosylaminopryrimidine deaminase (25drapp)	3	-16.230	65.880	-2.550	-1
rxn30017	Ethanolamine ammonia-lyase	4	-7.860	-8.580	-7.200	-1
rxn30018	beta-fructofuranosidase	3	-3.110	-7.590	4.840	10
rxn30019	fructose-1-phosphate kinase	2	-14.000	-3.710	1.480	7
rxn30020	glucosamine-1-phosphate N-acetyltransferase	2	-5.260	-4.650	-5.710	-1
rxn30021	glucosamine-6-phosphate deaminase	3	1.580	1.190	0.540	-1
rxn30022	glutamine synthetase	6	-2.060	-3.130	-3.620	29
rxn30023	glutamate dehydrogenase (NADP)	1	8.720	8.690	8.640	21
rxn30024	glutaminase	3;6	-4.720	-3.410	-2.780	33
rxn30025	Glycine Cleavage System	1;2	2.090	4.490	5.840	19
rxn30029	GMP reductase	1	-10.520	60.420	1.480	-1
rxn30031	guanine deaminase	3	2.190	63.990	-1.130	-1
rxn30032	hydroxymethylbilane synthase	2;4	-25.970	-31.810	-68.010	-1
rxn30039	NAD synthase (nh3)	6	-22.520	-4.360	0.080	-1
rxn30040	nicotinamide-nucleotide amidase	3	-4.720	0.640	-8.290	-1
rxn30041	nicotinamidase	3	-4.720	-1.320	-6.410	-1
rxn30045	phenylacetate-CoA ligase	6	-33.550	-17.270	-5.570	-1
rxn30055	pyridoxamine 5'-phosphate oxidase	1	-25.570	-23.120	-23.300	37
rxn30059	Succinylarginine dihydrolase	2;3	-9.720	-20.970	-14.190	-1
rxn30060	D-serine deaminase	4	-7.510	-6.880	-8.190	-1
rxn30061	L-serine deaminase	4	-7.510	-7.220	-7.130	43
rxn30064	L-threonine deaminase	4	-5.700	-5.760	-6.450	42
rxn30065	Tryptophanase (L-tryptophan)	4	4.440	4.910	5.040	19
rxn30068	UDP-N-acetylglucosamine diphosphorylase	2	1.070	-2.680	-0.020	12
rxn30069	Ureidoglycolate hydrolase	3	-1.570	-5.750	-6.110	29
rxn30071	arginine deiminase	3	-12.380	-8.880	-8.320	-1
rxn30073	CTP synthase (NH3)	6	-1.610	-1.030	-2.060	-1
rxn30074	dCMP deaminase	3	-5.170	-5.820	-3.880	-1
rxn30075	glutamate dehydrogenase (NAD)	1	8.720	8.720	9.220	21
rxn30076	GMP synthase	6	-18.330	-74.030	-7.660	11
rxn30077	homospermidine synthase	2	-0.520	-1.160	-4.600	-1
rxn30078	methionine g-lyase	4	-1.830	-2.110	5.920	10
rxn30082	Aconitate hydratase, mitochondrial	4	1.420	1.640	1.810	18
rxn30083	ALCOHOL-DEHYDROG-RXN.m	1	5.810	5.050	5.190	19
rxn30086	Potassium-activated aldehyde dehydrogenase, mitochondrial	1	-11.930	-11.920	-11.600	35
rxn30087	Aldehyde dehydrogenase 5, mitochondrial	1	-9.740	-11.100	-8.570	40
rxn30088	Probable amidase	3	7.310	11.510	-5.180	-1
rxn30089	Acetylornithine aminotransferase, mitochondrial	2	-1.000	-0.710	5.340	-1
rxn30104	DIHYDROFOLATEREDUCT-RXN.m	1	-13.680	5.210	6.530	6
rxn30107	Amino-acid acetyltransferase	2	-5.260	-5.490	-1.720	-1
rxn30130	Probable alpha-glucosidase FSP2	3	-3.110	-3.400	5.810	10
rxn30135	5-aminolevulinate synthase, mitochondrial	2	2.130	3.520	-2.340	5
rxn30141	Isocitrate dehydrogenase [NAD] subunit 1, mitochondrial	1	3.130	1.340	2.020	18
rxn30142	Isocitrate dehydrogenase [NADP], mitochondrial	1	6.250	4.450	5.080	19
rxn30143	Threonine dehydratase, mitochondrial	4	-5.700	-5.760	-6.450	42
rxn30144	Acetolactate synthase catalytic subunit, mitochondrial	2	10.560	7.140	5.710	-1
rxn30145	Dihydroxy-acid dehydratase, mitochondrial	4	-6.750	-8.830	-12.070	40
rxn30146	2-DEHYDROPANTOATE-REDUCT-RXN.m	1	6.250	4.510	4.920	19
rxn30151	2-isopropylmalate synthase	2;4	8.890	5.650	8.210	-1
rxn30152	Succinyl-CoA ligase [ADP-forming] subunit alpha, mitochondrial	6	-1.060	-1.240	-0.140	-1
rxn30153	Homoisocitrate dehydrogenase, mitochondrial	1	3.130	1.930	2.300	19
rxn30154	Homocitrate synthase, mitochondrial isozyme	2;4	8.890	6.660	-9.940	-1
rxn30157	Methylenetetrahydrofolate reductase 1	1	3.820	10.370	8.850	-1
rxn30158	Methylenetetrahydrofolate dehydrogenase	1	1.950	2.100	1.830	18
rxn30159	Formyltetrahydrofolate synthetase	6	-0.870	-1.450	-1.330	-1
rxn30160	Methenyltetrahydrofolate cyclohydrolase	3	-0.610	-1.120	-1.120	-1
rxn30169	Nicotinate phosphoribosyltransferase	2	9.600	1.840	6.900	-1
rxn30176	Fumarate reductase	1	10.190	11.270	12.320	21
rxn30177	Phosphoacetylglucosamine mutase	5	0.000	1.770	0.900	16
rxn30180	6-phosphofructo-2-kinase 1	2	-14.000	0.930	-7.260	-1
rxn30181	Glucose-6-phosphate isomerase	5	0.000	1.630	-0.320	-1
rxn30182	Glucose-6-phosphate isomerase	5	-0.890	0.040	2.960	13
rxn30187	Nicotinamidase	3	-4.720	-1.320	-6.410	-1
rxn30188	Purine nucleoside phosphorylase	2	-7.950	2.000	1.900	6
rxn30189	Purine nucleoside phosphorylase	2	-7.950	2.810	3.110	6
rxn30190	NADH kinase POS5, mitochondrial	2	-14.000	-2.400	-2.840	32
rxn30193	Glutamine-dependent NAD(+) synthetase	6	-22.520	-4.360	0.080	-1
rxn30194	Nicotinate-nucleotide pyrophosphorylase [carboxylating]	2	10.220	6.900	12.630	-1
rxn30204	NADP phosphatase	3	7.220	-4.140	-3.550	3
rxn30207	Non-enzymatic reaction	1	-3.120	-2.600	-5.290	-1
rxn30209	Aldehyde dehydrogenase, mitochondrial 1	1	-9.740	-11.320	-5.010	-1
rxn30210	FAD synthetase	2	1.070	-3.080	-3.070	-1
rxn30213	Phospho-pantethiene adenylyltransferase	2	1.070	-4.960	0.600	-1
rxn30214	Dephosphocoa kinase	2	-14.000	1.280	0.860	-1
rxn30217	Nicotinamide-nucleotide adenylyltransferase 1	2	1.070	-5.950	-0.280	-1
rxn30218	Nicotinamide-nucleotide adenylyltransferase 1	2	1.070	-0.700	-0.170	12
rxn30219	alpha,alpha-trehalase	3	-3.110	-2.740	-2.980	-1
rxn30220	Phenethylamine oxidase	1	-24.020	-22.330	-16.840	37
rxn30251	beta-glucosidase (cellobiose)	3	-3.110	-3.490	-2.880	-1
rxn30302	L-Alanine:NAD+ oxidoreductase (deaminating)	1	8.720	8.760	9.380	21
rxn30303	Acetamide amidohydrolase	3	-6.260	-5.980	-9.580	-1
rxn30304	L-Aspartic acid:oxygen oxidoreductase (deaminating)	1	-23.020	-22.250	-22.270	37
rxn30306	L-Cystathionine Lysteine-lyase (deaminating)	4	2.110	0.690	1.630	-1
rxn30307	D-alanine:oxygen oxidoreductase (deaminating)	1	-23.020	-22.880	-22.830	37
rxn30308	CTP aminohydrolase	3	-5.170	-5.510	-4.330	-1
rxn30313	Undecaprenyl-diphospho-N-acetylmuramoyl-(N-acetylglucosamine)-	6	-2.060	-2.520	-2.890	29
rxn30314	glycine:NAD+ oxidoreductase (deaminating)	1	10.180	10.760	12.070	21
rxn30320	O-Succinyl-L-homoserine succinate-lyase (adding cysteine)	2;4	-9.620	-14.070	-16.750	-1
rxn30324	Urea amidohydrolase	3	-5.810	-6.960	-7.320	42
rxn30325	2-hexaprenyl-3-methyl-5-hydroxy-6-methoxy-1,4-benzoquinone methyltransferase, mitochondrial	2	-3.530	0.400	2.160	-1
rxn30326	2-Hexaprenyl-6-methoxyphenol monooxygenase, mitochondrial	1	-80.830	-80.270	-94.700	-1
rxn30327	2-hexaprenyl-6-methoxy-1,4-benzoquinone methyltransferase, mitochondrial	2	-19.390	-10.800	8.910	10
rxn30328	3-(4-hydroxyphenyl-)lactate formation	1	-6.250	-18.220	7.790	-1
rxn30329	3-Hexaprenyl-4-hydroxy-5-methoxybenzoate decarboxylase, mitochondrial	4	-0.130	-2.540	2.300	-1
rxn30330	L-4-hydroxyglutamate semialdehyde dehydrogenase, mitochondrial	1	-9.740	-9.110	6.620	10
rxn30331	Acetyl-Coa carboxylase, mitochondrial	6	-1.040	-1.630	0.660	-1
rxn30332	acetylglutamate kinase, mitochondrial	2	-6.900	5.820	2.800	6
rxn30333	2-aceto-2-hydroxybutanoate synthase, mitochondrial	2	-10.560	-5.060	-6.850	-1
rxn30334	acetolactate synthase, mitochondrial	2;4	-10.560	-7.140	11.130	10
rxn30335	acetyl-CoA hydrolase, mitochondrial (irreversible)	3	-7.260	-7.680	-7.240	-1
rxn30337	acid phosphatase, extracellular (secreted)	3	7.220	-4.040	-5.170	3
rxn30338	acetyl-CoA synthetase	6	-19.980	-1.290	-1.080	-1
rxn30339	N-acetyl-g-glutamyl-phosphate reductase, irreversible, mitochondrial	1	9.860	-1.840	3.030	2
rxn30344	aldehyde dehydrogenase (indole-3-acetaldehyde, NAD), mitochondrial	1	-9.740	-9.120	-3.470	39
rxn30346	allophanate hydrolase	3	-9.710	-19.770	-23.020	-1
rxn30347	amidase	3	-4.720	-2.870	-2.480	33
rxn30348	amidase	3	7.310	11.510	-5.180	-1
rxn30349	amidase	3	-4.720	-3.250	-5.180	-1
rxn30350	Adenosine monophosphate deaminase	3	-8.510	-7.700	-5.650	-1
rxn30351	N-acetylputrescine: oxygen oxireductase (deaminating)	1	-24.020	-22.300	-21.200	37
rxn30353	L-asparaginase, extracellular	3	-4.720	-4.160	-3.930	-1
rxn30355	aspartate transaminase, peroxisomal	2	-0.000	0.680	0.720	16
rxn30361	CoA hydrolase (peroxisomal)	none	-28.310	-9.900	-16.240	-1
rxn30362	p-coumaroyl-CoA formation	6	-21.520	-2.560	-10.200	-1
rxn30363	cystathione b-lyase, peroxisomal	4	-1.830	0.130	0.400	-1
rxn30366	2-deoxy-D-arabino-heptulosonate 7-phosphate synthetase, mitochondrial	2;4	-2.640	-17.830	-17.870	20
rxn30367	dihydroxy-acid dehydratase (2,3-dihydroxy-3-methylbutanoate), mitochondrial	4	-6.750	-8.830	-10.920	40
rxn30368	dihydroneopterin aldolase	4	-7.760	1.510	3.400	6
rxn30369	dihydropteroate synthase, mitochondrial	2	-13.880	-6.390	-22.630	-1
rxn30370	3-hydroxyacyl-CoA dehydratase (3-hydroxytetradecanoyl-CoA), peroxisomal	4	2.160	-0.100	0.210	15
rxn30377	acyl-coenzyme A ligase	6	-21.520	-2.560	-0.980	-1
rxn30380	H2PTEROATESYNTH-RXN.m	2	-27.120	-14.840	-26.870	-1
rxn30381	glycerol-3-phosphate dehydrogenase (NAD), mitochondrial	1	-3.790	-6.150	6.330	10
rxn30382	L-glutamate 5-semialdehyde dehydratase, reversible, mitochondrial	none	-14.030	-1.130	-6.540	-1
rxn30383	glucose 6-phosphate dehydrogenase, endoplasmic reticulum	1	-1.970	-0.940	-0.790	-1
rxn30388	glycine cleavage system, mitochondrial	1;2	2.090	4.490	5.840	19
rxn30389	hydroxyacylglutathione hydrolase, mitochondrial	3	-1.780	-7.440	-3.400	-1
rxn30390	3-Hydroxyacyl-CoA dehydrogenase (3-oxotetradecanoyl-CoA), peroxisomal	1	-3.790	-4.460	5.890	10
rxn30391	homocitrate synthase	2;4	-8.890	-6.660	-9.940	-1
rxn30392	HCO3 equilibrium reaction, nuclear	4	-0.810	-1.240	1.150	-1
rxn30393	homoisocitrate dehydrogenase	1	6.250	4.520	7.600	19
rxn30395	Hydroxymethylglutaryl CoA synthase, mitochondrial	2;4	6.430	4.050	8.420	-1
rxn30396	H2PTERIDINEPYROPHOSPHOKIN-RXN.m	2	-14.000	-0.510	-4.080	-1
rxn30397	L-hydroxyproline dehydrogenase (NAD), mitochondrial	1	-10.460	11.980	0.020	-1
rxn30398	L-hydroxyproline dehydrogenase (NADP), mitochondrial	1	-10.460	11.950	-0.560	-1
rxn30399	Isocitrate dehydrogenase (NADP+)	1	3.130	1.310	1.430	18
rxn30400	Isocitrate dehydrogenase (NADP+)	1	3.130	1.310	1.430	18
rxn30402	acetohydroxy acid isomeroreductase, mitochondrial	1	-3.790	-4.430	-2.120	-1
rxn30406	methylisocitrate lyase	4	4.980	1.420	4.960	-1
rxn30407	2-methylcitrate synthase	2;4	-10.700	-8.980	10.440	10
rxn30408	inositol-1,3,4,5,6-pentakisphosphate 2-kinase, nuclear	2	-14.000	-8.390	13.730	10
rxn30409	inositol-1,4,5-triphosphate 6-kinase, nucleus	2	-14.000	-5.290	-7.620	-1
rxn30410	NAD diphosphatase, peroxisomal	3	-28.310	-8.260	-8.150	30
rxn30412	NAD synthase (nh3), nuclear	6	-22.520	-4.360	0.080	-1
rxn30413	nucleoside-diphosphatase (GDP), Golgi	3	-16.280	-6.450	-5.790	32
rxn30414	nicotinamidase, reversible, mitochondrial	3	-4.720	-1.320	-6.410	-1
rxn30417	2-oxo-4-methyl-3-carboxypentanoate decarboxylation	none	-3.120	-4.020	4.490	10
rxn30418	pyruvate dehydrogenase	1;2	-8.140	-8.130	-7.910	-1
rxn30419	L-1-Pyrroline-3-hydroxy-5-carboxylate spontaneous conversion to L-4-Hydroxyglutamate semialdehyde, mitochondrial	none	15.830	10.260	15.560	-1
rxn30423	trans-pentaprenyltranstransferase, mitochondrial	2	-22.500	-18.640	-22.440	36
rxn30432	sphingoid base-phosphate phosphatase (sphinganine 1-phosphatase), endoplasmic reticulum	3	7.220	-4.360	-2.990	3
rxn30433	D-sorbitol reductase	1	-2.930	-2.770	7.160	10
rxn30434	sucrose hydrolyzing enxyme, extracellular	3	-3.110	-5.590	-6.220	31
rxn30435	4-hydroxycinnamate formation	4	-2.660	-0.100	-2.250	-1
rxn30439	thiamin phosphatase, extracellular	3	7.220	-16.860	2.780	-1
rxn30440	L-threonine deaminase, mitochondrial	4	-5.700	-5.760	-6.450	42
rxn30442	alpha,alpha-trehalase (vacuolar)	3	-3.110	-2.740	-2.980	-1
rxn30444	tyrosine transaminase, irreversible (mitochondrial)	2	0.000	-0.100	0.020	16
rxn30445	tyrosine transaminase, irreversible (peroxisomal)	2	0.000	-0.100	0.020	16
rxn30446	UMP kinase, nuclear	2	9.500	-0.280	-0.790	4
rxn30447	uridylate kinase (dUMP), nuclear	2	9.500	0.240	-0.780	4
rxn30486	histidase	4	-0.190	1.650	1.190	16
rxn30500	nmn hydrolysis	3	7.220	1.230	-3.590	-1
rxn30524	sulfite reductase (NADH)	none	-37.880	-28.920	-31.780	-1
rxn30544	Pyrazinamidase	3	-4.720	-1.820	5.030	-1
rxn30549	isoleucine dehydrogenase	1	8.720	7.310	5.090	-1
rxn30550	L-leucine dehydrogenase	1	8.720	8.800	8.920	21
rxn30552	phenylalanine ammonia-lyase	4	-0.190	-0.880	-0.800	16
rxn30554	valine dehydrogenase	1	8.720	9.140	11.080	21
rxn30576	2PGADEHYDRAT-RXN	4	-0.870	-0.910	-1.000	-1
rxn30578	3-CH3-2-OXOBUTANOATE-OH-CH3-XFER-RXN	2	-1.470	2.310	-6.180	-1
rxn30580	3-DEHYDROQUINATE-DEHYDRATASE-RXN	4	-8.480	-1.260	-1.270	-1
rxn30582	3.1.3.46-RXN	3	7.220	-7.470	0.870	-1
rxn30583	3.1.3.56-RXN	3	7.220	-2.810	2.950	2
rxn30589	4.1.99.4-RXN	3;4	-11.930	10.110	6.770	6
rxn30590	5-OXOPROLINASE-(ATP-HYDROLYSING)-RXN	3	-4.110	-1.070	-7.510	-1
rxn30591	6-PHYT-RXN	3	7.220	1.850	7.330	-1
rxn30592	6.3.4.16-RXN	6	-16.810	0.270	-0.020	-1
rxn30596	ACETYLORNDEACET-RXN	3	-2.000	-1.640	-4.790	29
rxn30600	ADENOSYLHOMOCYSTEINASE-RXN	3	5.680	8.300	8.310	19
rxn30601	AGMATIN-RXN	3	-3.900	-14.000	-6.860	-1
rxn30602	AGMATINE-DEIMINASE-RXN	3	-12.380	-8.250	-8.020	-1
rxn30606	ALLANTOICASE-RXN	3	10.950	0.310	0.360	-1
rxn30607	ALLANTOINASE-RXN	3	-3.690	-13.080	0.580	-1
rxn30611	AMP-DEPHOSPHORYLATION-RXN	3	7.220	-3.540	-2.970	3
rxn30615	ARGINASE-RXN	3	-3.900	-8.110	-6.860	-1
rxn30616	ARGININE-2-MONOOXYGENASE-RXN	1	-109.260	-106.500	-108.970	24
rxn30617	ARGININE-DEIMINASE-RXN	3	-12.380	-8.880	-8.320	-1
rxn30618	ASPARAGHYD-RXN	3	-4.720	-4.160	-3.930	-1
rxn30619	AconDHatase	4	1.470	2.020	1.990	18
rxn30620	AconHydr	4	-0.050	-0.200	0.180	16
rxn30627	CARBPSYN-RXN	6	-20.720	-1.890	-1.620	-1
rxn30632	CONIFERIN-BETA-GLUCOSIDASE-RXN	3	-3.110	7.790	6.450	6
rxn30633	CYSTAGLY-RXN	none	2.110	0.690	1.630	-1
rxn30634	CYSTATHIONINE-BETA-LYASE-RXN	4	-1.830	0.130	0.400	-1
rxn30635	CYSTATHIONINE-BETA-SYNTHASE-RXN	4	-5.680	-7.350	-7.530	-1
rxn30649	DAHPSYN-RXN	2;4	-2.640	-17.830	-17.870	20
rxn30654	DIHYDRONEOPTERIN-MONO-P-DEPHOS-RXN	3	7.220	-1.820	2.150	2
rxn30658	DIHYDROXYMETVALDEHYDRAT-RXN	4	-6.750	-8.830	-12.070	40
rxn30661	DTDPGLUCDEHYDRAT-RXN	4	-13.900	-11.360	-8.280	-1
rxn30665	F16BDEPHOS-RXN	3	7.220	-2.150	-1.410	3
rxn30669	FORMAMIDASE-RXN	3	-17.820	-7.020	-14.160	-1
rxn30677	GDPMANDEHYDRA-RXN	4	-13.900	-13.240	-9.640	-1
rxn30679	GLUTAMATE-DEHYDROGENASE-(NAD(P)+)-RXN-(NADP)	1	-38.470	-28.750	8.640	-1
rxn30680	GLUTAMIN-RXN	3;6	-4.720	-3.410	-2.780	33
rxn30686	GLYOHMETRANS-RXN	2	-0.050	2.420	1.700	-1
rxn30689	GPH-RXN	3	7.220	-7.550	-6.880	3
rxn30697	HISTCYCLOHYD-RXN	3	4.040	-0.010	-13.970	-1
rxn30698	HISTIDPHOS-RXN	3	7.220	-4.370	-3.750	3
rxn30708	IMIDPHOSDEHYD-RXN	4	-10.630	-9.850	-20.330	-1
rxn30710	IMPCYCLOHYDROLASE-RXN	2;3	-2.580	4.680	-18.930	-1
rxn30717	KDO-8PPHOSPHAT-RXN	3	9.870	-3.780	-3.880	3
rxn30718	KDO-8PSYNTH-RXN	2;4	-5.290	-15.900	19.370	-1
rxn30719	KETOLACTOSE-RXN	3	-3.110	-2.700	4.990	10
rxn30722	L-ASPARTATE-OXIDASE-RXN	1	-23.020	-22.250	-22.270	37
rxn30731	METHIONINE-GAMMA-LYASE-RXN	4	-1.830	-2.110	5.920	10
rxn30733	METHYLGLUTACONYL-COA-HYDRATASE-RXN	4	3.020	0.100	-13.080	-1
rxn30734	METHYLTHIOADENOSINE-NUCLEOSIDASE-RXN	3	-0.730	-3.380	0.460	-1
rxn30737	NADPPHOSPHAT-RXN	3	7.220	-4.140	-3.550	3
rxn30738	NICOTINAMID-RXN	3	-4.720	-1.320	-6.410	-1
rxn30743	OHMETHYLBILANESYN-RXN	2;4	-25.970	-31.810	-68.010	-1
rxn30747	PMPOXI-RXN	1	-25.570	-23.120	-23.300	37
rxn30748	POLYAMINE-OXIDASE-RXN	1	-23.500	-20.030	-15.150	37
rxn30752	PSEUDOURIDYLATE-SYNTHASE-RXN	3;4	-13.530	-8.050	-5.840	-1
rxn30760	R311-RXN	3	-4.720	-3.250	-1.600	-1
rxn30763	R9-RXN	4	2.160	0.890	1.540	18
rxn30766	RIBOPHOSPHAT-RXN	3	7.220	-3.330	-2.930	3
rxn30773	RXN-1065	3	-3.630	6.170	6.820	6
rxn30780	RXN-1223	3	-12.790	-75.120	41.700	-1
rxn30785	RXN-1401	1	-24.020	-22.330	-27.800	-1
rxn30789	RXN-1405	1	-90.630	-55.150	-57.710	-1
rxn30792	RXN-1461	3	-3.110	-5.190	-6.220	31
rxn30805	RXN-2141	3	-3.110	-2.610	5.810	10
rxn30836	RXN-4314	none	7.220	-3.660	-2.970	3
rxn30842	RXN-4542	none	7.220	-3.660	-2.970	3
rxn30859	RXN-5647	3	7.220	-2.060	-2.020	3
rxn30860	RXN-5841	3	7.220	1.230	-3.590	-1
rxn30865	RXN-6201	4	-14.580	-16.890	-10.240	-1
rxn30867	RXN-6381	1	-24.020	-22.500	-22.400	37
rxn30870	RXN-6383	4	0.310	0.550	-5.040	-1
rxn30873	RXN-6423	2	-12.230	-7.260	-13.670	-1
rxn30878	RXN-6622	3	-0.460	2.050	1.320	-1
rxn30897	RXN-7252	3	7.220	-5.520	-9.020	3
rxn30907	RXN-7607	3	7.220	-1.350	-2.960	3
rxn30908	RXN-7609	3	7.220	-1.890	-3.000	3
rxn30920	RXN-7686	1	-121.960	-83.450	-116.770	-1
rxn30921	RXN-7687	1	-121.960	-83.450	-114.310	-1
rxn30940	RXN-8036	3	-3.110	6.520	3.620	6
rxn30972	RXN-902	4	3.220	0.880	20.900	-1
rxn30974	RXN0-1001	3	7.220	1.850	8.110	-1
rxn30979	RXN0-2382	4	-11.950	-12.130	-12.170	35
rxn30983	RXN0-5114	3	7.220	-2.530	-2.450	3
rxn30985	RXN0-5216	3	-3.110	-1.350	2.660	10
rxn31004	RXN1F-19	4	4.870	0.000	-64.500	-1
rxn31053	RXNQT-4142	3	7.220	-5.870	1.690	-1
rxn31054	RXNQT-4143	2;3	-0.460	-0.440	5.280	-1
rxn31059	RXNQT-4150	3	7.220	-2.170	-2.810	3
rxn31075	SARCOX-RXN	1	-19.030	-16.840	-21.520	-1
rxn31076	SEDOHEPTULOSE-BISPHOSPHATASE-RXN	3	7.220	-3.220	-3.640	3
rxn31079	STRICTOSIDINE-SYNTHASE-RXN	4	7.340	-17.700	31.590	-1
rxn31083	SUCROSE-PHOSPHATASE-RXN	3	7.220	-4.270	-4.250	3
rxn31084	SUCROSE-SYNTHASE-RXN	2	-1.700	-0.570	-0.590	-1
rxn31088	THRESYN-RXN	4	5.410	-7.020	-9.640	3
rxn31091	TIGLYLCOA-HYDROXY-RXN	4	-1.600	0.880	-8.140	-1
rxn31095	TREHALOSEPHOSPHA-RXN	3	7.220	-1.800	-2.950	3
rxn31096	TRYPSYN-RXN	4	-9.170	-7.540	-7.580	-1
rxn31097	UDP-GLUCOSE-4,6-DEHYDRATASE-RXN	4	-13.900	-15.270	-8.280	-1
rxn31098	UDPACYLGLCNACDEACETYL-RXN	3	-2.000	-1.460	1.250	10
rxn31100	URATE-OXIDASE-RXN	1	-57.110	-53.560	-29.160	-1
rxn31106	XMPXAN-RXN	3	7.220	-2.790	-2.960	3
rxn31207	alpha-xylosidase, putative; located in endomembrane system	3	-3.110	-2.610	5.810	10
rxn31208	acetyl-CoA synthetase (acetate-CoA ligase), putative	6	-22.240	-282.760	-15.030	-1
rxn31209	acetyl-CoA C-acyltransferase, putative / 3-ketoacyl-CoA thiolase, putative	2	7.060	5.970	6.290	19
rxn31210	acetyl-CoA C-acyltransferase, putative / 3-ketoacyl-CoA thiolase, putative	2	7.060	5.970	6.290	19
rxn31211	alanine aminotransferase, putative	2	0.000	0.040	0.160	16
rxn31212	acetyl-CoA synthetase (acetate-CoA ligase), putative	6	2.260	281.470	13.940	-1
rxn31213	malate dehydrogenase [NADP], chloroplast, putative	1	6.250	7.030	6.740	19
rxn31214	(S)-2-hydroxy-acid oxidase, peroxisomal, putative / glycolate oxidase, putative / short chain alpha-hydroxy acid oxidase, putative	1	-24.030	-21.090	-21.460	37
rxn31215	formate dehydrogenase (FDH)	1	-3.090	-3.400	-2.880	-1
rxn31216	carbamoyl-phosphate synthase family protein	6	-20.720	-1.890	-1.620	-1
rxn31217	2-oxoglutarate dehydrogenase E1 component, putative / oxoglutarate decarboxylase, putative / alpha-ketoglutaric dehydrogenase, putative	1	-6.900	-6.560	-11.170	-1
rxn31218	fructose-1,6-bisphosphatase, putative / D-fructose-1,6-bisphosphate 1-phosphohydrolase, putative / FBPase, putative	3	7.220	-2.010	-2.620	3
rxn31222	aconitate hydratase, cytoplasmic, putative / citrate hydro-lyase/aconitase, putative	4	1.420	1.830	1.810	18
rxn31223	aconitate hydratase, cytoplasmic, putative / citrate hydro-lyase/aconitase, putative	4	1.470	2.020	1.990	18
rxn31226	aconitate hydratase, cytoplasmic, putative / citrate hydro-lyase/aconitase, putative	4	-0.050	-0.200	0.180	16
rxn31240	glucose-6-phosphate isomerase, putative	5	0.000	-0.310	-0.320	16
rxn31248	protein arginine N-methyltransferase family protein	2	14.650	23.230	-23.100	-1
rxn31309	dehydrodolichyl diphosphate synthase / DEDOL-PP synthase (DPS)	2	-157.500	-130.450	-185.270	-1
rxn31313	alpha-D-Glucose 6-phosphate phosphohydrolase	3	7.220	-3.810	-2.960	3
rxn31319	6.3.4.16-RXN.d	6	-16.810	0.270	-0.020	-1
rxn31335	fructose-bisphosphate aldolase, putative	4	-4.310	-5.350	5.310	10
rxn31337	BETA-OHASE 1 (BETA-HYDROXYLASE 1); beta-carotene hydroxylase	1	-43.520	-40.530	-97.770	-1
rxn31339	BETA-OHASE 1 (BETA-HYDROXYLASE 1); beta-carotene hydroxylase	1	-43.520	-40.530	-96.760	-1
rxn31340	BETA-OHASE 1 (BETA-HYDROXYLASE 1); beta-carotene hydroxylase	1	-39.840	-40.530	-96.760	-1
rxn31341	BETA-OHASE 1 (BETA-HYDROXYLASE 1); beta-carotene hydroxylase	1	-39.840	-40.530	-96.760	-1
rxn31342	BETA-OHASE 1 (BETA-HYDROXYLASE 1); beta-carotene hydroxylase	1	-39.840	-40.530	-93.030	-1
rxn31343	BETA-OHASE 1 (BETA-HYDROXYLASE 1); beta-carotene hydroxylase	1	-39.840	-40.530	-93.030	-1
rxn31344	BETA-OHASE 1 (BETA-HYDROXYLASE 1); beta-carotene hydroxylase	1	-39.840	-40.530	-93.030	-1
rxn31355	PSY (PHYTOENE SYNTHASE); geranylgeranyl-diphosphate geranylgeranyltransferase	2	585.490	875.080	-37.190	-1
rxn31360	pyruvate dehydrogenase E1 component alpha subunit, chloroplast	1;2;4	-6.900	-6.990	-7.320	-1
rxn31361	pyruvate dehydrogenase E1 component alpha subunit, chloroplast	1;2;4	-6.900	-6.990	-7.320	-1
rxn31362	aldehyde dehydrogenase, putative (ALDH)	1	-11.930	-11.890	-11.010	35
rxn31363	aldehyde dehydrogenase, putative / antiquitin, putative	1	-11.930	-11.920	-11.600	35
rxn31364	pyruvate decarboxylase, putative	4	3.430	3.070	-3.180	5
rxn31365	pyruvate decarboxylase, putative	4	3.430	3.070	-3.180	5
rxn31366	transketolase, putative	2	1.750	1.400	2.800	-1
rxn31381	CATAL-RXN.d	1	-45.350	-45.860	-46.540	-1
rxn31389	R__S__malate_NAD__oxidoreductase__decarboxylating_	1	1.320	2.940	3.300	-1
rxn31391	GLUTKIN-RXN.d	2	-6.900	6.820	3.070	6
rxn31392	R_Isocitrate_NADP__oxidoreductase__decarboxylating_	1	3.130	1.120	1.430	18
rxn31397	R_methanol_hydrogen_peroxide_oxidoreductase	1	-70.620	-69.490	-70.260	-1
rxn31400	R_Glycolate_NAD__oxidoreductase	1	7.710	10.560	10.740	21
rxn31401	R_L_tyrosine_carboxy_lyase__tyramine_forming_	4	-3.120	-16.870	-11.640	-1
rxn31404	R_salicylate_NADH_oxygen_oxidoreductase__1_hydroxylating__decarboxylating_	1	-95.990	-108.370	-83.300	26
rxn31410	R_sn_Glycero_3_phosphocholine_glycerophosphohydrolase	3	-14.310	-60.830	-6.540	11
rxn31412	R_Butanoyl_CoA_oxygen_2_oxidoreductase	1	11.740	9.500	8.140	-1
rxn31416	R_Palmitoyl_CoA_oxygen_2_oxidoreductase	1	11.740	11.140	5.530	21
rxn31419	R_R01426_p	none	9.430	8.760	7.690	21
rxn31422	R_Lactose_galactohydrolase	3	-3.110	-3.860	1.950	10
rxn31428	R_1H_Imidazole_4_ethanamine_oxygen_oxidoreductase__deaminating___copper_containing_	1	-24.020	-22.250	-20.970	37
rxn31435	R_salicylaldehyde_NAD__oxidoreductase	1	-9.740	-9.080	-13.190	40
rxn31436	R_Sphinganine_NADP__3_oxidoreductase	1	3.790	4.280	2.990	19
rxn31439	R_Octanoyl_CoA_oxygen_2_oxidoreductase	1	11.740	10.660	5.530	21
rxn31441	R_Lauroyl_CoA__acceptor__2_3_oxidoreductase	1	11.740	10.660	5.530	21
rxn31444	R_Tetradecanoyl_CoA__acceptor__2_3_oxidoreductase	1	11.740	10.660	5.530	21
rxn31450	R_Hexanoyl_CoA__acceptor__2_3_oxidoreductase	1	11.740	10.770	5.530	21
rxn31451	R_Decanoyl_CoA__acceptor__2_3_oxidoreductase	1	11.740	10.660	5.530	21
rxn31470	R_4_hydroxybutyryl_CoA_dehydratase	4	1.240	-0.550	-12.270	-1
rxn31473	R_R05488_c	1	-79.160	-89.380	-83.020	-1
rxn31531	R_R07791_c	1	-38.040	-38.360	-93.050	-1
rxn31550	R_UDP_N_acetyl_D_glucosamine_ribostamycin_N_acetyl_D_glucosaminyltransferase	2	-1.700	-3.240	-8.740	29
rxn31746	Quercetin-3-sulfate 3'-sulfotransferase	2	0.650	-69.550	-9.050	-1
rxn31747	Hydroxyisourate hydrolase	3	2.130	38.130	-1.850	-1
rxn31750	Prephenate dehydrogenase (NADP+)	1	-16.120	-2.550	20.260	-1
rxn31751	GDP-mannose 3,5-epimerase	5	0.000	0.400	0.420	16
rxn31753	GDP-mannose 3,5-epimerase	5	0.000	0.400	0.420	16
rxn31755	Enoyl-CoA hydratase	4	-1.600	0.880	-8.140	-1
rxn31757	(R)-2,3-Dihydroxy-3-methylbutanoate:NADP+ oxidoreductase	1	6.250	4.430	4.570	19
rxn31758	Acetate--CoA ligase (ADP-forming)	6	0.480	1.140	0.850	-1
rxn31760	(R)-2,3-Dihydroxy-3-methylbutanoate:NADP+ oxidoreductase	1	6.250	4.430	4.570	19
rxn31763	Retinal:oxygen oxidoreductase	1	-41.480	-41.480	-30.800	-1
rxn31765	Retinal:oxygen oxidoreductase	1	-41.480	-41.480	-30.800	-1
rxn31766	Xanthine dehydrogenase	1	7.740	4.160	-1.730	5
rxn31767	Xanthine dehydrogenase	1	7.740	4.160	-1.730	5
rxn31768	OPPSYN-RXN.r.plantexp.ALL-TRANS-HEPTAPRENYL-DIPHOSPHATE_OCTAPRENYL-DIPHOSPHATE	2	-22.500	-18.640	22.440	10
rxn31769	OPPSYN-RXN.d.plantexp.ALL-TRANS-HEPTAPRENYL-DIPHOSPHATE_OCTAPRENYL-DIPHOSPHATE	2	-22.500	-18.640	22.440	10
rxn31772	3-O-alpha-D-Galactosyl-1D-myo-inositol galactohydrolase;	3	-3.110	-2.010	-2.170	33
rxn31773	Tryptamine:oxygen oxidoreductase(deaminating)	1	-24.020	-22.330	-27.800	-1
rxn31776	Xanthine dehydrogenase	1	7.740	4.160	-1.730	5
rxn31777	Cholinephosphate cytidylyltransferase	2	1.070	1.050	-0.300	-1
rxn31778	Aldose 1-epimerase	5	0.000	0.000	-0.320	16
rxn31779	Xanthine dehydrogenase	1	7.740	4.160	-1.730	5
rxn31783	(R)-2,3-Dihydroxy-3-methylbutanoate:NADP+ oxidoreductase	1	6.250	4.430	4.570	19
rxn31784	D-alanine--D-alanine ligase	6	-6.320	-6.150	-1.450	-1
rxn31785	Glycolaldehyde dehydrogenase	1	-9.740	-14.560	-13.740	-1
rxn31786	Glycerol-3-phosphate dehydrogenase (NAD(P)+)-(NADP)	1	3.790	6.120	5.750	19
rxn31789	RXN-1121	1	-95.860	-105.790	-81.800	26
rxn31790	Thiamin diphosphate phosphohydrolase	3	-16.280	4.710	-6.090	1
rxn31792	(S)-2-Aceto-2-hydroxybutanoate pyruvate-lyase (carboxylating)	2	-3.660	1.940	0.470	-1
rxn31796	RXN-4315	none	-0.730	0.970	-7.310	-1
rxn31797	D-glucosamine:oxygen 1-oxidoreductase	1	-39.160	-40.010	-40.240	34
rxn31799	D-glucosamine:oxygen 1-oxidoreductase	1	-39.160	-40.010	-40.240	34
rxn31801	Phosphoglycerate dehydrogenase	1	6.250	8.110	8.490	19
rxn31803	Nicotinamide-nucleotide adenylyltransferase	2	1.070	-0.700	-0.170	12
rxn31807	-	4	-0.130	-2.540	-1.930	16
rxn31808	-	4	-0.130	-2.540	-1.930	16
rxn31815	Nicotinamide-nucleotide adenylyltransferase	2	1.070	-0.700	-0.170	12
rxn31816	Nicotinamide-nucleotide adenylyltransferase	2	1.070	-0.700	-0.170	12
rxn31834	5-amino-6-(5-phosphoribitylamino)uracil phosphatase	3	7.220	-3.330	-2.930	3
rxn31836	RXN-13721.m	3	-5.720	-6.500	-2.030	-1
rxn31837	trans-Dodec-2-enoyl-CoA reductase	1	-16.580	-14.130	9.370	10
rxn31838	RXN-13721.x	3	-5.720	-6.500	-2.030	-1
rxn31839	3-hydroxy-2-methylbutyryl-CoA dehydrogenase	1	3.790	4.460	4.990	19
rxn31841	trans-Dodec-2-enoyl-CoA reductase	1	-16.580	-14.130	9.370	10
rxn31847	dADP phosphotransferase	2	0.000	0.570	0.000	16
rxn31851	L-Fuculose-1-phosphate lactaldehyde-lyase	4	2.560	4.720	4.710	19
rxn31853	2-Amino-3-mercaptopropionic acid racemase;	5	0.000	-2.190	-3.160	16
rxn31854	2-Amino-3-mercaptopropionic acid racemase;	5	0.000	-2.190	-3.160	16
rxn31855	2-Amino-3-mercaptopropionic acid racemase;	5	0.000	-2.190	-3.160	16
rxn31857	(2S,3R)-3-hydroxybutane-1,2,3-tricarboxylate pyruvate-lyase	4	4.980	1.420	4.960	-1
rxn31860	tryptamine,NADPH:oxygen oxidoreductase (N-hydroxylating)	1	-90.630	-55.150	-57.710	-1
rxn31863	3-alpha (17-beta)-hydroxysteroid dehydrogenase (NAD+)	1	2.330	0.540	0.850	-1
rxn31864	tryptamine,NADPH:oxygen oxidoreductase (N-hydroxylating)	1	-90.630	-55.150	-57.710	-1
rxn31866	(2S,3R)-3-hydroxybutane-1,2,3-tricarboxylate pyruvate-lyase	4	4.980	1.420	4.960	-1
rxn31868	Sedoheptulose 1,7-bisphosphate D-glyceraldehyde-3-phosphate-lyase	4	-2.560	-4.980	3.910	10
rxn31869	sphingosine-1-phosphate palmitaldehyde-lyase	4	1.010	0.240	6.370	-1
rxn31870	5,10-methylenetetrahydrofolate reductase (FADH)-(NADP)	1	-3.820	-10.370	8.850	10
rxn31878	3-alpha (17-beta)-hydroxysteroid dehydrogenase (NAD+)	1	2.330	0.540	0.850	-1
rxn31882	Hypoxanthine:oxygen oxidoreductase	1	-19.030	-27.880	-30.760	-1
rxn31885	2-Oxoglutaramate amidohydrolase	3	-4.720	-0.770	-3.070	-1
rxn31886	Methylenetetrahydrofolate dehydrogenase (NAD+)	1	1.950	2.130	2.410	18
rxn31888	Adenosine deaminase	3	-8.510	-5.510	-5.650	38
rxn31891	alcohol:NAD+ oxidoreductase	1	3.700	4.940	4.990	19
rxn31892	L-Gulono-1,4-lactone:NADP+ 1-oxidoreductase	1	5.250	4.910	2.610	19
rxn31893	L-Gulono-1,4-lactone:NADP+ 1-oxidoreductase	1	5.250	4.910	2.610	19
rxn31894	Succinate-semialdehyde dehydrogenase	1	-9.740	-8.730	-5.610	41
rxn31895	3-aminopropanal:NAD+ oxidoreductase	1	-9.740	-9.720	-5.470	41
rxn31896	Xylose isomerase	5	-0.890	-0.110	0.830	-1
rxn31899	Xylose isomerase	5	-0.890	-0.110	0.830	-1
rxn31901	Indole-3-acetaldehyde:NAD+ oxidoreductase	1	-9.740	-9.120	-3.470	39
rxn31904	Mannose-6-phosphate 6-reductase	1	2.930	3.540	2.120	19
rxn31917	dCMP aminohydrolase	3	-5.170	-5.820	-3.880	-1
rxn31919	Sucrose-phosphatase	3	7.220	-4.270	-4.250	3
rxn31920	(S)-Methylmalonate semialdehyde:oxygen oxidoreductase	1	-41.480	-41.230	33.220	-1
rxn31921	Mannose-6-phosphate 6-reductase	1	2.930	3.540	2.120	19
rxn31922	(S)-Methylmalonate semialdehyde:oxygen oxidoreductase	1	-41.480	-41.230	33.220	-1
rxn31923	Formate--tetrahydrofolate ligase	6	-0.870	-1.450	-1.330	-1
rxn31924	Dihydropyrimidinase	3	-7.050	-1.980	-1.890	-1
rxn31928	(S)-Methylmalonate semialdehyde:oxygen oxidoreductase	1	-41.480	-41.230	33.220	-1
rxn31929	acyl-coenzyme A ligase	6	-21.520	-2.560	-0.980	-1
rxn31931	(S)-Methylmalonate semialdehyde:oxygen oxidoreductase	1	-41.480	-41.230	33.220	-1
rxn31932	Palmitate:CoA ligase (AMP-forming)	6	-21.520	-2.560	-0.980	-1
rxn31934	ATP:D-glucosamine 6-phosphotransferase	2	-14.000	-1.990	-2.910	32
rxn31936	ATP:D-glucosamine 6-phosphotransferase	2	-14.000	-1.990	-2.910	32
rxn31938	Adenosine deaminase	3	-8.510	-5.510	-5.650	38
rxn31940	Adenosine deaminase	3	-8.510	-5.510	-5.650	38
rxn31942	Adenosine deaminase	3	-8.510	-5.510	-5.650	38
rxn31944	Nicotinate phosphoribosyltransferase	2	9.600	1.840	6.900	-1
rxn31945	Nicotinate-nucleotide adenylyltransferase	2	1.070	-5.950	-0.280	-1
rxn31946	Nicotinate phosphoribosyltransferase	2	9.600	1.840	6.900	-1
rxn31947	NADP+ oxidoreductase (CoA-feruloylating)	1	4.020	1.450	2.650	-1
rxn31950	ATP:D-arabinose 5-phosphotransferase	2	-13.480	-5.310	-3.640	32
rxn31951	ATP:D-arabinose 5-phosphotransferase	2	-13.480	-5.310	-3.640	32
rxn31952	NADP+ oxidoreductase (CoA-feruloylating)	1	4.020	1.450	2.650	-1
rxn31954	Raffinose fructohydrolase	3	-3.110	-2.490	-5.390	-1
rxn31955	ATP:D-arabinose 5-phosphotransferase	2	-13.480	-5.310	-3.640	32
rxn31960	1.4.3.5 (plastidal)	1	-25.570	-23.120	-23.300	37
rxn31965	5'-nucleotidase	3	7.220	-3.540	-2.970	3
rxn31971	5'-nucleotidase	3	7.220	-3.540	-2.970	3
rxn31973	5'-nucleotidase	3	7.220	-3.540	-2.970	3
rxn31975	Ornithine decarboxylase	4	-3.120	-7.060	-6.750	31
rxn31977	Ornithine decarboxylase	4	-3.120	-7.060	-6.750	31
rxn31978	Trichloroethanol, NADPH:oxygen oxidoreductase (RH-hydroxylating or -epoxidizing)	1	-128.100	-128.490	-218.710	-1
rxn31980	(R)-2,3-Dihydroxy-3-methylpentanoate:NADP+ oxidoreductase	1	6.250	4.430	4.570	19
rxn31981	(R)-2,3-Dihydroxy-3-methylpentanoate:NADP+ oxidoreductase	1	6.250	4.430	4.570	19
rxn31982	(R)-2,3-Dihydroxy-3-methylpentanoate:NADP+ oxidoreductase	1	6.250	4.430	4.570	19
rxn31983	Hydroxyethylthiazole kinase	2	-14.000	-3.820	-4.230	32
rxn31984	S-Adenosyl-L-methionine:phosphodimethylethanolamine N-methyltransferase	2	23.270	-3.400	0.990	-1
rxn31987	Dihydroxyphenylalanine aminotransferase	2	-0.000	-1.880	0.020	-1
rxn31988	Arginase	3	-3.900	-8.110	-6.860	-1
rxn31990	p-coumaroyl-CoA:quinate hydroxycinnamoyltransferase	2	-3.610	-0.190	5.600	-1
rxn31993	N-Acetylputrescine:oxygen	1	-24.020	-22.300	-21.200	37
rxn31994	-	2	-8.890	-10.350	-10.160	40
rxn31996	p-coumaroyl-CoA:quinate hydroxycinnamoyltransferase	2	-3.610	-0.190	5.600	-1
rxn31997	N-Acetylputrescine:oxygen	1	-24.020	-22.300	-21.200	37
rxn31998	Propionyladenylate:CoA propionyltransferase	6	34.090	280.960	-17.510	-1
rxn32001	-	5	10.980	15.670	1.890	-1
rxn32002	-	5	10.980	15.670	1.890	-1
rxn32003	GTP phosphohydrolase	3	-6.780	-5.870	-6.400	43
rxn32004	3.6.5.1-RXN.r	3	-6.780	-5.870	-6.400	43
rxn32006	3.6.5.3-RXN.m	3	-6.780	-5.870	-6.400	43
rxn32015	S-(hydroxymethyl)glutathione synthase	4	-3.110	-2.580	3.650	10
rxn32019	UTP:ammonia ligase (ADP-forming)	6	-1.610	-1.030	-2.060	-1
rxn32021	LUMAZINESYN-RXN.d	2	-3.670	-23.880	-55.340	-1
rxn32022	-	none	12.440	15.440	14.950	22
rxn32023	-	none	12.440	15.440	14.950	22
rxn32025	S-Adenosyl-L-methionine:zymosterol C-methyltransferase	2	-19.830	-2.680	7.100	-1
rxn32026	trans-cinnamate,NADPH:oxygen oxidoreductase (4-hydroxylating)	1	-95.860	-105.840	-95.920	25
rxn32027	D-arabinose-5-phosphate aldose-ketose-isomerase	5	1.460	-0.590	0.840	-1
rxn32028	D-arabinose-5-phosphate aldose-ketose-isomerase	5	1.460	-0.590	0.840	-1
rxn32044	D-arabinose-5-phosphate aldose-ketose-isomerase	5	1.460	-0.590	0.840	-1
rxn32045	NADP+ 2'-phosphohydrolase	3	7.220	-4.140	-3.550	3
rxn32048	Proline dehydrogenase	1	-15.300	1.110	8.550	6
rxn32049	-	4	0.750	4.330	4.380	-1
rxn32050	-	4	0.750	4.330	4.380	-1
rxn32052	5-methyltetrahydrofolate--homocysteine S-methyltransferase	2	-6.410	0.030	-9.070	-1
rxn32053	L-aspartate oxidase	1	-23.020	-22.250	-22.270	37
rxn32058	UTP:ammonia ligase (ADP-forming)	6	-1.610	-1.030	-2.060	-1
rxn32060	(S)-2-Acetolactate pyruvate-lyase (carboxylating)	2	-3.660	-0.150	3.810	-1
rxn32062	dATP:D-glucosamine 6-phosphotransferase	2	-14.000	-2.560	-2.910	32
rxn32064	RXN-6383.x	4	-0.310	-0.550	-5.040	-1
rxn32065	dATP:D-glucosamine 6-phosphotransferase	2	-14.000	-2.560	-2.910	32
rxn32066	acetyl-phosphate:sulfite S-acetyltransferase (acyl-phosphate	2	-13.300	57.010	-57.880	-1
rxn32068	RXN-4314	none	7.220	-3.660	-2.970	3
rxn32069	UTP:1-Phospho-alpha-D-galacturonate uridylyltransferase	2	-1.070	2.560	6.790	-1
rxn32070	acetyl-phosphate:sulfite S-acetyltransferase (acyl-phosphate	2	-13.300	57.010	-57.880	-1
rxn32071	UTP:1-Phospho-alpha-D-galacturonate uridylyltransferase	2	-1.070	2.560	6.790	-1
rxn32072	UTP:1-Phospho-alpha-D-galacturonate uridylyltransferase	2	-1.070	2.560	6.790	-1
rxn32073	acetyl-phosphate:sulfite S-acetyltransferase (acyl-phosphate	2	-13.300	57.010	-57.880	-1
rxn32074	Retinol dehydrogenase	1	3.700	2.610	2.720	19
rxn32076	3-deoxy-manno-octulosonate-8-phosphatase	3	9.870	-3.780	-3.880	3
rxn32078	UTP:1-Phospho-alpha-D-galacturonate uridylyltransferase	2	-1.070	2.560	6.790	-1
rxn32079	sn-Glycero-3-phosphocholine cholinephosphohydrolase	3	-14.310	-61.910	-8.250	11
rxn32084	6-phytase	3	7.220	1.850	7.330	-1
rxn32086	trans-Dec-2-enoyl-CoA reductase	1	-16.580	-14.130	9.370	10
rxn32091	(2R,3S)-3-methylmalate:NAD+ oxidoreductase	1	3.130	-0.600	2.280	-1
rxn32093	trans-Dec-2-enoyl-CoA reductase	1	-16.580	-14.130	9.370	10
rxn32095	UMP kinase	2	9.500	-0.280	-0.790	4
rxn32099	3-hydroxyisobutyrate dehydrogenase	1	5.250	5.030	5.110	19
rxn32100	3-hydroxyisobutyrate dehydrogenase	1	5.250	5.030	5.110	19
rxn32102	Cystathionine beta-synthase	4	-5.680	-7.350	-5.000	-1
rxn32103	RXN-718	none	12.440	15.440	15.060	22
rxn32104	Thiamin hydrolase	3	-3.640	12.270	-4.470	-1
rxn32105	2-dehydro-3-deoxyphosphoheptonate aldolase	2;4	-2.640	-17.830	-17.870	20
rxn32107	Succinyl-CoA hydrolase	3	-5.720	-6.120	-6.500	42
rxn32108	N-Formimino-L-aspartate iminohydrolase	3	2.820	-6.580	14.150	2
rxn32110	N-Formimino-L-aspartate iminohydrolase	3	2.820	-6.580	14.150	2
rxn32111	N-Formimino-L-aspartate iminohydrolase	3	2.820	-6.580	14.150	2
rxn32112	L-Cysteine:2-oxoglutarate aminotransferase	2	-3.940	-3.930	-0.850	-1
rxn32113	D-Glucuronolactone:NAD+ oxidoreductase	1	-15.440	-14.630	-13.320	-1
rxn32114	Xylulokinase	2	-14.050	-1.840	-5.120	32
rxn32116	L-Cysteine:2-oxoglutarate aminotransferase	2	-3.940	-3.930	-0.850	-1
rxn32117	D-Glucuronolactone:NAD+ oxidoreductase	1	-15.440	-14.630	-13.320	-1
rxn32118	L-Cysteine:2-oxoglutarate aminotransferase	2	-3.940	-3.930	-0.850	-1
rxn32119	cellobiose glucohydrolase	3	-3.110	-3.490	-2.880	-1
rxn32122	Xylulokinase	2	-14.050	-1.840	-5.120	32
rxn32127	Mannitol dehydrogenase	1	2.930	3.040	3.520	19
rxn32130	2-coumarate O-beta-glucosyltransferase	2	-1.700	-12.280	-10.430	20
rxn32131	2-coumarate O-beta-glucosyltransferase	2	-1.700	-12.280	-10.430	20
rxn32132	Adenosylmethionine decarboxylase	4	-3.120	-5.480	-8.150	31
rxn32133	Glutathione reductase (NADPH)	1	4.940	-3.690	4.110	2
rxn32139	D-Glyceraldehyde:NAD+ oxidoreductase	1	-9.740	-12.250	-8.410	-1
rxn32143	Inosine 5'-triphosphate pyrophosphohydrolase	3	-27.240	-3.370	-8.320	-1
rxn32148	Inosine 5'-triphosphate pyrophosphohydrolase	3	-27.240	-3.370	-8.320	-1
rxn32154	Succinyl-CoA hydrolase	3	-5.720	-6.120	-6.500	42
rxn32155	Propanoyl-CoA:(acceptor) 2,3-oxidoreductase	1	-11.080	-10.530	6.760	10
rxn32159	dTTP:alpha-D-galactose-1-phosphate thymidylyltransferase	2	1.070	-0.100	-1.020	-1
rxn32164	Citrullinase	3	2.670	-6.190	-5.860	-1
rxn32165	Guanylate kinase	2	9.500	-0.090	-0.610	4
rxn32166	nitrate reductase (NADH)	1	-25.250	-34.340	35.330	-1
rxn32167	Isocitrate:NADP+ oxidoreductase	1	6.250	4.450	5.080	19
rxn32168	Guanylate kinase	2	9.500	-0.090	-0.610	4
rxn32170	N-hydroxyl-tryptamine oxidoreductase	2	-2.220	-80.660	-27.970	-1
rxn32171	Isocitrate:NADP+ oxidoreductase	1	6.250	4.450	5.080	19
rxn32173	N-hydroxyl-tryptamine oxidoreductase	2	-2.220	-80.660	-27.970	-1
rxn32175	Guanylate kinase	2	9.500	-0.090	-0.610	4
rxn32176	Guanylate kinase	2	9.500	-0.090	-0.610	4
rxn32178	dTTP:alpha-D-galactose-1-phosphate thymidylyltransferase	2	1.070	-0.100	-1.020	-1
rxn32185	Phenylalanine ammonia-lyase	4	-0.190	-0.880	-0.800	16
rxn32187	Phenylalanine ammonia-lyase	4	-0.190	-0.880	-0.800	16
rxn32189	Phenylalanine ammonia-lyase	4	-0.190	-0.880	-0.800	16
rxn32191	Formyltetrahydrofolate deformylase	3	-5.910	-5.090	-5.060	-1
rxn32193	Phenylalanine ammonia-lyase	4	-0.190	-0.880	-0.800	16
rxn32194	Formyltetrahydrofolate hydrolase	3	-5.910	-5.090	-5.060	-1
rxn32195	Succinate-semialdehyde dehydrogenase (NAD(P)+)	1	-9.740	-8.760	-6.190	41
rxn32196	(R)-2-Methylmalate hydro-lyase	4	1.470	2.240	2.140	18
rxn32198	Mannitol-1-phosphatase	3	7.220	-2.880	-2.960	3
rxn32200	Mannitol dehydrogenase	1	2.930	3.040	3.520	19
rxn32203	Deoxyadenosine aminohydrolase	3	-8.510	-5.220	-5.650	38
rxn32204	Deoxyadenosine aminohydrolase	3	-8.510	-5.220	-5.650	38
rxn32205	-	4	-14.210	-9.070	-18.340	-1
rxn32209	trans-Hex-2-enoyl-CoA reductase	1	-16.580	-14.080	-9.370	-1
rxn32210	trans-Hex-2-enoyl-CoA reductase	1	-16.580	-14.080	-9.370	-1
rxn32213	Arginine decarboxylase	4	-3.120	-1.170	-6.750	-1
rxn32216	NAD(+) synthetase	6	-22.520	-4.360	0.080	-1
rxn32218	6-Deoxocathasterone:brassinosteroid C23alpha-hydroxylase	1	-79.650	-79.720	-77.940	23
rxn32219	6-Deoxocathasterone:brassinosteroid C23alpha-hydroxylase	1	-79.650	-79.720	-77.940	23
rxn32222	Mannitol-1-phosphatase	3	7.220	-2.880	-2.960	3
rxn32226	Thiamine pyrophosphokinase	2	-14.000	-0.880	-3.280	-1
rxn32227	Asparagine synthase (glutamine-hydrolysing)	6	-27.240	-8.210	-7.170	30
rxn32228	5-formyltetrahydrofolate cyclo-ligase	6	-8.190	-17.380	-13.900	-1
rxn32229	Beta-alanine--pyruvate aminotransferase	2	1.000	0.880	0.940	-1
rxn32232	D-Glucarate hydro-lyase	4	-8.170	-9.800	-10.430	40
rxn32233	-	2	-5.720	-6.460	-11.090	-1
rxn32234	Beta-alanine--pyruvate aminotransferase	2	1.000	0.880	0.940	-1
rxn32235	D-Glucarate hydro-lyase	4	-8.170	-9.800	-10.430	40
rxn32238	L-erythro-4-Hydroxyglutamate:2-oxoglutarate aminotransferase	2	0.000	-2.250	-0.760	16
rxn32242	chorismate pyruvate-lyase (amino-accepting; anthranilate-forming)	4	-39.410	-21.980	-12.900	-1
rxn32244	D-Glucarate hydro-lyase	4	-8.170	-9.800	-10.430	40
rxn32246	RXN0-363	3	10.370	-0.780	-2.330	-1
rxn32247	AMP deaminase	3	-8.510	-7.700	-5.650	-1
rxn32248	dUTP pyrophosphatase	3	-27.240	-8.900	-7.990	30
rxn32249	-	2	0.000	2.480	2.690	-1
rxn32251	AMP deaminase	3	-8.510	-7.700	-5.650	-1
rxn32252	L-erythro-4-Hydroxyglutamate:2-oxoglutarate aminotransferase	2	0.000	-2.250	-0.760	16
rxn32253	L-erythro-4-Hydroxyglutamate:2-oxoglutarate aminotransferase	2	0.000	-2.250	-0.760	16
rxn32255	Glycolate:oxygen 2-oxidoreductase	1	-24.030	-21.090	-21.460	37
rxn32257	dUTP pyrophosphatase	3	-27.240	-8.900	-7.990	30
rxn32258	-	3	1.560	4.430	-10.060	-1
rxn32259	dTDP-4-dehydrorhamnose reductase	1	-2.330	0.290	7.420	-1
rxn32262	-	3	1.560	4.430	-10.060	-1
rxn32265	RXN-4313	none	7.220	-3.660	-2.970	3
rxn32266	L-1-Pyrroline-3-hydroxy-5-carboxylate:NADP+ oxidoreductase	1	6.080	1.110	8.360	-1
rxn32270	L-1-Pyrroline-3-hydroxy-5-carboxylate:NADP+ oxidoreductase	1	6.080	1.110	8.360	-1
rxn32271	Ketol-acid reductoisomerase	1	-3.790	-4.430	-1.900	-1
rxn32287	GTP-CYCLOHYDRO-II-RXN.d	3	-23.210	-17.990	-4.370	-1
rxn32289	Xanthine:oxygen oxidoreductase	1	-24.000	-27.490	-33.930	-1
rxn32290	Xanthine:oxygen oxidoreductase	1	-24.000	-27.490	-33.930	-1
rxn32291	-	3	1.560	4.430	-10.060	-1
rxn32292	-	1	-12.560	-2.040	-12.760	-1
rxn32297	Phosphoenolpyruvate carboxykinase (pyrophosphate)	4	1.140	4.940	5.120	-1
rxn32299	Phosphoenolpyruvate carboxykinase (pyrophosphate)	4	1.140	4.940	5.120	-1
rxn32303	Phosphoenolpyruvate carboxykinase (pyrophosphate)	4	1.140	4.940	5.120	-1
rxn32305	5-formyluracil,2-oxoglutarate:oxygen oxidoreductase	1	-150.000	-130.790	-134.250	-1
rxn32307	Glycine aminotransferase	2	1.460	2.040	2.850	-1
rxn32308	dCDP phosphotransferase	2	-0.000	0.990	0.010	16
rxn32309	-	1	-17.570	-13.350	0.120	-1
rxn32311	Glucuronokinase	2	-14.000	-1.410	-2.510	-1
rxn32312	S-(hydroxymethyl)glutathione:NADP+ oxidoreductase	1	-6.050	-7.040	5.540	10
rxn32319	Serine racemase	5	0.000	-0.340	1.070	-1
rxn32321	Bis(5'-nucleosyl)-tetraphosphatase (asymmetrical)	3	18.810	11.110	-8.790	-1
rxn32324	Bis(5'-nucleosyl)-tetraphosphatase (asymmetrical)	3	18.810	11.110	-8.790	-1
rxn32325	2'-Deoxyguanosine 5'-monophosphate phosphohydrolase	3	7.220	-3.440	-3.000	3
rxn32327	Phosphoethanolamine N-methyltransferase	2	-10.430	2.380	6.190	6
rxn32329	2-Aminobenzoate carboxy-lyase	4	-0.130	-2.540	-4.330	-1
rxn32330	2-Aminobenzoate carboxy-lyase	4	-0.130	-2.540	-4.330	-1
rxn32333	-	1	13.290	10.660	-3.540	5
rxn32343	Cysteine synthase	2	0.520	-12.290	-12.060	-1
rxn32344	L-histidine carboxy-lyase (histamine-forming)	4	-3.120	-6.460	-8.690	31
rxn32345	O-acetyl-L-homoserine:methanethiol	2;4	-9.330	-13.850	-23.200	-1
rxn32347	L-histidine carboxy-lyase (histamine-forming)	4	-3.120	-6.460	-8.690	31
rxn32349	Glucose-1-phosphate guanylyltransferase	2	1.070	-2.780	0.510	-1
rxn32350	Citrullinase	3	2.670	-6.190	-5.860	-1
rxn32351	Glucose-1-phosphate guanylyltransferase	2	1.070	-2.780	0.510	-1
rxn32352	Glucose-1-phosphate guanylyltransferase	2	1.070	-2.780	0.510	-1
rxn32355	Glucose-1-phosphate guanylyltransferase	2	1.070	-2.780	0.510	-1
rxn32357	-	2	-1.630	15.210	7.280	-1
rxn32358	Ethanolamine kinase	2	-14.000	-5.420	-4.310	32
rxn32364	3-hydroxybutyryl-CoA dehydrogenase	1	3.790	4.010	3.810	19
rxn32365	KDO-8PSYNTH-RXN.d	2;4	-5.290	-15.900	19.370	-1
rxn32367	Glucosamine--fructose-6-phosphate aminotransferase (isomerizing)	2	-6.300	-4.600	-3.320	-1
rxn32369	Glucosamine--fructose-6-phosphate aminotransferase (isomerizing)	2	-6.300	-4.600	-3.320	-1
rxn32371	Glucosamine--fructose-6-phosphate aminotransferase (isomerizing)	2	-6.300	-4.600	-3.320	-1
rxn32376	di-trans,poly-cis-Decaprenyl-diphosphate:isopentenyl-diphosphate	2	-157.500	-130.450	-185.270	-1
rxn32378	2'-Deoxyguanosine 5'-monophosphate phosphohydrolase	3	7.220	-3.440	-3.000	3
rxn32380	diphosphate 5-phospho-alpha-D-ribosyltransferase	2	-12.510	-7.080	5.930	10
rxn32381	Nitrate reductase (NADPH)	1	-25.250	-34.310	34.740	-1
rxn32382	diphosphate 5-phospho-alpha-D-ribosyltransferase	2	-12.510	-7.080	5.930	10
rxn32383	diphosphate 5-phospho-alpha-D-ribosyltransferase	2	-12.510	-7.080	5.930	10
rxn32384	alpha-D-Glucose aldose-ketose-isomerase	5	-0.890	-0.110	-4.620	-1
rxn32385	diphosphate 5-phospho-alpha-D-ribosyltransferase	2	-12.510	-7.080	5.930	10
rxn32386	diphosphate 5-phospho-alpha-D-ribosyltransferase	2	-12.510	-7.080	5.930	10
rxn32387	alpha-D-Glucose aldose-ketose-isomerase	5	-0.890	-0.110	-4.620	-1
rxn32388	Citrate (si)-synthase	2;4	-8.890	-8.580	8.330	10
rxn32389	2-phenylacetamide amidohydrolase	3	7.310	11.510	-5.180	-1
rxn32395	Sphinganine kinase	2	-14.000	-2.180	-3.410	32
rxn32399	GDP-L-fucose synthase	1	-2.330	0.290	5.720	-1
rxn32406	Galactokinase	2	-14.000	-2.000	-5.740	32
rxn32409	Galactokinase	2	-14.000	-2.000	-5.740	32
rxn32411	(S)-2-Acetolactate methylmutase	1;5	2.460	0.000	6.690	14
rxn32413	ATP:acetate adenylyltransferase	6	2.260	281.470	13.940	-1
rxn32416	N-Acetylputrescine acetylhydrolase	3	2.000	2.420	-6.550	5
rxn32417	N-Acetylputrescine acetylhydrolase	3	2.000	2.420	-6.550	5
rxn32418	Farnesyl-diphosphate farnesyltransferase	2	-48.950	-40.140	-43.020	-1
rxn32419	N-Acetylputrescine acetylhydrolase	3	2.000	2.420	-6.550	5
rxn32421	Phosphoenolpyruvate carboxylase	4	3.040	-9.010	8.940	2
rxn32424	RIBOFLAVINKIN-RXN.d	2	-14.000	-2.120	-1.230	-1
rxn32434	5,6,7,8-Tetrahydrofolate:NAD+ oxidoreductase	1	13.680	-5.240	7.110	-1
rxn32446	Phosphoglucosamine mutase	5	0.000	0.640	-0.660	-1
rxn32450	Phosphoglucosamine mutase	5	0.000	0.640	-0.660	-1
rxn32460	Chorismate synthase	4	-3.890	-10.950	-15.410	-1
rxn32462	1,2-dihydroxy-5-(methylthio)pent-1-en-3-one:oxygen oxidoreductase	1	-121.640	-121.170	-114.770	-1
rxn32470	ATP:dAMP phosphotransferase	2	9.500	0.660	-0.640	4
rxn32471	Methylglutaconyl-CoA hydratase	4	3.020	0.100	-13.080	-1
rxn32473	ATP:dAMP phosphotransferase	2	9.500	0.660	-0.640	4
rxn32477	dCTP deaminase	3	-5.170	-7.150	-4.260	-1
rxn32478	dCTP deaminase	3	-5.170	-7.150	-4.260	-1
rxn32479	Glutamate-5-semialdehyde dehydrogenase	1	9.860	-2.570	3.580	2
rxn32481	dCTP deaminase	3	-5.170	-7.150	-4.260	-1
rxn32483	4-hydroxyphenylpyruvate dioxygenase	1	-109.720	-131.320	-98.790	-1
rxn32484	ATP:D-mannose 6-phosphotransferase	2	-14.000	-3.130	-4.260	32
rxn32486	4-HYDROXYPHENYLPYRUVATE-DIOXYGENASE-RXN.d	1	-109.720	-131.320	-98.790	-1
rxn32487	Inorganic pyrophosphatase	3	4.180	-4.070	-3.820	3
rxn32488	ATP:D-mannose 6-phosphotransferase	2	-14.000	-3.130	-4.260	32
rxn32490	S-Adenosyl-L-methionine:methylethanolamine phosphate N-methyltransferase	2	-13.080	-3.080	3.370	7
rxn32492	UTP:D-Tagatose 6-phosphate 1-phosphotransferase	2	-14.000	-4.440	-3.550	32
rxn32497	N2-succinyl-L-ornithine:2-oxoglutarate 5-aminotransferase	2	-1.000	-0.160	5.000	13
rxn32500	(S)-2-Acetolactate methylmutase	1;5	2.460	0.000	6.690	14
rxn32508	-	none	-28.450	65.900	5.310	-1
rxn32509	N-hydroxy-L-tyrosine,NADPH:oxygen oxidoreductase (N-hydroxylating)	1	-83.980	-56.890	-58.320	-1
rxn32511	5-O-caffeoylshikimic acid:shikimate hydroxycinnamoyltransferase	2;3	3.610	4.380	-3.540	5
rxn32512	5-O-caffeoylshikimic acid:shikimate hydroxycinnamoyltransferase	2;3	3.610	4.380	-3.540	5
rxn32513	5-O-caffeoylshikimic acid:shikimate hydroxycinnamoyltransferase	2;3	3.610	4.380	-3.540	5
rxn32515	Imidazole acetaldehyde:NAD+ oxidoreductase	1	-9.740	-9.040	-2.920	39
rxn32516	Imidazole acetaldehyde:NAD+ oxidoreductase	1	-9.740	-9.040	-2.920	39
rxn32529	Cholesterol:NAD+ delta7-oxidoreductase	1	-10.330	-4.150	10.360	-1
rxn32531	Hydroxypyruvate reductase-(NADP)	1	6.250	7.430	6.940	19
rxn32533	Fucose-1-phosphate guanylyltransferase	2	1.070	-1.700	-0.400	12
rxn32534	RXN-4312	none	-16.280	-7.460	-5.750	32
rxn32536	Fucose-1-phosphate guanylyltransferase	2	1.070	-1.700	-0.400	12
rxn32541	-	none	15.830	10.260	15.560	-1
rxn32543	5-hydroxymethyluracil,2-oxoglutarate:oxygen oxidoreductase	1	-99.890	-117.230	-121.570	-1
rxn32545	Homogentisate 1,2-dioxygenase	1	-81.840	-62.380	-108.130	-1
rxn32550	myo-inositol-1-phosphate synthase	5	-1.680	-15.870	-16.100	20
rxn32553	2,3-Dihydroxy-3-methylbutanoate hydro-lyase	4	-6.750	-8.830	-12.320	40
rxn32554	Quercetin-3,3'-bissulfate 7-sulfotransferase	2	-27.850	-69.290	-8.970	11
rxn32556	THYMIDYLATESYN-RXN.m	2	-30.180	-10.790	-7.600	30
rxn32557	Alanine--glyoxylate aminotransferase	2	-1.460	-2.000	-2.690	-1
rxn32558	Estradiol 17 beta-dehydrogenase-(NAD)	1	2.330	1.090	0.850	-1
rxn32559	3-DEHYDROQUINATE-SYNTHASE-RXN.d	4	-7.400	-35.980	-23.680	-1
rxn32560	Glucuronate reductase	1	2.930	3.790	8.130	19
rxn32562	Estradiol 17 beta-dehydrogenase-(NAD)	1	2.330	1.090	0.850	-1
rxn32567	dCTP deaminase	3	-5.170	-7.150	-4.260	-1
rxn32569	UDP-D-xylose 4-epimerase	5	0.000	-0.020	-0.030	16
rxn32571	ITP:D-Tagatose 6-phosphate 1-phosphotransferase	2	-14.000	-4.710	-3.770	32
rxn32572	Homogentisate 1,2-dioxygenase	1	-81.840	-62.380	-108.130	-1
rxn32573	5-hydroxymethyluracil,2-oxoglutarate:oxygen oxidoreductase	1	-99.890	-117.230	-121.570	-1
rxn32580	NAD(P)(+) transhydrogenase (B-specific)	1	0.000	0.030	0.580	16
rxn32581	Riboflavin-5-phosphate phosphohydrolase (acid optimum)	3	7.220	-4.040	-5.170	3
rxn32587	isocitrate hydro-lyase (cis-aconitate-forming)	4	-0.050	-0.390	0.180	16
rxn32588	isocitrate hydro-lyase (cis-aconitate-forming)	4	-0.050	-0.390	0.180	16
rxn32589	isocitrate hydro-lyase (cis-aconitate-forming)	4	-0.050	-0.390	0.180	16
rxn32590	(S)-norcoclaurine synthase	4	-4.240	-17.710	-20.210	-1
rxn32591	RIBOFLAVIN-SYN-RXN.d	2	-44.070	-22.960	14.060	-1
rxn32593	D-galactarate hydro-lyase	4	-8.170	-9.800	-11.500	40
rxn32594	maltose glucohydrolase	3	-3.110	-2.610	5.810	10
rxn32595	maltose glucohydrolase	3	-3.110	-2.610	5.810	10
rxn32596	dTDPglucose 4-epimerase	5	0.000	0.530	2.110	16
rxn32598	D-galactarate hydro-lyase	4	-8.170	-9.800	-11.500	40
rxn32599	D-galactarate hydro-lyase	4	-8.170	-9.800	-11.500	40
rxn32605	dTDPglucose 4-epimerase	5	0.000	0.530	2.110	16
rxn32607	dTDPglucose 4,6-hydro-lyase	4	-13.900	-11.360	-8.280	-1
rxn32609	(R,S)-norcoclaurine 6-O-methyltransferase	2	-4.330	-1.830	-23.120	8
rxn32612	Thiamin-triphosphate phosphohydrolase	3	-6.780	-8.380	-6.740	-1
rxn32616	Thiamin-triphosphate phosphohydrolase	3	-6.780	-8.380	-6.740	-1
rxn32620	Inosine kinase	2	-14.000	-5.190	-3.430	32
rxn32622	Inosine kinase	2	-14.000	-5.190	-3.430	32
rxn32623	ditrans,hexacis-nonaprenyl-diphosphate:isopentenyl-diphosphate	2	-22.500	-18.640	-23.150	36
rxn32624	-	none	-25.730	-14.740	-0.700	-1
rxn32625	-	none	-25.730	-14.740	-0.700	-1
rxn32630	L-phenylalanine:oxygen oxidoreductase (decarboxylating)	1	-109.260	-112.410	-105.520	24
rxn32631	-	1	-96.290	-93.850	-93.980	-1
rxn32633	Inosine kinase	2	-14.000	-5.190	-3.430	32
rxn32635	Acetyl phosphate phosphohydrolase	3	-1.420	-9.800	-9.600	-1
rxn32636	AtECH2	4	2.160	-1.510	1.030	-1
rxn32643	Pantetheine-phosphate adenylyltransferase	2	1.070	-4.960	0.600	-1
rxn32653	succinyl-CoA:L-arginine N2-succinyltransferase	2	-5.260	-1.390	-6.020	-1
rxn32654	succinyl-CoA:L-arginine N2-succinyltransferase	2	-5.260	-1.390	-6.020	-1
rxn32656	Estradiol 17 beta-dehydrogenase-(NADP)	1	2.330	1.060	0.270	-1
rxn32657	ATP:D-fructose 6-phosphotransferase	2	-14.000	-2.880	3.820	7
rxn32658	ATP:D-fructose 6-phosphotransferase	2	-14.000	-2.880	3.820	7
rxn32659	Estradiol 17 beta-dehydrogenase-(NADP)	1	2.330	1.060	0.270	-1
rxn32665	Propane-1,2-diol:NADP+ oxidoreductase	1	5.250	6.290	7.090	19
rxn32668	Sinapoylglucose--choline O-sinapoyltransferase	2	-0.000	-3.320	7.870	-1
rxn32671	imidazole-4-acetate,NADH:oxygen oxidoreductase (5-hydroxylating)	1	-115.590	-104.680	-101.710	-1
rxn32672	imidazole-4-acetate,NADH:oxygen oxidoreductase (5-hydroxylating)	1	-115.590	-104.680	-101.710	-1
rxn32673	naphthoate synthase	4	-8.550	-19.490	25.100	10
rxn32674	D-mannose-6-phosphate aldose-ketose-isomerase	5	-0.890	-0.120	7.300	13
rxn32676	(5Z,13E)-(15S)-9alpha,11alpha,15-trihydroxyprosta-5,13-	1	2.330	-0.290	2.560	14
rxn32679	(5Z,13E)-(15S)-9alpha,11alpha,15-trihydroxyprosta-5,13-	1	2.330	-0.290	2.560	14
rxn32682	Trichloroethanol:NAD+ oxidoreductase	1	-14.420	10.230	-16.340	-1
rxn32683	Sphinganine-1-phosphate aldolase	4	2.560	0.240	2.310	14
rxn32684	D-mannose-6-phosphate aldose-ketose-isomerase	5	-0.890	-0.120	7.300	13
rxn32686	4-Hydroxycinnamyl aldehyde:NADP+ oxidoreductase	1	4.020	2.740	2.640	19
rxn32687	4-Hydroxycinnamyl aldehyde:NADP+ oxidoreductase	1	4.020	2.740	2.640	19
rxn32688	4-Hydroxycinnamyl aldehyde:NADP+ oxidoreductase	1	4.020	2.740	2.640	19
rxn32690	Aromatic-L-amino-acid decarboxylase	4	-3.120	-8.600	-11.640	-1
rxn32692	NMN nucleosidase	3	-3.640	-5.100	-9.170	31
rxn32698	NMN nucleosidase	3	-3.640	-5.100	-9.170	31
rxn32700	dATP:pyruvate 2-O-phosphotransferase	2	-4.890	6.030	6.570	6
rxn32702	Trimethylsulfonium--tetrahydrofolate N-methyltransferase	2	-6.710	-0.230	-14.810	-1
rxn32704	2-amino-2-deoxy-D-gluconate ammonia-lyase;	4	-5.700	-5.830	-7.480	42
rxn32706	2-amino-2-deoxy-D-gluconate ammonia-lyase;	4	-5.700	-5.830	-7.480	42
rxn32708	N-succinyl-L-glutamate amidohydrolase	3	-0.460	-0.530	-0.550	-1
rxn32710	Acetaldehyde dehydrogenase (acetylating)	1	-4.670	-4.210	-3.770	-1
rxn32711	Acetaldehyde dehydrogenase (acetylating)	1	-4.670	-4.210	-3.770	-1
rxn32713	(S)-Methylmalonate semialdehyde:NAD+ oxidoreductase	1	-9.740	-9.580	-1.010	-1
rxn32717	(S)-Methylmalonate semialdehyde:NAD+ oxidoreductase	1	-9.740	-9.580	-1.010	-1
rxn32718	RXN-2006	2	-7.060	-7.210	-3.000	-1
rxn32720	(S)-Methylmalonate semialdehyde:NAD+ oxidoreductase	1	-9.740	-9.580	-1.010	-1
rxn32727	D-serine ammonia-lyase	4	-7.510	-6.880	-8.190	-1
rxn32730	N-Formyl-L-aspartate amidohydrolase	3	0.740	-7.440	-13.380	-1
rxn32731	N-Formyl-L-aspartate amidohydrolase	3	0.740	-7.440	-13.380	-1
rxn32735	3alpha,7alpha-dihydroxy-5beta-cholestanate,NADPH:oxygen	1	-118.580	-118.250	-109.740	-1
rxn32736	propanoyl-CoA:oxaloacetate C-propanoyltransferase	2;4	-10.700	-8.980	10.440	10
rxn32737	(1S,2R)-naphthalene 1,2-oxide hydrolase	3	0.370	89.560	8.350	-1
rxn32738	propanoyl-CoA:oxaloacetate C-propanoyltransferase	2;4	-10.700	-8.980	10.440	10
rxn32739	propanoyl-CoA:oxaloacetate C-propanoyltransferase	2;4	-10.700	-8.980	10.440	10
rxn32740	Malonyl-CoA decarboxylase	4	-4.930	-3.670	-5.880	-1
rxn32743	RXN-7749	1	-15.430	-122.430	-63.250	-1
rxn32745	S-adenosyl-L-methionine:3,4-dihydroxy-trans-cinnamate 3-O-methyltransferase	2	-4.330	-1.840	-23.130	8
rxn32747	D-cysteine desulfhydrase	4	-11.680	1.090	2.450	6
rxn32748	D-cysteine desulfhydrase	4	-11.680	1.090	2.450	6
rxn32754	PHOSMANMUT-RXN.d	5	0.000	-2.210	1.100	-1
rxn32757	N-Formyl-L-aspartate amidohydrolase	3	0.740	-7.440	-13.380	-1
rxn32760	(S)-2-Aceto-2-hydroxybutanoate:NADP+ oxidoreductase (isomerizing)	1;5	2.460	0.000	2.070	14
rxn32766	salicylaldehyde:NAD+ oxidoreductase	1	-9.740	-9.080	-13.190	40
rxn32767	salicylaldehyde:NAD+ oxidoreductase	1	-9.740	-9.080	-13.190	40
rxn32775	dGTP:pyruvate 2-O-phosphotransferase	2	4.890	-6.140	6.560	2
rxn32776	Myo-inositol 1-kinase	2	-14.000	-1.020	-5.600	-1
rxn32777	Methylenetetrahydrofolate dehydrogenase (NADP+)	1	-1.950	-2.100	1.830	10
rxn32778	Caffeoyl-CoA:quinate O-(3,4-dihydroxycinnamoyl)transferase	2;3	-3.610	-0.160	5.600	-1
rxn32779	3'-phosphoadenylyl-sulfate sulfohydrolase;	3	-30.280	-21.160	-19.650	-1
rxn32780	Caffeoyl-CoA:quinate O-(3,4-dihydroxycinnamoyl)transferase	2;3	-3.610	-0.160	5.600	-1
rxn32781	Caffeoyl-CoA:quinate O-(3,4-dihydroxycinnamoyl)transferase	2;3	-3.610	-0.160	5.600	-1
rxn32794	SHIKIMATE-KINASE-RXN.d	2	-14.000	-5.670	-5.260	32
rxn32797	(S)-2-Aceto-2-hydroxybutanoate:NADP+ oxidoreductase (isomerizing)	1;5	2.460	0.000	2.070	14
rxn32798	(S)-2-Aceto-2-hydroxybutanoate:NADP+ oxidoreductase (isomerizing)	1;5	2.460	0.000	2.070	14
rxn32803	CTP:D-Tagatose 6-phosphate 1-phosphotransferase	2	-14.000	-4.460	-3.770	32
rxn32807	Acetophenone: carbon-dioxide ligase	6	4.930	4.150	-11.940	-1
rxn32808	ditrans,pentacis-octaprenyl-diphosphate:isopentenyl-diphosphate	2	-22.500	-18.640	-23.150	36
rxn32810	3'(2'),5'-bisphosphate nucleotidase	3	7.220	-1.920	0.060	-1
rxn32813	OPPSYN-RXN.d.chlamyexp.ALL-TRANS-HEPTAPRENYL-DIPHOSPHATE_ALL-TRANS-HEXAPRENYL-DIPHOSPHATE	2	-22.500	-18.640	-22.440	36
rxn32814	DIOHBUTANONEPSYN-RXN.d	4	-20.750	-20.390	-24.670	-1
rxn32816	all-trans-heptaprenyl-diphosphate synthase	2	-22.500	-18.640	-22.440	36
rxn32817	Shikimate O-hydroxycinnamoyltransferase	2	-3.610	-4.410	3.540	10
rxn32819	RXN-10786	2	-12.030	0.980	-3.090	-1
rxn32820	S-formylglutathione hydrolase	3	-0.580	-1.360	-19.520	-1
rxn32821	Phosphopentomutase	5	0.000	-2.740	-1.970	16
rxn32822	Shikimate O-hydroxycinnamoyltransferase	2	-3.610	-4.410	3.540	10
rxn32823	RXN-776	none	12.440	15.440	14.950	22
rxn32824	RXN-10786	2	-12.030	0.980	-3.090	-1
rxn32825	RXN-10786	2	-12.030	0.980	-3.090	-1
rxn32828	Maleylacetoacetate isomerase	5	0.000	-0.000	-0.000	16
rxn32830	D-myo-Inositol 1,3,4-trisphosphate 1-phosphohydrolase	3	7.220	-2.800	-5.900	3
rxn32836	Acetophenone: carbon-dioxide ligase	6	4.930	4.150	-11.940	-1
rxn32837	Acetophenone: carbon-dioxide ligase	6	4.930	4.150	-11.940	-1
rxn32838	Acetophenone: carbon-dioxide ligase	6	4.930	4.150	-11.940	-1
rxn32840	Maleylacetoacetate isomerase	5	0.000	-0.000	-0.000	16
rxn32841	RXNQT-4141	2	-12.030	1.820	-3.010	-1
rxn32842	Ureidoglycine aminohydrolase	3	2.470	-8.010	-1.410	-1
rxn32844	N-succinyl-L-glutamate 5-semialdehyde:NAD+ oxidoreductase	1	-9.740	-9.890	-5.880	41
rxn32848	trans-Tetradec-2-enoyl-CoA reductase	1	-16.580	-14.130	9.370	10
rxn32850	trans-Tetradec-2-enoyl-CoA reductase	1	-16.580	-14.130	9.370	10
rxn32851	Phosphoribosylformylglycinamidine cyclo-ligase	6	-0.050	2.400	-20.440	-1
rxn32867	uronate:NAD+ 1-oxidoreductase;	1	-7.420	-8.510	-9.430	-1
rxn32871	Glyoxylate reductase (NADP+)	1	7.710	10.530	10.160	21
rxn32872	RXN-1142	1	-95.860	-104.530	-81.800	26
rxn32875	1,2-Dihydronaphthalene-1,2-diol dehydrogenase	1	-15.840	-20.350	22.940	10
rxn32876	1,2-Dihydronaphthalene-1,2-diol dehydrogenase	1	-15.840	-20.350	22.940	10
rxn32891	RXN-4311	none	-16.280	-7.460	-5.750	32
rxn32893	uronate:NAD+ 1-oxidoreductase;	1	-7.420	-8.510	-9.430	-1
rxn32896	uronate:NAD+ 1-oxidoreductase;	1	-7.420	-8.510	-9.430	-1
rxn32898	dTDP phosphotransferase	2	0.000	0.020	-0.210	16
rxn32901	1-pyrroline-5-carboxylate dehydrogenase	1	4.280	-9.620	1.240	-1
rxn32907	O-succinylhomoserine (thiol)-lyase	2	-11.730	-14.750	15.860	10
rxn32917	hypoxanthine:NAD+ oxidoreductase	1	12.710	3.770	1.450	-1
rxn32920	Hypoxanthine phosphoribosyltransferase	2	12.510	6.910	5.410	-1
rxn32921	Hypoxanthine phosphoribosyltransferase	2	12.510	6.910	5.410	-1
rxn32923	Hypoxanthine phosphoribosyltransferase	2	12.510	6.910	5.410	-1
rxn32924	L-Gulono-1,4-lactone lactonohydrolase	3	-5.690	-5.120	-6.610	-1
rxn32932	2,5-diamino-6-hydroxy-4-(5-phosphoribosylamino)pyrimidine 2-aminohydrolase	3	-16.230	65.880	-2.550	-1
rxn32936	dGMP phosphotransferase	2	9.500	1.100	-0.600	4
rxn32938	-	none	-8.820	1.630	1.630	6
rxn32939	dGMP phosphotransferase	2	9.500	1.100	-0.600	4
rxn32940	Raffinose galactohydrolase	3	-3.110	-0.760	-1.340	-1
rxn32944	indole-3-acetaldehyde-oxime,NADPH:oxidoreductase	none	-104.590	-103.950	-112.420	24
rxn32946	indole-3-acetaldehyde-oxime,NADPH:oxidoreductase	none	-104.590	-103.950	-112.420	24
rxn32961	L-serine ammonia-lyase	4	-7.510	-7.220	-7.130	43
rxn32966	Sulfite oxidase	1	-40.600	-41.210	-40.900	34
rxn32967	Hypoxanthine phosphoribosyltransferase	2	12.510	6.910	5.410	-1
rxn32968	Hypoxanthine phosphoribosyltransferase	2	12.510	6.910	5.410	-1
rxn32969	Hypoxanthine phosphoribosyltransferase	2	12.510	6.910	5.410	-1
rxn32974	2'-Deoxyguanosine 5'-triphosphate diphosphohydrolase	3	-27.240	-10.570	-8.390	30
rxn32977	UDP-glucuronate decarboxylase	4	-1.320	-2.430	-5.400	29
rxn32978	UDP-glucuronate decarboxylase	4	-1.320	-2.430	-5.400	29
rxn32979	GTP:pyruvate 2-O-phosphotransferase	2	-4.890	7.260	6.560	6
rxn32981	ATP:CDP phosphotransferase	2	0.000	0.060	-0.000	16
rxn32982	Cytidine-5'-monophosphate phosphohydrolase	3	7.220	-3.390	-2.980	3
rxn32985	Adenylylsulfatase	3	-30.280	-20.090	-19.670	-1
rxn32987	R83-RXN	3	7.220	-3.240	-3.840	3
rxn32988	Linoleoyl-CoA hydrolase	3	-5.720	-5.200	-7.350	-1
rxn32989	Membrane alanine aminopeptidase	3	-0.460	2.050	1.320	-1
rxn32990	Caffeic aldehyde:NADP+ oxidoreductase (CoA-caffeoylating)	1	4.020	2.770	2.640	19
rxn32991	RXN-6622.d	3	-0.460	2.050	1.320	-1
rxn32993	NADPH peroxidase	1	-77.090	-77.480	-78.160	23
rxn32996	Threonine aldolase	4	3.210	2.380	2.410	19
rxn32998	Threonine aldolase	4	3.210	2.380	2.410	19
rxn33004	(hydroxyamino)benzene hydroxymutase	5	-6.440	-51.620	24.920	-1
rxn33005	(hydroxyamino)benzene hydroxymutase	5	-6.440	-51.620	24.920	-1
rxn33006	Coniferin beta-glucosidase	3	-3.110	7.790	6.450	6
rxn33008	22alpha-Hydroxy-campesterol:3-oxosteroid Delta5-Delta4-isomerase,NAD+ 3-oxidoreductase	none	-13.990	-15.440	-9.120	-1
rxn33010	22alpha-Hydroxy-campesterol:3-oxosteroid Delta5-Delta4-isomerase,NAD+ 3-oxidoreductase	none	-13.990	-15.440	-9.120	-1
rxn33015	isopropylmalate isomerase	4	0.050	-0.890	-4.340	16
rxn33016	retinol: NADP+ oxidoreductase	1	3.700	2.580	2.140	19
rxn33019	3'-Phosphoadenylylsulfate:quercetin 3-sulfotransferase	2	-33.000	-29.830	-0.320	-1
rxn33023	RXN-8071	4	2.110	-15.600	-4.200	3
rxn33024	GDP phosphotransferase	2	0.000	-0.670	0.010	16
rxn33029	ATP:propanoate adenyltransferase	6	-12.570	-281.350	19.010	-1
rxn33032	succinyl-CoA:L-arginine N2-succinyltransferase	2	-5.260	-1.390	-6.020	-1
rxn33035	Triosephosphate isomerase	5	-1.460	-1.330	-1.830	-1
rxn33036	RXN-8071	4	2.110	-15.600	-4.200	3
rxn33038	all-trans-hexaprenyl-diphosphate synthase	2	-22.500	-18.640	-22.440	36
rxn33040	OPPSYN-RXN.d.chlamyexp.ALL-TRANS-HEXAPRENYL-DIPHOSPHATE_ALL-TRANS-PENTAPRENYL-DIPHOSPHATE	2	-22.500	-18.640	-22.440	36
rxn33041	L-Threonine:NAD+ oxidoreductase	1	3.790	6.440	4.560	19
rxn33042	1-aminocyclopropane-1-carboxylate deaminase	3;4	-11.930	10.110	6.770	6
rxn33043	L-Threonine:NAD+ oxidoreductase	1	3.790	6.440	4.560	19
rxn33047	ditrans,tetracis-heptaprenyl-diphosphate:isopentenyl-diphosphate	2	-22.500	-18.640	-23.150	36
rxn33049	RXN-776	none	12.440	15.440	14.950	22
rxn33054	RXN-776	none	12.440	15.440	14.950	22
rxn33059	Malonyl-CoA:3-hydroxybenzoyl-CoA malonyltransferase	2	0.130	-42.210	28.870	-1
rxn33060	Malonyl-CoA:3-hydroxybenzoyl-CoA malonyltransferase	2	0.130	-42.210	28.870	-1
rxn33061	Ribose-5-phosphate adenylyltransferase	2	12.030	-1.080	7.240	-1
rxn33062	Guanosine-3',5'-bis(diphosphate) 3'-pyrophosphohydrolase	3	-3.740	-6.380	-4.600	-1
rxn33064	Malonyl-CoA:3-hydroxybenzoyl-CoA malonyltransferase	2	0.130	-42.210	28.870	-1
rxn33065	Malonyl-CoA:3-hydroxybenzoyl-CoA malonyltransferase	2	0.130	-42.210	28.870	-1
rxn33066	L-xylulose reductase	1	3.840	1.120	4.940	-1
rxn33067	Dephospho-CoA kinase	2	-14.000	1.280	0.860	-1
rxn33068	hexadecanoyl-CoA:NADP+ trans-2-oxidoreductase;	1	-16.580	-14.790	9.370	10
rxn33074	6-Deoxoteasterone:brassinosteroid C3-oxidoreductase	1	-12.440	-15.440	-15.680	35
rxn33075	6-Deoxoteasterone:brassinosteroid C3-oxidoreductase	1	-12.440	-15.440	-15.680	35
rxn33077	6-Deoxoteasterone:brassinosteroid C3-oxidoreductase	1	-12.440	-15.440	-15.680	35
rxn33078	Prephenate dehydrogenase	1	-16.120	-2.520	20.850	-1
rxn33079	Glyoxalase II	3	-1.780	-7.440	-3.400	-1
rxn33080	-	1	-95.860	-105.820	-92.570	25
rxn33082	hexadecanoyl-CoA:NADP+ trans-2-oxidoreductase;	1	-16.580	-14.790	9.370	10
rxn33083	NAD(+) synthase (glutamine-hydrolysing)	6	-27.240	-7.760	-2.700	-1
rxn33087	ATP:D-tagatose-6-phosphate 1-phosphotransferase	2	-14.000	-4.390	-3.770	32
rxn33091	ATP-citrate (pro-S-)-lyase	2	2.110	2.040	1.930	18
rxn33092	ATP-citrate (pro-S-)-lyase	2	2.110	2.040	1.930	18
rxn33097	AIRCARBOXY-RXN.d	4	-1.350	1.110	0.670	13
rxn33098	RXNQT-4191.d	3	7.220	-16.860	2.780	-1
rxn33104	sucrose glucohydrolase	3	-3.110	-5.590	-6.220	31
rxn33114	3-hydroxybenzaldehyde:NADP+ oxidoreductase	1	-9.740	-7.730	-11.670	-1
rxn33116	3-hydroxybenzaldehyde:NADP+ oxidoreductase	1	-9.740	-7.730	-11.670	-1
rxn33120	Acetyl-CoA C-acyltransferase	2	-5.250	-7.480	2.610	10
rxn33129	FADSYN-RXN.d	2	1.070	-3.080	-3.070	-1
rxn33130	p-Cumic alcohol:NADP+ oxidoreductase	1	-9.740	-8.760	-2.790	39
rxn33131	4-Aminobutyraldehyde:NAD+ oxidoreductase	1	-9.740	-11.350	-5.600	41
rxn33132	4-Aminobutyraldehyde:NAD+ oxidoreductase	1	-9.740	-11.350	-5.600	41
rxn33133	RXN-4310	none	-6.780	-7.940	-6.400	-1
rxn33134	Serine--glyoxylate aminotransferase	2	-1.460	-1.020	-1.070	-1
rxn33135	RXN0-5240	2	-2.550	-0.250	-0.470	-1
rxn33143	5-amino-6-(5-phosphoribitylamino)uracil:NADP+ 1'-oxidoreductase	1	3.170	6.720	17.500	-1
rxn33145	p-Cumic alcohol:NADP+ oxidoreductase	1	-9.740	-8.760	-2.790	39
rxn33146	-	1	-82.520	-86.370	-107.510	-1
rxn33147	-	1	-82.520	-86.370	-107.510	-1
rxn33148	Myo-inositol oxygenase	1	-111.650	-95.580	-92.670	-1
rxn33150	GTP:GTP guanylyltransferase	2	-8.430	2.850	0.420	-1
rxn33151	Hexadecanol:NAD+ oxidoreductase	1	5.250	4.940	2.880	19
rxn33152	GTP:GTP guanylyltransferase	2	-8.430	2.850	0.420	-1
rxn33154	-	1	-95.860	-105.820	-92.570	25
rxn33155	Myo-inositol oxygenase	1	-111.650	-95.580	-92.670	-1
rxn33157	Cystathionine beta-lyase	4	-1.830	0.130	-2.130	-1
rxn33164	Acetolactate synthase	2	-10.560	-7.140	5.710	10
rxn33165	Glucosamine-phosphate N-acetyltransferase	2	-5.260	-5.780	-5.960	42
rxn33166	3-phosphoshikimate 1-carboxyvinyltransferase	2	10.330	-4.000	-6.020	3
rxn33174	N2-succinyl-L-ornithine:2-oxoglutarate 5-aminotransferase	2	-1.000	-0.160	5.000	13
rxn33180	dTDP-glucose 4,6-dehydratase	4	-13.900	-11.360	-8.280	-1
rxn33181	URIDINEKIN-RXN.d	2	-14.000	-4.370	-3.590	32
rxn33182	dTDP-glucose 4,6-dehydratase	4	-13.900	-11.360	-8.280	-1
rxn33193	GTP diphosphokinase	2	-23.500	-2.080	-4.980	-1
rxn33194	Inositol 1-alpha-galactosyltransferase	2	-1.700	-4.060	-3.250	29
rxn33195	Inositol 1-alpha-galactosyltransferase	2	-1.700	-4.060	-3.250	29
rxn33199	Inositol 1-alpha-galactosyltransferase	2	-1.700	-4.060	-3.250	29
rxn33201	GTP:uridine 5'-phosphotransferase	2	-14.000	-3.700	-3.600	32
rxn33205	Glucosamine-phosphate N-acetyltransferase	2	-5.260	-5.780	-5.960	42
rxn33207	D-lactaldehyde dehydrogenase	1	6.250	4.070	1.390	-1
rxn33208	-	1	-16.910	-13.960	-4.060	-1
rxn33211	-	1	-95.860	-107.050	-87.030	26
rxn33212	fatty acid elongase-(NAD)	2	-16.080	-15.190	-18.960	-1
rxn33213	Testosterone 17-beta-dehydrogenase (NADP+)	1	2.330	0.510	0.270	15
rxn33222	3'-Phospho-5'-adenylyl sulfate 3'-phosphohydrolase	3	7.220	-2.990	0.080	3
rxn33224	RXN-4318	none	-0.730	0.970	-7.310	-1
rxn33225	-	none	-0.940	-3.400	-0.470	-1
rxn33227	Aconitate hydratase	4	1.470	2.020	1.990	18
rxn33228	Fumarylacetoacetase	3	-12.780	-17.560	2.980	10
rxn33231	Aconitate hydratase	4	1.470	2.020	1.990	18
rxn33232	Tyrosine N-monooxygenase	1	-90.630	-67.310	-59.480	-1
rxn33237	D-4-Hydroxy-2-oxoglutarate glyoxylate-lyase	4	3.210	4.040	3.440	19
rxn33239	Fumarylacetoacetase	3	-12.780	-17.560	2.980	10
rxn33242	CTP synthase	6	-6.330	-4.440	-4.840	-1
rxn33243	Guanine deaminase	3	2.190	63.990	-1.130	-1
rxn33244	UDP-glucuronate 4-epimerase	5	0.000	-0.270	-0.260	16
rxn33245	Guanine deaminase	3	2.190	63.990	-1.130	-1
rxn33250	Guanine deaminase	3	2.190	63.990	-1.130	-1
rxn33251	Guanine deaminase	3	2.190	63.990	-1.130	-1
rxn33253	UDP-glucuronate 4-epimerase	5	0.000	-0.270	-0.260	16
rxn33255	UDP-glucuronate 4-epimerase	5	0.000	-0.270	-0.260	16
rxn33256	Guanine deaminase	3	2.190	63.990	-1.130	-1
rxn33258	D-4-Hydroxy-2-oxoglutarate glyoxylate-lyase	4	3.210	4.040	3.440	19
rxn33259	D-4-Hydroxy-2-oxoglutarate glyoxylate-lyase	4	3.210	4.040	3.440	19
rxn33264	ATP:sphingosine 1-phosphotransferase;	2	-14.000	-2.180	-3.410	32
rxn33266	PEPSYNTH-RXN.d	2	-21.170	0.100	0.820	-1
rxn33267	ATP:alpha-D-glucose 6-phosphotransferase	2	-14.000	-2.730	-3.430	32
rxn33269	Formaldehyde dehydrogenase	1	-9.740	-10.960	-9.760	40
rxn33270	Formaldehyde dehydrogenase	1	-9.740	-10.960	-9.760	40
rxn33272	Formaldehyde dehydrogenase	1	-9.740	-10.960	-9.760	40
rxn33281	(1S,2R)-1-C-(indol-3-yl)glycerol 3-phosphate D-glyceraldehyde-3-phosphate-lyase	4	2.780	4.590	4.600	19
rxn33284	HISTAMINOTRANS-RXN.d	2	2.460	1.980	-1.820	5
rxn33286	RXN-8037	none	-2.630	66.540	43.420	-1
rxn33288	RXN-8037	none	-2.630	66.540	43.420	-1
rxn33290	RXNBWI-18.d	3	-28.310	-8.260	-8.150	30
rxn33296	S-(hydroxymethyl)glutathione dehydrogenase	1	-6.050	-7.010	6.120	10
rxn33298	O-Acetyl-L-homoserine succinate-lyase (adding cysteine)	2	-13.270	-16.650	-18.910	-1
rxn33299	Chorismate mutase	5	-16.680	-11.630	-30.450	-1
rxn33302	-	3	-3.110	-1.180	-1.340	-1
rxn33304	Phosphogluconate dehydrogenase (decarboxylating)-(NADP)	1	0.670	2.470	2.610	-1
rxn33311	-	none	-0.940	-3.400	-0.470	-1
rxn33315	L-Ornithine:2-oxo-acid aminotransferase	2	-1.000	-0.990	4.330	-1
rxn33316	Transaldolase	2	-1.750	0.830	3.240	-1
rxn33318	Transaldolase	2	-1.750	0.830	3.240	-1
rxn33320	ditrans,tricis-hexaprenyl-diphosphate:isopentenyl-diphosphate	2	-22.500	-18.640	-23.150	36
rxn33323	Phosphogluconate dehydrogenase (decarboxylating)-(NADP)	1	0.670	2.470	2.610	-1
rxn33324	NAD+ oxidoreductase	1	-3.090	-3.400	-2.880	-1
rxn33325	trans-Oct-2-enoyl-CoA reductase	1	-16.580	-14.130	9.370	10
rxn33327	trans-Oct-2-enoyl-CoA reductase	1	-16.580	-14.130	9.370	10
rxn33328	NAD+ oxidoreductase	1	-3.090	-3.400	-2.880	-1
rxn33331	ADP-glucose Glucose-1-phosphohydrolase	3	-28.310	-4.740	-7.970	-1
rxn33332	Trans-cinnamate 2-monooxygenase	1	-95.860	-104.240	-95.200	25
rxn33337	ADP phosphohydrolase	3	-16.280	-6.490	-5.750	32
rxn33340	dUDP phosphotransferase	2	0.000	-0.350	-0.200	16
rxn33342	Trans-cinnamate 2-monooxygenase	1	-95.860	-104.240	-95.200	25
rxn33345	Glutathione peroxidase	1	-82.030	-73.800	-74.050	23
rxn33346	Prephenate dehydratase	4	-29.100	-19.610	6.230	-1
rxn33349	GLUTATHIONE-PEROXIDASE-RXN.d	1	-82.030	-73.800	-74.050	23
rxn33350	22alpha-Hydroxy-campest-4-en-3-one,NADPH:steroid 5alpha-reductase	1	-13.600	-4.110	-4.170	32
rxn33351	22alpha-Hydroxy-campest-4-en-3-one,NADPH:steroid 5alpha-reductase	1	-13.600	-4.110	-4.170	32
rxn33352	L-Cysteine hydrogen-sulfide-lyase (deaminating; pyruvate-forming)	4	-11.680	-1.100	-0.700	-1
rxn33354	O4-succinyl-L-homoserine:hydrogen sulfide	2	-1.880	-13.520	-17.280	20
rxn33357	22alpha-Hydroxy-campest-4-en-3-one,NADPH:steroid 5alpha-reductase	1	-13.600	-4.110	-4.170	32
rxn33359	Allantoate deiminase	3	2.670	1.350	-5.550	5
rxn33360	(5Z,13E)-(15S)-9alpha,11alpha,15-trihydroxyprosta-5,13-	1	-2.330	0.290	3.630	13
rxn33361	-	2	-7.060	-7.210	-3.000	-1
rxn33363	RXN-2006.m	2	-7.060	-7.210	-3.000	-1
rxn33365	XMP:pyrophosphate phosphoribosyltransferase	2	-23.610	-6.010	5.460	-1
rxn33367	Retinal dehydrogenase	1	-9.740	-9.830	1.410	10
rxn33370	Retinal dehydrogenase	1	-9.740	-9.830	1.410	10
rxn33373	(5Z,13E)-(15S)-9alpha,11alpha,15-trihydroxyprosta-5,13-	1	-2.330	0.290	3.630	13
rxn33374	Aspartate-semialdehyde dehydrogenase	1	9.860	4.860	-3.400	-1
rxn33382	Xanthosine:orthophosphate ribosyltransferase	2	3.150	2.650	2.600	19
rxn33383	dGDP phosphotransferase	2	-0.000	0.460	0.010	16
rxn33386	aminoacetone:oxygen oxidoreductase(deaminating)	1	-21.560	-22.650	-21.380	37
rxn33387	-	none	-0.050	2.100	3.980	-1
rxn33389	L-Glutamine:phenylpyruvate aminotransferase	2	-0.000	0.840	0.420	16
rxn33390	L-Glutamine:phenylpyruvate aminotransferase	2	-0.000	0.840	0.420	16
rxn33391	2-Acetolactate pyruvate-lyase (carboxylating)	2	-3.660	-0.150	-1.610	-1
rxn33392	Beta-ureidopropionase	3	2.670	-13.680	-5.110	3
rxn33394	GLYOXI-RXN.d	4	14.210	5.610	5.610	-1
rxn33398	sn-Glycero-3-phosphocholine glycerophosphohydrolase	3	-14.310	-60.830	-6.540	11
rxn33400	Adenosylhomocysteinase	3	5.680	8.300	8.310	19
rxn33401	Glucokinase	2	-14.000	-3.040	-3.430	32
rxn33404	Glucokinase	2	-14.000	-3.040	-3.430	32
rxn33412	Guanosine-5'-triphosphate,3'-diphosphate pyrophosphatase	3	-6.780	-6.380	-5.160	-1
rxn33415	4-acetamidobutanoate amidohydrolase	3	-2.000	-4.400	6.110	10
rxn33417	4-acetamidobutanoate amidohydrolase	3	-2.000	-4.400	6.110	10
rxn33426	Cystathionine gamma-lyase	4	2.110	0.690	1.630	-1
rxn33428	Cystathionine gamma-lyase	4	2.110	0.690	1.630	-1
rxn33431	glutathione gamma-glutamylaminopeptidase	2;3	-0.460	-0.440	5.280	-1
rxn33432	5-Hydroxyindoleacetaldehyde:NAD+ oxidoreductase	1	-9.740	-9.120	-7.260	41
rxn33434	Arginine deiminase	3	-12.380	-8.880	-8.320	-1
rxn33435	Dihydrocoumarin lipase	3	-9.170	-18.660	-3.470	-1
rxn33436	FAD pyrophosphatase	3	-28.310	-5.350	-5.260	-1
rxn33438	sulfopyruvate carboxy-lyase	4	-4.120	-2.240	-4.680	-1
rxn33439	Arginine deiminase	3	-12.380	-8.880	-8.320	-1
rxn33441	Arginine deiminase	3	-12.380	-8.880	-8.320	-1
rxn33442	sulfopyruvate carboxy-lyase	4	-4.120	-2.240	-4.680	-1
rxn33443	Dihydrocoumarin lipase	3	-9.170	-18.660	-3.470	-1
rxn33446	Sucrose synthase	2	-1.700	-0.570	-0.590	-1
rxn33448	Arginine deiminase	3	-12.380	-8.880	-8.320	-1
rxn33451	Agmatinase	3	-3.900	-14.000	-6.860	-1
rxn33452	Agmatinase	3	-3.900	-14.000	-6.860	-1
rxn33453	sulfopyruvate carboxy-lyase	4	-4.120	-2.240	-4.680	-1
rxn33454	Galactinol-raffinose galactosyltransferase	2	-0.000	-0.830	-0.830	16
rxn33455	Inositol-1,4,5-trisphosphate 5-phosphatase	3	7.220	-2.810	2.950	2
rxn33456	Galactinol-raffinose galactosyltransferase	2	-0.000	-0.830	-0.830	16
rxn33463	Cytidine deaminase	3	-5.170	-3.680	-3.770	-1
rxn33467	Spermidine:(acceptor) oxidoreductase	1	-23.500	-20.510	-14.850	37
rxn33468	Galactinol-raffinose galactosyltransferase	2	-0.000	-0.830	-0.830	16
rxn33469	Ribokinase	2	-14.000	-5.850	-3.430	32
rxn33470	S-Adenosyl-L-methionine:3,4-dihydroxy-trans-cinnamate 3-O-methyltransferase	2	-4.330	-2.230	-23.120	8
rxn33471	2'-Deoxyadenosine 5'-monophosphate phosphohydrolase	3	7.220	-3.910	-2.970	3
rxn33472	RXN-4309	none	-6.780	-7.940	-6.400	-1
rxn33474	2'-Deoxyadenosine 5'-monophosphate phosphohydrolase	3	7.220	-3.910	-2.970	3
rxn33483	formononetin,NADPH:oxygen oxidoreductase (2'-hydroxylating)	1	-95.860	-105.820	-72.830	-1
rxn33484	acetyl adenylate:CoA acetyltransferase	6	-22.240	-282.760	-15.030	-1
rxn33485	sucrose alpha-glucohydrolase	3	-3.110	-5.190	-6.220	31
rxn33486	Glucose-6-phosphate isomerase	5	-0.890	0.040	2.960	13
rxn33487	2-Hydroxybutane-1,2,3-tricarboxylate hydro-lyase	4	0.910	-0.680	-1.780	-1
rxn33488	sucrose alpha-glucohydrolase	3	-3.110	-5.190	-6.220	31
rxn33489	2-Hydroxybutane-1,2,3-tricarboxylate hydro-lyase	4	0.910	-0.680	-1.780	-1
rxn33490	Sulfate adenylyltransferase	2	3.040	11.120	11.340	-1
rxn33491	2-Hydroxybutane-1,2,3-tricarboxylate hydro-lyase	4	0.910	-0.680	-1.780	-1
rxn33492	2-Hydroxybutane-1,2,3-tricarboxylate hydro-lyase	4	0.910	-0.680	-1.780	-1
rxn33493	L-erythro-4-Hydroxyglutamate:NAD+ oxidoreductase	1	-9.740	-9.110	6.620	10
rxn33495	Fructokinase	2	-14.000	-2.880	-3.430	32
rxn33497	Fructokinase	2	-14.000	-2.880	-3.430	32
rxn33498	Phosphopyruvate hydratase	4	-0.870	-0.910	-1.000	-1
rxn33499	Phosphogluconate dehydrogenase (decarboxylating)-(NAD)	1	0.670	2.500	3.200	-1
rxn33501	fatty acid elongase-(NADP)	2	-16.080	-15.120	-17.800	35
rxn33502	N-Acetyl-D-glucosamine 1-phosphate 1,6-phosphomutase	5	0.000	1.770	0.900	16
rxn33507	Cystathionine gamma-lyase	4	2.110	0.690	1.630	-1
rxn33514	UDP-glucose 4-epimerase	5	0.000	0.310	0.700	16
rxn33515	-	none	3.120	4.740	6.490	19
rxn33517	-	none	3.120	4.740	6.490	19
rxn33519	1-aminocyclopropane-1-carboxylate synthase	4	-3.020	-12.950	-9.600	-1
rxn33524	Formamidase	3	-17.820	-7.020	-14.160	-1
rxn33532	Isocitrate lyase	4	5.020	2.280	2.010	-1
rxn33534	Isocitrate lyase	4	5.020	2.280	2.010	-1
rxn33536	3-hydroxypropionate dehydrogenase	1	5.250	5.610	5.710	19
rxn33539	4-coumarate--CoA ligase	6	-21.520	-2.560	-10.200	-1
rxn33540	3-hydroxypropionate dehydrogenase	1	5.250	5.610	5.710	19
rxn33549	Phosphogluconate dehydrogenase (decarboxylating)-(NAD)	1	0.670	2.500	3.200	-1
rxn33550	ATP:UDP phosphotransferase	2	-0.000	0.050	-0.220	16
rxn33553	trans-5-O-(4-coumaroyl)-D-shikimate,NADPH:oxygen oxidoreductase (3'-hydorxylating)	1	-95.860	-105.790	-81.150	26
rxn33554	trans-5-O-(4-coumaroyl)-D-shikimate,NADPH:oxygen oxidoreductase (3'-hydorxylating)	1	-95.860	-105.790	-81.150	26
rxn33556	Sinapate:CoA ligase (AMP-forming)	6	-21.520	-2.180	-10.200	-1
rxn33557	3alpha,7alpha-Dihydroxy-5beta-cholestan-26-al:NAD+ oxidoreductase	1	-9.740	-9.120	0.630	-1
rxn33558	Mannose-6-phosphate isomerase	5	-0.890	-0.120	0.050	13
rxn33559	(R)-Lactaldehyde:NAD+ 2-oxidoreductase	1	-9.740	-8.980	-7.620	41
rxn33563	(S)-1-pyrroline-5-carboxylate:NADP+ oxidoreductase	1	4.280	-9.650	0.650	-1
rxn33564	-	none	-13.990	-15.440	-9.120	-1
rxn33567	beta-D-Glucosyl-2-coumarinate glucohydrolase	3	-3.110	6.520	3.620	6
rxn33568	GTP diphosphohydrolase (diphosphate-forming);	3	-27.240	-8.260	-8.370	30
rxn33569	beta-D-Glucosyl-2-coumarinate glucohydrolase	3	-3.110	6.520	3.620	6
rxn33570	ATP:IDP phosphotransferase	2	0.000	0.320	-0.000	16
rxn33571	Phosphoglucomutase	5	0.000	-2.050	3.310	-1
rxn33573	ATP:IDP phosphotransferase	2	0.000	0.320	-0.000	16
rxn33575	Mannose-6-phosphate isomerase	5	-0.890	-0.120	0.050	13
rxn33576	ditrans,dicis-pentaprenyl-diphosphate:isopentenyl-diphosphate	2	-22.500	-18.640	-23.150	36
rxn33580	cellobiose glucohydrolase	3	-3.110	-2.700	6.130	10
rxn33581	Acetyl-CoA:D-glucosamine-1-phosphate N-acetyltransferase	2	-5.260	-4.650	-5.710	-1
rxn33582	1-pyrroline-5-carboxylate dehydrogenase	1	6.080	1.140	8.940	-1
rxn33583	Acetyl-CoA:D-glucosamine-1-phosphate N-acetyltransferase	2	-5.260	-4.650	-5.710	-1
rxn33584	-	none	9.520	10.240	11.160	21
rxn33586	-	none	9.520	10.240	11.160	21
rxn33587	-	none	9.520	10.240	11.160	21
rxn33590	-	none	9.520	10.240	11.160	21
rxn33593	Palmitaldehyde:NAD+ oxidoreductase	1	-9.740	-9.720	-5.310	41
rxn33595	N-methylphosphoethanolamine cytidylyltransferase	2	1.070	-2.170	-0.240	12
rxn33597	NADH kinase	2	-14.000	-2.430	-3.430	32
rxn33600	Palmitaldehyde:NAD+ oxidoreductase	1	-9.740	-9.720	-5.310	41
rxn33606	S-Adenosyl-L-methionine:dimethyl-sulfide S-methyltransferase	2	-0.000	0.450	22.230	-1
rxn33607	-	1	-107.890	-120.590	-93.720	-1
rxn33610	Amino-acid N-acetyltransferase	2	-5.260	-5.490	-1.720	-1
rxn33612	-	1	-107.890	-120.590	-93.720	-1
rxn33613	-	none	18.350	8.870	-4.350	-1
rxn33614	Xylose isomerase	5	-0.890	-0.110	0.210	13
rxn33615	-	none	18.350	8.870	-4.350	-1
rxn33616	Xylose isomerase	5	-0.890	-0.110	0.210	13
rxn33617	1D-myo-inositol-trisphosphate 5-kinase	2	-14.000	-5.290	-11.900	-1
rxn33618	2-oxoadipate dehydrogenase complex	1;2	-8.140	-7.780	-3.930	-1
rxn33619	CoA ligase (AMP-forming)	6	-21.520	-2.530	-10.180	-1
rxn33622	1H-Imidazole-4-ethanamine:oxygen oxidoreductase (deaminating)	1	-24.020	-22.250	-20.970	37
rxn33623	D-myo-Inositol-1,4-bisphosphate 1-phosphohydrolase	3	7.220	-4.360	-7.740	3
rxn33628	RXNQT-4142	3	7.220	-5.870	1.690	-1
rxn33629	Phenylpyruvate:oxygen oxidoreductase (hydroxylating,decarboxylating)	1	-109.720	-117.570	-102.560	-1
rxn33630	Xylose isomerase	5	-0.890	-0.110	0.210	13
rxn33633	Mannose-1-phosphate guanylyltransferase	2	1.070	-4.030	-1.070	-1
rxn33637	2,3-Dihydroxy-3-methylbutanoate:NADP+ oxidoreductase (isomerizing)	1	-3.790	-4.430	-1.900	-1
rxn33642	Serine--pyruvate aminotransferase	2	0.000	0.970	1.620	-1
rxn33659	4-coumarate:CoA ligase (AMP-forming)	6	-21.520	-2.560	-10.180	-1
rxn33662	IDP phosphohydrolase	3	-16.280	-0.580	-5.750	-1
rxn33663	IDP phosphohydrolase	3	-16.280	-0.580	-5.750	-1
rxn33664	Chloral:NAD(P)+ oxidoreductase	1	-18.910	-20.160	-14.320	-1
rxn33672	Thymidylate kinase	2	9.500	-0.350	-0.790	4
rxn33674	Di-trans-poly-cis-decaprenylcistransferase	2	-22.500	-18.640	-23.150	36
rxn33683	2.4.1.82-RXN.d	2	-0.000	-1.250	-0.830	16
rxn33686	-	1	-9.740	-9.120	-11.100	40
rxn33688	Caffeoyl-CoA O-methyltransferase	2	-4.330	-1.760	-23.110	8
rxn33691	pyridoxine-5'-phosphate phosphohydrolase	3	7.220	-4.710	-0.690	3
rxn33696	N4-Acetylaminobutanal:NAD+ oxidoreductase	1	-9.740	-8.990	-5.200	41
rxn33698	ATP:D-fructose-1-phosphate 6-phosphotransferase	2	-14.000	-3.580	1.480	7
rxn33699	ATP:D-fructose-1-phosphate 6-phosphotransferase	2	-14.000	-3.580	1.480	7
rxn33700	-	4	1.860	2.850	-17.740	-1
rxn33701	-	4	1.860	2.850	-17.740	-1
rxn33702	Oleoyl-CoA hydrolase	3	-5.720	-6.460	-7.350	42
rxn33703	S-adenosyl-L-methionine:caffeoyl-CoA 3-O-methyltransferase	2	-4.330	-1.850	-23.150	8
rxn33706	IGPSYN-RXN.d	4	-14.490	-18.010	-4.490	-1
rxn33708	Galacturonokinase	2	-14.000	-1.440	3.840	-1
rxn33709	dTTP:alpha-D-glucose-1-phosphate thymidylyltransferase	2	1.070	-1.960	-0.040	12
rxn33710	dTTP:alpha-D-glucose-1-phosphate thymidylyltransferase	2	1.070	-1.960	-0.040	12
rxn33712	RXN-8035	5	0.000	0.000	0.000	16
rxn33714	dTTP:alpha-D-glucose-1-phosphate thymidylyltransferase	2	1.070	-1.960	-0.040	12
rxn33715	dTTP:alpha-D-glucose-1-phosphate thymidylyltransferase	2	1.070	-1.960	-0.040	12
rxn33723	N2-succinyl-L-arginine iminohydrolase (decarboxylating)	2;3	-9.720	-20.970	-14.190	-1
rxn33725	RXN-7800	none	-3.120	-4.020	4.490	10
rxn33728	-	3	-5.720	-6.570	-7.350	42
rxn33730	N2-succinyl-L-arginine iminohydrolase (decarboxylating)	2;3	-9.720	-20.970	-14.190	-1
rxn33735	uracil-5-carboxylate carboxy-lyase (uracil-forming)	4	-1.320	-4.970	-1.760	-1
rxn33739	3-deoxy-D-manno-octulosonate D-arabinose-lyase (pyruvate-forming)	4	0.230	5.310	7.520	-1
rxn33740	L-Cysteate:2-oxoglutarate aminotransferase	2	0.000	-2.230	-2.210	16
rxn33750	Formate dehydrogenase (NADP+)	1	3.090	3.430	-3.460	5
rxn33751	-	none	-19.830	-2.680	8.340	-1
rxn33760	sinapoyl aldehyde:NADP+ oxidoreductase (CoA-sinapoylating)	1	4.020	2.750	2.640	19
rxn33762	Xanthosine 5'-phosphate phosphohydrolase	3	7.220	-2.790	-2.960	3
rxn33768	2-methylisocitrate dehydratase	4	-0.910	0.680	0.470	13
rxn33769	2-methylisocitrate dehydratase	4	-0.910	0.680	0.470	13
rxn33770	Amidase	3	-4.720	-3.250	-1.600	-1
rxn33775	5-hydroxyindoleacetaldehyde:oxygen oxidoreductase	1	-41.480	-40.770	-39.460	34
rxn33777	5-hydroxyindoleacetaldehyde:oxygen oxidoreductase	1	-41.480	-40.770	-39.460	34
rxn33785	Succinate:CoA ligase (IDP-forming)	6	-1.060	-0.740	0.100	13
rxn33789	2-methylisocitrate dehydratase	4	-0.910	0.680	0.470	13
rxn33793	trans-5-O-(4-coumaroyl)-D-quinate,NADPH:oxygen oxidoreductase (3'-hydorxylating)	1	-95.860	-105.790	-81.150	26
rxn33806	Isocitrate dehydrogenase (NADP+)	1	3.130	1.310	1.430	18
rxn33811	RXN-8035	5	0.000	0.000	0.000	16
rxn33819	L-Glutamate 5-semialdehyde:NAD+ oxidoreductase	1	-9.740	-10.760	-5.300	41
rxn33820	L-Glutamate 5-semialdehyde:NAD+ oxidoreductase	1	-9.740	-10.760	-5.300	41
rxn33822	primary-amine oxidase	1	-24.020	-22.500	-22.400	37
rxn33826	Arachidonate--CoA ligase	6	-21.520	-2.390	-0.980	-1
rxn33833	Galacturonokinase	2	-14.000	-1.440	3.840	-1
rxn33834	trans,trans,cis-geranylgeranyl-diphosphate:isopentenyl-diphosphate	2	-22.500	-18.640	-23.150	36
rxn33836	Galacturonokinase	2	-14.000	-1.440	3.840	-1
rxn33837	Galacturonokinase	2	-14.000	-1.440	3.840	-1
rxn33851	Pyruvate Decarboxylase	1	-8.140	-8.160	-8.490	-1
rxn33852	Pyruvate Decarboxylase	1	-8.140	-8.160	-8.490	-1
rxn33856	Fumarate Hydratase	4	0.610	0.820	0.820	-1
rxn33857	Fumarate Hydratase	4	0.610	0.820	0.820	-1
rxn33858	Fumarate Hydratase	4	0.610	0.820	0.820	-1
rxn33862	Ribulose Phosphate 3 Epimerase	5	0.000	-0.520	0.020	16
rxn33867	Phosphoglucomutase	5	0.000	-4.000	0.890	-1
rxn33873	Sedoheptulose-bisphosphatase	3	7.220	-3.220	-3.640	3
rxn33880	Isocitrate Lyase	4	5.020	2.280	2.010	-1
rxn33881	Malate Synthase	2;4	-8.930	-8.560	8.280	10
rxn33891	ATP Pyrophosphatase	3	-27.240	-8.970	-8.330	30
rxn33931	UDPGLUCEPIM-RXN.d.maizeexp.CPD-12575	5	0.000	0.310	0.700	16
rxn33943	Glutamate Dehyrdogenase (NADP)	1	-8.720	-8.690	8.640	10
rxn33977	Glycine Hydroxymethyltransferase	2	0.050	-2.420	1.700	-1
rxn33981	Homoserine O-Succinyltransferase	2	-3.610	-7.160	-3.530	-1
rxn33994	Tryptophan Synthase	4	-9.170	-7.540	-7.580	-1
rxn33995	Ribose-Phosphate pyrophosphokinase	2	-14.000	-0.070	-0.540	-1
rxn34009	Nitrate Reductase	1	-25.250	-34.340	35.330	-1
rxn34185	Aldose 1-epimerase	5	0.000	0.390	-0.320	16
rxn34190	Aconitate hydratase, glyoxysome	4	1.420	1.640	1.810	18
rxn34191	Acylphosphatase	3	0.120	-11.160	-10.830	-1
rxn34194	alcohol dehydrogenase (ethanol, NADP), chloroplast	1	-5.810	-5.010	4.610	10
rxn34196	Acylphosphatase	3	-1.420	-9.800	-9.600	-1
rxn34204	citrate synthase	2;4	-8.890	-8.580	8.330	10
rxn34212	Arylformamidase	3	-0.470	-7.960	0.870	-1
rxn34213	Formamidase	3	-17.820	-7.020	-14.160	-1
rxn34218	glucose 6-phosphate dehydrogenase	1	-1.970	-0.940	-0.790	-1
rxn34220	glucose-6-phosphate isomerase	5	0.000	1.630	-0.320	-1
rxn34226	Gluconokinase	2	-14.000	-2.390	-4.030	32
rxn34231	(S)-2-hydroxy-acid oxidase	1	-24.030	-21.090	-21.460	37
rxn34232	hexokinase	2	-14.000	-4.280	-3.430	32
rxn34233	2-hydroxy-3-oxopropionate reductase	1	5.250	7.840	7.950	19
rxn34235	D-lactate dehydrogenase	1	6.250	5.660	5.850	19
rxn34239	L-lactate dehydrogenase	1	6.250	6.400	6.580	19
rxn34240	L-lactate dehydrogenase, mitochondria	1	6.250	6.400	6.580	19
rxn34243	malate synthase	2;4	-8.930	-8.560	8.280	10
rxn34244	malate synthase	2;4	-8.930	-8.560	8.280	10
rxn34245	malate dehydrogenase (NAD)	1	6.250	7.060	7.320	19
rxn34246	Methenyltetrahydrofolate cyclohydrolase	3	0.610	1.120	-1.120	-1
rxn34248	Oxalate decarboxylase	4	-5.660	-3.970	-4.250	-1
rxn34257	phosphofructokinase	2	-14.000	-4.530	-3.770	32
rxn34258	pyruvate formate lyase	2	-5.050	-4.730	5.020	10
rxn34259	glucose-6-phosphate isomerase	5	-0.890	1.680	0.210	-1
rxn34260	Phosphoglycolate phosphatase	3	7.220	-7.550	-6.880	3
rxn34262	Phosphoglucomutase	5	0.000	-3.300	-1.970	16
rxn34267	ribose-5-phosphate isomerase	5	0.620	1.050	0.250	-1
rxn34271	succinate dehydrogenase (chloroplast)	1	10.190	11.270	12.320	21
rxn34273	transketolase	2	2.080	-0.370	1.380	14
rxn34298	acetyl-CoA:phosphate acetyltransferase	2	-5.840	2.120	2.350	6
rxn34299	acetate kinase (EC:2.7.2.1)	2	-5.360	3.260	3.200	6
rxn34300	glycolate dehydrogenase	1	7.710	10.560	10.740	21
rxn34304	aconitate hydratase, cytoplasmic, putative / citrate hydro-lyase/aconitase, putative	4	-0.050	-0.390	0.180	16
rxn34557	L-aspartate oxidase, mitochondria	1	-23.020	-22.250	-22.270	37
rxn34558	asparaginase	3	-4.720	-4.160	-3.930	-1
rxn34560	D-glucosamine-6-phosphate aminohydrolase (ketol isomerizing)	3	1.580	1.190	0.540	-1
rxn34566	glutamate-5-semialdehyde dehydrogenase, mitochondria	1	9.860	-2.570	3.580	2
rxn34567	glutamate-5-semialdehyde dehydrogenase, glyoxysome	1	9.860	-2.570	3.580	2
rxn34576	S-adenosylmethioninamine:spermidine 3-aminopropyltransferase	2	10.430	-0.450	-4.500	-1
rxn34579	primary-amine oxidase	1	-24.020	-22.500	-22.400	37
rxn34581	spermidine dehydrogenase	1	-23.500	-20.510	-14.850	37
rxn34582	beta-ureidopropionase	3	2.670	-13.680	-5.110	3
rxn34626	2-Acetolactate pyruvate-lyase (carboxylating), mitochondria	2	-3.660	-0.150	3.810	-1
rxn34627	butanal:NAD+ oxidoreductase (CoA-acylating), chloroplast	1	-4.020	-1.790	2.040	10
rxn34630	probable enoyl-CoA hydratase/isomerase	4	-2.160	-0.780	0.720	10
rxn34632	3-Hydroxybutanoyl-CoA:NADP+ oxidoreductase, mitochondria	1	-3.790	-4.010	3.810	10
rxn34633	3-Hydroxybutanoate:NAD+ oxidoreductase, glyoxysome	1	3.790	2.630	2.720	19
rxn34664	L-Cysteine:2-oxoglutarate aminotransferase	2	-3.940	-4.070	-3.570	-1
rxn34665	O-Succinyl-L-homoserine succinate-lyase (deaminating;2-oxobutanoate-forming)	2;4	-9.620	-14.070	-16.750	-1
rxn34671	aspartate aminotransferase, cysteine forming, mitochondria	2	3.940	4.070	-3.570	5
rxn34674	cystathionine beta-lyase	4	11.680	1.100	-0.700	4
rxn34682	lidocaine amidohydrolase	3	-1.670	-0.200	7.280	-1
rxn34685	monoethylglycinexylidide amidohydrolase	3	-1.670	-0.190	8.390	-1
rxn34728	enoyl-CoA hydratase (C6:0)	4	2.160	0.160	0.220	15
rxn34729	enoyl-CoA hydratase (C8:0)	4	2.160	-0.100	0.210	15
rxn34730	enoyl-CoA hydratase (C10:0)	4	2.160	-0.100	0.210	15
rxn34731	enoyl-CoA hydratase (C12:0)	4	2.160	-0.100	0.210	15
rxn34732	enoyl-CoA hydratase (C14:0)	4	2.160	-0.100	0.210	15
rxn34733	enoyl-CoA hydratase (C16:0)	4	2.160	-0.100	0.210	15
rxn34734	3-hydroxyacyl-CoA dehydrogenase (C6:0)	1	-3.790	-4.730	5.900	10
rxn34735	3-hydroxyacyl-CoA dehydrogenase (C8:0)	1	-3.790	-4.460	5.890	10
rxn34736	3-hydroxyacyl-CoA dehydrogenase (C10:0)	1	-3.790	-4.460	5.890	10
rxn34737	3-hydroxyacyl-CoA dehydrogenase (C12:0)	1	-3.790	-4.460	5.890	10
rxn34738	3-hydroxyacyl-CoA dehydrogenase (C14:0)	1	-3.790	-4.460	5.890	10
rxn34739	3-hydroxyacyl-CoA dehydrogenase (C16:0)	1	-3.790	-4.460	5.890	10
rxn34758	10-Formyltetrahydrofolate:L-glutamate ligase (ADP-forming)	6	-6.320	-7.840	-14.630	-1
rxn34768	D-Glucitol:NADP+ 1-oxidoreductase	none	2.930	3.160	7.160	-1
rxn34769	epimelibiose galactohydrolase	3	-3.110	-3.610	-2.170	-1
rxn34770	galactokinase, chloroplast	2	-14.000	-1.610	-5.740	32
rxn34771	galactose oxidase	1	-39.160	-39.380	-39.930	34
rxn34772	galactosylglycerol galactohydrolase	3	-3.110	-2.190	1.050	10
rxn34773	galactinol---raffinose galactosyltransferase	2	-0.000	-0.830	-0.830	16
rxn34777	Melibiitol galactohydrolase	3	-3.110	-0.130	-1.340	-1
rxn34779	3-O-alpha-D-Galactosyl-1D-myo-inositol galactohydrolase	3	-3.110	-2.400	-2.170	33
rxn34781	Raffinose galactohydrolase	3	-3.110	-1.150	-1.340	-1
rxn34785	stachyose galactohydrolase	3	-3.110	-1.570	-1.340	-1
rxn34786	arginine decarboxylase, chloroplast	4	-3.120	-5.650	-8.750	31
rxn34787	glutaminase	3;6	-4.720	-3.410	-2.780	33
rxn34788	glutathione-disulfide reductase, chloroplast	1	4.940	-3.720	4.690	2
rxn34789	glutathione-disulfide reductase, mitochondria	1	4.940	-3.720	4.690	2
rxn34790	glutamate dehydrogenase, mitochondria	1	8.720	8.720	9.220	21
rxn34791	glutamate---ammonia ligase, chloroplast	6	-2.060	-3.130	-3.620	29
rxn34792	glutamate---ammonia ligase, mitochondria	6	-2.060	-3.130	-3.620	29
rxn34793	glutamate dehydrogenase	1	8.720	8.720	9.220	21
rxn34794	glutamate dehydrogenase [NAD(P)+]	1	8.720	8.690	8.640	21
rxn34797	AMP,sulfite:glutathione-disulfide oxidoreductase (adenosine-5'-phosphosulfate-forming), mitochondria	1	26.360	6.820	6.290	-1
rxn35164	glycerol-3-phosphate oxidase	1	27.950	25.500	-25.880	-1
rxn35209	amine oxidase, glyoxysomal	1	-21.560	-22.650	-21.380	37
rxn35211	Acetyl-CoA:glycine C-acetyltransferase	2	5.250	8.270	5.920	-1
rxn35212	glycine transaminase	2	-1.460	-2.040	2.850	10
rxn35214	threonine aldolase	4	3.210	2.380	2.410	19
rxn35215	threonine ammonia-lyase (serine)	4	-7.510	-7.220	-7.130	43
rxn35218	enolase, mitochondria	4	-0.870	-0.910	-1.000	-1
rxn35234	phosphoglycerate mutase, mitochondria	5	0.000	1.080	-0.980	-1
rxn35241	phosphoglycerate kinase, mitochondrial	2	6.900	-4.620	4.440	2
rxn35242	pyruvate kinase, mitochondrial	2	4.890	-6.590	6.570	2
rxn35245	Formamidase, glyoxysomal	3	-17.820	-7.020	-14.160	-1
rxn35246	Methenyltetrahydrofolate cyclohydrolase	3	0.610	1.120	-1.120	-1
rxn35247	Phosphoglycolate phosphatase, glyoxysomal	3	7.220	-7.550	-6.880	3
rxn35251	amine oxidase	1	-24.020	-22.250	-20.970	37
rxn35254	D-myo-Inositol-3,4-bisphosphate 4-phosphohydrolase, nucleus	3	7.220	-4.360	-2.670	3
rxn35258	D-myo-Inositol 1,3,4,5-tetrakisphosphate 5-phosphohydrolase, nucleus	3	7.220	-1.250	5.500	2
rxn35274	methylamine:oxygen oxidoreductase (deaminating) (copper-containing)	1	-19.900	-18.660	-18.860	-1
rxn35281	O-acetyl-L-homoserine:hydrogen sulfide S-(3-amino-3-carboxypropyl)transferase	2;4	-3.420	-15.420	-17.810	20
rxn35282	cystathionine beta-lyase	4	-1.830	0.130	0.400	-1
rxn35284	5-methyltetrahydropteroyltriglutamate---homocysteine S-methyltransferase	2	-6.410	-9.300	-8.420	-1
rxn35310	ATP:nicotinamide-nucleotide adenylyltransferase, nucleus	2	1.070	-5.950	-0.280	-1
rxn35311	ATP:nicotinamide-nucleotide adenylyltransferase, nucleus	2	1.070	-0.700	-0.170	12
rxn35314	carbamoyl-phosphate synthase (ammonia)	6	-16.810	0.270	-0.020	-1
rxn35315	formamidase	3	-17.820	-7.020	-14.160	-1
rxn35318	urea carboxylase, mitochondria	6	-2.070	7.510	10.480	6
rxn35319	Hydrolysis (non-enzymatic)	none	-4.720	-10.090	9.790	10
rxn35344	5-Formiminotetrahydrofolate ammonia-lyase (cyclizing)	4	-10.010	6.010	7.100	6
rxn35345	5-Methyltetrahydrofolate:L-homocysteine S-methyltransferase	2	-6.410	0.030	-9.070	-1
rxn35346	5-methyltetrahydrofolate:NAD+ oxidoreductase	1	-3.820	-10.400	9.440	-1
rxn35351	2,3-Dihydroxy-3-methylbutanoate:NADP+ oxidoreductase (isomerizing), chloroplast	1	-3.790	-4.430	-2.120	-1
rxn35352	Pantoate:beta-alanine ligase (AMP-forming)	6	-26.780	-9.170	-9.980	30
rxn35353	Pantoate:NADP+ 2-oxidoreductase, nucleus	1	6.250	4.510	4.920	19
rxn35355	glucose 6-phosphate dehydrogenase (g6p-A)	1	-1.970	-2.880	-0.790	-1
rxn35356	Ribose-phosphate diphosphokinase, chloroplast	2	-14.000	0.480	-0.540	-1
rxn35359	Anthranilate synthase, ammonia	4	-39.410	-21.980	-12.900	-1
rxn35369	agmatine deiminase, mitochondria	3	-12.380	-8.250	-8.020	-1
rxn35370	agmatine deiminase, nucleus	3	-12.380	-8.250	-8.020	-1
rxn35371	arginine decarboxylase, mitochondrial	4	-3.120	-1.170	-6.750	-1
rxn35372	N-carbamoylputrescine amidase	3	2.670	-12.710	-6.160	3
rxn35374	putrescine:oxygen oxidoreductase	1	-24.020	-21.950	-20.940	37
rxn35376	biliverdin reductase (nad(p)h)	1	-11.890	5.000	6.910	6
rxn35409	porphobilinogen deaminase	2;4	-25.970	-31.810	-68.010	-1
rxn35416	1-aminocyclopropane-1-carboxylate aminohydrolase (isomerizing), chloroplast	3;4	-11.930	10.110	6.770	6
rxn35417	1-aminocyclopropane-1-carboxylate aminohydrolase (isomerizing), mitochondria	3;4	-11.930	10.110	6.770	6
rxn35418	ATP:propanoate adenyltransferase	6	12.570	281.350	19.010	-1
rxn35424	propionyladenylate:CoA propionyltransferase	6	-34.090	-280.960	-17.510	-1
rxn35425	propanoyl-CoA:formate C-propanoyltransferase, chloroplast	2	-5.050	-0.850	-0.460	-1
rxn35427	propanoyl-CoA:NADP+ 2-oxidoreductase, nucleus	1	15.920	14.440	10.600	22
rxn35428	ADP:ATP adenylyltransferase	2	2.530	2.730	3.050	19
rxn35429	adenylate cyclase, nucleus	4	-8.450	0.800	1.680	6
rxn35430	dGTP:pyruvate 2-O-phosphotransferase, mitochondria	2	4.890	-6.140	6.560	2
rxn35431	APS:ATP adenylyltransferase	2	-11.470	-10.860	-10.870	35
rxn35432	adenosine 3',5'-phosphate 5'-nucleotidohydrolase, nucleus	3	-18.790	-9.770	-10.010	-1
rxn35433	allantoate amidinohydrolase	3	10.950	0.310	0.360	-1
rxn35435	(S)(+)-allantoin amidohydrolase	3	-3.690	-13.080	0.580	-1
rxn35436	allantoin synthetase	4	-14.580	-16.890	-10.240	-1
rxn35437	bis(5'-adenosyl)-triphosphatase	3	-18.810	-10.630	-8.890	-1
rxn35438	bis(5'-nucleosyl)-tetraphosphatase (symmetrical)	3	-9.310	-9.270	-9.440	-1
rxn35439	dATP:pyruvate 2-O-phosphotransferase	2	4.890	-6.030	6.570	2
rxn35440	Guanosine 3',5'-cyclic phosphate 5'-nucleotidohydrolase, nucleus	3	-18.790	-7.950	-10.000	-1
rxn35441	GMP synthase, mitochondria	6	-18.330	-74.030	-7.660	11
rxn35442	GTP:pyruvate 2-O-phosphotransferase, mitochondria	2	4.890	-7.260	6.560	2
rxn35443	guanylate cyclase, nucleus	4	-8.450	-0.310	1.630	-1
rxn35444	hydroxyisourate hydrolase	3	2.130	38.130	-1.850	-1
rxn35447	urate oxidase	1	-57.110	-53.560	-29.160	-1
rxn35448	aspartate carbamoyltransferase, mitochondria	2	0.580	-5.310	-5.040	-1
rxn35449	dihydroorotase	3	5.250	1.060	-0.880	-1
rxn35450	dihydroorotate oxidase, mitochondria	1	-19.840	-28.930	-13.640	-1
rxn35456	beta-carotene 15,15'-monooxygenase	1	-87.460	-85.960	-72.680	23
rxn35473	2,5-Diamino-6-hydroxy-4-(5-phosphoribosylamino)-pyrimidine 2-aminohydrolase	3	-16.230	65.880	-2.550	-1
rxn35505	UDPglucose:D-glucose-6-phosphate 1-alpha-D-glucosyltransferase, nucleus	2	-1.700	-5.820	-8.680	29
rxn35518	Aconitate hydratase, glyoxysome	4	1.420	1.640	1.810	18
rxn35519	phosphoenolpyruvate carboxykinase, mitochondria	4	-9.820	2.470	2.540	6
rxn35524	maleylacetoacetate isomerase, nucleus	5	0.000	-0.000	-0.000	16
rxn35525	allophanate hydrolase, mitochondria	3	-9.710	-19.770	-23.020	-1
rxn35526	acetolactate synthase, 2-Aceto-2-hydroxybutanoate forming	2	-3.660	1.940	0.470	-1
rxn35527	dihydroxy-acid dehydratase, 3-Methyl-2-oxobutanoate, chloroplast	4	-6.750	-8.830	-10.920	40
rxn35528	dihydroxy-acid dehydratase, chloroplast	4	-6.750	-8.830	-12.070	40
rxn35529	ketol-acid reductoisomerase	1;5	2.460	0.000	2.070	14
rxn35530	ketol-acid reductoisomerase, (R)-2,3-Dihydroxy-3-methylbutanoate forming	none	-6.250	-4.430	4.570	10
rxn35531	ketol-acid reductoisomerase, (R)-2,3-Dihydroxy-3-methylpentanoate forming	1	-6.250	-4.430	4.570	10
rxn35533	threonine ammonia-lyase	4	-5.700	-5.760	-6.450	42
rxn35536	aldehyde dehydrogenase (NAD+)	none	-9.740	-9.530	-1.010	-1
rxn35541	enoyl-coa hydratase, 3-Hydroxyisovaleryl-CoA forming	4	-3.020	-0.100	-14.600	-1
rxn35543	3-hydroxyisobutyryl-coa hydrolase, mitochondrial	3	-5.720	-6.460	-2.030	-1
rxn35544	3-Hydroxy-2-methylpropanoate:NAD+ oxidoreductase	1	5.250	4.940	5.250	19
rxn35545	(2S,3S)-3-hydroxy-2-methylbutanoyl-CoA:NAD+ oxidoreductase	1	3.790	4.460	4.990	19
rxn35548	methylmalonate-semialdehyde dehydrogenase (acylating)	1	-7.140	-7.080	-6.980	43
rxn35549	3-methyl-2-oxobutanoate dehydrogenase	1	-6.900	-5.650	-9.780	-1
rxn35553	3-methyl-2-oxobutanoate dehydrogenase, 3-Methyl-2-oxopentanoate transforming	1	-6.900	-5.650	-8.590	-1
rxn35554	3-methyl-2-oxobutanoate dehydrogenase, 4-Methyl-2-oxopentanoate transforming	1	-6.900	-5.960	-10.300	-1
rxn35556	Pyridoxamine:oxygen oxidoreductase (deaminating)	1	-25.570	-22.770	-22.760	37
rxn35560	Lactose galactohydrolase	3	-3.110	-2.700	1.950	10
rxn35561	(S,S)-butane-2,3-diol:NAD+ oxidoreductase	none	3.790	4.060	4.470	19
rxn35571	Phosphoribosylaminoimidazole-succinocarboxamide synthase	6	-16.020	-17.240	8.930	10
rxn35572	Adenylosuccinate lyase	4	7.340	5.560	2.950	-1
rxn35580	serine ammonia-lyase (pyruvate-forming)	4	-7.510	-7.120	-12.470	-1
rxn35582	Hepoxilin A3 hydrolase	3	-3.630	6.170	7.070	6
rxn35616	8-dimethylallylnaringenin 2'-hydroxylase	1	-95.860	-105.800	-80.850	26
rxn35679	4OHBENZOATE-OCTAPRENYLTRANSFER-RXN.c	2	-26.410	-19.410	-21.920	-1
rxn35698	6-N-(1,2-dicarboxyethyl)AMP AMP-lyase	4	7.340	5.560	2.950	-1
rxn35719	alcohol dehydrogenase [NAD(P)+]	1	3.700	4.940	3.730	19
rxn35926	alcohol dehydrogenase [NAD(P)+]	1	5.250	4.940	5.730	19
rxn36169	alcohol dehydrogenase [NAD(P)+]	1	5.250	4.940	5.230	19
rxn36714	17beta,20alpha-hydroxysteroid dehydrogenase	1	2.330	1.060	0.270	-1
rxn36715	17beta,20alpha-hydroxysteroid dehydrogenase	1	2.330	1.090	0.850	-1
rxn36750	imidazol-5-yl lactate dehydrogenase	1	6.250	4.480	-3.540	5
rxn36857	quinone reductase	1	-21.560	-6.420	-12.390	-1
rxn37012	pyrroline-2-carboxylate reductase	1	-11.900	5.560	5.720	6
rxn37013	pyrroline-2-carboxylate reductase	1	-11.900	5.590	6.300	6
rxn37014	R262-RXN.c.metaexp.NADP_NADPH	1	-3.790	-5.130	2.000	10
rxn37040	RXN-11081.c.metaexp.NAD_NADH	1	-2.330	0.260	7.980	-1
rxn37127	zeaxanthin glucosyltransferase	2	-3.400	-6.130	-18.400	-1
rxn37181	2-deoxy-scyllo-inosamine dehydrogenase	1	2.330	-0.300	7.920	14
rxn37184	methylsterol monooxygenase	1	-314.770	-316.270	-315.090	-1
rxn37185	methylsterol monooxygenase	1	-314.770	-316.360	-316.840	-1
rxn37186	zeaxanthin epoxidase	1	-209.870	-156.160	-159.450	-1
rxn37187	zeaxanthin epoxidase	1	-209.870	-156.220	-160.620	-1
rxn37332	acyl-coenzyme A ligase	6	-21.520	-2.560	-0.980	-1
rxn37337	acyl-coenzyme A ligase	6	-21.520	-2.560	-0.980	-1
rxn37384	RXN-8955.c.metaexp.NADP_NADPH	none	-2.330	0.290	3.340	13
rxn37385	RXN-8955.c.metaexp.NAD_NADH	1	-2.330	0.260	3.920	13
rxn37386	octaprenyl pyrophosphate synthetase	2	-112.500	-93.180	-112.220	-1
rxn37427	RXN-9703.v.metaexp.NADP_NADPH	1	-94.500	-102.200	-95.170	25
rxn37520	RXN66-313.r.metaexp.NADP_NADPH	1	0.340	-5.740	-0.920	-1
rxn37546	phosphoribosylaminoimidazole-succinocarboxamide synthetase	6	-16.020	-17.240	8.930	10
rxn37585	N-ribosyladenine ribohydrolase	3	-0.730	-4.950	-3.040	-1
rxn37586	N-ribosyladenine ribohydrolase	3	-0.730	-4.950	-3.040	-1
rxn37599	Inosinase	3	-0.730	-4.850	-2.380	-1
rxn37600	Inosinase	3	-0.730	-4.850	-2.380	-1
rxn37609	OPPSYN-RXN.c.plantexp.ALL-TRANS-HEPTAPRENYL-DIPHOSPHATE_OCTAPRENYL-DIPHOSPHATE	2	-22.500	-18.640	22.440	10
rxn37610	OPPSYN-RXN.c.plantexp.OCTAPRENYL-DIPHOSPHATE_SOLANESYL-PYROPHOSPHATE	2	-22.500	-18.640	-22.440	36
rxn37611	OPPSYN-RXN.d.plantexp.OCTAPRENYL-DIPHOSPHATE_SOLANESYL-PYROPHOSPHATE	2	-22.500	-18.640	-22.440	36
rxn37612	OPPSYN-RXN.r.plantexp.OCTAPRENYL-DIPHOSPHATE_SOLANESYL-PYROPHOSPHATE	2	-22.500	-18.640	-22.440	36
rxn37640	RXN0-5224.w	4	0.810	1.240	1.150	-1
rxn37658	(S)-3-methyl-2-oxopentanoate dehydrogenase (acylating)	1	-8.140	-5.290	-5.690	38
rxn37671	Aldose reductase	1	5.250	9.320	8.360	19
rxn37672	Aldose reductase	1	5.250	9.350	8.940	19
rxn37674	CARBAMATE-KINASE-RXN.d	2	-10.030	6.810	6.370	6
rxn37675	D-XYLULOSE-REDUCTASE-RXN.r	1	3.840	1.150	5.020	-1
rxn37685	hydroxymethylglutaryl-CoA reductase	1	1.230	0.730	5.680	-1
rxn37686	LINOLEOYL-RXN.r	3	-5.720	-5.200	-7.350	-1
rxn37694	PREPHENATE-ASP-TRANSAMINE-RXN.d	2	0.000	-2.960	-1.800	16
rxn37696	RXN-1061.r	1	-92.610	-93.220	-95.790	27
rxn37706	RXN-11209.d	1	13.340	1.010	18.810	-1
rxn37718	thiamine-phosphate diphosphorylase	2	-9.480	-9.590	-10.190	40
rxn37739	beta-carotene isomerase	5	0.000	0.000	0.000	16
rxn37740	9-cis-beta-carotene 9',10'-cleavage dioxygenase	1	-88.360	-88.690	-72.500	23
rxn37741	9-cis-10'-apo-beta-carotenal cleavage dioxygenase	1	-167.790	-186.650	-145.940	-1
rxn37776	RXN-4723.n.araexp.CPD-12575	2	-1.700	-5.270	-8.590	29
rxn37777	RXN-4726.n.araexp.CPD-12575	2	-1.700	-5.270	-6.960	29
rxn37778	RXN-4735.n.araexp.CPD-12575	2	-1.700	-5.270	-8.590	29
rxn37796	RXN-8772.d.araexp.CPD-12045	1	3.170	4.560	9.610	19
rxn37797	RXN-8850.d	2	-16.500	-16.000	-14.130	-1
rxn37804	DHODase (ambiguous)	1	-3.130	-12.080	-13.640	-1
rxn37807	RXN-9958.m.araexp.NADP_NADPH	1	-8.950	-6.040	-5.640	38
rxn37809	3-hydroxyadipyl-CoA dehydrogenase	1	3.790	4.460	-2.220	5
rxn37816	2,3-dehydroadipyl-CoA hydratase	4	2.160	-0.100	1.670	14
rxn37861	Unsaturated acyl-CoA hydratase	4	1.600	-0.880	-8.140	-1
rxn37863	Galactowaldenase	5	0.000	0.310	0.700	16
rxn37869	1.1.1.34-RXN.d	1	1.230	0.670	4.510	-1
rxn37870	1.1.1.34-RXN.m	1	1.230	0.670	4.510	-1
rxn37871	1.1.1.34-RXN.n	1	1.230	0.670	4.510	-1
rxn37872	1.1.1.39-RXN.w	1	1.320	2.940	3.300	-1
rxn37873	1.1.1.8-RXN.e	1	3.790	6.150	6.330	19
rxn37874	1.1.3.37-RXN.e	1	-29.410	-32.010	-23.270	37
rxn37881	4-methylsterol oxidase	1	-92.610	-93.820	-95.860	27
rxn37882	4-methylsterol oxidase	1	-92.610	-93.850	-96.440	27
rxn37883	1.14.13.8-RXN.d	1	-52.180	11.120	-57.730	-1
rxn37884	1.14.13.8-RXN.n	1	-52.180	11.120	-57.730	-1
rxn37885	1.14.13.8-RXN.r	1	-52.180	11.120	-57.730	-1
rxn37886	1.14.13.8-RXN.w	1	-52.180	11.120	-57.730	-1
rxn37887	1.14.13.93-RXN.e	1	-92.610	-93.820	-95.030	27
rxn37888	1.2.1.13-RXN.e	1	-9.860	1.070	1.270	6
rxn37890	RXN66-306.e	1	-10.330	-4.110	1.260	-1
rxn37893	1.5.1.8-RXN.e	1	9.240	8.720	8.580	21
rxn37906	2-DEHYDROPANTOATE-REDUCT-RXN.d	1	6.250	4.510	4.920	19
rxn37912	2.3.1.133-RXN.n	2	-3.610	-4.410	3.540	10
rxn37929	2.4.1.237-RXN.e.maizeexp.CPD-12575_CPD-520_CPD-8006	2	-19.900	43.190	-16.820	-1
rxn37930	2.4.1.67-RXN.e	2	-0.000	-0.830	-0.830	16
rxn37933	SQS	2	-27.300	-37.220	-26.580	-1
rxn37934	4-hydroxybenzoate nonaprenyltransferase	2	-26.410	-19.410	-21.920	-1
rxn37935	S-adenosyl-L-methionine:S-adenosyl-L-methionine:S-adenosyl-Lmethionine 3-amino-3-carboxypropyltransferase	2	-24.460	2.360	-17.630	-1
rxn37937	Tyrosine transaminase	2	0.000	0.100	0.020	16
rxn37938	2.6.1.58-RXN.e	2	0.000	-3.520	-0.290	-1
rxn37952	2PGADEHYDRAT-RXN.e	4	-0.870	-0.910	-1.000	-1
rxn37953	2PGADEHYDRAT-RXN.n	4	-0.870	-0.910	-1.000	-1
rxn37956	(2R,3S)-3-isopropylmalate:NAD+ oxidoreductase	1	6.250	4.470	6.160	19
rxn37980	3.5.4.27-RXN.e	3	3.210	58.270	16.760	-1
rxn37993	3.6.5.4-RXN.e	3	-6.780	-5.870	-6.400	43
rxn37994	3.6.5.3-RXN.n	3	-6.780	-5.870	-6.400	43
rxn37995	4-HYDROXYPHENYLPYRUVATE-DIOXYGENASE-RXN.e	1	-109.720	-131.320	-98.790	-1
rxn37997	4.2.3.16-RXN.e	4	-25.850	-37.070	-23.600	-1
rxn37998	4.4.1.14-RXN.e	4	-3.020	-12.950	-9.600	-1
rxn37999	4.4.1.14-RXN.n	4	-3.020	-12.950	-9.600	-1
rxn38000	6.3.4.16-RXN.w	6	-16.810	0.270	-0.020	-1
rxn38002	6PFRUCTPHOS-RXN.e	2	-14.000	-4.390	-4.990	32
rxn38003	6PFRUCTPHOS-RXN.n	2	-14.000	-4.390	-4.990	32
rxn38004	6PFRUCTPHOS-RXN.w	2	-14.000	-4.390	-4.990	32
rxn38006	phosphogluconate dehydrogenase (decarboxylating)	1	0.670	2.470	2.610	-1
rxn38007	RXN-3341.e	1	0.670	2.500	3.200	-1
rxn38009	phosphogluconate dehydrogenase (decarboxylating)	1	0.670	2.470	2.610	-1
rxn38010	RXN-3341.n	1	0.670	2.500	3.200	-1
rxn38011	ACETYL-COA-CARBOXYLTRANSFER-RXN.e	6	-1.040	-1.630	0.660	-1
rxn38020	ADENOSINE-KINASE-RXN.d	2	-14.000	-3.000	-3.430	32
rxn38021	ATPase	3;5;7	-6.780	-6.540	-6.400	43
rxn38022	ATPase	3;5;7	-6.780	-6.540	-6.400	43
rxn38023	ATPase	3;5;7	-6.780	-6.540	-6.400	43
rxn38024	ADENPRIBOSYLTRAN-RXN.d	2	12.510	4.620	4.750	-1
rxn38026	AIRCARBOXY-RXN.e	4	-1.350	1.110	0.670	13
rxn38028	GPT	2	0.000	0.040	0.160	16
rxn38029	GPT	2	0.000	0.040	0.160	16
rxn38030	ALARACECAT-RXN.e	5	0.000	-0.010	0.000	16
rxn38033	ALCOHOL-DEHYDROG-RXN.e	1	5.810	5.050	5.190	19
rxn38034	ALCOHOL-DEHYDROG-RXN.n	1	5.810	5.050	5.190	19
rxn38042	ANTHRANSYN-RXN.n	4	-44.130	-25.380	-15.680	-1
rxn38043	ANTHRANSYN-RXN.w	4	-44.130	-25.380	-15.680	-1
rxn38044	Naringenin chalcone isomerase	5	-8.370	-7.030	7.740	10
rxn38046	ASNSYNB-RXN.w	6	-27.240	-8.210	-7.170	30
rxn38053	Isoleucine transaminase	2	-0.000	-1.410	-4.130	16
rxn38054	BRANCHED-CHAINAMINOTRANSFERLEU-RXN.e	2	-0.000	0.080	-0.300	16
rxn38055	Valine transaminase	2	-0.000	0.420	1.860	16
rxn38059	CARBOXYMETHYLENEBUTENOLIDASE-RXN.d	3	-23.090	-1.010	-10.610	-1
rxn38060	CARBPSYN-RXN.w	6	-20.720	-1.890	-1.620	-1
rxn38064	CHOLINE-KINASE-RXN.n	2	-14.000	-4.480	-4.380	32
rxn38069	DAHPSYN-RXN.n	2;4	-2.640	-17.830	-17.870	20
rxn38070	DALADALALIG-RXN.w	6	-6.320	-6.150	-1.450	-1
rxn38072	DHBDEHYD-RXN.d	1	-10.530	-14.040	20.470	10
rxn38073	DHBDEHYD-RXN.e	1	-10.530	-14.040	20.470	10
rxn38074	DHBDEHYD-RXN.m	1	-10.530	-14.040	20.470	10
rxn38075	DHBDEHYD-RXN.n	1	-10.530	-14.040	20.470	10
rxn38076	DHBDEHYD-RXN.w	1	-10.530	-14.040	20.470	10
rxn38078	Dihydrolipoamide dehydrogenase	1	1.580	1.100	1.460	18
rxn38079	DIHYDROKAEMPFEROL-4-REDUCTASE-RXN.e	1	-0.780	0.460	-3.970	-1
rxn38082	dihydroorotate dehydrogenase (ambiguous)	1	-19.840	-28.930	-13.640	-1
rxn38087	DMBPPRIBOSYLTRANS-RXN.e	2	-2.910	-4.930	-12.610	-1
rxn38091	DTDPDEHYRHAMREDUCT-RXN.n	1	2.330	-0.290	7.420	14
rxn38092	DTDPDEHYRHAMREDUCT-RXN.r	1	2.330	-0.290	7.420	14
rxn38094	ETHANOLAMINE-KINASE-RXN.n	2	-14.000	-5.420	-4.310	32
rxn38097	F16ALDOLASE-RXN.e	4	4.310	5.220	-0.730	5
rxn38099	trans,trans-farnesyl-diphosphate:isopentenyl-diphosphate farnesyltranstransferase	2	-22.500	-18.640	-22.440	36
rxn38104	(2E,6E)-farnesyl diphosphate synthase	2	-22.500	-18.640	-22.440	36
rxn38105	FUMARYLACETOACETASE-RXN.d	3	-12.780	-17.560	2.980	10
rxn38106	FUMARYLACETOACETASE-RXN.n	3	-12.780	-17.560	2.980	10
rxn38113	GAPOXNPHOSPHN-RXN.n	1	-9.860	1.100	1.850	6
rxn38114	GDPMANDEHYDRA-RXN.n	4	-13.900	-13.240	-9.640	-1
rxn38115	GLU6PDEHYDROG-RXN.n	1	-1.970	-2.570	-5.300	29
rxn38117	GLUC1PURIDYLTRANS-RXN.n.maizeexp.CPD-12575	2	1.070	-2.630	-0.030	12
rxn38118	glucose isomerase	5	-0.890	-0.110	0.210	13
rxn38121	GLUTAMATE-N-ACETYLTRANSFERASE-RXN.d	2	0.000	0.550	0.730	16
rxn38122	GLUTKIN-RXN.e	2	-6.900	6.820	3.070	6
rxn38123	GLUTKIN-RXN.n	2	-6.900	6.820	3.070	6
rxn38124	glycerate kinase	2	-14.000	-3.070	-4.020	32
rxn38130	GLYOHMETRANS-RXN.e	2	0.050	-2.420	1.700	-1
rxn38131	GLYOXI-RXN.e	4	14.210	5.610	5.610	-1
rxn38132	GLYOXI-RXN.n	4	14.210	5.610	5.610	-1
rxn38133	GMP-SYN-GLUT-RXN.d	6	-23.050	-77.430	-10.440	11
rxn38134	GMP-SYN-GLUT-RXN.w	6	-23.050	-77.430	-10.440	11
rxn38135	GPPSYN-RXN.e	2	-22.500	-18.310	-21.240	36
rxn38136	GSAAMINOTRANS-RXN.m	5	-1.460	-2.150	2.590	10
rxn38141	GUANIDINOBUTANAMIDE-NH3-RXN.d	3	-4.720	-2.870	-2.480	33
rxn38142	GUANIDINOBUTANAMIDE-NH3-RXN.e	3	-4.720	-2.870	-2.480	33
rxn38148	HISTAMINOTRANS-RXN.e	2	2.460	1.980	-1.820	5
rxn38151	HOMOSERKIN-RXN.e	2	-14.000	-8.860	-4.080	-1
rxn38152	HOMOSERKIN-RXN.m	2	-14.000	-8.860	-4.080	-1
rxn38153	HOMOSERKIN-RXN.n	2	-14.000	-8.860	-4.080	-1
rxn38157	INORGPYROPHOSPHAT-RXN.e	3	4.180	-4.070	-3.820	3
rxn38158	INORGPYROPHOSPHAT-RXN.n	3	4.180	-4.070	-3.820	3
rxn38159	ISOCIT-CLEAV-RXN.d	4	5.020	2.080	2.010	-1
rxn38162	3-ketolactose hydrolase	3	-3.110	-2.700	4.990	10
rxn38171	METHANOL-DEHYDROGENASE-RXN.d	1	6.470	8.020	8.480	19
rxn38173	MYO-INOSITOL-1-PHOSPHATE-SYNTHASE-RXN.e	5	-1.680	-14.230	-16.100	20
rxn38174	MYO-INOSITOL-1-PHOSPHATE-SYNTHASE-RXN.e.maizeexp.ALPHA-GLC-6-P	5	-1.680	-16.180	-16.100	20
rxn38181	NADPYROPHOSPHAT-RXN.e	3	-28.310	-8.260	-8.150	30
rxn38182	NITRATE-REDUCTASE-NADH-RXN.n	1	25.250	34.340	35.330	-1
rxn38188	NUCLEOSIDE-TRIPHOSPHATASE-RXN.d.maizeexp.DUDP_DUTP	3	-6.780	-6.190	-6.190	43
rxn38189	NUCLEOSIDE-TRIPHOSPHATASE-RXN.d.maizeexp.TDP_TTP	3	-6.780	-6.560	-6.180	43
rxn38190	NUCLEOSIDE-TRIPHOSPHATASE-RXN.d.maizeexp.UDP_UTP	3	-6.780	-6.590	-6.170	43
rxn38192	NUCLEOSIDE-TRIPHOSPHATASE-RXN.e.maizeexp.CDP_CTP	3	-6.780	-6.600	-6.390	43
rxn38196	NUCLEOSIDE-TRIPHOSPHATASE-RXN.e.maizeexp.DUDP_DUTP	3	-6.780	-6.190	-6.190	43
rxn38197	NUCLEOSIDE-TRIPHOSPHATASE-RXN.e.maizeexp.TDP_TTP	3	-6.780	-6.560	-6.180	43
rxn38198	NUCLEOSIDE-TRIPHOSPHATASE-RXN.e.maizeexp.UDP_UTP	3	-6.780	-6.590	-6.170	43
rxn38200	NUCLEOSIDE-TRIPHOSPHATASE-RXN.m.maizeexp.CDP_CTP	3	-6.780	-6.600	-6.390	43
rxn38204	NUCLEOSIDE-TRIPHOSPHATASE-RXN.m.maizeexp.DUDP_DUTP	3	-6.780	-6.190	-6.190	43
rxn38205	NUCLEOSIDE-TRIPHOSPHATASE-RXN.m.maizeexp.TDP_TTP	3	-6.780	-6.560	-6.180	43
rxn38206	NUCLEOSIDE-TRIPHOSPHATASE-RXN.m.maizeexp.UDP_UTP	3	-6.780	-6.590	-6.170	43
rxn38208	NUCLEOSIDE-TRIPHOSPHATASE-RXN.n.maizeexp.CDP_CTP	3	-6.780	-6.600	-6.390	43
rxn38212	NUCLEOSIDE-TRIPHOSPHATASE-RXN.n.maizeexp.DUDP_DUTP	3	-6.780	-6.190	-6.190	43
rxn38213	NUCLEOSIDE-TRIPHOSPHATASE-RXN.n.maizeexp.TDP_TTP	3	-6.780	-6.560	-6.180	43
rxn38214	NUCLEOSIDE-TRIPHOSPHATASE-RXN.n.maizeexp.UDP_UTP	3	-6.780	-6.590	-6.170	43
rxn38216	NUCLEOSIDE-TRIPHOSPHATASE-RXN.r.maizeexp.CDP_CTP	3	-6.780	-6.600	-6.390	43
rxn38220	NUCLEOSIDE-TRIPHOSPHATASE-RXN.r.maizeexp.DUDP_DUTP	3	-6.780	-6.190	-6.190	43
rxn38221	NUCLEOSIDE-TRIPHOSPHATASE-RXN.r.maizeexp.TDP_TTP	3	-6.780	-6.560	-6.180	43
rxn38222	NUCLEOSIDE-TRIPHOSPHATASE-RXN.r.maizeexp.UDP_UTP	3	-6.780	-6.590	-6.170	43
rxn38224	NUCLEOSIDE-TRIPHOSPHATASE-RXN.w.maizeexp.CDP_CTP	3	-6.780	-6.600	-6.390	43
rxn38228	NUCLEOSIDE-TRIPHOSPHATASE-RXN.w.maizeexp.DUDP_DUTP	3	-6.780	-6.190	-6.190	43
rxn38229	NUCLEOSIDE-TRIPHOSPHATASE-RXN.w.maizeexp.GDP_GTP	3	-6.780	-5.870	-6.400	43
rxn38230	NUCLEOSIDE-TRIPHOSPHATASE-RXN.w.maizeexp.TDP_TTP	3	-6.780	-6.560	-6.180	43
rxn38231	NUCLEOSIDE-TRIPHOSPHATASE-RXN.w.maizeexp.UDP_UTP	3	-6.780	-6.590	-6.170	43
rxn38233	NUCLEOSIDE-TRIPHOSPHATASE-RXN.x.maizeexp.ADP_ATP	3;5;7	-6.780	-6.540	-6.400	43
rxn38234	NUCLEOSIDE-TRIPHOSPHATASE-RXN.x.maizeexp.CDP_CTP	3	-6.780	-6.600	-6.390	43
rxn38238	NUCLEOSIDE-TRIPHOSPHATASE-RXN.x.maizeexp.DUDP_DUTP	3	-6.780	-6.190	-6.190	43
rxn38239	NUCLEOSIDE-TRIPHOSPHATASE-RXN.x.maizeexp.GDP_GTP	3	-6.780	-5.870	-6.400	43
rxn38240	NUCLEOSIDE-TRIPHOSPHATASE-RXN.x.maizeexp.TDP_TTP	3	-6.780	-6.560	-6.180	43
rxn38241	NUCLEOSIDE-TRIPHOSPHATASE-RXN.x.maizeexp.UDP_UTP	3	-6.780	-6.590	-6.170	43
rxn38243	OROPRIBTRANS-RXN.e	2	19.600	-3.170	-3.450	-1
rxn38244	OROTPDECARB-RXN.e	4	-1.350	-6.220	1.170	-1
rxn38253	glucose-6-phosphate isomerase	5	-0.890	0.040	2.960	13
rxn38254	phenylalanine transaminase	2	-0.000	3.480	-0.130	-1
rxn38256	PHOSGLYPHOS-RXN.e	2	-6.900	4.620	4.440	6
rxn38257	PHOSGLYPHOS-RXN.n	2	-6.900	4.620	4.440	6
rxn38258	UDP-N-acetylmuramoyl-L-alanyl-D-glutamyl-meso-2,6-diaminopimelyl-D-alanyl-D-alanine:undecaprenyl-phosphate transferase	2	-0.000	0.340	3.980	-1
rxn38263	PHOSPHORIBULOKINASE-RXN.e	2	-14.000	-6.190	-3.590	32
rxn38273	PRPPSYN-RXN.e	2	-14.000	-0.070	-0.540	-1
rxn38274	PRTRANS-RXN.e	2	19.970	14.390	22.800	-1
rxn38275	PYRIDOXINE-4-DEHYDROGENASE-RXN.d	1	3.700	6.280	6.780	19
rxn38277	Acrylamidase	3	-4.720	-3.250	-1.600	-1
rxn38278	Acrylamidase	3	-4.720	-3.250	-1.600	-1
rxn38279	Nicotinamidase	3	-4.720	-1.320	-6.410	-1
rxn38280	Nicotinamidase	3	-4.720	-1.320	-6.410	-1
rxn38281	R542-RXN.e	1	2.330	-0.260	3.890	14
rxn38282	R542-RXN.m	1	2.330	-0.260	3.890	14
rxn38283	R542-RXN.n	1	2.330	-0.260	3.890	14
rxn38284	RIB5PISOM-RXN.n	5	0.620	0.500	0.250	15
rxn38286	RIBULOSE-BISPHOSPHATE-CARBOXYLASE-RXN.n	4	-7.850	-6.310	-8.630	-1
rxn38313	phenylpyruvate dioxygenase	1	-109.720	-117.570	-102.560	-1
rxn38314	phenylpyruvate dioxygenase	1	-109.720	-117.570	-102.560	-1
rxn38315	3,4-dihydroxyphenylglycolaldehyde reductase	1	-5.250	-4.940	4.530	10
rxn38316	3,4-dihydroxyphenylglycolaldehyde reductase	1	-5.250	-4.940	4.530	10
rxn38317	3,4-dihydroxyphenylglycolaldehyde reductase	1	-5.250	-4.940	4.530	10
rxn38318	3,4-dihydroxyphenylglycolaldehyde reductase	1	-5.250	-4.940	4.530	10
rxn38326	3-epi-6-deoxocathasterone 2,3-monooxygenase	1	-94.420	-94.870	-93.050	27
rxn38340	geranylgeranyl-diphosphate:isopentenyl-diphosphate transferase (adding 2 isopentenyl units)	2	-45.000	-37.270	-44.890	-1
rxn38341	RXN-11501.d	3	-3.110	0.110	-1.340	-1
rxn38342	RXN-11502.d	3	-3.110	0.530	-1.340	-1
rxn38343	hexokinase	2	-14.000	-2.880	3.820	7
rxn38344	hexokinase	2	-14.000	-2.880	-2.410	32
rxn38345	RXN-11531.e	1	-94.420	-94.870	-93.050	27
rxn38359	RXN-1685.n	2	-14.000	-2.730	-3.430	32
rxn38360	RXN-1781.e	2	0.000	-0.990	-5.120	16
rxn38370	RXN-2601.n	2	-3.610	-0.190	5.600	-1
rxn38372	RXN-3562.n	1	0.740	22.270	-29.370	-1
rxn38373	RXN-3766.n	1	0.740	22.290	-31.200	-1
rxn38374	RXN-4161.e	5	-8.820	1.630	4.980	6
rxn38375	RXN-4161.r	5	-8.820	1.630	4.980	6
rxn38377	RXN-4723.e.maizeexp.CPD-12575	2	-1.700	-5.270	-8.590	29
rxn38379	RXN-4735.e.maizeexp.CPD-12575	2	-1.700	-5.270	-8.590	29
rxn38392	RXN-5822.e	3	7.220	-4.140	-3.550	3
rxn38393	RXN-5822.n	3	7.220	-4.140	-3.550	3
rxn38395	RXN-600.e	1	-0.780	0.460	-3.970	-1
rxn38396	RXN-6021.e	1	5.250	4.220	5.040	19
rxn38397	RXN-6021.m	1	5.250	4.220	5.040	19
rxn38398	RXN-6021.n	1	5.250	4.220	5.040	19
rxn38399	RXN-6182.e	5	-0.890	-0.270	2.630	13
rxn38401	4-methylsterol oxidase	1	-118.580	-118.250	-114.250	-1
rxn38402	4-methylsterol oxidase	1	-118.580	-118.280	-114.840	-1
rxn38424	RXN-7693.e	1	-5.250	-4.940	5.610	10
rxn38425	RXN-7693.n	1	-5.250	-4.940	5.610	10
rxn38429	RXN-7700.e	1	-5.250	-4.940	8.610	10
rxn38430	RXN-7700.n	1	-5.250	-4.940	8.610	10
rxn38437	RXN-7784.e	1	-0.780	0.460	-3.970	-1
rxn38444	zeaxanthin,NAD(P)H:oxygen oxidoreductase	1	-104.940	-78.080	-79.720	-1
rxn38445	zeaxanthin,NAD(P)H:oxygen oxidoreductase	1	-104.940	-78.110	-80.310	-1
rxn38447	zeaxanthin,NAD(P)H:oxygen oxidoreductase	1	-104.940	-78.080	-79.720	-1
rxn38448	zeaxanthin,NAD(P)H:oxygen oxidoreductase	1	-104.940	-78.110	-80.310	-1
rxn38459	RXN-8631.e	4	4.310	6.910	4.200	19
rxn38467	RXN-9003.e	2	-26.410	-19.410	-21.920	-1
rxn38499	RXN-9583.d	2	-10.820	1.060	-5.360	-1
rxn38509	RXN-9868.d	3	-23.090	-1.010	-10.500	-1
rxn38541	RXN1F-461.e.maizeexp.CPD-12575	2	-1.700	27.110	-13.260	-1
rxn38667	RXN3O-4113.d	1	-5.250	-4.940	8.760	10
rxn38668	RXN3O-4113.e	1	-5.250	-4.940	8.760	10
rxn38669	RXN3O-4113.n	1	-5.250	-4.940	8.760	10
rxn38670	RXN3O-4157.e	2	0.000	0.060	-0.140	16
rxn38674	RXN66-25.e	5	8.820	-1.630	-0.120	-1
rxn38675	RXN66-25.r	5	8.820	-1.630	-0.120	-1
rxn38677	SQS	1;2	-21.650	-2.910	-16.440	-1
rxn38679	RXN66-282.e	1	-98.750	-99.420	-85.580	-1
rxn38680	RXN66-320.e	5	-8.820	1.630	1.630	6
rxn38681	RXN66-320.r	5	-8.820	1.630	1.630	6
rxn38682	RXN66-323.e	1	10.330	4.110	9.770	-1
rxn38689	FMN hydrolase	3	7.220	-4.040	-5.170	3
rxn38691	RXNBWI-11.d	2	-14.000	-3.460	-7.160	32
rxn38692	2.7.1.35 (plastidal)	2	-14.000	-1.830	-7.080	-1
rxn38693	1.4.3.5 (plastidal)	1	-28.040	-26.960	-24.930	37
rxn38694	2.7.1.35 (plastidal)	2	-14.000	-3.100	-6.620	32
rxn38696	RXNBWI-19.x	2	-14.000	-2.400	-2.840	32
rxn38701	indole acetamide hydrolase	3	-4.720	-3.250	-5.180	-1
rxn38702	indole acetamide hydrolase	3	-4.720	-3.250	-5.180	-1
rxn38706	S-FORMYLGLUTATHIONE-HYDROLASE-RXN.v	3	-0.580	-1.360	-19.520	-1
rxn38708	SHIKIMATE-KINASE-RXN.e	2	-14.000	-5.670	-5.260	32
rxn38709	SHIKIMATE-KINASE-RXN.n	2	-14.000	-5.670	-5.260	32
rxn38710	SHIKIMATE-KINASE-RXN.w	2	-14.000	-5.670	-5.260	32
rxn38718	THI-P-KIN-RXN.d	2	9.500	-11.250	-0.310	-1
rxn38807	TRANSENOYLCOARED-RXN.e.maizeexp.BUTYRYL-COA_CROTONYL-COA	1	16.580	12.800	11.990	-1
rxn38808	TRANSENOYLCOARED-RXN.e.maizeexp.CPD-7222_LAUROYLCOA-CPD	1	16.580	14.130	9.370	22
rxn38810	TRANSENOYLCOARED-RXN.n.maizeexp.BUTYRYL-COA_CROTONYL-COA	1	16.580	12.800	11.990	-1
rxn38811	TRANSENOYLCOARED-RXN.n.maizeexp.CPD-7222_LAUROYLCOA-CPD	1	16.580	14.130	9.370	22
rxn38812	TREHALOSEPHOSPHA-RXN.e	3	7.220	-1.800	-2.950	3
rxn38818	TRYPTOPHAN-AMINOTRANSFERASE-RXN.e	2	0.000	-9.370	-11.090	-1
rxn38824	UDP-GLUCURONATE-4-EPIMERASE-RXN.n	5	0.000	-0.270	-0.260	16
rxn38827	UDPGLUCEPIM-RXN.n.maizeexp.CPD-12575	5	0.000	0.310	0.700	16
rxn38829	UDPGLUCEPIM-RXN.r.maizeexp.CPD-12575	5	0.000	0.310	0.700	16
rxn38830	URIDINEKIN-RXN.e	2	-14.000	-4.370	-3.590	32
rxn38831	URIDINEKIN-RXN.n	2	-14.000	-4.370	-3.590	32
rxn38832	GTP:uridine 5'-phosphotransferase	2	-14.000	-3.700	-3.600	32
rxn38833	GTP:uridine 5'-phosphotransferase	2	-14.000	-3.700	-3.600	32
rxn38835	XYLISOM-RXN.g	5	-0.890	-0.110	0.830	-1
rxn38862	ALDEHYDE DEHYDROGENASE	1	-9.740	-7.390	-3.160	-1
rxn38885	D-glycerate dehydrogenase	1	6.250	7.430	6.940	19
rxn38887	L-amino acid oxidase	1	-23.020	-25.410	-25.670	37
rxn38888	L-amino acid oxidase	1	-21.560	-20.890	-20.130	36
rxn38890	L-amino acid oxidase	1	-23.020	-22.830	-22.970	37
rxn38904	OPPSYN-RXN.d.chlamyexp.CPD-9610_SOLANESYL-PYROPHOSPHATE	2	-22.500	-18.640	-22.440	36
rxn38909	P5CR	1	-10.460	11.990	12.390	-1
rxn38910	P5CR	1	-10.460	12.020	12.980	-1
rxn38969	RXN-2962.m.chlamyexp.NADP_NADPH	1	-6.050	-7.040	5.540	10
rxn38970	RXN-2962.m.chlamyexp.NAD_NADH	1	-6.050	-7.010	6.120	10
rxn38971	RXN-6903.m.chlamyexp.NADP_NADPH	1	-5.250	0.120	2.300	-1
rxn38972	RXN-6903.m.chlamyexp.NAD_NADH	1	-5.250	0.090	2.880	-1
rxn38981	RXN0-5234.m.chlamyexp.L-ALLO-THREONINE	4	3.210	-0.020	0.180	15
rxn39038	RXN-6681.r.cornexp.NADP_NADPH	1	-112.570	-115.710	-113.560	-1
rxn39041	RXN-7974.d	1	-83.780	-87.380	-71.340	23
rxn39259	NADP+:nicotinate ADP-ribosyltransferase	2	0.000	-3.090	-2.580	16
rxn39275	L-lysine:beta-alanine ligase (ADP-forming)	none	-6.320	-6.620	-5.140	-1
rxn39276	L-arginine:beta-alanine ligase (ADP-forming)	none	-6.320	-1.790	-5.120	-1
rxn39278	ATP:D-glucose-1-phosphate 6-phosphotransferase	2	-14.000	-6.140	-4.560	32
rxn39279	D-Glucose-1-phosphate:D-glucose-1-phosphate 6-phosphotransferase	none	-0.000	-5.470	2.180	-1
rxn39280	diphosphate:glycerol 1-phosphotransferase	none	-3.040	0.870	1.780	13
rxn39282	glutathione:homocystine oxidoreductase	none	-7.880	-0.150	0.700	-1
rxn39287	2,4'-dihydroxyacetophenone oxidoreductase (C-C-bond-cleaving)	1	-121.640	-121.500	-123.040	-1
rxn39299	Aromatic alcohol:NADP+ oxidoreductase	none	3.700	4.860	4.400	19
rxn39300	aromatic aldehyde:oxygen oxidoreductase	none	-41.480	-40.740	-43.300	34
rxn39301	aromatic aldehyde:NADP+ oxidoreductase (ATP-forming)	1	17.500	-0.160	-3.350	-1
rxn39302	aromatic alcohol:oxygen oxidoreductase	none	-28.040	-26.760	-27.230	37
rxn39303	UDP-alpha-D-galactose:undecaprenyl-phosphate galactose phosphotransferase	none	-0.000	0.960	1.530	-1
rxn39305	3-phospho-D-glyceroyl-phosphate:alpha-D-glucose-1-phosphate 6-phosphotransferase	2	-7.100	-10.760	-9.000	-1
rxn39310	Isomaltose 6-alpha-D-glucanohydrolase	3	-3.110	-1.620	2.660	10
rxn39328	20alpha-Hydroxy-4-pregnen-3-one:NAD+ 20-oxidoreductase	none	3.790	4.460	3.620	19
rxn39329	20alpha-Hydroxy-4-pregnen-3-one:NADP+ 20-oxidoreductase	none	3.790	4.430	3.040	19
rxn39337	Carnitine:NAD+ 3-oxidoreductase	none	3.790	5.460	4.460	19
rxn39338	Acetyl-CoA:carnitine O-acetyltransferase	none	-3.610	-0.360	-1.570	-1
rxn39339	4-Trimethylammoniobutanoate,2-oxoglutarate:oxygen oxidoreductase (3-hydroxylating)	none	-108.280	-107.710	-109.050	24
rxn39340	Carnitine carboxy-lyase	none	-4.930	-4.540	-2.310	-1
rxn39344	Aldehyde:NADP+ oxidoreductase	none	-9.740	-8.980	-4.060	39
rxn39345	Phenylacetate:CoA ligase	6	-21.520	-2.680	-5.570	-1
rxn39346	2-phenylacetamide amidohydrolase	none	-4.720	-3.090	-5.180	-1
rxn39348	isethionate:NADP+ oxidoreductase	1	-5.250	-4.910	-3.940	-1
rxn39351		none	-4.330	-1.830	-23.120	8
rxn39359	ATP:D-fructose-6-phosphate 2-phosphotransferase	2	-14.000	0.930	-7.260	-1
rxn39370		none	6.250	4.830	2.960	19
rxn39371		none	-26.410	-22.590	-31.970	-1
rxn39372	(-)-borneol:NAD+ oxidoreductase	1	2.330	-0.260	4.280	14
rxn39373	(R,R)-Butane-2,3-diol:NAD+ oxidoreductase	1	3.790	3.660	3.770	19
rxn39374	(R)-Acetoin racemase	5	0.000	0.400	1.220	16
rxn39381	(S)-3-methyl-2-oxopentanoate:NAD+ 2-oxidoreductase (CoA-methylbutanoylating)	none	-8.140	-5.290	-5.690	38
rxn39386	2,5-Diaminopentanoate:2-oxoglutarate aminotransferase	none	0.000	-1.490	-4.620	16
rxn39388	N(pi)-methyl-L-histidine:beta-alanine ligase (ADP-forming)	none	-6.320	-6.100	-4.740	-1
rxn39395	GTP:5-hydroxy-L-lysine O-phosphotransferase	none	-14.000	0.070	-4.500	-1
rxn39396	3-Oxopropanoate:NAD+ oxidoreductase (decarboxylating, CoA-acetylating)	none	-4.020	-2.400	-2.370	33
rxn39397	methylmalonate:CoA ligase (AMP-forming)	none	-21.520	-1.830	-9.680	-1
rxn39406	gallate:oxygen 4,5-oxidoreductase (decyclizing)	none	-99.650	-74.280	-134.770	-1
rxn39409	calciol,NADPH:oxygen oxidoreductase (25-hydroxylating)	1	95.840	95.850	94.590	-1
rxn39414	1,4-Lactone hydroxyacylhydrolase	none	-11.090	-5.620	-2.660	-1
rxn39415	feruloyl-CoA:galactarate O-(hydroxycinnamoyl)transferase	2	-3.610	-0.820	-0.150	-1
rxn39416	Octadecanal alkane-lyase	none	-116.740	-118.970	-114.890	-1
rxn39420	23,24-dihydrocucurbitacin:NAD+ delta23-oxidoreductase	none	16.580	14.160	2.260	-1
rxn39421	23,24-dihydrocucurbitacin:NADP+ delta23-oxidoreductase	none	16.580	14.130	1.680	-1
rxn39430	(S)-Methylmalonate semialdehyde:oxygen oxidoreductase	none	41.480	41.180	33.220	-1
rxn39432	N1-acetylspermine:oxygen oxidoreductase (3-acetamidopropanal-forming)	1	-23.500	-20.480	-15.150	37
rxn39433	Sucrose 6-phosphate fructohydrolase	none	-3.110	-2.770	4.840	10
rxn39434	allantoin racemase	5	0.000	0.000	0.000	16
rxn39435	beta-Alanyl-L-arginine hydrolase	none	-0.460	-4.750	4.040	-1
rxn39437		none	-4.330	-1.800	-23.100	8
rxn39439	Glycochenodeoxycholate amidohydrolase	3	-0.460	-0.120	-0.170	-1
rxn39443	Penicillin amidohydrolase	none	-0.460	0.500	0.430	-1
rxn39448	geranylgeranyl diphosphate:sn-glyceryl phosphate geranylgeranyltransferase	none	-10.130	-8.770	-11.790	40
rxn39449	L-Alanine:3-oxopropanoate aminotransferase	none	1.000	-0.170	-2.330	-1
rxn39450	L-3-amino-isobutanoate:2-oxoglutarate aminotransferase	2	-1.000	0.210	2.490	13
rxn39451	2,3,4,5-tetrahydrodipicolinate:NAD+ 4-oxidoreductase	1	12.620	12.090	15.720	22
rxn39452	2,3,4,5-tetrahydrodipicolinate:NADP+ 4-oxidoreductase	none	12.620	12.060	15.140	22
rxn39455		none	-92.030	-81.140	14.430	-1
rxn39456	Indole-3-acetyl-beta-1-D-glucoside:myo-inositol indoleacetyltransferase	2	-0.000	-0.740	-5.780	16
rxn39457	L-Mimosine amidohydrolase	3	-0.730	-0.260	27.720	-1
rxn39458	linalool,NADH:oxygen oxidoreductase (8-hydroxylating)	none	-92.610	-93.850	-91.240	-1
rxn39465	UDP-N-acetyl-alpha-D-mannosaminouronate:lipid I N-acetyl-alpha-D-mannosaminouronosyltransferase	none	-1.700	-3.090	-7.680	29
rxn39466	4-Carboxy-2-oxo-3-hexenedioate delta2,delta4-2-oxo,delta3-isomerase	none	0.000	-0.000	-0.000	16
rxn39472	UDP-N-acetylmuramoyl-L-alanyl-D-glutamyl-meso-2,6-diaminoheptanedioate:D-alanyl-D-alanine ligase(ADP-forming)	none	-6.320	-7.330	-12.940	-1
rxn39477	S-Adenosyl-L-methionine:kaempferol 3-O-methyltransferase	none	10.320	37.570	-23.110	-1
rxn39478	D-aspartate:2-oxoglutarate aminotransferase	none	0.000	1.690	-0.130	16
rxn39480	(S)-3-Hydroxyisobutyryl-CoA hydrolase	none	-5.720	-6.460	-2.890	-1
rxn39487	lacto-N-tetraose lacto-N-biosylhydrolase	3	-3.110	-1.930	2.880	10
rxn39493	S-Adenosyl-L-methionine:3'-hydroxy-N-methyl-(S)-coclaurine 4'-O-methyltransferase	none	-4.330	-1.830	-23.120	8
rxn39498	(S)-1-phenylethanol:NAD+ oxidoreductase	1	2.240	4.460	1.710	-1
rxn39499	acetophenone:carbon-dioxide ligase (ADP-forming)	6	-7.820	-7.690	-11.940	-1
rxn39501		none	-95.860	-105.990	-93.720	25
rxn39502		none	-118.100	-107.420	-104.340	-1
rxn39505	dTDP-4-oxo-2,6-dideoxy-D-glucose:NADP+ 3-oxidoreductase	1	-4.790	0.290	-2.670	-1
rxn39506		none	-0.000	6.020	-7.640	-1
rxn39508	N,N,N-trimethylamine,NADPH:oxygen oxidoreductase (N-oxide-forming)	1	-52.780	-50.520	-52.840	-1
rxn39509	ATP:undecaprenol phosphotransferase	2	-14.000	-2.950	-7.570	-1
rxn39510	UDPMurAc(oyl-L-Ala-D-gamma-Glu-L-Lys-D-Ala-D-Ala):undecaprenyl-phosphate phospho-N-acetylmuramoyl-pentapeptide-transferase	none	0.000	0.340	3.980	-1
rxn39598		none	-12.450	21.240	-12.090	-1
rxn39608	(+)-trans-carveol: NAD+ oxidoreductase	1	0.780	-0.260	9.190	-1
rxn39681	Copalyl-diphosphate diphosphate-lyase (cyclizing)	4	-40.960	-108.630	-25.140	9
rxn39682	Copalyl-diphosphate diphosphate-lyase (cyclizing)	4	-54.210	-124.310	-21.080	9
rxn39683	copalyl-diphosphate diphosphate-lyase [abieta-8(14),12-diene-forming]	4	-54.210	-124.310	-21.400	9
rxn39684	ent-copalyl-diphosphate diphosphate-lyase [ent-abieta-8(14),12-diene-forming]	4	-28.470	-120.890	-24.530	9
rxn39685	ent-Copalyl-diphosphate diphosphate-lyase [ent-abieta-8(14),12-diene-forming]	none	-45.390	-125.930	-22.440	9
rxn39688	Abietadiene,NADPH:oxygen oxidoreductase (18-hydroxylating)	none	-96.290	-93.820	-94.480	-1
rxn39689	Abietadienol,NADPH:oxygen oxidoreductase (18-hydroxylating)	none	-103.580	-104.190	-105.780	24
rxn39690	Abietadienal:NAD+ oxidoreductase	1	-9.740	-9.120	-2.930	39
rxn39691	perillic acid:CoA ligase (AMP-forming)	none	-68.710	-39.950	-8.760	-1
rxn39693		none	-13.990	-15.440	-7.320	-1
rxn39694	menth-8-en-2-ol:NAD+ oxidoreductase	none	2.330	-0.260	3.150	14
rxn39695	menth-8-en-2-ol:NAD+ oxidoreductase	none	2.330	-0.260	3.150	14
rxn39696	menth-8-en-2-ol:NAD+ oxidoreductase	1	2.330	-0.260	3.980	14
rxn39697	menth-8-en-2-ol:NAD+ oxidoreductase	none	2.330	-0.260	3.980	14
rxn39698	menth-8-en-2-ol:NAD+ oxidoreductase	none	2.330	-0.260	3.980	14
rxn39699	menth-8-en-2-ol:NAD+ oxidoreductase	none	2.330	-0.260	3.980	14
rxn39700	menth-8-en-2-ol:NAD+ oxidoreductase	none	2.330	-0.260	3.150	14
rxn39701	menth-8-en-2-ol:NAD+ oxidoreductase	none	2.330	-0.260	3.150	14
rxn39702	monocyclic monoterpene ketone monooxygenase	1	-97.280	-82.880	-94.300	-1
rxn39703	NADPH:oxygen oxidoreductase	none	-97.280	-82.880	-94.300	-1
rxn39704	NADPH:oxygen oxidoreductase	none	-97.280	-82.880	-93.630	-1
rxn39705	NADPH:oxygen oxidoreductase	none	-97.280	-82.880	-91.020	-1
rxn39706	monoterpene epsilon-lactone hydrolase	none	-10.610	-10.940	-5.810	41
rxn39707	isopropenylmethyloxepan-2-one lactonohydrolase	none	-10.610	-9.330	0.800	10
rxn39708	monoterpene epsilon-lactone hydrolase	none	-10.610	-9.330	-1.820	-1
rxn39709	(1S,2S,4R)-menth-8-ene-1,2-diol:NAD+ 2-oxidoreductase	1	2.330	-0.260	3.980	14
rxn39710	(1S,4R)-1-hydroxymenth-8-en-2-one,NADPH:oxygen oxidoreductase	none	-97.280	-82.880	-87.630	-1
rxn39714	(+)-cis-isopulegone:NADP+ oxidoreductase	1	-6.360	10.950	-1.760	-1
rxn39715	(-)-menthone:NADP+ oxidoreductase	none	-32.100	-3.210	3.360	-1
rxn39716	(+)-Pulegone reductase	1	-32.100	-3.210	3.360	-1
rxn39717	dTDP-3-amino-3,6-dideoxy-alpha-D-glucopyranose:2-oxoglutarate aminotransferase	none	3.920	7.770	0.580	-1
rxn39718	dTDP-3-amino-3,4,6-trideoxy-D-glucose:2-oxoglutarate aminotransferase	none	3.920	7.790	1.690	-1
rxn39719		none	-4.790	0.290	-2.280	-1
rxn39720	dTDP-6-deoxy-alpha-D-allose:NAD+ oxidoreductase	1	2.330	-0.260	-0.990	15
rxn39721		none	12.440	15.440	11.880	-1
rxn39728	(3R)-3-isopropenyl-6-oxoheptanoate:CoA ligase (AMP-forming)	none	-68.710	-39.950	-2.070	-1
rxn39731	kaempferol,NADPH:oxygen oxidoreductase (3'-hydroxylating)	none	-76.860	-105.790	-77.430	-1
rxn39732	UDP-alpha-D-glucose:cyanidin-3-O-(6-O-p-coumaroyl)glucoside 5-O-glucosyltransferase	none	-1.700	-20.230	7.310	-1
rxn39733	UDP-3-ketoglucose:L-glutamate aminotransferase	none	3.920	7.750	0.570	-1
rxn39734	ATP:kanosamine 6-phosphotransferase	2	-14.000	-2.140	-2.870	32
rxn39736		2	-16.980	-32.250	-1.140	-1
rxn39737	(S)-4-hydroxymandelate:oxygen 1-oxidoreductase	1	-27.040	-27.420	-32.500	-1
rxn39738	(S)-3,5-dihydroxyphenylglycine:2-oxoglutarate aminotransferase	2	-1.550	-1.790	-2.670	-1
rxn39747	auramycinone:NADP+ 7-oxidoreductase	none	-0.780	0.720	3.480	-1
rxn39748		none	-96.990	-44.690	-92.390	-1
rxn39749	aklavinone:NADP+ 7-oxidoreductase	1	-0.780	0.720	1.050	-1
rxn39750	aklavinone,NADPH:oxygen oxidoreductase (12-hydroxylating)	1	-95.860	-105.820	-82.210	26
rxn39751		none	1.140	-1.140	20.150	-1
rxn39752	S-adenosyl-L-methionine:13-deoxycarminomycin O-methyltransferase	none	-4.330	-1.790	-20.250	8
rxn39753	13-deoxydaunorubicin,NADPH:oxygen oxidoreductase (13-hydroxylating)	1	-94.420	-94.870	-95.450	27
rxn39754	13-dihydrodaunorubicin,NADPH:oxygen oxidoreductase (13-hydroxylating)	1	-105.040	-104.690	-106.260	24
rxn39755	daunorubicin,NADPH:oxygen oxidoreductase (hydroxylating)	none	-92.610	-93.820	-92.640	-1
rxn39756	13-deoxycarminomycin,NADPH:oxygen oxidoreductase (13-hydroxylating)	none	-94.420	-94.870	-96.950	27
rxn39757	13-dihydrocarminomycin,NADPH:oxygen oxidoreductase	none	-105.040	-104.690	-107.960	24
rxn39758	S-adenosyl-L-methionine:carminomycin 4-O-methyltransferase	2	-4.330	-1.790	-17.050	8
rxn39759		none	-63.940	-175.810	-86.990	-1
rxn39761	tetracenomycin-F1:oxygen C5-monooxygenase	1	-96.990	-97.930	-94.420	28
rxn39762	S-adenosyl-L-methionine:tetracenomycin-E O-methyltransferase	none	-5.330	11.070	19.210	-1
rxn39764	S-adenosyl-L-methionine:premithramycin-A3' C-methyltransferase	none	-20.610	-5.460	-2.370	-1
rxn39770		none	-25.570	-74.380	-12.920	11
rxn39771		none	-66.790	-78.330	-3.960	-1
rxn39774	S-adenosyl-L-methionine:kaempferol 4'-O-methyltransferase	2	-4.330	-1.770	-22.440	8
rxn39775	UDP-alpha-D-galactose:kaempferol 3-O-beta-D-galactosyltransferase	none	-1.700	26.800	-11.870	-1
rxn39780	(4-hydroxyphenyl)ethan-1-one,NADPH:oxygen oxidoreductase (ester-forming)	none	-101.730	-101.800	-108.410	24
rxn39781	aryl-ester hydrolase	none	-3.650	-17.100	-1.490	-1
rxn39782		none	-91.020	-102.350	-82.130	-1
rxn39785	S-adenosyl-L-methionine:27-O-demethylrifamycin-SV 27-O-methyltransferase	2	-4.330	-9.550	-9.190	-1
rxn39786	12-HPETE hydroxymutase	5	-10.100	0.000	-60.500	0
rxn39787	Trichloroethanol, NADPH:oxygen oxidoreductase (RH-hydroxylating or -epoxidizing)	none	-222.160	-222.450	-218.710	-1
rxn39788	12(13)-EpOME hydrolase	none	-3.630	6.170	8.940	6
rxn39792	xylitol:oxygen oxidoreductase	none	-27.010	-30.380	-24.970	37
rxn39801	GDP-mannose:undecaprenyl-phosphate D-mannosyltransferase	2	9.500	57.980	10.210	-1
rxn39802	alpha,alpha-trehalose:phosphate alpha-D-glucosyltransferase	2	-10.330	3.920	6.340	6
rxn39804	3'-phosphoadenylyl-sulfate:glycochenodeoxycholate 7-sulfotransferase	2	-14.000	-59.800	10.970	-1
rxn39813		none	4.440	11.040	2.830	-1
rxn39817	alpha-carotene,NADH:oxygen 3-oxidoreductase	none	-99.900	-97.070	-97.770	-1
rxn39821	echinenone,NADH:oxygen 3'-oxidoreductase	none	-96.220	-97.070	-96.760	28
rxn39822	canthaxanthin,NADH:oxygen 3-oxidoreductase	none	-96.220	-97.070	-93.030	28
rxn39823	3'-hydroxyechinenone,NADH:oxygen 3-oxidoreductase	none	-96.220	-97.070	-93.030	28
rxn39824	phoenicoxanthin,NADH:oxygen 3'-oxidoreductase	none	-96.220	-97.070	-93.030	28
rxn39845	geranyl-diphosphate diphosphate-lyase [(3R)-linalool-forming]	4	-16.570	-7.700	-3.110	-1
rxn39847	4,4'-diapophytoene:FAD oxidoreductase	1	10.950	31.990	17.460	-1
rxn39849		none	-90.140	-39.520	-132.720	-1
rxn39850		none	-90.140	-39.140	-129.280	-1
rxn39853		none	2.510	91.830	-6.840	-1
rxn39854	calycosin,NADPH:oxygen oxidoreductase (methylenedioxy-bridge-forming)	none	-115.090	-113.900	-69.050	-1
rxn39855	(+)-sophorol:NADP+ oxidoreductase	none	-0.740	-22.290	-31.200	-1
rxn39862	(E)-cinnamoyl-CoA:(R)-phenyllactate CoA-transferase	none	0.000	-1.560	5.550	-1
rxn39863		none	-81.010	-78.810	-63.570	-1
rxn39882	UDP-alpha-D-glucose:2',4,4',6'-tetrahydroxychalcone 4'-O-beta-D-glucosyltransferase	2	-1.700	-12.260	-9.430	20
rxn39883	UDP-alpha-D-glucose:2',3,4,4',6'-pentahydroxychalcone 4'-O-beta-D-glucosyltransferase	none	-1.700	-13.180	-12.590	20
rxn39884	D-glucarate hydro-lyase	none	-8.170	-9.800	-12.410	40
rxn39886	(-)-threo-iso(homo)2-citrate:NAD+ oxidoreductase (decarboxylating)	none	3.130	0.530	2.160	-1
rxn39887	(-)-threo-iso(homo)3-citrate:NAD+ oxidoreductase (decarboxylating)	none	3.130	0.530	2.160	-1
rxn39890	6-mercaptopurin:oxygen oxidoreductase	none	-51.290	-0.070	-56.470	0
rxn39891	6-thioinosine 5'-monophosphate:diphosphate phospho-D-ribosyltransferase	none	-12.510	-10.150	-5.810	-1
rxn39892	6-methylthiopurine 5'-monophosphate ribonucleotide:diphosphate phospho-D-ribosyltransferase	none	-12.510	-6.890	-0.070	-1
rxn39895	(2E,6E)-farnesyl-diphosphate diphosphate-lyase [(E)-alpha-bisabolene-forming]	4	-25.190	-37.680	-27.830	-1
rxn39901	vanillylamine:succinate-semialdehyde aminotransferase	none	1.550	1.120	4.450	-1
rxn39902		none	12.530	10.870	14.660	-1
rxn39903	S-Adenosyl-L-methionine:norephedrine N-methyltransferase	none	-10.430	1.760	8.260	6
rxn39904	5-deoxy-D-glucuronate aldose-ketose-isomerase	5	-1.460	-0.480	0.170	-1
rxn39908	UDPglucose:sinapate 4-O-beta-D-glucosyltransferase	none	-1.700	-11.890	-15.060	20
rxn39912	dehypoxanthine futalosine:S-adenosyl-L-methionine oxidoreductase (cyclizing)	1	-33.550	-9.550	-12.680	-1
rxn39915	dTDP-4-oxo-2,6-dideoxy-D-glucose 3,5-epimerase	none	0.000	0.000	-0.860	-1
rxn39917	L-cystathionine cysteine-lyase	none	9.410	7.940	-3.400	5
rxn39922	ATP:1D-1-guanidino-3-amino-1,3-dideoxy-scyllo-inositol 6-phosphotransferase	none	-14.000	0.780	-3.130	-1
rxn39923	UDP-N-acetylmuramoyl-L-alanyl-D-glutamyl-6-carboxy-L-lysyl-D-alanyl-D-alanine carboxypeptidase	3	-0.460	0.200	1.580	13
rxn39924	(S)-2-hydroxypropylphosphonate,NADH:oxygen epoxidase	1	-59.040	-69.580	-50.990	-1
rxn39925	ATP:N-acetyl-D-galactosamine 1-phosphotransferase	none	-14.000	-0.650	-0.440	-1
rxn39926	ATP:N-acetyl-D-glucosamine 1-phosphotransferase	1;2;3;4;5	-14.000	-0.510	-15.340	-1
rxn39932	(2E,6E)-farnesyl-diphosphate:isopentenyl-diphosphate farnesyltranstransferase (adding 7 isopentenyl units)	2	-157.500	-130.450	-157.110	-1
rxn39934	4-carboxy-2-hydroxy-6-methoxy-6-oxohexa-2,4-dienoate acylhydrolase	none	1.140	-1.910	17.620	-1
rxn39954	4-(6-hydroxypyridin-3-yl)-4-oxobutanoate,NADH:oxygen oxidoreductase (3-hydroxylating, succinate semialdehyde releasing)	1	-94.100	-108.480	-89.990	-1
rxn39957	versicolorone:NADP+ oxidoreductase	1	4.090	8.500	-1.220	5
rxn39958	D-glycero-D-manno-heptose 7-phosphate aldose-ketose-isomerase	none	-0.860	0.530	2.650	13
rxn39964	6-carboxy-5,6,7,8-tetrahydropterin ammonia-lyase	4	-21.310	-13.770	-18.350	-1
rxn39967		none	7.720	9.730	11.530	21
rxn39972	amorpha-4,11-diene,NADPH:oxygen oxidoreductase (12-hydroxylating)	none	-320.000	-316.270	-306.130	-1
rxn39973		none	-15.430	-122.430	-66.430	-1
rxn39977		none	0.000	0.000	0.000	16
rxn39978	phenol hydroxylase	none	-99.540	-105.820	-96.480	-1
rxn39979	phenol hydroxylase	1	-95.860	-105.820	-83.740	26
rxn39980	[(1R)-2,2,3-trimethyl-5-oxocyclopent-3-enyl]acetyl-CoA,NADPH:oxygen oxidoreductase (1,5-lactonizing)	1	-97.280	-82.880	-96.620	-1
rxn39981	(+)-camphor,NADPH:oxygen oxidoreductase (6-exo-hydroxylating)	1	-96.220	-97.040	-90.530	-1
rxn39982	nicotinate D-ribonucleoside ribohydrolase	none	-3.640	-1.130	-7.280	-1
rxn39985	2-oxopropanal:D-fructose 1,6-bisphosphate glycerone-phosphotransferase	2	-0.710	3.400	6.520	-1
rxn39986	bornane-2,6-dione hydrolase	3	14.660	44.600	-3.400	-1
rxn39988	UDP-glucose:delphinidin 3-O-(6''-O-malonyl)-beta-D-glucoside 3',5'-O-glucosyltransferase	none	-3.400	-26.410	-15.550	-1
rxn39989	flavanone,NADPH:oxygen oxidoreductase	none	-191.710	-211.580	-174.130	17
rxn39992		none	-94.420	11.110	-94.460	-1
rxn39993		none	-9.170	0.000	-11.330	-1
rxn39999	citrate:N6-acetyl-N6-hydroxy-L-lysine ligase (AMP-forming)	6	-26.780	-9.110	-5.390	-1
rxn40000	N2-citryl-N6-acetyl-N6-hydroxy-L-lysine:N6-acetyl-N6-hydroxy-L-lysine ligase (AMP-forming)	6	-26.780	-10.030	-5.410	-1
rxn40003	acetyl-CoA:UDP-4-amino-4,6-dideoxy-N-acetyl-alpha-D-glucosamine N-acetyltransferase	2	-5.260	-6.320	-6.070	42
rxn40004	acetyl-CoA:UDP-2-acetamido-3-amino-2,3-dideoxy-alpha-D-glucuronate 3-N-acetyltransferase	2	-5.260	-6.750	-6.650	-1
rxn40005	4-methylaminobutanoate methylamidohydrolase	1	-23.150	-21.190	-18.670	37
rxn40008		none	-59.180	0.680	-69.000	-1
rxn40012	trans,octacis-decaprenylphospho-beta-D-ribofuranose:FAD 2-oxidoreductase	1	-2.510	-3.890	1.930	10
rxn40024	(-)-secoisolariciresinol:NAD+ oxidoreductase	1	3.000	2.100	2.660	19
rxn40028	mycophenolic acid O-acyl-glucuronide-ester hydrolase	3	-2.110	-6.350	-10.610	-1
rxn40029	UDP-N-acetyl-alpha-D-glucosamine:trans,octacis-decaprenyl-phosphate N-acetylglucosaminephosphotransferase	2	0.000	1.320	0.580	16
rxn40032	UDP-N-acetyl-2-amino-2-deoxy-alpha-D-glucuronate:NAD+ 3-oxidoreductase	1	2.330	-0.260	6.710	14
rxn40033	UDP-2-acetamido-3-amino-2,3-dideoxy-alpha-D-glucuronate:2-oxoglutarate aminotransferase	2	3.920	8.220	0.150	-1
rxn40037	L-aspartate-4-semialdehyde hydro-lyase [adding pyruvate and cyclizing; (2S,4S)-4-hydroxy-2,3,4,5-tetrahydrodipicolinate-forming]	4	-19.260	-23.660	-27.510	-1
rxn40042	L-glutamate 2,3-aminomutase	5	0.000	1.640	-2.090	-1
rxn40049	cannabigerolate:oxygen oxidoreductase (cyclizing, cannabidiolate-forming)	1	-35.410	-47.370	-35.880	-1
rxn40050	propanoyl-CoA:NAD+ oxidoreductase	1	15.920	14.470	11.190	22
rxn40055	S-adenosyl-L-methionine:squalene C-methyltransferase	2	-19.830	-2.680	2.350	7
rxn40056	S-adenosyl-L-methionine:3-methyl-1,2-didehydro-2,3-dihydrosqualene C-methyltransferase	none	-19.830	-2.680	2.350	7
rxn40057	S-adenosyl-L-methionine:squalene C-methyltransferase	none	-39.660	-5.360	4.710	-1
rxn40060	malonyl-CoA:2-hydroxybenzoyl-CoA malonyltransferase	2	2.280	46.020	69.710	-1
rxn40061	acetyl-CoA:dTDP-4-amino-4,6-dideoxy-alpha-D-glucose N-acetyltransferase	2	-5.260	-6.290	-6.800	42
rxn40062	dTDP-6-deoxy-beta-L-mannose:N-acetyl-alpha-D-glucosaminyl-diphospho-trans,octacis-decaprenol 3-alpha-L-rhamnosyltransferase	2	-1.700	-4.240	0.500	-1
rxn40063	geranylgeranyl-diphosphate:geranylgeranyl-diphosphate geranylgeranyltransferase (15-cis-phytoene forming)	2	-40.460	-26.010	-34.290	-1
rxn40064	UDP-N,N'-diacetylbacillosamine:tritrans,heptacis-undecaprenyl-phosphate N,N'-diacetylbacillosamine transferase	2	0.000	0.920	2.580	-1
rxn40065	UDP-N,N'-diacetylbacillosamine hydrolase (2-epimerising)	3	-4.810	-6.180	-3.550	-1
rxn40067	dTDP-6-deoxy-beta-L-talose:NAD+ 4-oxidoreductase	1	2.330	-0.260	3.900	14
rxn40068	2-hydroxyethylphosphonate:O2 1,2-oxidoreductase (methylphosphonate forming)	1	-119.070	-118.720	-144.930	-1
rxn40069	zeaxanthin:oxygen 15,15'-oxidoreductase (bond-cleaving, cis-isomerizing)	1	-83.780	-87.380	-69.440	23
rxn40071	C30 botryococcene:NADP+ oxidoreductase	1	24.420	0.050	7.170	-1
rxn40072		2	-19.830	-2.680	2.350	7
rxn40073		none	-19.830	-2.680	2.350	7
rxn40074		none	-19.830	-2.680	2.350	7
rxn40075		none	-19.830	-2.680	2.350	7
rxn40076	S-adenosyl-L-methionine:botryococcene C-methyltransferase	none	-39.660	-5.360	4.710	-1
rxn40081	alpha-D-ribose-1-methylphosphonate-5-phosphate C-P-lyase (methane forming)	4	13.860	0.170	-8.870	-1
rxn40087	(-)-secoisolariciresinol:NADP+ oxidoreductase	1	4.970	7.930	14.730	-1
rxn40092	4-coumaroyl-CoA:malonyl-CoA 4-coumaryltransferase (bisdemethoxycurcumin-forming)	2	-1.460	-1.280	-16.970	-1
rxn40093	deoxyinosine diphosphate phosphatase	3	-16.280	-7.460	-5.750	32
rxn40097	UDP-alpha-D-galactose:cyanidin 3-O-galactosyltransferase	2	-1.830	41.990	-23.600	-1
rxn40098	(13E)-8alpha-hydroxylabd-13-en-15-yl-diphosphate-lyase (sclareol forming)	4	-16.570	-7.700	-0.760	-1
rxn40100	purine-deoxynucleoside:phosphate ribosyltransferase	none	-7.950	3.290	-2.980	-1
rxn40103	chavicol:NADP+ oxidoreductase	none	-15.720	-21.420	-13.630	-1
rxn40104		none	-3.610	-0.930	-9.000	-1
rxn40106	UDP-alpha-D-xylose:cyanidin-3-O-beta-D-galactoside 2''-O-xylosyltransferase	2	-1.700	-3.820	-4.410	29
rxn40107	quercetin,NADPH:oxygen oxidoreductase	none	-105.360	-105.890	-78.130	-1
rxn40108	1-O-vanilloyl-beta-D-glucose:cyanidin-3-O-beta-D-glucoside 7-O-beta-D-glucosyltransferase	2	1.000	-19.010	-37.590	-1
rxn40109	luteolin,NADPH:oxygen oxidoreductase	none	-95.860	-122.230	-66.340	-1
rxn40110	1-O-sinapoyl-beta-D-glucose:cyanidin-3-O-beta-D-glucoside 5-O-beta-D-glucosyltransferase	2	1.000	-20.720	-14.050	-1
rxn40115		4	100.020	193.660	-0.580	-1
rxn40116	(5R)-5-phosphonooxy-L-lysine phosphate-lyase (deaminating; (S)-2-amino-6-oxohexanoate-forming)	4	0.520	-10.890	-5.560	-1
rxn40117	(2E,6E)-farnesyl-diphosphate diphosphate-lyase (cyclizing, Delta6-protoilludene-forming)	4	-65.570	-204.160	-35.430	9
rxn40120	(2E,6E)-farnesyl-diphosphate diphosphate-lyase (cyclizing, (+)-epi-alpha-bisabolol-forming)	4	-33.440	-37.770	-13.340	-1
rxn40121	(2E,6E)-farnesyl-diphosphate diphosphate-lyase (cyclizing, valerena-4,7(11)-diene-forming)	4	-36.450	-144.700	-33.450	9
rxn40122	(13E)-8alpha-hydroxylabd-13-en-15-yl-diphosphate diphosphate-lyase (cis-abienol forming)	4	-16.820	-7.600	-5.710	32
rxn40124	dTDP-6-deoxy-beta-L-talose 4-epimerase	5	0.000	-0.000	-4.100	-1
rxn40125	(4S)-4-hydroxy-2-oxoglutarate glyoxylate-lyase (pyruvate-forming)	4	3.210	4.040	3.590	19
rxn40126	(2Z,6Z)-farnesyl-diphosphate diphosphate-lyase (cyclizing; 7-epizingiberene-forming)	4	-41.250	-45.290	-20.360	-1
rxn40127	choline trimethylamine-lyase (acetaldehyde-forming)	4	-41.040	8.290	6.250	-1
rxn40128	L-phenylalanine 2,3-aminomutase [(R)-3-amino-3-phenylpropanoate forming]	5	0.000	-1.600	-4.630	16
rxn40129	L-phenylalanine 2,3-aminomutase [(S)-3-amino-3-phenylpropanoate]	5	0.000	-1.600	-5.580	16
rxn40130	UDP-alpha-D-xylose:pelargonidin-3-O-beta-D-glucoside 2'''-O-xylosyltransferase	none	-1.700	-3.820	-4.410	29
rxn40131	UDP-alpha-D-xylose:cyanidin-3-O-beta-D-glucoside 2'''-O-xylosyltransferase	none	-1.700	-3.820	-4.410	29
rxn40132	UDP-alpha-D-xylose:delphinidin-3-O-beta-D-glucoside 2'''-O-xylosyltransferase	none	-1.700	-3.820	-4.410	29
rxn40133	UDP-alpha-D-glucose:pelargonidin-3-O-beta-D-sambubioside 5-O-glucosyltransferase	none	-1.700	-13.090	-12.540	20
rxn40135	UDP-alpha-D-glucose:delphinidin-3-O-beta-D-sambubioside 5-O-glucosyltransferase	none	-1.700	-20.020	-12.470	-1
rxn40136	1-O-vanilloyl-beta-D-glucose:pelargonidin-3-O-beta-D-glucoside 7-O-beta-D-glucosyltransferase	none	1.000	-12.250	-37.630	-1
rxn40137	1-O-vanilloyl-beta-D-glucose:delphinidin-3-O-beta-D-glucoside 7-O-beta-D-glucosyltransferase	none	1.000	-18.880	-37.480	-1
rxn40138	1-O-sinapoyl-beta-D-glucose:pelargonidin-3-O-beta-D-glucoside 5-O-beta-D-glucosyltransferase	none	1.000	-13.730	-14.070	-1
rxn40139	1-O-sinapoyl-beta-D-glucose:delphinidin-3-O-beta-D-glucoside 5-O-beta-D-glucosyltransferase	none	1.000	-20.660	-14.010	-1
rxn40140	S-(hydroxymethyl)mycothiol:NAD+ oxidoreductase	none	-6.630	-7.970	-13.400	-1
rxn40141	dTDP-4-acetamido-4,6-dideoxy-alpha-D-galactose:lipid II 4-acetamido-4,6-dideoxy-D-galactosyltransferase	none	-1.700	-4.240	3.380	10
rxn40142	O3-acetyl-L-serine:L-homocysteine S-(2-amino-2-carboxyethyl)transferase	2	-9.330	-13.520	-13.160	-1
rxn40145	(1'S,5'R)-hydroxyaverantin:NAD+ oxidoreductase	none	3.790	4.460	3.590	19
rxn40146	kanamycin-B,2-oxoglutarate:oxygen oxidoreductase (deaminating, 2'-hydroxylating)	1	-117.900	-118.530	-114.270	-1
rxn40147	11-oxo-beta-amyrin,NADPH:oxygen oxidoreductase (30-hydroxylating)	1	-92.610	-93.820	-94.320	27
rxn40148	30-hydroxy-11-oxo-beta-amyrin,NADPH:oxygen oxidoreductase (30-hydroxylating)	none	-103.580	-104.190	-106.560	24
rxn40149	glycyrrhetaldehyde,NADPH:oxygen oxidoreductase (30-hydroxylating)	none	-118.580	-118.250	-112.150	-1
rxn40150	11-oxo-beta-amyrin,NADPH:oxygen oxidoreductase (30-hydroxylating)	none	-314.770	-316.260	-313.030	-1
rxn40151	(1'S)-averantin,NADPH:O2 oxidoreductase (5'-hydroxylating)	none	-94.420	-94.870	-100.330	-1
rxn40152	8-O-methyldihydrosterigmatocystin,NADPH:O2 oxidoreductase (aflatoxin-B forming)	none	-198.120	-156.350	-177.480	-1
rxn40153	tryprostatin B,NADPH:oxygen oxidoreductase (6-hydroxytryprostatin B-forming)	1	-95.860	-105.790	-94.720	25
rxn40157	2,3-bis-(O-phytany)l-sn-glycerol 1-phosphate:NAD+ oxidoreductase	1	140.560	107.070	-12.760	-1
rxn40158	2,3-bis-(O-phytany)l-sn-glycerol 1-phosphate:NADP+ oxidoreductase	none	140.560	106.820	-17.430	-1
rxn40159	cyclo(L-leucyl-L-phenylalanyl):oxygen oxidoreductase	1	-3.900	-27.720	-34.560	-1
rxn40160	cyclo[(Z)-alpha,beta-didehydrophenylalanyl-L-leucyl]:oxygen oxidoreductase	none	19.470	0.090	-22.130	-1
rxn40161	cyclo(L-leucyl-L-phenylalanyl):oxygen oxidoreductase	1	15.570	-0.010	-56.680	-1
rxn40164	5,6,7,8-tetrahydromethanopterin 5,6-oxidoreductase	none	-13.680	4.610	-0.620	-1
rxn40168	dimethylallyl-diphosphate:brevianamide-F dimethylallyl-C-2-transferase	2	-25.190	-19.080	-38.350	-1
rxn40171	beta-L-arabinofuranoside non-reducing end beta-L-arabinofuranosidase	3	-3.110	-2.700	0.310	10
rxn40172		none	-22.410	-18.010	-24.970	36
rxn40173	3-geranylgeranylindole,NADPH:oxygen oxidoreductase (10,11-epoxidizing)	none	-95.070	-99.420	-89.290	-1
rxn40174	emindole-SB,NADPH:oxygen oxidoreductase (14,15-epoxidizing)	none	-95.070	11.110	-78.490	-1
rxn40175		none	-57.840	0.000	-28.110	0
rxn40176		none	-24.630	0.000	-2.280	-1
rxn40177	paspaline-B,NADPH:oxygen oxidoreductase	none	-93.510	1.180	-115.370	-1
rxn40178		none	-96.220	11.110	-91.160	-1
rxn40179		none	-108.050	11.110	-105.270	-1
rxn40180	13-desoxypaxilline,NADPH:oxygen oxidoreductase	none	-104.370	11.110	-91.550	-1
rxn40181		none	-52.820	-24.670	-67.140	-1
rxn40190	paspaline,NADPH:oxygen oxidoreductase	none	-196.190	22.230	-200.790	-1
rxn40192	paspaline,NADPH:oxygen oxidoreductase	none	-96.220	11.110	-94.530	-1
rxn40204	(R)-(homo)2-citrate hydro-lyase [(-)-threo-Iso(homo)2-citrate forming]	none	1.420	0.980	1.690	18
rxn40205	(R)-(homo)3-citrate hydro-lyase [(-)-threo-Iso(homo)3-citrate forming]	none	1.420	0.980	1.690	18
rxn40207	versiconol acetate O-acetylhydrolase	3	-2.850	-7.220	-3.130	-1
rxn40208	versiconol-acetate:NADP+ oxidoreductase	none	4.090	8.500	-1.220	5
rxn40209	versiconol:NADP+ oxidoreductase	none	3.290	9.110	-1.480	-1
rxn40210	versiconal-hemiacetal-acetate O-acetylhydrolase	none	-3.650	-6.620	-3.390	-1
rxn40211	versiconal hydro-lyase (versicolorin-B forming)	4	-11.650	-88.720	-10.720	-1
rxn40215	6-phospho-D-glucosaminate ammonia-lyase (2-dehydro-3-deoxy-6-phospho-D-gluconate-forming)	4	-5.700	-7.620	-6.730	-1
rxn40217		none	-13.990	-19.480	-10.590	-1
rxn40218	L-enduracididine,2-oxoglutarate:O2 oxidoreductase (3-hydroxylating)	1	-105.850	-107.770	-108.690	24
rxn40219	fumitremorgin C,NADPH:oxygen oxidoreductase (12alpha,13alpha-dihydroxyfumitremorgin C-forming)	1	-200.580	-152.540	-177.120	-1
rxn40220	tryprostatin A,NADPH:oxygen oxidoreductase	1	-80.000	-111.850	-108.300	-1
rxn40221	kanamycin A:NADP+ oxidoreductase	1	2.330	-0.290	7.450	14
rxn40222	(S)-2-chloropropanoate:NADP+ oxidoreductase	1	18.180	15.840	2.370	-1
rxn40224	3alpha-hydroxysteroid:NAD+ 3-oxidoreductase	1	2.330	-0.260	1.690	14
rxn40225	3alpha-hydroxysteroid:NADP+ 3-oxidoreductase	none	2.330	-0.290	1.100	14
rxn40229	S-adenosyl-L-methionine:2-oxo-3-phenylpropanoate C3-methyltransferase	2	-19.170	-3.280	-5.140	-1
rxn40230	UDP-alpha-D-galactose:N-acetyl-alpha-D-glucosaminyl-diphospho-ditrans,octacis-undecaprenol 3-beta-galactosyltransferase	2	-1.700	-3.370	-9.080	29
rxn40231	UDP-alpha-D-galactose:N-acetyl-alpha-D-glucosaminyl-diphospho-ditrans,octacis-undecaprenol beta-1,4-galactosyltransferase	2	-1.700	-3.370	-4.200	29
rxn40232	UDP-alpha-D-glucose:N-acetyl-alpha-D-glucosaminyl-diphospho-ditrans,octacis-undecaprenol beta-1,3-glucosyltransferase	2	-1.700	-3.060	-10.490	29
rxn40233	UDP-N-acetyl-alpha-D-galactosamine:N-acetyl-alpha-D-galactosaminyl-diphospho-ditrans,octacis-undecaprenol alpha-1,3-N-acetyl-D-galactosyltransferase	2	-1.700	-3.370	-10.150	29
rxn40234	UDP-alpha-D-galactose:alpha-D-GalNAc-(1->3)-alpha-D-GalNAc-diphospho-ditrans,octacis-undecaprenol beta-1,3-galactosyltransferase	2	-1.700	-3.370	-9.110	29
rxn40236	GDP-beta-L-fucose:beta-D-Gal-(1->3)-alpha-D-GalNAc-(1->3)-alpha-D-GalNAc-diphospho-ditrans,octacis-undecaprenol alpha-1,2-fucosyltransferase	2	-1.700	-3.270	6.000	10
rxn40238	CDP-2,3-bis-(O-phytanyl)-sn-glycerol:L-serine 2,3-bis-(O-phytanyl)-sn-glycerol phosphotransferase	none	-14.000	52.090	-1.930	-1
rxn40243	L-asparagine,2-oxoglutarate:oxygen oxidoreductase (3-hydroxylating)	1	-108.280	-107.390	-102.780	24
rxn40246	S-adenosyl-L-methionine:anthranilate O-methyltransferase	2	-5.330	10.930	16.720	6
rxn40247	3-dimethylallyl-4-hydroxybenzoate:3-amino-4,7-dihydroxycoumarin ligase (AMP-forming)	6	-25.570	-8.520	-11.710	-1
rxn40248	S-adenosyl-L-methionine:8-demethylnovobiocic acid C8-methyltransferase	2	-20.610	-5.320	-1.000	-1
rxn40250	dimethylallyl-diphosphate:brevianamide-F tert-dimethylallyl-C-2-transferase	2	-28.520	-17.000	-32.190	-1
rxn40251	dimethylallyl-diphosphate:12alpha,13alpha-dihydroxyfumitremorgin C dimethylallyl-N-1-transferase	2	-12.510	-6.380	-31.020	-1
rxn40252		none	-20.300	-2.540	3.640	7
rxn40253		none	-2.330	0.260	-6.730	-1
rxn40254	GDP-4-amino-4,6-dideoxy-alpha-D-mannose:2-oxoglutarate aminotransferase	2	-3.920	-7.560	-1.790	-1
rxn40255	O-acetyl-L-serine:hydroxyurea 2-amino-2-carboxyethyltransferase	2	-0.540	-43.410	-29.520	-1
rxn40257	ATP:L-threonyl,bicarbonate adenylyltransferase	2	-17.710	289.140	26.390	-1
rxn40258	CDP-2,3-bis-(O-phytanyl)-sn-glycerol:1L-myo-inositol 1-phosphate 1-sn-archaetidyltransferase	2	-14.000	53.630	11.430	-1
rxn40259	UDP-N-acetyl-alpha-D-galactosamine:ditrans,octacis-undecaprenyl phosphate N-acetyl-D-galactosaminephosphotransferase	2	-0.000	0.950	0.490	16
rxn40260	N(omega)-hydroxy-L-arginine amidinohydrolase	3	-38.360	9.550	10.400	-1
rxn40262	2-amino-4,5-dihydroxy-6-oxo-7-(phosphonooxy)heptanoate hydro-lyase (cyclizing, 3-amino-4-hydroxybenzoate-forming)	4	-37.040	-57.480	-40.190	-1
rxn40263	O-ureido-D-serine cyclo-ligase (D-cycloserine-forming)	6	-16.950	-33.180	-18.270	-1
rxn40265	S-adenosyl-L-methionine:emodin 8-O-methyltransferase	2	-4.330	-1.820	-20.290	8
rxn40266	acetyl-CoA:cinnamyl alcohol O-acetyltransferase	none	-3.610	-0.930	-9.000	-1
rxn40268		none	-103.280	-101.960	-96.700	-1
rxn40269		none	-103.280	-101.960	-96.700	-1
rxn40270		none	-102.500	-120.290	-90.410	-1
rxn40273	maltose 6'-phosphate phosphohydrolase	1;2;3;4	7.220	-3.740	-12.050	-1
rxn40274	(S)-2-(4-chloro-2-dichlorophenoxy)propanoate,2-oxoglutarate:oxygen oxidoreductase (pyruvate-forming)	1	-119.560	-109.360	-106.420	-1
rxn40275	(2S)-2-amino-3-[(carbamoylamino)oxy]propanoate 2-epimerase	5	0.000	0.000	0.840	16
rxn40276	S-adenosyl-L-methionine:gamma-tocotrienol 5-O-methyltransferase	none	-20.610	-5.450	-4.270	-1
rxn40277	S-adenosyl-L-methionine:delta-tocotrienol 5-O-methyltransferase	2	-20.610	-5.450	-3.620	-1
rxn40279	6-tuliposide-A D-glucose-lyase (tulipalin A forming)	4	23.820	-5.920	3.100	-1
rxn40280	S-adenosyl-L-methionine:anthranilate:L-phenylalanine ligase (cyclopeptine forming)	6	-71.700	-15.590	-26.790	-1
rxn40284	acetyl-CoA:phenylpyruvate C-acetyltransferase (thioester-hydrolysing, carboxymethyl-forming)	none	-8.890	-5.650	-12.690	-1
rxn40285	2-benzylmalate hydro-lyase (3-benzylmalate-forming)	none	1.420	0.980	4.240	-1
rxn40286	3-benzylmalate:NAD+ oxidoreductase (decarboxylating)	none	3.130	0.140	-1.540	-1
rxn40289	(-)-bornyl-diphosphate lyase (decyclizing)	none	-52.660	-76.630	-3.640	-1
rxn40293	acetyl-CoA:GDP-4-amino-4,6-dideoxy-alpha-D-mannose N-acetyltransferase	2	-5.260	-6.110	-6.370	42
rxn40296	NADPH:oxygen oxidoreductase (H2O-forming)	none	-108.830	-109.100	-109.790	24
rxn40297	D-glucose-6-phosphate:NAD+ oxidoreductase	1	2.330	1.530	6.890	-1
rxn40299	S-adenosyl-L-methionine:L-histidine Nalpha-methyltransferase	2	-10.430	0.480	5.860	-1
rxn40300	S-adenosyl-L-methionine:Nalpha-methyl-L-histidine Nalpha-methyltransferase	none	-13.080	-2.930	4.200	7
rxn40302	isovaleryl-CoA:S-adenosyl-L-methionine isovaleryltranserase (lactone-forming, methylthioadenosine-releasing)	2	-3.410	6.950	0.950	-1
rxn40303	(S)-2-(4-chloro-2-methylphenoxy)propanoate,2-oxoglutarate:oxygen oxidoreductase (pyruvate-forming)	1	-119.560	-109.050	-106.150	-1
rxn40305	4-coumaroyl-CoA:S-adenosyl-L-methionine trans-4-coumaroyltranserase (lactone-forming, methylthioadenosine-releasing)	2	-3.410	7.000	0.810	-1
rxn40307	dTDP-alpha-D-fucopyranose furanomutase	5	0.240	0.650	-0.740	-1
rxn40310	(R)-2-(4-chloro-2-methylphenoxy)propanoate,2-oxoglutarate:oxygen oxidoreductase (pyruvate-forming)	1	-119.560	-109.050	-105.370	-1
rxn40311	dammarenediol-II,NADPH:O2 oxidoreductase (12beta-hydroxylating)	1	-96.220	-97.040	-93.750	28
rxn40312		6	-11.010	272.950	5.700	-1
rxn40313	(R)-2-(4-chloro-2-dichlorophenoxy)propanoate,2-oxoglutarate:oxygen oxidoreductase (pyruvate-forming)	none	-119.560	-109.360	-105.640	-1
rxn40314	tobramycin:carbamoyl phosphate ligase (AMP,phosphate-forming)	none	-14.000	-210.340	-15.850	-1
rxn40315	kanamycin A:carbamoyl phosphate ligase (AMP,phosphate-forming)	none	-14.000	-210.340	-13.030	-1
rxn40316	aclacinomycin T acylhydrolase	3	1.140	-1.190	20.100	-1
rxn40317	N7-methyl-GMP phosphohydrolase	none	7.220	-4.560	17.070	-1
rxn40318	kanosamine-6-phosphate phosphohydrolase	3	7.220	-4.400	-3.520	3
rxn40323	N-acetyl-alpha-D-glucosaminyl-diphospho-ditrans,octacis-undecaprenol 4-epimerase	5	0.000	0.000	0.140	16
rxn40324		4	-7.800	-9.400	-19.520	-1
rxn40325		none	0.000	-1.300	4.410	-1
rxn40331	dTDP-6-deoxy-alpha-D-allose:NADP+ oxidoreductase	none	2.330	-0.290	-1.570	-1
rxn40334	oleate:oxygen (10S)-oxidoreductase	1	-65.160	0.000	-20.330	0
rxn40335	linoleate:oxygen (10S)-oxidoreductase	1	-65.160	0.000	-21.970	0
rxn40336	alpha-linolenate:oxygen (10S)-oxidoreductase	none	-65.160	0.000	-21.970	0
rxn40337	4-O-(beta-L-arabinofuranosyl-(1->2)-beta-L-arabinofuranosyl-(1->2)-beta-L-arabinofuranosyl)-(2S,4S)-4-hydroxyproline beta-L-arabinofuranosyl-(1->2)-beta-L-arabinofuranose hydrolase	3	-3.110	-2.700	7.420	10
rxn40339	3-O-[alpha-L-Rha-(1->4)-[alpha-L-Rha-(1->2)]-beta-D-Glc]diosgenin hydrolase (diosgenin-forming)	3	-9.340	-8.000	8.520	10
rxn40340	3-O-[alpha-L-Rha-(1->4)-[alpha-L-Rha-(1->2)]-beta-D-Glc]diosgenin (3-O-beta-D-Glc-diosgenin-forming)	3	-6.230	-4.910	6.130	10
rxn40341	chorismate pyruvate-hydrolase	3	-12.220	-9.600	-6.480	-1
rxn40344	S-adenosyl-L-methionine:6-hydroxytryprostatin B O-methyltransferase	2	-4.330	-1.830	-22.320	8
rxn40345	anthraniloyl-CoA:3-oxodecanoate C-anthraniloyltransferase (decarboxylating)	2	-7.090	-25.480	-12.030	-1
rxn40346	protopanaxadiol,NADPH:O2 oxidoreductase (6alpha-hydroxylating)	1	-96.220	-97.040	-94.200	28
rxn40351	chorismate pyruvate-lyase (3-hydroxybenzoate-forming)	4	-35.730	-26.990	-10.170	-1
rxn40352	acetyl-CoA:itaconate CoA-transferase	none	-1.540	-2.380	-0.980	-1
rxn40354	reduced coenzyme F420:oxygen oxidoreductase	1	-101.850	-112.970	-113.430	-1
rxn40356		none	-5.450	-4.470	-7.520	-1
rxn40358	nicotinate D-ribonucleotide:phenol phospho-D-ribosyltransferase	2	-0.530	-14.140	-12.000	-1
rxn40359	UDP-alpha-D-xylose:kaempferol 3-O-D-xylosyltransferase	2	-1.700	26.820	-10.850	-1
rxn40362	(S)-malyl-CoA hydrolase	3	-5.720	-4.700	-5.720	-1
rxn40364	acetyl-CoA:oxalate CoA-transferase	2	-4.280	-4.670	-2.680	-1
rxn40365	D-glyceraldehyde:NADP+ oxidoreductase	1	-9.740	-12.290	-9.000	-1
rxn40366	2-dehydro-3-deoxy-D-galactonate D-glyceraldehyde-lyase (pyruvate-forming)	none	0.750	5.870	2.550	-1
rxn40368	D-galactose 1-epimerase	none	0.000	1.680	4.830	-1
rxn40371	delta-tocotrienol lyase (decyclizing)	5	12.050	15.190	-9.210	-1
rxn40372	gamma-tocotrienol lyase (decyclizing)	none	12.050	15.190	-9.210	-1
rxn40383	NADH:oxygen oxidoreductase (H2O2-forming, epimerising)	1	-31.740	-31.520	-25.770	-1
rxn40384	NADPH:oxygen oxidoreductase (H2O2-forming, epimerising)	none	-31.740	-31.730	-25.180	37
rxn40388	succinyl-CoA:(R)-citramalate CoA-transferase	2	0.000	2.540	-4.430	-1
rxn40389	succinyl-CoA:(R)-malate CoA-transferase	none	-0.000	1.970	-5.540	-1
rxn40390	(E)-4-(trimethylammonio)but-2-enoyl-CoA:L-carnitine CoA-transferase	2	0.000	-0.150	1.560	-1
rxn40405	fumarate CoM:CoB oxidoreductase (succinate forming)	1	-12.080	-11.910	-85.000	-1
rxn40406	dTDP-beta-L-evernosamine,NADPH:oxygen oxidoreductase (N-hydroxylating)	1	-90.630	-56.120	-64.960	-1
rxn40409	UDP-2-acetamido-2,6-dideoxy-L-talose:NADP+ oxidoreductase	1	2.330	-0.300	1.760	14
rxn40410	chorismate hydro-lyase (3-[(1-carboxyvinyl)oxy]benzoate-forming)	4	-23.510	-26.310	-9.720	-1
rxn40411	S-adenosyl-L-methionine:3-[(1-carboxyvinyl)-oxy]benzoate adenosyltransferase (bicarbonate-hydrolysing, 6-amino-6-deoxyfutalosine-forming)	2	-49.250	-11.470	-33.560	-1
rxn40413	phenylacetaldehyde-oxime,NADPH:oxygen oxidoreductase (adding cysteine)	none	-104.590	-103.950	-112.420	24
rxn40414	L-tyrosine,NADPH:oxygen oxidoreductase (N-hydroxylating, decarboxylating)	none	-190.030	-246.630	-181.050	17
rxn40415	4-hydroxyphenylacetaldehyde-oxime,NADPH:oxygen oxidoreductase (adding cysteine)	none	-104.590	-103.950	-112.420	24
rxn40416	2-amino-4,5-dihydroxy-6-oxo-7-(phosphonooxy)heptanoate L-aspartate-4-semialdehyde-lyase (glycerone-phosphate-forming)	4	2.560	8.740	9.260	-1
rxn40417	(3R)-citramalyl-CoA pyruvate-lyase (acetyl-CoA-forming)	4	3.170	1.690	8.090	-1
rxn40418	UDP-2-acetamido-2,6-dideoxy-beta-L-talose 2-epimerase	5	0.000	0.000	-1.440	-1
rxn40419	citrate:L-glutamate ligase (ADP-forming)	6	-6.320	-5.990	-5.620	-1
rxn40420	N-acetyl-L-aspartate:L-glutamate ligase (ADP, N-acetyl-L-aspartyl-L-glutamate-forming)	6	-6.320	-6.450	-18.850	-1
rxn40421	N-acetyl-L-aspartate:L-glutamate ligase (ADP, N-acetyl-L-aspartyl-L-glutamyl-L-glutamate-forming)	6	-12.640	-13.300	-18.980	-1
rxn40423	anthraniloyl-CoA:methanol O-anthraniloyltransferase	2	-6.860	-5.010	-5.950	-1
rxn40429		3	-0.460	-0.090	12.450	-1
rxn40430		none	-0.460	0.300	-6.260	-1
rxn40431		none	-5.450	-4.470	-2.690	-1
rxn40434	N-acetyl-L-aspartyl-L-glutamate:L-glutamate ligase (ADP, N-acetyl-L-aspartyl-L-glutamyl-L-glutamate-forming)	none	-6.320	-6.840	-0.130	-1
rxn40436	6-amino-6-deoxyfutalosine deaminase	3	-8.510	-5.000	-5.650	38
rxn40437	6-oxocyclohex-1-ene-1-carbonyl-CoA hydro-lyase (2-hydroxy-6-oxocyclohexane-1-carbonyl-CoA-forming)	none	13.420	3.440	19.130	-1
rxn40438	kanosamine-6-phosphate:2-oxoglutarate aminotransferase	2	-3.920	-7.530	0.420	-1
rxn40439	L-lysine:8-amino-7-oxononanoate aminotransferase	2	1.460	1.440	3.350	-1
rxn40440		none	-2.110	-2.000	-1.670	-1
rxn40441	propane,NADH:oxygen oxidoreductase	1	-98.100	-98.950	-99.860	-1
rxn40442	propan-2-ol:NAD+ oxidoreductase	1	0.970	1.610	2.280	-1
rxn40443	acetone,NADPH:oxygen oxidoreductase	1	-100.460	-97.020	-113.150	-1
rxn40444	methyl-acetate acetylhydrolase	3	-0.400	-4.180	11.900	-1
rxn40446	geranylgeranyl-diphosphate:homogentisate geranylgeranyltransferase	2	-31.340	-23.550	-25.100	-1
rxn40447	S-adenosyl-L-methionine:6-geranylgeranyl-2-methylbenzene-1,4-diol C3-methyltransferase	2	-20.610	-5.450	-5.180	-1
rxn40448		none	-28.310	-5.990	-8.070	-1
rxn40452	propane-1,2-diol:NAD+ 2-oxidoreductase	none	3.790	5.850	6.380	19
rxn40453	2,3-dihydroxypropane-1-sulfonate:NAD+ 3-oxidoreductase	1	5.250	4.940	6.100	19
rxn40454	3-amino-4-hydroxybenzoate:N-acetyl-L-cysteine:oxygen oxidoreductase	1	-193.120	-169.480	-199.780	17
rxn40455	3-methyl-L-tyrosine:hydrogen-peroxide oxidoreductase (3-hydroxy-5-methyl-L-tyrosine-forming)	1	-64.120	-74.170	-50.050	-1
rxn40456	2-amino-1-hydroxyethylphosphonate:oxygen 1-oxidoreductase (glycine-forming)	1	-126.570	-131.380	-165.920	-1
rxn40457	L-isoleucine,2-oxoglutarate:oxygen oxidoreductase (4-hydroxylating)	1	-108.280	-107.250	-113.850	24
rxn40458	(2-aminoethyl)phosphonate,2-oxoglutarate:oxygen oxidoreductase (1-hydroxylating)	1	-108.280	-107.560	-86.230	-1
rxn40459	5-methyl-1-naphthoate,NADPH:oxygen oxidoreductase (3-hydroxylating)	1	-95.860	-105.800	-90.890	25
rxn40461	miltiradiene,NADPH:oxygen oxidoreductase (ferruginol forming)	1	-237.240	22.230	-179.100	-1
rxn40462	phylloquinone,NADPH:oxygen oxidoreductase (omega-hydroxyphylloquinone forming)	1	-92.610	-93.820	-109.530	-1
rxn40463	L-phenylalanine,tetrahydrobiopterin:oxygen oxidoreductase (3-hydroxylating)	1	-105.950	-69.760	-89.890	-1
rxn40464	(R)-2-methylpyrrolidine:NADP+ 2-oxidoreductase	1	-8.880	5.270	-6.590	1
rxn40466	OA-6129-A,2-oxoglutarate:oxygen oxidoreductase (8-hydroxylating)	1	-108.280	-107.710	-109.840	24
rxn40467		none	-6.480	-0.130	-7.230	-1
rxn40471	2,3-dihydrothienamycin,2-oxoglutarate:oxygen oxidoreductase (dehydrating)	none	-114.760	-128.100	-127.670	-1
rxn40472	epithienamycin-F,2-oxoglutarate:oxygen oxidoreductase (dehydrating)	none	-104.570	-107.810	-130.550	-1
rxn40474		none	-6.830	-21.310	-18.220	-1
rxn40476	acetyl-CoA:thienamycin N-acetyltransferase	none	-5.260	-5.780	-1.690	-1
rxn40477	acetyl-CoA:deacetyl-MM17880 N-acetyltransferase	none	-5.260	-6.140	-1.950	-1
rxn40478	pantetheine-4'-phosphate phosphohydrolase	none	7.220	-2.630	-1.440	3
rxn40480		none	0.000	0.000	-0.010	16
rxn40481	3'-phosphoadenylyl-sulfate:OA-6129-B1 sulfotransferase	none	-14.000	-60.390	9.540	-1
rxn40482	OA-6129-C amidohydrolase	none	-0.460	1.190	1.630	-1
rxn40483		none	17.230	-10.560	-9.030	-1
rxn40485		none	-17.890	11.160	12.230	-1
