n	rxns	sd_gc	range_gc	sd_eq	range_eq	sd_dgp	range_dgp	empty_dsig
6	rxn00792;rxn00986;rxn02224;rxn07584;rxn15699;rxn35418	8.832	23.700	1.496	3.310	2.447	5.190	0
254	rxn00083;rxn00105;rxn00122;rxn00193;rxn00266;rxn00283;rxn00286;rxn00290	1.406	17.430	5.030	65.570	2.416	22.570	1
10	rxn00463;rxn00514;rxn01519;rxn02518;rxn16674;rxn27844;rxn32143;rxn32148	4.779	15.930	3.222	8.130	0.270	0.920	0
4	rxn02882;rxn02883;rxn03347;rxn04706	5.476	14.720	0.000	0.000	0.000	0.000	0
45	rxn00063;rxn00076;rxn00121;rxn00212;rxn00301;rxn00367;rxn00416;rxn00485	2.076	14.300	1.794	7.870	2.585	11.000	0
17	rxn00130;rxn00142;rxn01137;rxn01858;rxn16503;rxn29985;rxn30004;rxn30350	2.868	12.190	1.001	2.880	0.000	0.000	0
14	rxn00743;rxn00980;rxn01345;rxn05106;rxn05107;rxn11033;rxn19871;rxn28982	2.516	9.770	2.137	4.740	1.492	3.240	0
2	rxn02745;rxn02852	4.480	8.960	0.005	0.010	0.000	0.000	0
15	rxn01888;rxn02531;rxn02538;rxn02568;rxn02634;rxn02874;rxn03025;rxn03026	2.170	8.700	4.371	18.650	4.141	17.590	0
20	rxn00922;rxn02098;rxn02244;rxn02595;rxn03058;rxn03356;rxn03633;rxn03946	1.896	8.700	3.639	16.710	2.909	14.780	0
4	rxn02068;rxn03105;rxn04008;rxn12179	3.767	8.700	7.304	16.930	4.332	10.070	0
3	rxn01846;rxn01847;rxn04143	3.611	7.660	1.380	2.990	0.721	1.530	0
2	rxn02478;rxn03559	2.475	4.950	0.000	0.000	0.000	0.000	0
2	rxn03608;rxn04096	2.475	4.950	0.000	0.000	0.000	0.000	0
2	rxn02980;rxn23791	2.475	4.950	0.000	0.000	0.000	0.000	0
8	rxn00974;rxn03050;rxn03089;rxn19039;rxn30619;rxn31223;rxn33227;rxn33231	1.637	4.950	0.697	1.610	2.113	4.880	0
4	rxn01898;rxn03660;rxn03661;rxn07609	2.143	4.950	1.039	2.780	0.874	2.230	0
3	rxn03609;rxn04095;rxn16807	2.333	4.950	0.000	0.000	10.286	21.820	0
2	rxn02884;rxn03041	2.475	4.950	0.000	0.000	0.000	0.000	0
2	rxn16133;rxn39934	2.475	4.950	0.005	0.010	0.000	0.000	0
3	rxn02533;rxn16409;rxn39406	2.333	4.950	0.000	0.000	0.000	0.000	0
33	rxn00098;rxn00241;rxn00408;rxn00439;rxn01514;rxn02449;rxn18911;rxn22518	0.725	4.230	48.014	281.430	2.080	12.440	0
4	rxn28386;rxn28387;rxn39817;rxn39821	1.840	3.680	0.000	0.000	0.437	1.010	0
10	rxn00959;rxn01611;rxn11795;rxn11798;rxn11831;rxn14020;rxn19225;rxn27340	1.104	3.680	0.595	1.530	0.173	0.580	0
2	rxn03740;rxn04597	1.840	3.680	0.000	0.000	0.410	0.820	0
11	rxn01771;rxn02541;rxn03750;rxn05097;rxn07523;rxn07524;rxn11841;rxn15676	1.058	3.680	0.021	0.080	1.204	4.120	0
7	rxn03578;rxn03593;rxn03600;rxn03743;rxn04735;rxn07480;rxn32631	1.662	3.680	0.483	1.380	0.003	0.010	0
2	rxn16737;rxn40122	1.840	3.680	0.000	0.000	0.315	0.630	0
7	rxn07347;rxn07350;rxn07353;rxn07359;rxn07367;rxn07370;rxn07374	1.821	3.680	0.000	0.000	2.803	8.010	0
8	rxn07361;rxn07389;rxn07390;rxn07392;rxn31337;rxn31339;rxn31340;rxn31341	1.840	3.680	0.000	0.000	0.437	1.010	0
4	rxn02125;rxn04739;rxn04746;rxn07518	1.593	3.680	0.000	0.000	0.036	0.100	0
3	rxn04718;rxn04728;rxn06984	1.735	3.680	0.000	0.000	0.933	1.980	0
4	rxn00025;rxn16443;rxn35456;rxn40069	1.840	3.680	0.481	1.160	1.403	3.240	0
2	rxn04699;rxn11656	1.840	3.680	0.000	0.000	0.290	0.580	0
4	rxn03573;rxn03574;rxn03575;rxn03576	1.840	3.680	0.000	0.000	0.295	0.590	0
4	rxn02063;rxn11534;rxn27213;rxn38679	1.593	3.680	0.000	0.000	1.732	4.000	0
3	rxn21095;rxn22862;rxn37740	1.735	3.680	0.000	0.000	1.405	2.980	0
3	rxn04291;rxn39505;rxn39719	0.740	1.570	0.283	0.600	0.746	1.740	0
3	rxn03807;rxn04290;rxn06929	0.740	1.570	0.288	0.610	0.179	0.380	0
4	rxn02781;rxn04519;rxn04525;rxn31248	0.735	1.470	0.004	0.010	2.496	6.050	0
66	rxn00596;rxn01426;rxn01712;rxn01838;rxn02088;rxn02231;rxn02232;rxn02367	0.180	1.470	0.255	2.470	2.005	11.580	0
33	rxn00107;rxn00237;rxn00409;rxn00437;rxn01353;rxn01512;rxn01655;rxn01673	0.384	1.070	0.600	1.650	2.444	7.000	0
3	rxn01594;rxn16513;rxn40258	0.504	1.070	0.665	1.410	4.265	10.390	0
12	rxn00997;rxn00998;rxn01447;rxn02392;rxn02393;rxn02394;rxn02395;rxn02419	0.087	0.200	7.188	21.730	4.498	13.330	0
10	rxn00192;rxn00344;rxn00492;rxn00805;rxn00861;rxn01797;rxn02754;rxn16464	0.060	0.200	0.969	3.350	2.894	11.400	0
5	rxn04683;rxn04684;rxn30439;rxn30859;rxn33098	0.098	0.200	7.564	16.350	2.363	4.870	0
2	rxn03330;rxn30328	0.100	0.200	6.870	13.740	5.665	11.330	0
37	rxn00119;rxn00239;rxn00364;rxn00438;rxn01219;rxn01509;rxn01513;rxn01517	0.045	0.200	2.891	14.460	3.251	13.490	0
18	rxn00116;rxn00236;rxn00366;rxn00436;rxn00706;rxn01221;rxn01511;rxn03901	0.063	0.200	4.473	13.850	5.344	21.730	0
15	rxn00751;rxn01071;rxn01300;rxn01538;rxn01607;rxn03075;rxn19905;rxn20204	0.050	0.200	4.550	19.050	0.238	1.000	0
6	rxn02221;rxn05123;rxn12042;rxn12043;rxn12044;rxn12045	0.005	0.010	0.777	2.320	1.636	4.430	0
11	rxn00044;rxn00795;rxn02015;rxn02130;rxn02796;rxn03095;rxn05128;rxn12041	0.003	0.010	1.595	6.240	21.178	79.490	0
2	rxn03567;rxn03568	0.000	0.000	0.005	0.010	0.290	0.580	0
2	rxn03586;rxn16135	0.000	0.000	0.055	0.110	0.285	0.570	0
2	rxn03554;rxn03556	0.000	0.000	0.000	0.000	0.000	0.000	0
2	rxn03552;rxn06890	0.000	0.000	0.000	0.000	0.055	0.110	0
2	rxn03737;rxn03738	0.000	0.000	0.000	0.000	0.585	1.170	0
2	rxn03735;rxn03736	0.000	0.000	0.005	0.010	0.585	1.170	0
2	rxn03731;rxn03733	0.000	0.000	0.005	0.010	0.585	1.170	0
2	rxn03730;rxn03732	0.000	0.000	0.000	0.000	0.580	1.160	0
2	rxn03719;rxn06912	0.000	0.000	0.000	0.000	0.000	0.000	0
2	rxn03714;rxn16354	0.000	0.000	0.000	0.000	0.295	0.590	0
2	rxn03711;rxn07608	0.000	0.000	0.145	0.290	1.560	3.120	0
2	rxn03663;rxn04604	0.000	0.000	0.020	0.040	3.770	7.540	0
2	rxn03624;rxn04599	0.000	0.000	0.005	0.010	0.415	0.830	0
3	rxn03650;rxn04726;rxn11565	0.000	0.000	0.000	0.000	2.147	5.210	0
8	rxn03646;rxn07639;rxn11574;rxn11625;rxn22285;rxn24576;rxn26505;rxn26506	0.000	0.000	0.000	0.000	0.000	0.000	0
2	rxn03644;rxn16622	0.000	0.000	0.000	0.000	3.630	7.260	0
2	rxn03642;rxn31470	0.000	0.000	0.000	0.000	0.000	0.000	0
4	rxn03631;rxn03632;rxn04994;rxn04995	0.000	0.000	0.005	0.010	0.644	1.730	0
4	rxn03525;rxn03530;rxn16896;rxn25082	0.000	0.000	0.004	0.010	0.000	0.000	0
2	rxn03614;rxn06895	0.000	0.000	0.000	0.000	0.000	0.000	0
2	rxn03591;rxn07600	0.000	0.000	0.010	0.020	0.100	0.200	0
2	rxn03651;rxn03652	0.000	0.000	0.000	0.000	0.290	0.580	0
4	rxn03283;rxn03284;rxn14072;rxn16700	0.000	0.000	0.004	0.010	0.251	0.580	0
3	rxn03259;rxn32624;rxn32625	0.000	0.000	0.000	0.000	0.000	0.000	0
2	rxn03222;rxn17088	0.000	0.000	0.000	0.000	0.000	0.000	0
2	rxn03220;rxn03261	0.000	0.000	0.000	0.000	1.360	2.720	0
2	rxn03217;rxn17087	0.000	0.000	0.000	0.000	0.000	0.000	0
5	rxn03208;rxn03226;rxn03526;rxn03531;rxn15791	0.000	0.000	0.029	0.070	0.021	0.050	0
2	rxn03204;rxn03205	0.000	0.000	0.000	0.000	0.295	0.590	0
2	rxn03200;rxn03201	0.000	0.000	0.000	0.000	0.295	0.590	0
2	rxn03196;rxn39755	0.000	0.000	0.000	0.000	0.915	1.830	0
4	rxn03435;rxn31980;rxn31981;rxn31982	0.000	0.000	0.000	0.000	0.000	0.000	0
7	rxn03192;rxn03281;rxn07315;rxn38374;rxn38375;rxn38680;rxn38681	0.000	0.000	0.000	0.000	1.692	3.610	0
3	rxn03188;rxn15489;rxn15490	0.000	0.000	0.000	0.000	0.000	0.000	0
2	rxn03175;rxn20608	0.000	0.000	0.000	0.000	0.000	0.000	0
3	rxn03160;rxn11535;rxn11536	0.000	0.000	0.000	0.000	0.000	0.000	0
4	rxn03147;rxn28980;rxn35571;rxn37546	0.000	0.000	0.000	0.000	0.000	0.000	0
3	rxn03144;rxn05135;rxn15476	0.000	0.000	0.005	0.010	1.193	2.530	0
2	rxn03137;rxn27692	0.000	0.000	0.000	0.000	0.000	0.000	0
4	rxn03136;rxn27691;rxn35572;rxn35698	0.000	0.000	0.000	0.000	0.000	0.000	0
2	rxn03133;rxn03134	0.000	0.000	0.000	0.000	0.295	0.590	0
4	rxn03129;rxn03148;rxn15479;rxn15480	0.000	0.000	0.000	0.000	0.909	2.100	0
3	rxn03194;rxn31792;rxn35526	0.000	0.000	0.000	0.000	0.000	0.000	0
2	rxn03508;rxn23465	0.000	0.000	0.000	0.000	0.000	0.000	0
3	rxn03506;rxn03849;rxn23464	0.000	0.000	0.000	0.000	0.000	0.000	0
2	rxn03484;rxn06861	0.000	0.000	0.000	0.000	0.000	0.000	0
2	rxn03478;rxn06859	0.000	0.000	0.000	0.000	0.000	0.000	0
2	rxn03477;rxn15519	0.000	0.000	0.000	0.000	0.000	0.000	0
2	rxn03439;rxn16608	0.000	0.000	0.390	0.780	1.100	2.200	0
6	rxn03437;rxn19545;rxn27818;rxn30145;rxn30658;rxn35528	0.000	0.000	0.000	0.000	0.000	0.000	0
5	rxn03436;rxn32760;rxn32797;rxn32798;rxn35529	0.000	0.000	0.000	0.000	0.000	0.000	0
2	rxn03426;rxn39478	0.000	0.000	0.095	0.190	0.000	0.000	0
3	rxn03287;rxn03289;rxn15495	0.000	0.000	0.000	0.000	1.065	2.260	0
3	rxn03403;rxn33286;rxn33288	0.000	0.000	0.000	0.000	0.000	0.000	0
3	rxn03391;rxn03397;rxn30327	0.000	0.000	0.000	0.000	0.000	0.000	0
2	rxn03390;rxn30326	0.000	0.000	0.000	0.000	0.000	0.000	0
5	rxn03335;rxn03336;rxn03343;rxn03344;rxn21215	0.000	0.000	0.004	0.010	0.284	0.580	0
2	rxn03326;rxn19004	0.000	0.000	0.000	0.000	0.000	0.000	0
5	rxn03316;rxn14177;rxn14179;rxn39328;rxn39329	0.000	0.000	0.000	0.000	2.755	7.010	0
2	rxn03301;rxn03304	0.000	0.000	0.000	0.000	0.000	0.000	0
5	rxn03300;rxn14041;rxn14124;rxn14176;rxn14375	0.000	0.000	0.000	0.000	1.643	4.240	0
2	rxn03291;rxn03294	0.000	0.000	0.000	0.000	0.540	1.080	0
2	rxn03290;rxn15496	0.000	0.000	0.000	0.000	0.000	0.000	0
2	rxn03407;rxn30313	0.000	0.000	0.000	0.000	0.000	0.000	0
2	rxn04176;rxn39683	0.000	0.000	0.000	0.000	0.000	0.000	0
2	rxn04175;rxn39682	0.000	0.000	0.000	0.000	0.000	0.000	0
4	rxn04173;rxn04174;rxn15985;rxn39681	0.000	0.000	0.000	0.000	0.278	0.680	0
2	rxn04147;rxn32418	0.000	0.000	0.000	0.000	0.000	0.000	0
2	rxn04140;rxn35274	0.000	0.000	0.000	0.000	0.000	0.000	0
3	rxn04132;rxn04133;rxn39598	0.000	0.000	0.000	0.000	0.000	0.000	0
2	rxn04113;rxn08756	0.000	0.000	0.000	0.000	14.440	28.880	0
2	rxn04092;rxn30307	0.000	0.000	0.000	0.000	0.000	0.000	0
3	rxn04079;rxn04080;rxn04105	0.000	0.000	0.000	0.000	0.775	1.650	0
2	rxn03880;rxn04751	0.000	0.000	0.000	0.000	0.435	0.870	0
2	rxn04043;rxn15952	0.000	0.000	0.160	0.320	0.605	1.210	0
2	rxn04034;rxn16224	0.000	0.000	0.000	0.000	0.415	0.830	0
4	rxn04029;rxn04579;rxn11674;rxn15552	0.000	0.000	5.954	13.750	0.000	0.000	0
3	rxn04028;rxn17414;rxn27502	0.000	0.000	0.000	0.000	0.000	0.000	0
3	rxn04027;rxn22637;rxn30780	0.000	0.000	0.000	0.000	0.000	0.000	0
4	rxn04026;rxn33438;rxn33442;rxn33453	0.000	0.000	0.000	0.000	0.000	0.000	0
2	rxn04021;rxn16509	0.000	0.000	0.440	0.880	0.770	1.540	0
2	rxn04014;rxn04015	0.000	0.000	0.000	0.000	0.640	1.280	0
5	rxn04012;rxn04017;rxn04512;rxn07140;rxn25866	0.000	0.000	0.401	0.840	1.414	3.720	0
2	rxn04078;rxn04104	0.000	0.000	0.000	0.000	0.415	0.830	0
3	rxn04411;rxn07785;rxn27752	0.000	0.000	0.005	0.010	0.589	1.250	0
3	rxn04387;rxn04388;rxn04466	0.000	0.000	0.000	0.000	0.000	0.000	0
3	rxn04386;rxn10475;rxn10609	0.000	0.000	1.570	3.330	32.824	69.630	0
10	rxn04308;rxn10785;rxn16106;rxn16110;rxn16578;rxn29020;rxn29021;rxn31309	0.000	0.000	0.000	0.000	12.397	28.160	0
2	rxn04303;rxn15868	0.000	0.000	0.000	0.000	0.820	1.640	0
2	rxn04301;rxn16662	0.000	0.000	0.000	0.000	0.390	0.780	0
2	rxn04281;rxn04282	0.000	0.000	0.000	0.000	0.000	0.000	0
3	rxn04270;rxn04271;rxn16625	0.000	0.000	0.000	0.000	0.913	2.070	0
4	rxn04264;rxn16222;rxn16226;rxn16230	0.000	0.000	0.000	0.000	0.316	0.830	0
2	rxn04177;rxn39684	0.000	0.000	0.000	0.000	0.000	0.000	0
2	rxn04257;rxn04259	0.000	0.000	0.000	0.000	1.310	2.620	0
2	rxn04254;rxn04255	0.000	0.000	0.000	0.000	1.305	2.610	0
2	rxn04252;rxn04253	0.000	0.000	0.000	0.000	0.000	0.000	0
8	rxn04242;rxn04243;rxn04244;rxn04245;rxn04248;rxn04249;rxn04250;rxn04251	0.000	0.000	0.000	0.000	0.415	0.830	0
3	rxn04240;rxn04241;rxn39693	0.000	0.000	0.000	0.000	0.387	0.820	0
2	rxn04235;rxn07101	0.000	0.000	0.000	0.000	0.000	0.000	0
5	rxn04227;rxn04228;rxn04229;rxn15974;rxn15978	0.000	0.000	0.000	0.000	37.872	94.680	0
2	rxn04180;rxn05018	0.000	0.000	0.000	0.000	0.590	1.180	0
2	rxn04178;rxn39685	0.000	0.000	0.000	0.000	0.000	0.000	0
2	rxn04260;rxn04261	0.000	0.000	0.000	0.000	0.125	0.250	0
2	rxn03908;rxn27525	0.000	0.000	0.000	0.000	0.000	0.000	0
2	rxn03899;rxn39508	0.000	0.000	0.000	0.000	0.000	0.000	0
3	rxn03897;rxn03898;rxn04969	0.000	0.000	0.005	0.010	1.381	3.180	0
13	rxn03893;rxn03894;rxn04578;rxn05032;rxn05034;rxn15910;rxn17640;rxn18965	0.000	0.000	3.601	13.750	1.892	4.490	0
2	rxn03111;rxn03274	0.000	0.000	0.000	0.000	0.165	0.330	0
3	rxn03878;rxn28415;rxn30972	0.000	0.000	0.000	0.000	0.000	0.000	0
3	rxn03874;rxn19669;rxn34630	0.000	0.000	0.052	0.110	0.146	0.310	0
5	rxn03866;rxn19979;rxn19982;rxn19986;rxn19988	0.000	0.000	0.000	0.000	2.040	5.100	0
3	rxn03859;rxn04778;rxn04780	0.000	0.000	0.019	0.040	0.029	0.070	0
2	rxn04006;rxn04007	0.000	0.000	0.000	0.000	0.000	0.000	0
2	rxn03850;rxn03854	0.000	0.000	66.060	132.120	0.180	0.360	0
3	rxn03842;rxn27436;rxn32842	0.000	0.000	0.000	0.000	0.000	0.000	0
2	rxn03841;rxn19071	0.000	0.000	0.000	0.000	0.000	0.000	0
2	rxn03814;rxn15873	0.000	0.000	0.005	0.010	0.610	1.220	0
2	rxn03806;rxn16742	0.000	0.000	0.000	0.000	1.045	2.090	0
5	rxn03796;rxn23761;rxn32718;rxn33361;rxn33363	0.000	0.000	0.000	0.000	0.000	0.000	0
2	rxn03787;rxn15540	0.000	0.000	0.000	0.000	0.000	0.000	0
5	rxn03753;rxn32807;rxn32836;rxn32837;rxn32838	0.000	0.000	0.000	0.000	0.000	0.000	0
2	rxn03742;rxn04725	0.000	0.000	0.000	0.000	0.000	0.000	0
2	rxn03851;rxn03853	0.000	0.000	66.060	132.120	0.180	0.360	0
4	rxn04003;rxn11661;rxn38401;rxn38402	0.000	0.000	0.000	0.000	0.295	0.590	0
2	rxn03998;rxn04002	0.000	0.000	0.005	0.010	0.295	0.590	0
3	rxn03994;rxn03995;rxn04973	0.000	0.000	0.000	0.000	0.721	1.530	0
3	rxn03989;rxn04395;rxn05094	0.000	0.000	0.000	0.000	0.047	0.100	0
3	rxn03983;rxn27491;rxn34797	0.000	0.000	0.000	0.000	0.000	0.000	0
2	rxn03974;rxn03975	0.000	0.000	0.000	0.000	0.290	0.580	0
3	rxn03968;rxn15547;rxn15548	0.000	0.000	0.113	0.240	0.000	0.000	0
4	rxn03966;rxn15850;rxn15856;rxn23435	0.000	0.000	0.598	1.380	0.102	0.270	0
4	rxn03963;rxn03964;rxn04934;rxn04935	0.000	0.000	0.000	0.000	0.489	1.370	0
2	rxn03909;rxn27845	0.000	0.000	0.000	0.000	0.000	0.000	0
2	rxn03959;rxn03960	0.000	0.000	0.000	0.000	0.640	1.280	0
2	rxn03958;rxn19646	0.000	0.000	0.000	0.000	0.000	0.000	0
2	rxn03952;rxn11728	0.000	0.000	0.000	0.000	1.655	3.310	0
3	rxn03948;rxn25609;rxn40145	0.000	0.000	0.000	0.000	1.660	4.060	0
4	rxn03923;rxn32066;rxn32070;rxn32073	0.000	0.000	0.000	0.000	0.000	0.000	0
3	rxn03922;rxn04720;rxn04730	0.000	0.000	0.179	0.380	21.626	46.740	0
5	rxn03917;rxn13937;rxn13947;rxn16611;rxn39958	0.000	0.000	0.000	0.000	1.748	4.370	0
2	rxn03913;rxn17223	0.000	0.000	0.000	0.000	0.000	0.000	0
3	rxn03912;rxn26736;rxn26737	0.000	0.000	0.000	0.000	0.000	0.000	0
2	rxn03910;rxn28646	0.000	0.000	0.000	0.000	0.000	0.000	0
2	rxn03961;rxn16879	0.000	0.000	0.000	0.000	0.000	0.000	0
2	rxn02470;rxn23952	0.000	0.000	0.000	0.000	0.000	0.000	0
3	rxn02469;rxn16204;rxn27385	0.000	0.000	2.183	4.630	0.038	0.080	0
2	rxn02467;rxn03363	0.000	0.000	0.005	0.010	0.505	1.010	0
3	rxn02466;rxn10595;rxn10596	0.000	0.000	0.000	0.000	0.000	0.000	0
2	rxn02463;rxn02464	0.000	0.000	0.005	0.010	0.295	0.590	0
5	rxn02445;rxn02801;rxn05042;rxn14026;rxn14214	0.000	0.000	0.179	0.370	0.272	0.560	0
2	rxn02442;rxn19142	0.000	0.000	0.000	0.000	0.000	0.000	0
2	rxn02430;rxn40164	0.000	0.000	0.000	0.000	0.290	0.580	0
2	rxn02427;rxn02428	0.000	0.000	0.005	0.010	0.290	0.580	0
2	rxn03051;rxn03206	0.000	0.000	0.000	0.000	0.000	0.000	0
4	rxn02416;rxn02577;rxn02786;rxn03388	0.000	0.000	0.000	0.000	6.548	16.050	0
2	rxn02412;rxn15403	0.000	0.000	0.000	0.000	0.000	0.000	0
3	rxn02407;rxn38674;rxn38675	0.000	0.000	0.000	0.000	0.000	0.000	0
3	rxn02404;rxn30717;rxn32076	0.000	0.000	0.000	0.000	0.000	0.000	0
3	rxn02402;rxn20663;rxn30194	0.000	0.000	0.000	0.000	0.000	0.000	0
9	rxn02390;rxn02521;rxn02522;rxn02762;rxn03483;rxn19338;rxn19339;rxn19340	0.000	0.000	0.061	0.150	1.881	5.640	0
4	rxn02382;rxn15399;rxn15400;rxn17487	0.000	0.000	0.178	0.410	0.000	0.000	0
2	rxn02374;rxn30382	0.000	0.000	0.000	0.000	0.000	0.000	0
3	rxn02373;rxn02465;rxn28002	0.000	0.000	0.349	0.740	0.259	0.550	0
4	rxn02356;rxn02358;rxn30397;rxn30398	0.000	0.000	0.000	0.000	0.290	0.580	0
2	rxn02424;rxn39396	0.000	0.000	0.030	0.060	0.000	0.000	0
3	rxn02536;rxn04066;rxn17226	0.000	0.000	0.000	0.000	1.193	2.530	0
6	rxn02535;rxn04067;rxn24198;rxn24199;rxn39762;rxn40246	0.000	0.000	0.053	0.150	11.412	27.820	0
5	rxn02527;rxn02528;rxn19673;rxn38971;rxn38972	0.000	0.000	2.822	5.760	2.506	5.760	0
2	rxn02523;rxn03839	0.000	0.000	0.590	1.180	3.315	6.630	0
3	rxn02519;rxn15407;rxn15408	0.000	0.000	1.062	2.590	0.000	0.000	0
2	rxn02510;rxn16900	0.000	0.000	0.000	0.000	0.000	0.000	0
2	rxn02508;rxn28082	0.000	0.000	0.000	0.000	0.000	0.000	0
2	rxn02507;rxn33706	0.000	0.000	0.000	0.000	0.000	0.000	0
2	rxn02506;rxn03282	0.000	0.000	0.000	0.000	0.000	0.000	0
3	rxn02473;rxn19924;rxn30708	0.000	0.000	0.000	0.000	0.000	0.000	0
2	rxn02504;rxn30368	0.000	0.000	0.000	0.000	0.000	0.000	0
2	rxn02503;rxn30396	0.000	0.000	0.000	0.000	0.000	0.000	0
2	rxn02497;rxn11569	0.000	0.000	0.000	0.000	0.000	0.000	0
2	rxn02488;rxn39506	0.000	0.000	0.035	0.070	1.375	2.750	0
4	rxn02482;rxn07472;rxn07498;rxn07515	0.000	0.000	0.192	0.530	2.782	7.220	0
7	rxn02481;rxn04722;rxn04732;rxn04743;rxn07527;rxn33700;rxn33701	0.000	0.000	0.197	0.400	16.109	35.780	0
2	rxn02480;rxn37980	0.000	0.000	0.000	0.000	0.000	0.000	0
2	rxn02476;rxn33166	0.000	0.000	0.000	0.000	0.000	0.000	0
6	rxn02475;rxn10506;rxn16216;rxn30012;rxn32932;rxn35473	0.000	0.000	0.005	0.010	0.000	0.000	0
2	rxn02474;rxn33143	0.000	0.000	0.000	0.000	0.000	0.000	0
3	rxn02505;rxn03106;rxn33557	0.000	0.000	0.000	0.000	0.877	1.860	0
2	rxn02251;rxn25701	0.000	0.000	0.000	0.000	0.000	0.000	0
3	rxn02238;rxn02598;rxn03413	0.000	0.000	0.000	0.000	0.000	0.000	0
4	rxn02234;rxn04134;rxn19263;rxn39608	0.000	0.000	0.000	0.000	0.705	1.410	0
5	rxn02213;rxn04446;rxn17751;rxn17752;rxn30580	0.000	0.000	4.076	10.190	5.132	12.830	0
2	rxn02212;rxn32559	0.000	0.000	0.000	0.000	0.000	0.000	0
3	rxn02207;rxn15389;rxn15390	0.000	0.000	0.193	0.410	0.000	0.000	0
3	rxn02201;rxn20800;rxn30380	0.000	0.000	0.000	0.000	2.013	4.270	0
2	rxn02200;rxn30369	0.000	0.000	0.000	0.000	0.000	0.000	0
5	rxn02189;rxn02758;rxn02814;rxn04424;rxn04425	0.000	0.000	0.005	0.010	4.018	10.780	0
3	rxn02355;rxn02357;rxn04944	0.000	0.000	0.005	0.010	0.328	0.770	0
5	rxn02186;rxn30402;rxn32271;rxn33637;rxn35351	0.000	0.000	0.000	0.000	0.108	0.220	0
2	rxn02185;rxn15491	0.000	0.000	0.000	0.000	2.710	5.420	0
2	rxn02181;rxn32064	0.000	0.000	0.000	0.000	0.000	0.000	0
2	rxn02177;rxn40341	0.000	0.000	0.115	0.230	1.465	2.930	0
2	rxn02169;rxn19825	0.000	0.000	0.000	0.000	0.000	0.000	0
5	rxn02167;rxn02168;rxn27538;rxn30763;rxn32636	0.000	0.000	0.044	0.110	0.321	0.820	0
5	rxn02163;rxn02164;rxn10432;rxn11732;rxn15726	0.000	0.000	1.257	3.170	0.648	1.390	0
2	rxn02159;rxn19896	0.000	0.000	0.000	0.000	0.000	0.000	0
6	rxn02156;rxn07590;rxn23873;rxn23874;rxn23875;rxn23876	0.000	0.000	0.000	0.000	0.000	0.000	0
2	rxn02149;rxn40440	0.000	0.000	2.095	4.190	1.030	2.060	0
4	rxn02187;rxn15511;rxn32411;rxn32500	0.000	0.000	0.000	0.000	2.347	5.420	0
2	rxn02354;rxn32554	0.000	0.000	0.000	0.000	0.000	0.000	0
2	rxn02348;rxn04471	0.000	0.000	0.000	0.000	1.850	3.700	0
2	rxn02343;rxn16372	0.000	0.000	0.250	0.500	0.315	0.630	0
6	rxn02340;rxn02575;rxn38541;rxn39775;rxn39908;rxn40359	0.000	0.000	19.173	38.620	1.539	4.210	0
2	rxn02336;rxn19950	0.000	0.000	0.000	0.000	0.000	0.000	0
2	rxn02326;rxn24207	0.000	0.000	0.000	0.000	0.000	0.000	0
3	rxn02324;rxn04680;rxn30329	0.000	0.000	0.000	0.000	2.791	5.920	0
2	rxn02313;rxn37014	0.000	0.000	0.000	0.000	0.000	0.000	0
2	rxn02312;rxn27779	0.000	0.000	0.000	0.000	0.000	0.000	0
2	rxn02259;rxn16860	0.000	0.000	0.000	0.000	0.000	0.000	0
3	rxn02302;rxn28338;rxn33298	0.000	0.000	0.000	0.000	0.000	0.000	0
4	rxn02300;rxn11704;rxn14025;rxn14362	0.000	0.000	0.004	0.010	0.004	0.010	0
2	rxn02299;rxn11701	0.000	0.000	0.000	0.000	0.000	0.000	0
2	rxn02295;rxn02779	0.000	0.000	0.050	0.100	3.490	6.980	0
2	rxn02292;rxn04956	0.000	0.000	0.000	0.000	0.000	0.000	0
4	rxn02290;rxn11887;rxn20024;rxn20025	0.000	0.000	0.000	0.000	0.615	1.420	0
2	rxn02284;rxn02285	0.000	0.000	0.005	0.010	0.295	0.590	0
3	rxn02278;rxn31892;rxn31893	0.000	0.000	0.000	0.000	0.000	0.000	0
2	rxn02277;rxn27785	0.000	0.000	0.000	0.000	0.000	0.000	0
2	rxn02261;rxn14344	0.000	0.000	1.550	3.100	0.950	1.900	0
2	rxn02305;rxn29006	0.000	0.000	0.000	0.000	0.000	0.000	0
7	rxn02972;rxn02973;rxn13980;rxn14049;rxn14174;rxn14319;rxn16862	0.000	0.000	0.000	0.000	0.225	0.580	0
2	rxn02971;rxn15642	0.000	0.000	1.025	2.050	1.900	3.800	0
2	rxn02956;rxn39738	0.000	0.000	0.215	0.430	2.765	5.530	0
4	rxn02945;rxn05031;rxn28382;rxn28890	0.000	0.000	0.000	0.000	1.450	2.900	0
3	rxn02938;rxn33097;rxn38026	0.000	0.000	0.000	0.000	0.000	0.000	0
3	rxn02937;rxn27693;rxn32851	0.000	0.000	0.000	0.000	0.000	0.000	0
3	rxn02934;rxn27332;rxn37861	0.000	0.000	0.000	0.000	0.000	0.000	0
4	rxn02933;rxn03033;rxn31839;rxn35545	0.000	0.000	0.000	0.000	0.143	0.330	0
2	rxn02930;rxn02931	0.000	0.000	0.000	0.000	0.295	0.590	0
3	rxn02537;rxn04065;rxn17096	0.000	0.000	0.000	0.000	0.061	0.130	0
4	rxn02927;rxn30059;rxn33723;rxn33730	0.000	0.000	0.000	0.000	0.000	0.000	0
2	rxn02926;rxn39450	0.000	0.000	0.030	0.060	0.000	0.000	0
2	rxn02925;rxn39449	0.000	0.000	0.030	0.060	0.000	0.000	0
2	rxn02914;rxn20630	0.000	0.000	0.000	0.000	0.000	0.000	0
22	rxn02911;rxn03240;rxn03241;rxn03245;rxn03247;rxn03250;rxn07574;rxn07725	0.000	0.000	0.148	0.430	1.543	6.370	0
2	rxn02909;rxn40478	0.000	0.000	0.130	0.260	0.100	0.200	0
2	rxn02899;rxn04719	0.000	0.000	0.000	0.000	0.005	0.010	0
2	rxn02897;rxn38087	0.000	0.000	0.000	0.000	0.000	0.000	0
2	rxn02892;rxn39781	0.000	0.000	0.080	0.160	0.070	0.140	0
2	rxn02889;rxn27997	0.000	0.000	0.000	0.000	0.000	0.000	0
4	rxn02928;rxn02929;rxn27815;rxn27816	0.000	0.000	0.005	0.010	0.290	0.580	0
8	rxn03107;rxn03145;rxn14212;rxn14296;rxn15477;rxn18999;rxn19000;rxn39397	0.000	0.000	0.198	0.600	3.039	8.290	0
4	rxn03104;rxn04001;rxn37881;rxn37882	0.000	0.000	0.005	0.010	0.290	0.580	0
3	rxn03101;rxn15471;rxn15472	0.000	0.000	0.193	0.410	0.000	0.000	0
3	rxn03094;rxn04068;rxn39439	0.000	0.000	0.000	0.000	0.005	0.010	0
4	rxn03093;rxn04947;rxn07325;rxn37520	0.000	0.000	0.004	0.010	0.212	0.590	0
2	rxn03092;rxn39466	0.000	0.000	0.000	0.000	0.000	0.000	0
7	rxn03082;rxn16424;rxn16427;rxn22368;rxn24420;rxn28364;rxn32509	0.000	0.000	0.005	0.010	0.000	0.000	0
2	rxn03080;rxn32021	0.000	0.000	0.000	0.000	0.000	0.000	0
6	rxn03071;rxn03072;rxn27940;rxn32266;rxn32270;rxn33582	0.000	0.000	0.000	0.000	0.290	0.580	0
6	rxn02974;rxn13999;rxn14262;rxn14378;rxn37384;rxn37385	0.000	0.000	0.000	0.000	3.438	7.970	0
4	rxn03068;rxn31757;rxn31760;rxn31783	0.000	0.000	0.000	0.000	0.000	0.000	0
5	rxn03063;rxn06465;rxn28840;rxn32025;rxn33751	0.000	0.000	0.000	0.000	0.607	1.240	0
3	rxn03062;rxn27542;rxn37956	0.000	0.000	0.000	0.000	0.000	0.000	0
5	rxn03060;rxn33487;rxn33489;rxn33491;rxn33492	0.000	0.000	0.000	0.000	0.000	0.000	0
11	rxn04415;rxn04416;rxn04458;rxn04459;rxn19944;rxn19945;rxn23877;rxn23878	0.000	0.000	0.012	0.030	0.252	0.660	0
2	rxn03037;rxn27341	0.000	0.000	0.000	0.000	0.000	0.000	0
2	rxn03020;rxn17440	0.000	0.000	0.000	0.000	0.000	0.000	0
2	rxn03014;rxn03015	0.000	0.000	0.000	0.000	0.290	0.580	0
3	rxn03012;rxn07441;rxn24414	0.000	0.000	0.976	2.070	0.189	0.400	0
2	rxn02981;rxn02982	0.000	0.000	0.000	0.000	0.290	0.580	0
3	rxn03070;rxn30419;rxn32541	0.000	0.000	0.000	0.000	0.000	0.000	0
15	rxn02726;rxn02967;rxn04847;rxn11853;rxn16289;rxn16290;rxn16291;rxn16292	0.000	0.000	0.182	0.460	0.000	0.000	0
2	rxn02724;rxn02725	0.000	0.000	0.000	0.000	0.290	0.580	0
2	rxn02710;rxn20772	0.000	0.000	0.000	0.000	0.000	0.000	0
2	rxn02687;rxn02689	0.000	0.000	0.000	0.000	0.000	0.000	0
3	rxn02666;rxn33515;rxn33517	0.000	0.000	0.000	0.000	0.000	0.000	0
2	rxn02656;rxn06467	0.000	0.000	0.000	0.000	0.000	0.000	0
4	rxn02640;rxn14228;rxn25846;rxn25892	0.000	0.000	0.000	0.000	38.860	77.720	0
3	rxn02639;rxn03636;rxn14138	0.000	0.000	0.000	0.000	2.569	5.880	0
5	rxn02638;rxn03268;rxn04073;rxn19858;rxn25891	0.000	0.000	0.026	0.070	4.783	10.760	0
2	rxn02886;rxn03447	0.000	0.000	0.190	0.380	0.160	0.320	0
4	rxn02623;rxn02750;rxn02751;rxn33387	0.000	0.000	0.437	1.010	0.418	1.090	0
3	rxn02622;rxn02749;rxn32196	0.000	0.000	0.717	1.520	0.603	1.280	0
3	rxn02621;rxn33435;rxn33443	0.000	0.000	0.000	0.000	0.000	0.000	0
6	rxn02618;rxn11681;rxn11682;rxn14261;rxn24356;rxn26890	0.000	0.000	0.000	0.000	5.861	16.560	0
2	rxn02586;rxn03233	0.000	0.000	0.065	0.130	0.060	0.120	0
3	rxn02574;rxn15412;rxn15413	0.000	0.000	0.193	0.410	0.000	0.000	0
3	rxn02564;rxn07870;rxn30921	0.000	0.000	0.005	0.010	1.155	2.450	0
4	rxn02558;rxn02559;rxn03169;rxn15482	0.000	0.000	0.000	0.000	0.251	0.580	0
12	rxn02554;rxn02601;rxn02807;rxn04426;rxn04427;rxn21497;rxn21808;rxn21829	0.000	0.000	4.782	18.240	5.285	20.690	0
2	rxn02549;rxn19144	0.000	0.000	0.000	0.000	0.000	0.000	0
2	rxn02628;rxn03088	0.000	0.000	0.935	1.870	0.685	1.370	0
4	rxn02878;rxn04741;rxn33146;rxn33147	0.000	0.000	0.000	0.000	3.377	7.800	0
8	rxn02877;rxn04740;rxn04822;rxn07519;rxn15647;rxn15648;rxn32875;rxn32876	0.000	0.000	0.005	0.010	1.051	2.220	0
15	rxn02872;rxn02873;rxn03239;rxn03242;rxn03244;rxn03246;rxn03249;rxn03617	0.000	0.000	0.177	0.520	3.191	8.120	0
2	rxn02866;rxn27956	0.000	0.000	0.000	0.000	0.000	0.000	0
3	rxn02858;rxn02997;rxn32590	0.000	0.000	0.000	0.000	0.000	0.000	0
3	rxn02854;rxn32671;rxn32672	0.000	0.000	0.000	0.000	0.000	0.000	0
2	rxn02839;rxn02840	0.000	0.000	0.000	0.000	0.290	0.580	0
9	rxn02836;rxn07841;rxn07842;rxn23921;rxn23922;rxn23923;rxn28285;rxn28286	0.000	0.000	0.506	1.240	0.000	0.000	0
10	rxn02816;rxn03481;rxn11788;rxn15440;rxn15441;rxn15727;rxn15907;rxn15908	0.000	0.000	0.156	0.410	1.865	3.970	0
5	rxn02729;rxn32713;rxn32717;rxn32720;rxn35536	0.000	0.000	0.024	0.060	0.000	0.000	0
3	rxn02810;rxn15438;rxn15439	0.000	0.000	1.062	2.590	0.000	0.000	0
2	rxn02808;rxn02809	0.000	0.000	0.005	0.010	0.585	1.170	0
2	rxn02789;rxn27543	0.000	0.000	0.000	0.000	0.000	0.000	0
3	rxn02784;rxn38372;rxn38373	0.000	0.000	0.009	0.020	28.132	60.570	0
4	rxn02771;rxn04681;rxn12178;rxn32490	0.000	0.000	0.005	0.010	0.004	0.010	0
2	rxn02748;rxn18924	0.000	0.000	0.000	0.000	0.000	0.000	0
4	rxn02747;rxn04653;rxn38059;rxn38509	0.000	0.000	0.000	0.000	0.055	0.110	0
5	rxn02744;rxn03970;rxn03971;rxn05142;rxn05143	0.000	0.000	0.872	1.940	1.374	3.670	0
2	rxn02740;rxn03799	0.000	0.000	0.580	1.160	4.675	9.350	0
5	rxn02735;rxn04866;rxn13972;rxn32259;rxn32399	0.000	0.000	0.000	0.000	7.515	19.580	0
2	rxn02811;rxn33015	0.000	0.000	0.000	0.000	0.000	0.000	0
3	rxn16178;rxn39751;rxn40316	0.000	0.000	0.022	0.050	2.850	6.070	0
3	rxn16170;rxn39747;rxn39749	0.000	0.000	0.000	0.000	1.146	2.430	0
2	rxn16168;rxn39748	0.000	0.000	0.010	0.020	0.005	0.010	0
3	rxn16130;rxn16131;rxn23757	0.000	0.000	0.005	0.010	0.005	0.010	0
3	rxn16108;rxn29018;rxn29019	0.000	0.000	0.000	0.000	0.000	0.000	0
3	rxn16107;rxn16477;rxn38340	0.000	0.000	0.137	0.290	0.132	0.280	0
2	rxn16026;rxn16070	0.000	0.000	0.000	0.000	0.000	0.000	0
2	rxn15994;rxn15995	0.000	0.000	0.000	0.000	0.290	0.580	0
2	rxn15992;rxn15993	0.000	0.000	0.000	0.000	0.295	0.590	0
2	rxn04574;rxn15638	0.000	0.000	0.000	0.000	0.000	0.000	0
4	rxn15976;rxn15982;rxn24024;rxn24971	0.000	0.000	0.000	0.000	0.345	0.690	0
3	rxn15912;rxn15986;rxn25235	0.000	0.000	0.000	0.000	0.000	0.000	0
2	rxn15851;rxn15857	0.000	0.000	0.400	0.800	0.780	1.560	0
2	rxn15846;rxn37181	0.000	0.000	0.005	0.010	0.295	0.590	0
3	rxn15844;rxn15845;rxn39718	0.000	0.000	1.849	4.140	2.644	6.320	0
2	rxn15811;rxn15814	0.000	0.000	0.000	0.000	2.745	5.490	0
2	rxn15808;rxn15809	0.000	0.000	5.875	11.750	0.015	0.030	0
2	rxn15801;rxn15804	0.000	0.000	0.030	0.060	0.015	0.030	0
3	rxn15794;rxn15795;rxn15796	0.000	0.000	0.000	0.000	0.940	2.070	0
2	rxn15792;rxn15793	0.000	0.000	0.015	0.030	0.010	0.020	0
2	rxn15984;rxn24022	0.000	0.000	0.000	0.000	0.000	0.000	0
2	rxn16609;rxn21639	0.000	0.000	0.000	0.000	0.000	0.000	0
3	rxn16601;rxn16602;rxn16603	0.000	0.000	0.179	0.380	0.137	0.290	0
2	rxn16595;rxn28804	0.000	0.000	0.000	0.000	0.000	0.000	0
4	rxn16569;rxn16570;rxn16571;rxn21852	0.000	0.000	0.173	0.400	0.000	0.000	0
4	rxn16565;rxn16592;rxn16593;rxn16594	0.000	0.000	0.000	0.000	1.610	3.920	0
2	rxn16554;rxn22783	0.000	0.000	0.000	0.000	0.000	0.000	0
2	rxn16548;rxn22782	0.000	0.000	0.000	0.000	0.000	0.000	0
3	rxn16531;rxn16532;rxn16533	0.000	0.000	0.000	0.000	0.000	0.000	0
2	rxn16493;rxn16524	0.000	0.000	3.530	7.060	0.060	0.120	0
2	rxn16227;rxn39710	0.000	0.000	0.000	0.000	0.000	0.000	0
2	rxn16461;rxn16462	0.000	0.000	0.000	0.000	0.000	0.000	0
3	rxn16452;rxn16730;rxn25019	0.000	0.000	0.000	0.000	0.216	0.530	0
2	rxn16445;rxn24943	0.000	0.000	0.000	0.000	0.000	0.000	0
2	rxn16406;rxn22000	0.000	0.000	0.000	0.000	0.000	0.000	0
3	rxn16392;rxn16393;rxn16394	0.000	0.000	0.767	1.760	0.000	0.000	0
2	rxn16366;rxn40126	0.000	0.000	0.000	0.000	0.865	1.730	0
7	rxn16304;rxn16305;rxn16306;rxn16307;rxn21003;rxn25852;rxn30773	0.000	0.000	0.000	0.000	0.000	0.000	0
3	rxn16286;rxn16293;rxn16294	0.000	0.000	0.000	0.000	0.000	0.000	0
2	rxn16244;rxn16245	0.000	0.000	0.000	0.000	0.000	0.000	0
2	rxn16228;rxn16229	0.000	0.000	0.000	0.000	0.125	0.250	0
2	rxn16490;rxn16492	0.000	0.000	0.000	0.000	1.230	2.460	0
2	rxn14019;rxn26931	0.000	0.000	0.000	0.000	0.000	0.000	0
4	rxn14008;rxn15771;rxn15772;rxn23398	0.000	0.000	0.813	1.770	0.000	0.000	0
3	rxn14001;rxn32170;rxn32173	0.000	0.000	0.000	0.000	0.000	0.000	0
13	rxn13984;rxn13986;rxn14127;rxn14161;rxn14237;rxn14285;rxn14305;rxn23781	0.000	0.000	0.000	0.000	0.714	2.680	0
11	rxn13977;rxn13983;rxn14122;rxn14172;rxn14182;rxn14244;rxn27014;rxn27015	0.000	0.000	0.000	0.000	0.635	2.210	0
9	rxn13975;rxn13995;rxn14059;rxn14156;rxn14248;rxn14278;rxn16566;rxn40204	0.000	0.000	0.000	0.000	0.368	0.960	0
2	rxn13969;rxn32305	0.000	0.000	0.000	0.000	0.000	0.000	0
6	rxn13966;rxn14002;rxn14209;rxn16422;rxn23701;rxn40414	0.000	0.000	4.375	10.150	5.169	10.970	0
3	rxn13954;rxn15876;rxn15877	0.000	0.000	0.193	0.410	0.000	0.000	0
2	rxn15777;rxn15778	0.000	0.000	0.000	0.000	0.000	0.000	0
2	rxn13771;rxn40296	0.000	0.000	0.005	0.010	0.580	1.160	0
3	rxn13477;rxn29022;rxn29023	0.000	0.000	0.000	0.000	0.000	0.000	0
3	rxn13400;rxn15779;rxn30435	0.000	0.000	0.000	0.000	0.000	0.000	0
2	rxn13251;rxn37804	0.000	0.000	0.000	0.000	0.000	0.000	0
2	rxn12171;rxn12172	0.000	0.000	0.000	0.000	0.605	1.210	0
3	rxn12110;rxn12112;rxn39903	0.000	0.000	0.000	0.000	0.000	0.000	0
3	rxn12109;rxn12111;rxn39902	0.000	0.000	0.000	0.000	0.094	0.200	0
4	rxn12058;rxn14009;rxn14080;rxn16669	0.000	0.000	0.000	0.000	0.000	0.000	0
2	rxn12057;rxn16810	0.000	0.000	0.000	0.000	0.060	0.120	0
2	rxn12028;rxn12030	0.000	0.000	0.000	0.000	0.000	0.000	0
3	rxn13953;rxn14149;rxn32735	0.000	0.000	0.000	0.000	0.877	1.860	0
2	rxn15749;rxn20818	0.000	0.000	0.000	0.000	0.000	0.000	0
8	rxn15700;rxn15701;rxn21400;rxn21914;rxn21915;rxn21916;rxn38326;rxn38345	0.000	0.000	0.000	0.000	0.000	0.000	0
2	rxn15681;rxn32292	0.000	0.000	0.000	0.000	0.000	0.000	0
3	rxn15636;rxn39753;rxn39756	0.000	0.000	0.000	0.000	0.707	1.500	0
3	rxn15395;rxn28045;rxn32907	0.000	0.000	0.000	0.000	16.141	34.240	0
5	rxn15238;rxn15239;rxn15240;rxn15241;rxn37796	0.000	0.000	0.000	0.000	0.284	0.580	0
2	rxn15234;rxn15235	0.000	0.000	0.000	0.000	0.000	0.000	0
2	rxn14397;rxn15886	0.000	0.000	0.000	0.000	0.000	0.000	0
5	rxn14363;rxn15866;rxn15867;rxn16225;rxn39709	0.000	0.000	0.000	0.000	0.407	1.050	0
3	rxn14323;rxn32543;rxn32573	0.000	0.000	0.000	0.000	0.000	0.000	0
4	rxn14077;rxn24212;rxn24213;rxn28328	0.000	0.000	0.316	0.730	0.251	0.580	0
2	rxn14271;rxn39714	0.000	0.000	0.000	0.000	0.000	0.000	0
9	rxn14267;rxn39694;rxn39695;rxn39696;rxn39697;rxn39698;rxn39699;rxn39700	0.000	0.000	0.000	0.000	0.425	0.940	0
7	rxn14259;rxn14331;rxn14354;rxn32944;rxn32946;rxn40413;rxn40415	0.000	0.000	0.005	0.010	0.000	0.000	0
2	rxn14236;rxn14371	0.000	0.000	0.000	0.000	0.000	0.000	0
3	rxn14233;rxn22962;rxn40120	0.000	0.000	0.000	0.000	6.831	14.490	0
2	rxn14186;rxn35616	0.000	0.000	0.000	0.000	0.000	0.000	0
2	rxn14180;rxn14238	0.000	0.000	0.000	0.000	0.000	0.000	0
2	rxn14165;rxn17075	0.000	0.000	0.000	0.000	0.000	0.000	0
2	rxn14136;rxn39706	0.000	0.000	0.000	0.000	0.000	0.000	0
4	rxn14094;rxn14142;rxn24354;rxn24355	0.000	0.000	0.000	0.000	2.300	4.600	0
4	rxn14294;rxn16809;rxn28305;rxn28404	0.000	0.000	0.000	0.000	1.285	2.570	0
3	rxn27664;rxn30334;rxn33164	0.000	0.000	0.000	0.000	2.555	5.420	0
3	rxn32133;rxn34788;rxn34789	0.000	0.000	0.000	0.000	0.273	0.580	0
3	rxn25470;rxn40104;rxn40266	0.000	0.000	0.585	1.240	0.000	0.000	0
2	rxn24040;rxn24041	0.000	0.000	0.000	0.000	0.000	0.000	0
4	rxn24038;rxn24039;rxn25725;rxn25726	0.000	0.000	0.000	0.000	0.000	0.000	0
4	rxn24036;rxn24037;rxn25721;rxn25722	0.000	0.000	0.930	1.860	2.395	4.790	0
2	rxn23587;rxn23588	0.000	0.000	0.000	0.000	0.000	0.000	0
2	rxn23414;rxn26454	0.000	0.000	0.475	0.950	0.000	0.000	0
3	rxn23406;rxn23419;rxn23443	0.000	0.000	0.499	1.200	1.319	3.230	0
2	rxn16665;rxn40438	0.000	0.000	0.120	0.240	0.410	0.820	0
6	rxn00113;rxn19010;rxn30592;rxn31319;rxn35314;rxn38000	0.000	0.000	0.000	0.000	0.000	0.000	0
5	rxn00103;rxn00371;rxn31215;rxn33324;rxn33328	0.000	0.000	0.000	0.000	0.232	0.580	0
5	rxn00102;rxn26146;rxn27740;rxn27741;rxn37640	0.000	0.000	0.000	0.000	0.000	0.000	0
2	rxn00101;rxn30324	0.000	0.000	0.000	0.000	0.000	0.000	0
2	rxn00099;rxn23413	0.000	0.000	0.480	0.960	0.000	0.000	0
6	rxn00097;rxn01127;rxn27684;rxn27685;rxn32470;rxn32473	0.000	0.000	0.245	0.490	0.005	0.010	0
2	rxn00096;rxn35428	0.000	0.000	0.000	0.000	0.000	0.000	0
2	rxn00095;rxn35438	0.000	0.000	0.000	0.000	0.000	0.000	0
6	rxn00092;rxn07851;rxn11694;rxn32534;rxn32891;rxn33337	0.000	0.000	0.288	0.610	0.000	0.000	0
60	rxn00088;rxn00137;rxn00360;rxn00881;rxn00882;rxn00883;rxn01139;rxn01367	0.000	0.000	2.904	9.890	5.164	20.090	0
5	rxn00060;rxn20490;rxn30032;rxn30743;rxn35409	0.000	0.000	0.000	0.000	0.000	0.000	0
2	rxn32113;rxn32117	0.000	0.000	0.000	0.000	0.000	0.000	0
3	rxn32060;rxn33391;rxn34626	0.000	0.000	0.000	0.000	2.555	5.420	0
3	rxn32027;rxn32028;rxn32044	0.000	0.000	0.000	0.000	0.000	0.000	0
4	rxn31920;rxn31922;rxn31928;rxn31931	0.000	0.000	0.000	0.000	0.000	0.000	0
2	rxn31870;rxn35346	0.000	0.000	0.005	0.010	0.295	0.590	0
2	rxn31364;rxn31365	0.000	0.000	0.000	0.000	0.000	0.000	0
2	rxn31360;rxn31361	0.000	0.000	0.000	0.000	0.000	0.000	0
2	rxn31091;rxn31755	0.000	0.000	0.000	0.000	0.000	0.000	0
2	rxn30718;rxn32365	0.000	0.000	0.000	0.000	0.000	0.000	0
3	rxn27920;rxn27921;rxn38136	0.000	0.000	0.000	0.000	0.000	0.000	0
2	rxn30417;rxn33725	0.000	0.000	0.000	0.000	0.000	0.000	0
4	rxn30407;rxn32736;rxn32738;rxn32739	0.000	0.000	0.000	0.000	0.000	0.000	0
4	rxn30339;rxn32479;rxn34566;rxn34567	0.000	0.000	0.320	0.740	0.238	0.550	0
2	rxn28981;rxn31868	0.000	0.000	0.000	0.000	0.000	0.000	0
6	rxn28356;rxn38429;rxn38430;rxn38667;rxn38668;rxn38669	0.000	0.000	0.005	0.010	0.075	0.150	0
3	rxn28352;rxn38424;rxn38425	0.000	0.000	0.000	0.000	0.000	0.000	0
2	rxn28323;rxn30870	0.000	0.000	0.000	0.000	0.000	0.000	0
2	rxn28087;rxn32155	0.000	0.000	0.000	0.000	0.000	0.000	0
2	rxn28083;rxn28084	0.000	0.000	0.000	0.000	0.000	0.000	0
3	rxn27926;rxn33284;rxn38148	0.000	0.000	0.000	0.000	0.000	0.000	0
5	rxn30544;rxn30760;rxn33770;rxn38277;rxn38278	0.000	0.000	0.472	1.180	2.652	6.630	0
2	rxn19956;rxn19957	0.000	0.000	0.000	0.000	14.440	28.880	0
4	rxn19870;rxn27914;rxn33977;rxn38130	0.000	0.000	0.000	0.000	0.000	0.000	0
4	rxn19316;rxn27765;rxn32388;rxn34204	0.000	0.000	0.000	0.000	0.000	0.000	0
7	rxn19040;rxn30620;rxn31226;rxn32587;rxn32588;rxn32589;rxn34304	0.000	0.000	0.153	0.310	0.000	0.000	0
2	rxn18917;rxn35234	0.000	0.000	0.000	0.000	0.000	0.000	0
3	rxn16895;rxn16898;rxn39854	0.000	0.000	0.009	0.020	65.106	138.110	0
2	rxn16832;rxn16833	0.000	0.000	0.000	0.000	0.290	0.580	0
2	rxn16814;rxn20209	0.000	0.000	0.000	0.000	0.120	0.240	0
2	rxn16812;rxn16813	0.000	0.000	0.000	0.000	0.105	0.210	0
36	rxn00077;rxn00078;rxn00100;rxn00361;rxn00878;rxn01378;rxn01593;rxn01595	0.000	0.000	2.802	10.580	5.164	26.800	0
2	rxn16771;rxn21589	0.000	0.000	0.000	0.000	14.520	29.040	0
2	rxn16767;rxn16768	0.000	0.000	0.000	0.000	0.715	1.430	0
3	rxn16763;rxn16764;rxn16765	0.000	0.000	0.000	0.000	0.000	0.000	0
3	rxn16760;rxn16761;rxn39458	0.000	0.000	0.000	0.000	1.155	2.450	0
2	rxn16739;rxn16740	0.000	0.000	0.000	0.000	0.125	0.250	0
2	rxn16724;rxn16728	0.000	0.000	0.000	0.000	0.005	0.010	0
2	rxn16704;rxn39689	0.000	0.000	0.000	0.000	0.280	0.560	0
2	rxn16703;rxn39688	0.000	0.000	0.000	0.000	0.990	1.980	0
3	rxn16690;rxn24376;rxn24377	0.000	0.000	0.000	0.000	0.000	0.000	0
2	rxn16682;rxn22647	0.000	0.000	0.000	0.000	1.080	2.160	0
2	rxn16772;rxn16773	0.000	0.000	0.000	0.000	0.000	0.000	0
10	rxn00075;rxn00940;rxn00942;rxn14307;rxn15164;rxn15165;rxn20263;rxn32692	0.000	0.000	2.373	8.540	2.084	4.840	0
9	rxn00070;rxn00086;rxn00644;rxn03981;rxn03982;rxn05910;rxn16405;rxn19841	0.000	0.000	1.681	5.360	1.788	5.950	0
4	rxn00069;rxn00085;rxn27888;rxn27889	0.000	0.000	0.000	0.000	0.295	0.590	0
3	rxn00066;rxn00084;rxn32993	0.000	0.000	0.000	0.000	0.278	0.590	0
5	rxn00065;rxn00307;rxn00413;rxn35429;rxn35443	0.000	0.000	0.352	0.930	0.022	0.050	0
2	rxn00064;rxn29995	0.000	0.000	0.000	0.000	0.000	0.000	0
14	rxn00062;rxn07850;rxn07852;rxn11300;rxn27586;rxn27587;rxn27588;rxn27616	0.000	0.000	0.276	0.610	0.000	0.000	0
2	rxn00061;rxn27710	0.000	0.000	0.000	0.000	0.000	0.000	0
3	rxn00114;rxn29996;rxn37674	0.000	0.000	0.000	0.000	0.000	0.000	0
2	rxn00055;rxn37935	0.000	0.000	0.000	0.000	0.000	0.000	0
4	rxn20162;rxn33881;rxn34243;rxn34244	0.000	0.000	0.000	0.000	0.000	0.000	0
2	rxn00051;rxn04149	0.000	0.000	1.050	2.100	0.800	1.600	0
2	rxn00048;rxn32591	0.000	0.000	0.000	0.000	0.000	0.000	0
9	rxn00046;rxn14335;rxn15014;rxn15015;rxn15456;rxn15457;rxn15802;rxn15803	0.000	0.000	0.635	1.820	2.260	4.960	0
2	rxn00041;rxn15970	0.000	0.000	0.005	0.010	0.710	1.420	0
2	rxn23375;rxn23385	0.000	0.000	0.000	0.000	0.045	0.090	0
2	rxn23373;rxn40005	0.000	0.000	0.775	1.550	0.145	0.290	0
2	rxn23042;rxn37718	0.000	0.000	0.000	0.000	0.000	0.000	0
2	rxn22914;rxn25068	0.000	0.000	0.000	0.000	0.050	0.100	0
5	rxn20738;rxn28139;rxn38281;rxn38282;rxn38283	0.000	0.000	0.000	0.000	0.000	0.000	0
2	rxn20197;rxn33120	0.000	0.000	0.000	0.000	0.000	0.000	0
5	rxn00052;rxn11631;rxn11964;rxn33775;rxn33777	0.000	0.000	0.156	0.390	2.089	4.670	0
2	rxn05055;rxn07849	0.000	0.000	0.970	1.940	0.435	0.870	0
2	rxn05040;rxn32814	0.000	0.000	0.000	0.000	0.000	0.000	0
4	rxn05033;rxn14264;rxn17649;rxn23953	0.000	0.000	0.030	0.060	0.025	0.050	0
3	rxn05004;rxn27334;rxn40276	0.000	0.000	0.000	0.000	0.000	0.000	0
3	rxn05001;rxn07800;rxn23831	0.000	0.000	0.113	0.240	0.090	0.190	0
3	rxn04996;rxn26480;rxn26481	0.000	0.000	0.005	0.010	0.278	0.590	0
2	rxn04991;rxn40463	0.000	0.000	1.050	2.100	0.450	0.900	0
2	rxn04983;rxn16709	0.000	0.000	0.000	0.000	0.575	1.150	0
2	rxn04982;rxn04985	0.000	0.000	0.000	0.000	42.270	84.540	0
4	rxn12019;rxn14068;rxn33023;rxn33036	0.000	0.000	0.000	0.000	0.000	0.000	0
2	rxn04975;rxn23956	0.000	0.000	0.000	0.000	0.000	0.000	0
2	rxn04974;rxn23955	0.000	0.000	0.000	0.000	0.000	0.000	0
7	rxn04971;rxn16425;rxn16428;rxn22369;rxn24421;rxn28365;rxn32743	0.000	0.000	0.000	0.000	4.951	10.960	0
4	rxn04957;rxn04958;rxn40383;rxn40384	0.000	0.000	0.348	0.960	3.233	7.030	0
2	rxn04952;rxn04953	0.000	0.000	0.000	0.000	0.290	0.580	0
2	rxn04950;rxn39792	0.000	0.000	0.000	0.000	0.000	0.000	0
2	rxn04939;rxn04940	0.000	0.000	0.000	0.000	0.290	0.580	0
5	rxn04923;rxn33584;rxn33586;rxn33587;rxn33590	0.000	0.000	0.000	0.000	0.000	0.000	0
2	rxn04912;rxn04913	0.000	0.000	0.000	0.000	0.000	0.000	0
4	rxn04911;rxn04914;rxn04925;rxn39788	0.000	0.000	0.000	0.000	0.874	2.120	0
3	rxn04981;rxn27468;rxn37887	0.000	0.000	0.000	0.000	0.000	0.000	0
5	rxn07274;rxn07278;rxn07285;rxn07286;rxn07287	0.000	0.000	0.000	0.000	0.761	1.650	0
2	rxn07141;rxn16169	0.000	0.000	0.000	0.000	1.210	2.420	0
2	rxn06921;rxn31473	0.000	0.000	0.000	0.000	0.000	0.000	0
4	rxn06843;rxn15508;rxn15509;rxn32668	0.000	0.000	1.041	2.510	7.435	17.170	0
3	rxn06684;rxn15462;rxn15463	0.000	0.000	0.189	0.400	0.000	0.000	0
3	rxn06683;rxn15460;rxn15461	0.000	0.000	0.193	0.410	0.000	0.000	0
4	rxn06135;rxn06136;rxn33212;rxn33501	0.000	0.000	0.005	0.010	0.580	1.160	0
2	rxn05957;rxn33354	0.000	0.000	0.000	0.000	0.000	0.000	0
2	rxn05928;rxn15117	0.000	0.000	1.805	3.610	0.000	0.000	0
2	rxn05065;rxn07537	0.000	0.000	0.005	0.010	0.005	0.010	0
2	rxn05765;rxn05766	0.000	0.000	0.000	0.000	0.565	1.130	0
4	rxn05137;rxn32511;rxn32512;rxn32513	0.000	0.000	0.000	0.000	0.000	0.000	0
2	rxn05118;rxn30873	0.000	0.000	0.000	0.000	0.000	0.000	0
2	rxn05117;rxn05119	0.000	0.000	0.000	0.000	0.290	0.580	0
2	rxn05113;rxn39038	0.000	0.000	0.000	0.000	0.000	0.000	0
2	rxn05112;rxn39443	0.000	0.000	0.380	0.760	0.490	0.980	0
2	rxn05109;rxn31994	0.000	0.000	0.000	0.000	0.000	0.000	0
2	rxn05095;rxn15675	0.000	0.000	0.000	0.000	0.000	0.000	0
2	rxn05092;rxn32462	0.000	0.000	0.000	0.000	0.000	0.000	0
7	rxn05072;rxn15668;rxn15669;rxn20219;rxn32550;rxn38173;rxn38174	0.000	0.000	0.806	1.770	0.000	0.000	0
2	rxn05887;rxn07200	0.000	0.000	0.000	0.000	0.295	0.590	0
2	rxn04701;rxn17099	0.000	0.000	0.000	0.000	0.000	0.000	0
2	rxn04700;rxn39498	0.000	0.000	0.080	0.160	0.065	0.130	0
2	rxn04682;rxn31984	0.000	0.000	0.000	0.000	0.000	0.000	0
2	rxn04678;rxn15640	0.000	0.000	0.000	0.000	0.000	0.000	0
6	rxn04636;rxn07533;rxn07535;rxn07545;rxn07555;rxn07568	0.000	0.000	0.091	0.250	0.392	0.840	0
3	rxn04609;rxn05102;rxn07538	0.000	0.000	8.101	17.190	7.684	16.300	0
5	rxn04585;rxn04592;rxn04593;rxn39770;rxn40247	0.000	0.000	31.942	67.490	3.384	8.960	0
2	rxn04580;rxn07160	0.000	0.000	0.000	0.000	0.000	0.000	0
2	rxn02141;rxn02142	0.000	0.000	0.000	0.000	0.290	0.580	0
2	rxn04910;rxn31978	0.000	0.000	0.000	0.000	0.000	0.000	0
2	rxn04521;rxn04524	0.000	0.000	0.000	0.000	0.850	1.700	0
2	rxn04520;rxn04523	0.000	0.000	0.000	0.000	0.750	1.500	0
2	rxn04516;rxn16172	0.000	0.000	0.035	0.070	0.050	0.100	0
2	rxn04510;rxn04514	0.000	0.000	0.000	0.000	1.215	2.430	0
2	rxn04482;rxn07479	0.000	0.000	0.115	0.230	11.835	23.670	0
2	rxn04463;rxn04623	0.000	0.000	0.000	0.000	0.695	1.390	0
5	rxn04456;rxn04457;rxn24134;rxn30865;rxn35436	0.000	0.000	0.000	0.000	0.000	0.000	0
4	rxn04453;rxn18179;rxn31747;rxn35444	0.000	0.000	0.000	0.000	0.000	0.000	0
3	rxn04443;rxn15630;rxn38499	0.000	0.000	0.000	0.000	0.000	0.000	0
2	rxn04417;rxn39855	0.000	0.000	0.010	0.020	0.915	1.830	0
2	rxn04535;rxn04545	0.000	0.000	0.000	0.000	0.005	0.010	0
2	rxn04901;rxn16003	0.000	0.000	0.000	0.000	0.290	0.580	0
2	rxn04856;rxn04857	0.000	0.000	0.000	0.000	0.000	0.000	0
4	rxn04854;rxn04858;rxn04861;rxn37427	0.000	0.000	0.685	1.370	0.871	2.110	0
4	rxn04852;rxn25605;rxn25606;rxn40151	0.000	0.000	0.048	0.110	1.120	2.240	0
3	rxn04838;rxn04839;rxn04851	0.000	0.000	0.000	0.000	0.797	1.690	0
7	rxn04820;rxn04821;rxn15643;rxn15644;rxn15645;rxn15646;rxn32737	0.000	0.000	0.000	0.000	1.188	2.400	0
2	rxn04818;rxn04819	0.000	0.000	0.000	0.000	1.200	2.400	0
3	rxn04816;rxn04817;rxn32508	0.000	0.000	0.000	0.000	1.131	2.400	0
2	rxn04809;rxn04811	0.000	0.000	0.000	0.000	1.100	2.200	0
2	rxn04807;rxn04808	0.000	0.000	0.000	0.000	1.200	2.400	0
2	rxn04702;rxn23405	0.000	0.000	0.000	0.000	0.000	0.000	0
3	rxn04794;rxn27959;rxn35425	0.000	0.000	0.000	0.000	0.000	0.000	0
14	rxn04793;rxn07575;rxn31837;rxn31841;rxn32086;rxn32093;rxn32209;rxn32210	0.000	0.000	0.161	0.470	8.466	18.740	0
7	rxn04792;rxn04938;rxn15991;rxn32312;rxn33296;rxn38969;rxn38970	0.000	0.000	0.000	0.000	0.475	1.410	0
3	rxn04791;rxn24178;rxn32015	0.000	0.000	0.203	0.430	0.000	0.000	0
2	rxn04769;rxn24578	0.000	0.000	0.000	0.000	0.000	0.000	0
2	rxn04767;rxn16689	0.000	0.000	0.000	0.000	0.810	1.620	0
12	rxn04755;rxn04756;rxn04978;rxn04979;rxn24542;rxn24543;rxn24546;rxn24547	0.000	0.000	0.000	0.000	0.295	0.590	0
3	rxn04742;rxn32001;rxn32002	0.000	0.000	0.005	0.010	1.787	3.790	0
2	rxn04721;rxn04731	0.000	0.000	0.005	0.010	21.825	43.650	0
2	rxn04712;rxn32205	0.000	0.000	0.000	0.000	0.000	0.000	0
3	rxn04795;rxn33004;rxn33005	0.000	0.000	0.000	0.000	23.495	49.840	0
2	rxn10504;rxn10505	0.000	0.000	0.000	0.000	0.290	0.580	0
2	rxn10468;rxn10469	0.000	0.000	0.000	0.000	0.000	0.000	0
2	rxn09953;rxn16365	0.000	0.000	0.200	0.400	0.000	0.000	0
7	rxn09037;rxn16111;rxn21865;rxn21866;rxn28413;rxn28414;rxn37386	0.000	0.000	0.000	0.000	0.000	0.000	0
2	rxn08884;rxn30985	0.000	0.000	0.000	0.000	0.000	0.000	0
2	rxn08647;rxn27876	0.000	0.000	0.000	0.000	0.000	0.000	0
4	rxn08458;rxn08459;rxn13930;rxn13939	0.000	0.000	0.203	0.410	3.745	8.810	0
2	rxn08118;rxn15899	0.000	0.000	0.000	0.000	0.000	0.000	0
2	rxn08044;rxn15745	0.000	0.000	0.000	0.000	0.000	0.000	0
5	rxn07277;rxn07282;rxn33074;rxn33075;rxn33077	0.000	0.000	0.000	0.000	0.044	0.110	0
3	rxn07876;rxn07885;rxn16646	0.000	0.000	3.272	6.940	3.367	7.320	0
2	rxn07871;rxn28380	0.000	0.000	0.030	0.060	5.855	11.710	0
2	rxn07856;rxn11695	0.000	0.000	0.000	0.000	0.000	0.000	0
3	rxn07795;rxn07799;rxn23832	0.000	0.000	0.057	0.120	0.047	0.100	0
5	rxn07780;rxn07781;rxn07782;rxn07814;rxn28345	0.000	0.000	0.036	0.090	1.976	5.080	0
3	rxn07777;rxn07778;rxn07779	0.000	0.000	0.031	0.070	1.490	3.170	0
2	rxn07765;rxn07766	0.000	0.000	0.005	0.010	0.290	0.580	0
2	rxn07763;rxn07764	0.000	0.000	0.000	0.000	0.290	0.580	0
2	rxn07761;rxn07762	0.000	0.000	0.000	0.000	0.295	0.590	0
2	rxn07759;rxn07760	0.000	0.000	0.000	0.000	0.290	0.580	0
4	rxn08043;rxn19030;rxn27667;rxn30333	0.000	0.000	0.000	0.000	0.000	0.000	0
2	rxn11998;rxn39448	0.000	0.000	1.005	2.010	0.000	0.000	0
2	rxn11946;rxn32357	0.000	0.000	0.000	0.000	0.000	0.000	0
15	rxn11858;rxn11859;rxn14004;rxn14102;rxn14183;rxn14205;rxn14308;rxn14347	0.000	0.000	0.479	1.730	1.326	4.690	0
4	rxn11828;rxn12033;rxn34682;rxn34685	0.000	0.000	0.005	0.010	0.555	1.110	0
2	rxn11799;rxn11802	0.000	0.000	0.000	0.000	0.000	0.000	0
2	rxn11775;rxn15898	0.000	0.000	0.000	0.000	0.875	1.750	0
2	rxn11742;rxn16836	0.000	0.000	0.000	0.000	4.130	8.260	0
2	rxn11741;rxn24879	0.000	0.000	0.000	0.000	0.000	0.000	0
2	rxn11703;rxn25492	0.000	0.000	0.000	0.000	0.000	0.000	0
2	rxn11702;rxn17648	0.000	0.000	0.000	0.000	0.000	0.000	0
2	rxn10568;rxn15963	0.000	0.000	0.000	0.000	0.000	0.000	0
3	rxn11684;rxn28800;rxn40063	0.000	0.000	0.000	0.000	1.558	3.600	0
3	rxn11683;rxn37184;rxn37185	0.000	0.000	0.005	0.010	1.433	3.510	0
2	rxn11561;rxn37874	0.000	0.000	0.000	0.000	0.000	0.000	0
7	rxn11551;rxn11552;rxn15122;rxn15123;rxn15126;rxn15127;rxn30433	0.000	0.000	0.679	1.670	4.465	13.030	0
2	rxn11538;rxn11539	0.000	0.000	0.000	0.000	0.000	0.000	0
2	rxn11526;rxn11527	0.000	0.000	0.000	0.000	0.415	0.830	0
5	rxn11511;rxn15721;rxn15722;rxn15723;rxn15724	0.000	0.000	0.661	1.770	0.000	0.000	0
2	rxn11475;rxn39430	0.000	0.000	0.035	0.070	0.000	0.000	0
6	rxn10770;rxn12191;rxn28318;rxn38396;rxn38397;rxn38398	0.000	0.000	0.000	0.000	0.216	0.580	0
2	rxn10613;rxn15988	0.000	0.000	0.000	0.000	0.000	0.000	0
3	rxn11687;rxn11688;rxn31531	0.000	0.000	0.000	0.000	0.000	0.000	0
2	rxn07434;rxn35553	0.000	0.000	0.000	0.000	0.000	0.000	0
2	rxn07432;rxn35554	0.000	0.000	0.000	0.000	0.000	0.000	0
2	rxn07430;rxn35549	0.000	0.000	0.000	0.000	0.000	0.000	0
2	rxn07405;rxn37127	0.000	0.000	0.000	0.000	0.000	0.000	0
6	rxn07399;rxn07400;rxn07403;rxn31342;rxn31343;rxn31344	0.000	0.000	0.000	0.000	0.000	0.000	0
3	rxn07372;rxn07647;rxn07648	0.000	0.000	0.000	0.000	0.000	0.000	0
4	rxn07352;rxn07355;rxn07358;rxn07360	0.000	0.000	0.000	0.000	0.000	0.000	0
2	rxn07348;rxn15685	0.000	0.000	0.000	0.000	0.000	0.000	0
2	rxn07337;rxn15680	0.000	0.000	0.000	0.000	0.000	0.000	0
2	rxn07757;rxn07758	0.000	0.000	0.000	0.000	0.290	0.580	0
4	rxn07333;rxn07334;rxn23798;rxn23799	0.000	0.000	0.000	0.000	0.000	0.000	0
5	rxn07332;rxn23797;rxn23805;rxn23806;rxn40447	0.000	0.000	0.000	0.000	0.000	0.000	0
5	rxn07331;rxn14085;rxn23796;rxn23804;rxn40446	0.000	0.000	0.000	0.000	1.862	3.800	0
2	rxn07324;rxn33208	0.000	0.000	0.000	0.000	0.000	0.000	0
2	rxn07323;rxn39813	0.000	0.000	0.000	0.000	1.870	3.740	0
3	rxn07314;rxn26898;rxn37890	0.000	0.000	0.000	0.000	1.556	3.300	0
2	rxn07306;rxn24433	0.000	0.000	0.000	0.000	0.000	0.000	0
12	rxn07298;rxn07301;rxn07304;rxn07305;rxn11523;rxn15702;rxn32022;rxn32023	0.000	0.000	0.000	0.000	10.590	38.880	0
3	rxn07281;rxn32218;rxn32219	0.000	0.000	0.000	0.000	0.000	0.000	0
5	rxn07279;rxn15703;rxn33008;rxn33010;rxn33564	0.000	0.000	0.000	0.000	0.000	0.000	0
3	rxn07335;rxn23800;rxn40277	0.000	0.000	0.000	0.000	1.688	3.580	0
2	rxn07755;rxn07756	0.000	0.000	0.005	0.010	0.295	0.590	0
2	rxn07753;rxn07754	0.000	0.000	0.000	0.000	0.290	0.580	0
2	rxn07751;rxn07752	0.000	0.000	0.000	0.000	0.290	0.580	0
2	rxn07749;rxn07750	0.000	0.000	0.005	0.010	0.290	0.580	0
2	rxn07747;rxn07748	0.000	0.000	0.000	0.000	0.295	0.590	0
2	rxn07745;rxn07746	0.000	0.000	0.000	0.000	0.295	0.590	0
2	rxn07729;rxn07744	0.000	0.000	0.000	0.000	0.295	0.590	0
2	rxn07708;rxn15707	0.000	0.000	1.805	3.610	0.000	0.000	0
2	rxn07706;rxn31355	0.000	0.000	0.000	0.000	0.000	0.000	0
4	rxn07626;rxn11689;rxn33225;rxn33311	0.000	0.000	0.000	0.000	0.000	0.000	0
8	rxn07447;rxn07448;rxn11885;rxn16460;rxn16670;rxn20915;rxn39845;rxn40098	0.000	0.000	0.000	0.000	2.638	7.370	0
4	rxn07542;rxn07562;rxn07566;rxn23951	0.000	0.000	0.005	0.010	0.046	0.110	0
3	rxn07539;rxn33613;rxn33615	0.000	0.000	0.000	0.000	0.000	0.000	0
5	rxn07529;rxn07591;rxn07592;rxn23848;rxn24350	0.000	0.000	0.000	0.000	0.004	0.010	0
2	rxn07506;rxn15698	0.000	0.000	0.080	0.160	0.050	0.100	0
2	rxn07497;rxn07513	0.000	0.000	0.185	0.370	0.140	0.280	0
2	rxn07496;rxn07512	0.000	0.000	0.185	0.370	0.145	0.290	0
6	rxn07493;rxn16598;rxn32819;rxn32824;rxn32825;rxn32841	0.000	0.000	0.981	2.080	0.038	0.080	0
2	rxn07478;rxn07500	0.000	0.000	0.385	0.770	1.720	3.440	0
4	rxn07466;rxn14121;rxn14346;rxn39923	0.000	0.000	0.188	0.440	2.735	6.520	0
3	rxn07449;rxn15695;rxn15696	0.000	0.000	0.000	0.000	0.000	0.000	0
11	rxn07573;rxn20474;rxn20478;rxn20480;rxn30390;rxn34734;rxn34735;rxn34736	0.000	0.000	0.149	0.520	2.427	8.450	0
2	rxn00539;rxn30017	0.000	0.000	0.000	0.000	0.000	0.000	0
6	rxn00536;rxn00543;rxn27700;rxn30083;rxn38033;rxn38034	0.000	0.000	0.000	0.000	0.216	0.580	0
11	rxn00534;rxn00677;rxn02120;rxn02257;rxn02848;rxn03641;rxn07623;rxn25164	0.000	0.000	2.003	7.860	1.652	6.900	0
4	rxn00533;rxn27668;rxn30331;rxn38011	0.000	0.000	0.000	0.000	0.000	0.000	0
3	rxn00531;rxn40128;rxn40129	0.000	0.000	4.785	10.150	0.448	0.950	0
4	rxn00525;rxn00526;rxn24109;rxn27772	0.000	0.000	0.000	0.000	0.290	0.580	0
7	rxn00523;rxn16423;rxn16426;rxn22367;rxn27401;rxn29938;rxn33232	0.000	0.000	4.376	10.150	0.000	0.000	0
3	rxn00520;rxn01733;rxn33785	0.000	0.000	0.476	1.010	0.108	0.230	0
4	rxn00510;rxn00511;rxn17246;rxn37893	0.000	0.000	0.000	0.000	0.251	0.580	0
5	rxn02099;rxn02562;rxn04610;rxn07534;rxn07543	0.000	0.000	8.430	17.220	9.685	24.120	0
6	rxn00503;rxn00504;rxn20649;rxn28199;rxn32901;rxn33563	0.000	0.000	0.005	0.010	0.295	0.590	0
4	rxn00501;rxn00502;rxn23817;rxn37807	0.000	0.000	0.000	0.000	0.290	0.580	0
5	rxn00499;rxn00500;rxn34235;rxn34239;rxn34240	0.000	0.000	0.367	0.750	0.358	0.730	0
7	rxn00495;rxn00530;rxn30552;rxn32185;rxn32187;rxn32189;rxn32193	0.000	0.000	3.034	8.670	0.000	0.000	0
5	rxn00491;rxn16114;rxn20881;rxn37938;rxn38670	0.000	0.000	3.543	9.690	4.415	11.110	0
2	rxn00490;rxn19253	0.000	0.000	0.000	0.000	0.000	0.000	0
10	rxn00484;rxn00497;rxn00529;rxn00866;rxn01499;rxn01948;rxn31401;rxn32344	0.000	0.000	4.147	11.780	1.352	2.950	0
15	rxn00483;rxn00493;rxn00527;rxn00862;rxn01156;rxn01496;rxn01947;rxn02294	0.000	0.000	2.933	9.690	4.626	15.190	0
3	rxn00482;rxn21759;rxn40299	0.000	0.000	1.531	3.750	1.394	3.030	0
2	rxn00481;rxn04033	0.000	0.000	2.070	4.140	0.045	0.090	0
6	rxn00506;rxn00507;rxn19123;rxn30086;rxn31362;rxn31363	0.000	0.000	0.000	0.000	0.295	0.590	0
5	rxn00586;rxn01189;rxn02363;rxn03563;rxn39979	0.000	0.000	0.004	0.010	0.289	0.590	0
2	rxn00583;rxn00585	0.000	0.000	0.000	0.000	0.750	1.500	0
2	rxn00581;rxn03159	0.000	0.000	0.280	0.560	6.325	12.650	0
18	rxn00575;rxn01737;rxn02760;rxn15067;rxn15068;rxn15069;rxn28252;rxn28253	0.000	0.000	1.172	4.850	5.419	11.060	0
3	rxn00571;rxn00572;rxn38182	0.000	0.000	0.000	0.000	0.278	0.590	0
2	rxn00568;rxn00569	0.000	0.000	0.005	0.010	0.875	1.750	0
7	rxn00566;rxn01365;rxn29999;rxn30000;rxn32747;rxn32748;rxn33352	0.000	0.000	1.054	2.130	1.559	3.150	0
2	rxn00562;rxn27429	0.000	0.000	0.000	0.000	0.000	0.000	0
2	rxn00560;rxn35318	0.000	0.000	0.000	0.000	0.000	0.000	0
8	rxn00541;rxn04142;rxn11729;rxn11730;rxn32996;rxn32998;rxn35214;rxn38981	0.000	0.000	1.300	2.600	1.069	2.230	0
5	rxn00555;rxn15064;rxn32367;rxn32369;rxn32371	0.000	0.000	0.000	0.000	0.000	0.000	0
4	rxn00554;rxn02315;rxn15063;rxn32803	0.000	0.000	0.139	0.320	0.000	0.000	0
7	rxn00553;rxn00579;rxn14357;rxn15062;rxn15878;rxn31084;rxn33446	0.000	0.000	1.114	3.100	0.719	1.840	0
5	rxn00552;rxn11877;rxn15061;rxn30021;rxn34560	0.000	0.000	0.036	0.090	0.972	2.430	0
2	rxn00551;rxn15298	0.000	0.000	0.165	0.330	0.605	1.210	0
4	rxn00550;rxn00632;rxn15361;rxn30582	0.000	0.000	0.658	1.520	3.933	8.390	0
8	rxn00549;rxn12188;rxn15494;rxn19684;rxn19685;rxn26130;rxn30665;rxn31218	0.000	0.000	0.250	0.840	0.973	2.340	0
2	rxn00548;rxn15060	0.000	0.000	0.000	0.000	0.000	0.000	0
9	rxn00546;rxn03489;rxn03856;rxn03886;rxn13933;rxn13943;rxn15354;rxn15656	0.000	0.000	0.396	1.090	3.280	8.050	0
12	rxn00545;rxn00627;rxn02314;rxn02436;rxn02673;rxn15493;rxn19015;rxn33087	0.000	0.000	2.149	8.040	0.762	2.340	0
8	rxn00556;rxn00557;rxn02316;rxn02317;rxn15065;rxn15066;rxn32492;rxn32571	0.000	0.000	0.786	1.870	0.110	0.220	0
2	rxn00427;rxn31397	0.000	0.000	0.000	0.000	0.000	0.000	0
4	rxn00424;rxn28985;rxn28986;rxn33134	0.000	0.000	0.000	0.000	0.000	0.000	0
3	rxn00423;rxn27108;rxn27109	0.000	0.000	0.000	0.000	0.000	0.000	0
4	rxn00422;rxn27104;rxn28984;rxn33642	0.000	0.000	0.000	0.000	0.000	0.000	0
4	rxn00421;rxn00767;rxn17678;rxn39280	0.000	0.000	0.891	2.140	1.364	3.150	0
3	rxn00415;rxn02153;rxn11731	0.000	0.000	2.579	5.830	0.385	0.940	0
5	rxn00414;rxn27743;rxn30627;rxn31216;rxn38060	0.000	0.000	0.000	0.000	0.000	0.000	0
4	rxn00412;rxn11276;rxn27771;rxn33242	0.000	0.000	0.000	0.000	0.000	0.000	0
4	rxn00410;rxn30073;rxn32019;rxn32058	0.000	0.000	0.000	0.000	0.000	0.000	0
4	rxn00479;rxn00489;rxn14316;rxn32630	0.000	0.000	0.909	2.100	4.746	10.960	0
2	rxn00404;rxn19855	0.000	0.000	0.000	0.000	0.000	0.000	0
5	rxn00396;rxn02620;rxn02685;rxn03046;rxn04785	0.000	0.000	1.545	3.920	0.232	0.580	0
12	rxn00395;rxn01029;rxn27690;rxn30071;rxn30602;rxn30617;rxn33434;rxn33439	0.000	0.000	0.247	0.500	0.148	0.300	0
13	rxn00394;rxn00662;rxn00858;rxn01462;rxn01779;rxn03658;rxn19181;rxn22961	0.000	0.000	3.290	9.100	0.457	1.690	0
3	rxn00393;rxn15051;rxn15052	0.000	0.000	0.189	0.400	0.000	0.000	0
26	rxn00392;rxn00615;rxn00780;rxn01102;rxn01123;rxn01275;rxn01344;rxn01411	0.000	0.000	1.178	3.500	1.191	4.540	0
41	rxn00391;rxn00420;rxn00610;rxn01099;rxn01317;rxn01560;rxn02046;rxn02058	0.000	0.000	0.927	3.690	1.220	7.320	0
3	rxn00386;rxn00387;rxn01908	0.000	0.000	0.396	0.840	0.423	1.030	0
4	rxn00385;rxn01690;rxn02941;rxn05946	0.000	0.000	0.545	1.340	0.204	0.470	0
5	rxn00384;rxn01170;rxn02301;rxn02512;rxn15050	0.000	0.000	0.303	0.830	0.145	0.310	0
8	rxn00407;rxn01672;rxn30006;rxn30308;rxn32477;rxn32478;rxn32481;rxn32567	0.000	0.000	0.013	0.030	0.030	0.070	0
2	rxn00478;rxn05090	0.000	0.000	1.875	3.750	1.515	3.030	0
4	rxn00477;rxn00488;rxn00522;rxn38890	0.000	0.000	3.959	9.690	4.790	11.110	0
4	rxn00475;rxn00476;rxn00487;rxn16671	0.000	0.000	4.149	9.700	5.669	11.700	0
3	rxn00474;rxn26013;rxn30979	0.000	0.000	0.000	0.000	0.000	0.000	0
2	rxn00473;rxn30065	0.000	0.000	0.000	0.000	0.000	0.000	0
2	rxn00471;rxn20495	0.000	0.000	0.000	0.000	0.000	0.000	0
2	rxn00468;rxn15055	0.000	0.000	0.000	0.000	0.000	0.000	0
16	rxn00467;rxn00856;rxn01204;rxn01631;rxn01637;rxn02944;rxn03797;rxn19742	0.000	0.000	1.012	2.920	1.655	3.880	0
8	rxn00465;rxn00654;rxn00853;rxn32164;rxn32350;rxn33392;rxn34582;rxn35372	0.000	0.000	3.691	8.010	0.437	1.050	0
2	rxn00460;rxn00517	0.000	0.000	0.775	1.550	0.115	0.230	0
4	rxn00429;rxn33269;rxn33270;rxn33272	0.000	0.000	0.000	0.000	0.000	0.000	0
3	rxn00456;rxn30078;rxn30731	0.000	0.000	0.000	0.000	0.000	0.000	0
2	rxn00454;rxn35212	0.000	0.000	1.260	2.520	4.195	8.390	0
2	rxn00453;rxn32345	0.000	0.000	0.000	0.000	0.000	0.000	0
2	rxn00445;rxn23445	0.000	0.000	0.000	0.000	0.495	0.990	0
2	rxn00441;rxn31217	0.000	0.000	0.000	0.000	0.000	0.000	0
2	rxn00440;rxn32226	0.000	0.000	0.000	0.000	0.000	0.000	0
2	rxn00434;rxn23355	0.000	0.000	1.580	3.160	0.000	0.000	0
2	rxn00433;rxn31075	0.000	0.000	0.000	0.000	0.000	0.000	0
2	rxn00432;rxn20190	0.000	0.000	0.000	0.000	0.000	0.000	0
2	rxn00430;rxn38171	0.000	0.000	0.000	0.000	0.000	0.000	0
7	rxn00459;rxn17748;rxn30576;rxn33498;rxn35218;rxn37952;rxn37953	0.000	0.000	0.000	0.000	0.000	0.000	0
2	rxn00766;rxn29963	0.000	0.000	0.000	0.000	0.000	0.000	0
2	rxn00762;rxn00764	0.000	0.000	0.000	0.000	0.290	0.580	0
4	rxn00758;rxn29958;rxn31410;rxn33398	0.000	0.000	0.000	0.000	0.000	0.000	0
2	rxn00754;rxn40210	0.000	0.000	0.640	1.280	0.765	1.530	0
3	rxn00753;rxn01303;rxn16473	0.000	0.000	2.416	5.830	0.674	1.430	0
3	rxn00747;rxn27386;rxn33035	0.000	0.000	0.000	0.000	0.000	0.000	0
9	rxn00744;rxn01111;rxn01343;rxn02161;rxn02319;rxn02703;rxn03023;rxn28078	0.000	0.000	1.008	2.690	0.550	1.470	0
6	rxn00742;rxn30306;rxn30633;rxn33426;rxn33428;rxn33507	0.000	0.000	0.000	0.000	0.000	0.000	0
3	rxn00740;rxn30320;rxn34665	0.000	0.000	0.000	0.000	0.000	0.000	0
7	rxn00589;rxn03906;rxn04724;rxn04745;rxn04748;rxn16659;rxn31404	0.000	0.000	0.005	0.010	1.732	4.630	0
6	rxn00737;rxn29011;rxn30064;rxn30143;rxn30440;rxn35533	0.000	0.000	0.000	0.000	0.000	0.000	0
3	rxn00731;rxn32329;rxn32330	0.000	0.000	0.000	0.000	0.000	0.000	0
3	rxn00729;rxn01437;rxn34212	0.000	0.000	0.000	0.000	0.005	0.010	0
3	rxn00728;rxn01930;rxn02767	0.000	0.000	0.005	0.010	0.000	0.000	0
4	rxn00727;rxn27709;rxn38042;rxn38043	0.000	0.000	0.000	0.000	0.000	0.000	0
3	rxn00726;rxn32242;rxn35359	0.000	0.000	0.000	0.000	0.000	0.000	0
11	rxn00723;rxn00964;rxn01035;rxn02140;rxn02764;rxn03751;rxn04236;rxn05125	0.000	0.000	1.965	7.630	4.341	12.830	0
2	rxn00722;rxn03496	0.000	0.000	0.005	0.010	3.525	7.050	0
3	rxn00719;rxn00720;rxn27484	0.000	0.000	0.000	0.000	0.273	0.580	0
2	rxn00717;rxn29997	0.000	0.000	0.000	0.000	0.000	0.000	0
5	rxn00738;rxn30589;rxn33042;rxn35416;rxn35417	0.000	0.000	0.000	0.000	0.000	0.000	0
4	rxn00814;rxn15132;rxn15133;rxn34771	0.000	0.000	0.681	1.660	0.000	0.000	0
9	rxn00806;rxn02339;rxn15507;rxn19241;rxn27738;rxn32238;rxn32252;rxn32253	0.000	0.000	1.173	2.510	0.785	2.630	0
2	rxn00804;rxn30550	0.000	0.000	0.000	0.000	0.000	0.000	0
2	rxn00802;rxn27716	0.000	0.000	0.000	0.000	0.000	0.000	0
2	rxn00800;rxn27708	0.000	0.000	0.000	0.000	0.000	0.000	0
6	rxn00799;rxn01745;rxn19740;rxn33856;rxn33857;rxn33858	0.000	0.000	1.379	3.700	1.368	3.670	0
3	rxn00798;rxn15244;rxn15245	0.000	0.000	0.212	0.450	0.141	0.300	0
2	rxn00797;rxn15118	0.000	0.000	1.805	3.610	0.000	0.000	0
3	rxn00791;rxn28101;rxn38274	0.000	0.000	0.000	0.000	0.000	0.000	0
2	rxn00790;rxn28100	0.000	0.000	0.000	0.000	0.000	0.000	0
3	rxn00769;rxn15106;rxn15107	0.000	0.000	0.702	1.490	0.000	0.000	0
3	rxn00785;rxn15271;rxn31366	0.000	0.000	0.000	0.000	3.418	7.250	0
7	rxn00783;rxn03884;rxn15750;rxn21750;rxn32049;rxn32050;rxn40366	0.000	0.000	0.939	3.160	0.818	2.600	0
7	rxn00781;rxn00782;rxn17199;rxn19762;rxn27871;rxn37888;rxn38113	0.000	0.000	0.000	0.000	0.287	0.580	0
7	rxn00779;rxn01286;rxn27899;rxn30330;rxn32139;rxn33493;rxn40365	0.000	0.000	1.592	3.410	6.959	16.190	0
5	rxn00777;rxn15114;rxn28141;rxn34267;rxn38284	0.000	0.000	0.000	0.000	0.000	0.000	0
5	rxn00776;rxn15113;rxn28104;rxn28105;rxn30752	0.000	0.000	0.000	0.000	0.000	0.000	0
2	rxn00774;rxn15112	0.000	0.000	0.000	0.000	0.000	0.000	0
5	rxn00773;rxn12158;rxn14360;rxn15111;rxn33061	0.000	0.000	0.064	0.160	2.008	5.020	0
34	rxn00771;rxn00808;rxn01076;rxn01287;rxn01455;rxn02262;rxn03918;rxn13931	0.000	0.000	0.685	2.690	4.224	19.180	0
5	rxn00770;rxn15108;rxn33995;rxn35356;rxn38273	0.000	0.000	0.000	0.000	0.000	0.000	0
6	rxn00786;rxn00787;rxn15116;rxn19683;rxn27851;rxn38097	0.000	0.000	0.119	0.320	2.278	6.040	0
7	rxn00647;rxn15090;rxn15091;rxn32112;rxn32116;rxn32118;rxn34664	0.000	0.000	0.059	0.130	1.229	2.720	0
11	rxn00646;rxn01210;rxn02010;rxn02011;rxn16238;rxn16438;rxn19261;rxn27893	0.000	0.000	1.918	6.530	3.641	10.650	0
5	rxn00633;rxn15082;rxn15083;rxn16994;rxn16995	0.000	0.000	0.441	1.120	0.000	0.000	0
3	rxn00631;rxn15775;rxn19732	0.000	0.000	0.335	0.710	0.000	0.000	0
7	rxn00629;rxn00630;rxn00634;rxn12177;rxn20173;rxn20174;rxn24346	0.000	0.000	0.442	1.170	7.771	22.270	0
2	rxn00619;rxn01413	0.000	0.000	1.010	2.020	2.335	4.670	0
2	rxn00618;rxn02880	0.000	0.000	1.015	2.030	3.605	7.210	0
3	rxn00617;rxn15079;rxn15080	0.000	0.000	0.582	1.360	0.000	0.000	0
2	rxn00616;rxn28327	0.000	0.000	0.000	0.000	0.000	0.000	0
2	rxn00716;rxn33735	0.000	0.000	0.000	0.000	0.000	0.000	0
8	rxn00611;rxn00612;rxn15545;rxn15546;rxn27460;rxn27898;rxn31786;rxn37873	0.000	0.000	0.870	2.010	0.860	2.450	0
6	rxn00605;rxn01561;rxn15310;rxn15362;rxn29923;rxn35505	0.000	0.000	0.890	2.120	2.174	4.830	0
9	rxn00603;rxn01328;rxn15070;rxn15071;rxn19126;rxn19127;rxn20179;rxn31904	0.000	0.000	0.600	1.760	0.119	0.240	0
2	rxn00602;rxn20202	0.000	0.000	0.000	0.000	0.000	0.000	0
8	rxn00601;rxn01798;rxn01878;rxn03267;rxn19834;rxn32653;rxn32654;rxn33032	0.000	0.000	2.328	4.950	1.880	4.800	0
3	rxn00599;rxn07572;rxn30135	0.000	0.000	0.047	0.100	0.467	0.990	0
17	rxn00598;rxn00874;rxn02680;rxn02804;rxn03243;rxn03248;rxn06510;rxn07727	0.000	0.000	0.140	0.660	1.718	7.310	0
2	rxn00594;rxn00595	0.000	0.000	0.000	0.000	0.290	0.580	0
2	rxn00593;rxn03393	0.000	0.000	0.000	0.000	2.965	5.930	0
2	rxn00592;rxn04734	0.000	0.000	0.190	0.380	1.270	2.540	0
6	rxn00613;rxn00763;rxn00765;rxn37671;rxn37672;rxn40453	0.000	0.000	1.654	4.420	0.984	2.840	0
2	rxn00711;rxn29942	0.000	0.000	0.000	0.000	0.000	0.000	0
3	rxn00710;rxn28054;rxn38244	0.000	0.000	0.000	0.000	0.000	0.000	0
15	rxn00704;rxn00778;rxn01485;rxn01967;rxn02379;rxn12204;rxn15115;rxn15773	0.000	0.000	1.002	2.700	1.837	5.280	0
4	rxn00703;rxn15102;rxn15103;rxn15568	0.000	0.000	0.017	0.040	0.000	0.000	0
28	rxn00698;rxn00699;rxn01132;rxn03634;rxn05025;rxn15097;rxn15098;rxn15100	0.000	0.000	0.527	1.450	3.340	9.950	0
5	rxn00693;rxn03052;rxn32052;rxn35284;rxn35345	0.000	0.000	4.355	8.890	0.318	0.650	0
2	rxn00692;rxn30686	0.000	0.000	0.000	0.000	0.000	0.000	0
3	rxn00691;rxn32191;rxn32194	0.000	0.000	0.000	0.000	0.000	0.000	0
3	rxn00690;rxn30159;rxn31923	0.000	0.000	0.000	0.000	0.000	0.000	0
4	rxn00684;rxn00686;rxn27793;rxn30104	0.000	0.000	0.000	0.000	0.251	0.580	0
4	rxn00649;rxn19041;rxn19042;rxn32343	0.000	0.000	0.000	0.000	0.000	0.000	0
2	rxn00675;rxn35424	0.000	0.000	0.000	0.000	0.000	0.000	0
23	rxn00674;rxn00873;rxn00947;rxn00988;rxn01168;rxn01946;rxn02014;rxn02296	0.000	0.000	1.809	7.860	2.165	10.830	0
3	rxn00672;rxn03674;rxn15539	0.000	0.000	0.971	2.060	0.999	2.120	0
3	rxn00671;rxn15094;rxn35548	0.000	0.000	0.028	0.060	1.037	2.200	0
4	rxn00670;rxn00871;rxn28106;rxn28107	0.000	0.000	0.316	0.730	1.173	2.710	0
7	rxn00659;rxn00661;rxn00864;rxn09177;rxn12512;rxn39999;rxn40000	0.000	0.000	2.511	8.190	2.931	6.900	0
3	rxn00657;rxn23816;rxn28267	0.000	0.000	0.000	0.000	0.000	0.000	0
4	rxn00656;rxn17652;rxn32229;rxn32234	0.000	0.000	0.000	0.000	0.000	0.000	0
2	rxn00655;rxn01232	0.000	0.000	0.725	1.450	0.665	1.330	0
5	rxn00650;rxn03427;rxn30878;rxn32989;rxn32991	0.000	0.000	0.856	2.140	0.000	0.000	0
3	rxn00680;rxn15092;rxn15093	0.000	0.000	1.062	2.590	0.000	0.000	0
4	rxn00141;rxn27683;rxn30600;rxn33400	0.000	0.000	0.000	0.000	0.000	0.000	0
4	rxn00140;rxn00920;rxn35432;rxn35440	0.000	0.000	0.655	1.310	0.005	0.010	0
2	rxn00139;rxn38024	0.000	0.000	0.000	0.000	0.000	0.000	0
5	rxn00138;rxn30039;rxn30193;rxn30412;rxn32216	0.000	0.000	0.000	0.000	0.000	0.000	0
82	rxn00134;rxn00216;rxn00365;rxn00547;rxn00709;rxn00772;rxn00835;rxn00841	0.000	0.000	1.057	5.640	2.052	8.700	0
3	rxn00133;rxn00918;rxn02020	0.000	0.000	1.186	2.900	0.005	0.010	0
70	rxn00132;rxn00220;rxn00363;rxn00578;rxn00708;rxn00831;rxn00913;rxn01145	0.000	0.000	1.434	7.830	2.677	29.120	0
16	rxn00131;rxn00143;rxn00927;rxn07861;rxn07862;rxn07869;rxn15018;rxn15162	0.000	0.000	2.328	5.670	2.492	7.770	0
2	rxn00129;rxn15017	0.000	0.000	0.000	0.000	0.000	0.000	0
3	rxn00383;rxn27265;rxn32966	0.000	0.000	0.000	0.000	0.000	0.000	0
17	rxn00127;rxn00194;rxn00313;rxn00322;rxn00405;rxn00458;rxn00470;rxn07465	0.000	0.000	2.267	6.430	0.985	3.480	0
2	rxn00126;rxn28979	0.000	0.000	0.000	0.000	0.000	0.000	0
8	rxn00124;rxn01396;rxn01807;rxn02484;rxn28046;rxn38691;rxn38692;rxn38694	0.000	0.000	0.665	1.690	0.206	0.540	0
2	rxn00123;rxn33691	0.000	0.000	0.845	1.690	0.730	1.460	0
17	rxn00120;rxn00513;rxn01677;rxn38188;rxn38190;rxn38196;rxn38198;rxn38204	0.000	0.000	0.533	1.550	0.053	0.230	0
6	rxn00118;rxn05021;rxn07476;rxn16691;rxn26064;rxn39801	0.000	0.000	26.041	56.240	5.450	12.330	0
14	rxn00117;rxn00515;rxn01678;rxn02517;rxn19645;rxn20461;rxn27842;rxn27843	0.000	0.000	0.613	1.550	0.095	0.220	0
3	rxn33768;rxn33769;rxn33789	0.000	0.000	0.000	0.000	0.000	0.000	0
2	rxn40371;rxn40372	0.000	0.000	0.000	0.000	0.000	0.000	0
2	rxn40314;rxn40315	0.000	0.000	0.000	0.000	1.410	2.820	0
5	rxn00128;rxn27619;rxn33519;rxn37998;rxn37999	0.000	0.000	0.000	0.000	0.000	0.000	0
6	rxn00181;rxn01100;rxn02812;rxn20544;rxn38256;rxn38257	0.000	0.000	0.515	1.400	0.983	2.410	0
13	rxn00179;rxn00337;rxn00985;rxn01236;rxn01917;rxn27669;rxn27724;rxn28090	0.000	0.000	1.205	3.580	2.170	5.460	0
4	rxn00178;rxn19031;rxn31209;rxn31210	0.000	0.000	0.000	0.000	0.000	0.000	0
2	rxn00177;rxn40417	0.000	0.000	0.000	0.000	3.500	7.000	0
3	rxn00176;rxn31208;rxn33484	0.000	0.000	0.000	0.000	0.000	0.000	0
4	rxn00175;rxn27659;rxn27660;rxn30338	0.000	0.000	0.000	0.000	0.000	0.000	0
3	rxn00174;rxn27986;rxn32740	0.000	0.000	0.000	0.000	0.000	0.000	0
5	rxn00173;rxn20541;rxn28067;rxn28068;rxn34298	0.000	0.000	0.000	0.000	0.000	0.000	0
4	rxn00172;rxn27657;rxn27658;rxn31758	0.000	0.000	0.000	0.000	0.000	0.000	0
3	rxn00144;rxn15019;rxn30005	0.000	0.000	0.000	0.000	0.000	0.000	0
2	rxn00170;rxn30335	0.000	0.000	0.000	0.000	0.000	0.000	0
3	rxn00168;rxn24132;rxn28118	0.000	0.000	0.000	0.000	0.000	0.000	0
8	rxn00165;rxn00166;rxn30060;rxn30061;rxn32727;rxn32961;rxn35215;rxn35580	0.000	0.000	0.063	0.130	1.689	5.340	0
8	rxn00159;rxn00160;rxn00161;rxn27459;rxn27982;rxn27983;rxn31389;rxn37872	0.000	0.000	0.714	2.160	0.941	3.060	0
2	rxn00157;rxn28121	0.000	0.000	0.000	0.000	0.000	0.000	0
6	rxn00154;rxn00155;rxn20656;rxn30418;rxn33851;rxn33852	0.000	0.000	0.000	0.000	0.290	0.580	0
2	rxn00151;rxn20655	0.000	0.000	0.000	0.000	0.000	0.000	0
3	rxn00149;rxn00150;rxn38862	0.000	0.000	0.000	0.000	0.278	0.590	0
4	rxn00148;rxn00840;rxn20509;rxn32700	0.000	0.000	0.370	0.740	0.000	0.000	0
2	rxn00147;rxn33266	0.000	0.000	0.000	0.000	0.000	0.000	0
4	rxn00171;rxn27656;rxn32710;rxn32711	0.000	0.000	0.000	0.000	0.000	0.000	0
4	rxn33228;rxn33239;rxn38105;rxn38106	0.000	0.000	0.000	0.000	0.000	0.000	0
3	rxn32775;rxn35430;rxn35442	0.000	0.000	0.570	1.210	0.000	0.000	0
6	rxn32380;rxn32382;rxn32383;rxn32385;rxn32386;rxn39892	0.000	0.000	0.253	0.680	2.236	6.000	0
2	rxn32321;rxn32324	0.000	0.000	0.000	0.000	0.000	0.000	0
3	rxn32258;rxn32262;rxn32291	0.000	0.000	0.000	0.000	0.000	0.000	0
3	rxn32166;rxn32381;rxn34009	0.000	0.000	0.000	0.000	0.278	0.590	0
3	rxn25625;rxn25626;rxn40152	0.000	0.000	0.000	0.000	1.805	3.830	0
6	rxn00039;rxn14211;rxn15012;rxn15013;rxn15806;rxn15807	0.000	0.000	0.191	0.410	0.735	1.470	0
3	rxn00036;rxn13968;rxn14223	0.000	0.000	0.031	0.070	3.505	7.580	0
4	rxn40274;rxn40303;rxn40310;rxn40313	0.000	0.000	0.155	0.310	0.413	1.050	0
3	rxn00021;rxn15008;rxn15009	0.000	0.000	0.000	0.000	0.000	0.000	0
2	rxn00018;rxn38286	0.000	0.000	0.000	0.000	0.000	0.000	0
52	rxn00016;rxn00020;rxn00022;rxn00222;rxn00607;rxn00608;rxn00816;rxn00890	0.000	0.000	23.465	102.510	4.381	21.080	0
2	rxn00015;rxn30077	0.000	0.000	0.000	0.000	0.000	0.000	0
5	rxn00012;rxn15003;rxn15004;rxn23731;rxn38360	0.000	0.000	0.160	0.400	0.000	0.000	0
3	rxn00009;rxn33150;rxn33152	0.000	0.000	0.000	0.000	0.000	0.000	0
10	rxn00007;rxn00606;rxn02704;rxn15002;rxn15073;rxn15431;rxn15432;rxn29977	0.000	0.000	0.801	2.900	0.010	0.030	0
5	rxn00006;rxn19264;rxn22404;rxn27744;rxn31381	0.000	0.000	0.000	0.000	0.000	0.000	0
3	rxn00003;rxn15021;rxn30144	0.000	0.000	0.000	0.000	2.555	5.420	0
3	rxn00002;rxn30346;rxn35525	0.000	0.000	0.000	0.000	0.000	0.000	0
2	rxn00029;rxn28081	0.000	0.000	0.000	0.000	0.000	0.000	0
2	rxn40268;rxn40269	0.000	0.000	0.000	0.000	0.000	0.000	0
2	rxn40223;rxn40235	0.000	0.000	0.000	0.000	0.290	0.580	0
2	rxn40157;rxn40158	0.000	0.000	0.010	0.020	2.335	4.670	0
2	rxn40055;rxn40056	0.000	0.000	0.000	0.000	0.000	0.000	0
2	rxn39957;rxn40208	0.000	0.000	0.000	0.000	0.000	0.000	0
2	rxn39849;rxn39850	0.000	0.000	0.190	0.380	1.720	3.440	0
3	rxn39822;rxn39823;rxn39824	0.000	0.000	0.000	0.000	0.000	0.000	0
2	rxn39754;rxn39757	0.000	0.000	0.005	0.010	0.850	1.700	0
2	rxn39715;rxn39716	0.000	0.000	0.000	0.000	0.000	0.000	0
2	rxn39707;rxn39708	0.000	0.000	0.000	0.000	1.310	2.620	0
2	rxn33360;rxn33373	0.000	0.000	0.000	0.000	0.000	0.000	0
2	rxn39702;rxn39703	0.000	0.000	0.000	0.000	0.000	0.000	0
2	rxn39451;rxn39452	0.000	0.000	0.000	0.000	0.290	0.580	0
2	rxn39420;rxn39421	0.000	0.000	0.000	0.000	0.290	0.580	0
4	rxn38315;rxn38316;rxn38317;rxn38318	0.000	0.000	0.000	0.000	0.000	0.000	0
3	rxn38079;rxn38395;rxn38437	0.000	0.000	0.000	0.000	0.000	0.000	0
2	rxn37186;rxn37187	0.000	0.000	0.005	0.010	0.585	1.170	0
2	rxn35427;rxn40050	0.000	0.000	0.005	0.010	0.295	0.590	0
2	rxn35242;rxn35439	0.000	0.000	0.370	0.740	0.000	0.000	0
2	rxn34246;rxn35246	0.000	0.000	0.000	0.000	0.000	0.000	0
2	rxn40429;rxn40430	0.000	0.000	0.195	0.390	9.355	18.710	0
2	rxn39704;rxn39705	0.000	0.000	0.000	0.000	1.305	2.610	0
4	rxn00327;rxn27427;rxn27428;rxn30069	0.000	0.000	0.000	0.000	0.000	0.000	0
6	rxn00324;rxn00512;rxn27915;rxn31400;rxn32871;rxn34300	0.000	0.000	0.000	0.000	0.290	0.580	0
10	rxn00318;rxn00658;rxn00857;rxn01632;rxn02847;rxn02915;rxn05052;rxn05053	0.000	0.000	1.172	3.690	4.855	13.040	0
7	rxn00316;rxn00855;rxn01551;rxn02084;rxn04787;rxn40476;rxn40477	0.000	0.000	0.324	0.900	0.790	2.180	0
3	rxn00314;rxn00402;rxn02650	0.000	0.000	0.977	2.130	1.771	3.880	0
3	rxn00312;rxn00401;rxn30616	0.000	0.000	2.418	5.130	0.000	0.000	0
6	rxn00311;rxn14082;rxn17089;rxn30789;rxn31860;rxn31864	0.000	0.000	0.236	0.500	0.712	1.510	0
3	rxn00306;rxn01732;rxn27228	0.000	0.000	0.476	1.010	0.108	0.230	0
4	rxn00304;rxn00411;rxn01354;rxn32979	0.000	0.000	0.495	1.210	0.009	0.020	0
10	rxn00182;rxn00184;rxn01991;rxn19827;rxn27887;rxn30023;rxn30075;rxn34790	0.000	0.000	0.502	1.680	0.284	0.580	0
2	rxn00300;rxn32287	0.000	0.000	0.000	0.000	0.000	0.000	0
16	rxn00291;rxn00350;rxn00660;rxn00865;rxn01973;rxn02727;rxn02766;rxn15436	0.000	0.000	2.092	7.060	2.609	6.920	0
4	rxn00289;rxn30406;rxn31857;rxn31866	0.000	0.000	0.000	0.000	0.000	0.000	0
3	rxn00288;rxn30176;rxn34271	0.000	0.000	0.000	0.000	0.000	0.000	0
43	rxn00287;rxn00943;rxn00989;rxn01502;rxn03325;rxn05048;rxn05049;rxn08444	0.000	0.000	0.906	4.350	3.756	22.680	0
9	rxn00285;rxn00669;rxn00934;rxn01730;rxn01731;rxn04262;rxn25548;rxn28991	0.000	0.000	1.551	5.220	1.138	4.110	0
2	rxn00284;rxn27866	0.000	0.000	0.000	0.000	0.000	0.000	0
2	rxn00278;rxn30302	0.000	0.000	0.000	0.000	0.000	0.000	0
3	rxn00275;rxn27909;rxn32307	0.000	0.000	0.000	0.000	0.000	0.000	0
2	rxn00274;rxn35211	0.000	0.000	0.000	0.000	0.000	0.000	0
2	rxn00303;rxn33193	0.000	0.000	0.000	0.000	0.000	0.000	0
2	rxn00380;rxn27260	0.000	0.000	0.000	0.000	0.000	0.000	0
3	rxn00379;rxn27259;rxn33490	0.000	0.000	0.000	0.000	0.000	0.000	0
3	rxn00377;rxn32820;rxn38706	0.000	0.000	0.000	0.000	0.000	0.000	0
6	rxn00375;rxn00376;rxn00455;rxn32730;rxn32731;rxn32757	0.000	0.000	0.616	1.930	3.793	9.890	0
6	rxn00374;rxn30669;rxn33524;rxn34213;rxn35245;rxn35315	0.000	0.000	0.000	0.000	0.000	0.000	0
2	rxn00373;rxn34248	0.000	0.000	0.000	0.000	0.000	0.000	0
17	rxn00368;rxn00518;rxn00635;rxn00707;rxn00712;rxn00715;rxn00976;rxn01442	0.000	0.000	0.729	2.820	0.403	1.350	0
4	rxn00362;rxn01541;rxn15049;rxn15306	0.000	0.000	1.557	3.610	0.010	0.020	0
5	rxn00359;rxn00381;rxn19073;rxn32779;rxn32985	0.000	0.000	0.078	0.160	0.010	0.020	0
13	rxn00357;rxn00369;rxn00713;rxn01370;rxn01510;rxn01515;rxn01516;rxn01674	0.000	0.000	20.254	58.120	0.742	2.860	0
7	rxn00328;rxn15044;rxn18964;rxn33237;rxn33258;rxn33259;rxn40125	0.000	0.000	0.086	0.190	0.432	0.980	0
2	rxn00352;rxn04927	0.000	0.000	0.275	0.550	2.780	5.560	0
2	rxn00351;rxn27892	0.000	0.000	0.000	0.000	0.000	0.000	0
2	rxn00347;rxn29994	0.000	0.000	0.000	0.000	0.000	0.000	0
2	rxn00346;rxn02913	0.000	0.000	0.090	0.180	1.240	2.480	0
10	rxn00345;rxn00469;rxn01972;rxn03947;rxn15972;rxn16642;rxn25582;rxn27670	0.000	0.000	1.901	5.110	3.085	11.540	0
2	rxn00340;rxn29993	0.000	0.000	0.000	0.000	0.000	0.000	0
2	rxn00338;rxn20003	0.000	0.000	0.000	0.000	0.000	0.000	0
9	rxn00336;rxn15045;rxn15046;rxn19941;rxn27953;rxn33532;rxn33534;rxn33880	0.000	0.000	0.149	0.300	0.000	0.000	0
3	rxn00335;rxn16563;rxn16564	0.000	0.000	0.707	1.500	0.820	1.800	0
5	rxn00333;rxn25769;rxn31214;rxn32255;rxn34231	0.000	0.000	0.000	0.000	0.000	0.000	0
54	rxn00356;rxn00888;rxn00896;rxn03011;rxn03166;rxn03408;rxn03852;rxn03933	0.000	0.000	0.789	4.230	3.853	17.650	0
10	rxn00218;rxn00810;rxn00813;rxn07490;rxn15025;rxn15026;rxn15124;rxn15125	0.000	0.000	0.561	1.660	3.057	6.970	0
27	rxn00217;rxn00604;rxn00812;rxn01108;rxn01109;rxn01975;rxn02560;rxn02770	0.000	0.000	1.486	6.280	2.371	7.040	0
12	rxn00215;rxn00642;rxn01997;rxn16543;rxn23510;rxn30661;rxn30677;rxn31097	0.000	0.000	1.658	3.940	1.458	4.080	0
11	rxn00213;rxn00293;rxn00355;rxn01005;rxn01074;rxn06306;rxn17713;rxn28025	0.000	0.000	0.462	1.100	1.159	2.400	0
6	rxn00211;rxn00298;rxn00354;rxn00638;rxn02377;rxn04703	0.000	0.000	0.767	2.300	0.683	2.060	0
4	rxn00209;rxn01252;rxn16648;rxn38693	0.000	0.000	0.703	1.690	1.281	3.010	0
6	rxn00208;rxn01251;rxn30055;rxn30747;rxn31960;rxn35556	0.000	0.000	0.236	0.500	0.255	0.540	0
5	rxn00205;rxn16407;rxn27891;rxn33345;rxn33349	0.000	0.000	0.044	0.110	0.108	0.270	0
4	rxn00203;rxn02274;rxn11855;rxn24434	0.000	0.000	0.735	1.750	1.109	2.470	0
4	rxn00272;rxn27694;rxn27695;rxn32557	0.000	0.000	0.000	0.000	0.000	0.000	0
3	rxn00199;rxn25050;rxn25051	0.000	0.000	0.000	0.000	0.000	0.000	0
14	rxn00198;rxn00505;rxn15022;rxn15023;rxn15056;rxn15057;rxn19942;rxn19943	0.000	0.000	0.148	0.300	0.283	0.590	0
7	rxn00197;rxn01207;rxn01418;rxn08094;rxn17745;rxn27534;rxn33618	0.000	0.000	0.848	2.240	1.120	3.050	0
9	rxn00191;rxn00849;rxn27697;rxn27698;rxn27773;rxn27774;rxn31211;rxn38028	0.000	0.000	0.066	0.140	0.019	0.040	0
2	rxn00190;rxn33083	0.000	0.000	0.000	0.000	0.000	0.000	0
36	rxn00189;rxn00200;rxn00254;rxn00342;rxn00794;rxn01153;rxn01408;rxn01630	0.000	0.000	1.061	4.240	1.117	4.650	0
7	rxn00187;rxn00339;rxn19835;rxn19836;rxn30022;rxn34791;rxn34792	0.000	0.000	0.416	1.190	0.402	1.150	0
2	rxn00186;rxn30590	0.000	0.000	0.000	0.000	0.000	0.000	0
8	rxn00185;rxn00210;rxn00310;rxn00450;rxn01778;rxn02091;rxn05110;rxn38887	0.000	0.000	0.951	2.510	1.399	3.570	0
36	rxn00183;rxn00196;rxn00508;rxn00509;rxn01247;rxn01459;rxn01729;rxn01851	0.000	0.000	0.913	2.660	0.629	3.030	0
2	rxn00202;rxn30154	0.000	0.000	0.000	0.000	0.000	0.000	0
2	rxn00269;rxn38888	0.000	0.000	0.000	0.000	0.000	0.000	0
2	rxn00268;rxn30314	0.000	0.000	0.000	0.000	0.000	0.000	0
2	rxn00264;rxn20161	0.000	0.000	0.000	0.000	0.000	0.000	0
7	rxn00262;rxn00263;rxn19368;rxn30304;rxn30722;rxn32053;rxn34557	0.000	0.000	0.565	1.250	0.723	1.600	0
6	rxn00260;rxn01435;rxn02912;rxn27719;rxn27720;rxn30355	0.000	0.000	1.204	2.560	0.712	1.510	0
3	rxn00257;rxn33091;rxn33092	0.000	0.000	0.000	0.000	0.000	0.000	0
3	rxn00253;rxn04011;rxn16527	0.000	0.000	0.000	0.000	0.062	0.140	0
4	rxn00252;rxn32297;rxn32299;rxn32303	0.000	0.000	0.000	0.000	0.000	0.000	0
2	rxn00250;rxn28116	0.000	0.000	0.000	0.000	0.000	0.000	0
8	rxn00248;rxn00249;rxn20068;rxn20158;rxn23652;rxn27976;rxn31213;rxn34245	0.000	0.000	0.000	0.000	0.281	0.580	0
3	rxn00219;rxn15027;rxn15028	0.000	0.000	0.189	0.400	0.000	0.000	0
2	rxn00245;rxn15040	0.000	0.000	0.000	0.000	0.775	1.550	0
8	rxn00243;rxn00292;rxn14144;rxn15038;rxn15039;rxn15770;rxn16675;rxn40065	0.000	0.000	0.311	1.000	1.578	4.030	0
2	rxn00242;rxn33062	0.000	0.000	0.000	0.000	0.000	0.000	0
3	rxn00235;rxn15036;rxn15037	0.000	0.000	0.189	0.400	0.000	0.000	0
2	rxn00231;rxn30303	0.000	0.000	0.000	0.000	0.000	0.000	0
3	rxn00227;rxn32635;rxn34196	0.000	0.000	0.000	0.000	0.000	0.000	0
3	rxn00226;rxn31212;rxn32413	0.000	0.000	0.000	0.000	0.000	0.000	0
4	rxn00225;rxn27661;rxn27662;rxn34299	0.000	0.000	0.000	0.000	0.000	0.000	0
32	rxn00223;rxn00558;rxn00559;rxn00636;rxn01080;rxn02318;rxn02380;rxn15035	0.000	0.000	0.431	1.870	2.860	11.920	0
8	rxn00221;rxn07489;rxn08571;rxn15030;rxn15095;rxn29957;rxn31053;rxn33628	0.000	0.000	0.417	1.040	3.089	7.180	0
2	rxn00247;rxn35519	0.000	0.000	0.000	0.000	0.000	0.000	0
3	rxn01633;rxn16048;rxn18934	0.000	0.000	0.547	1.160	0.231	0.490	0
2	rxn01626;rxn31924	0.000	0.000	0.000	0.000	0.000	0.000	0
3	rxn01620;rxn01621;rxn31851	0.000	0.000	0.000	0.000	1.480	3.140	0
7	rxn01618;rxn01831;rxn01835;rxn04937;rxn15341;rxn15660;rxn33207	0.000	0.000	0.673	1.490	0.410	1.490	0
8	rxn01615;rxn01617;rxn01879;rxn02209;rxn15317;rxn15345;rxn15346;rxn32665	0.000	0.000	1.002	2.830	0.719	2.550	0
6	rxn01614;rxn01713;rxn02078;rxn07406;rxn12175;rxn14079	0.000	0.000	0.647	1.470	0.846	2.290	0
3	rxn01612;rxn33332;rxn33342	0.000	0.000	0.000	0.000	0.000	0.000	0
2	rxn01603;rxn19488	0.000	0.000	0.000	0.000	0.000	0.000	0
2	rxn01601;rxn01602	0.000	0.000	0.005	0.010	0.290	0.580	0
19	rxn00817;rxn00818;rxn00977;rxn02596;rxn15139;rxn15140;rxn15141;rxn15179	0.000	0.000	22.165	101.470	1.351	4.830	0
8	rxn01588;rxn07273;rxn07280;rxn14322;rxn26973;rxn33350;rxn33351;rxn33357	0.000	0.000	0.132	0.400	2.932	9.730	0
10	rxn01583;rxn01900;rxn01901;rxn02039;rxn02069;rxn02070;rxn14099;rxn14291	0.000	0.000	0.215	0.800	3.347	9.240	0
3	rxn01581;rxn09188;rxn32048	0.000	0.000	3.380	7.170	1.805	3.830	0
3	rxn01580;rxn20015;rxn20016	0.000	0.000	0.000	0.000	0.000	0.000	0
2	rxn01577;rxn27521	0.000	0.000	0.000	0.000	0.000	0.000	0
4	rxn01575;rxn19240;rxn27737;rxn38053	0.000	0.000	0.000	0.000	0.000	0.000	0
2	rxn01573;rxn30549	0.000	0.000	0.000	0.000	0.000	0.000	0
7	rxn01568;rxn03202;rxn04494;rxn04502;rxn04549;rxn04550;rxn14030	0.000	0.000	0.184	0.530	4.534	15.120	0
2	rxn01566;rxn01850	0.000	0.000	0.000	0.000	0.355	0.710	0
2	rxn01559;rxn28308	0.000	0.000	0.000	0.000	0.000	0.000	0
2	rxn01598;rxn01856	0.000	0.000	0.545	1.090	0.000	0.000	0
4	rxn01728;rxn15331;rxn15332;rxn39340	0.000	0.000	0.277	0.640	0.000	0.000	0
4	rxn01727;rxn15329;rxn15330;rxn39339	0.000	0.000	0.273	0.630	0.000	0.000	0
6	rxn01726;rxn15327;rxn15328;rxn19259;rxn19260;rxn39338	0.000	0.000	0.239	0.640	0.000	0.000	0
2	rxn01722;rxn01723	0.000	0.000	0.000	0.000	0.290	0.580	0
3	rxn01709;rxn15324;rxn15325	0.000	0.000	0.636	1.350	0.000	0.000	0
2	rxn01702;rxn02184	0.000	0.000	1.445	2.890	0.000	0.000	0
2	rxn01701;rxn11892	0.000	0.000	1.440	2.880	0.000	0.000	0
2	rxn01696;rxn02448	0.000	0.000	0.340	0.680	0.595	1.190	0
2	rxn01687;rxn15320	0.000	0.000	0.200	0.400	0.000	0.000	0
5	rxn01640;rxn02282;rxn32108;rxn32110;rxn32111	0.000	0.000	0.000	0.000	2.324	5.810	0
5	rxn01685;rxn02049;rxn15373;rxn19025;rxn39370	0.000	0.000	0.196	0.400	1.262	3.540	0
3	rxn01682;rxn28615;rxn33281	0.000	0.000	0.000	0.000	0.000	0.000	0
2	rxn01661;rxn16735	0.000	0.000	0.000	0.000	0.120	0.240	0
2	rxn01658;rxn16418	0.000	0.000	0.000	0.000	0.125	0.250	0
3	rxn01653;rxn18967;rxn32228	0.000	0.000	0.000	0.000	0.000	0.000	0
2	rxn01652;rxn24149	0.000	0.000	0.000	0.000	0.000	0.000	0
2	rxn01649;rxn33382	0.000	0.000	0.000	0.000	0.000	0.000	0
2	rxn01646;rxn01647	0.000	0.000	2.460	4.920	0.630	1.260	0
2	rxn01644;rxn19487	0.000	0.000	0.000	0.000	0.000	0.000	0
2	rxn01643;rxn27723	0.000	0.000	0.000	0.000	0.000	0.000	0
6	rxn01686;rxn02112;rxn21328;rxn21329;rxn35561;rxn39373	0.000	0.000	0.275	0.800	1.883	4.840	0
4	rxn01460;rxn32416;rxn32417;rxn32419	0.000	0.000	0.888	2.050	5.482	12.660	0
2	rxn01458;rxn15294	0.000	0.000	0.045	0.090	0.000	0.000	0
2	rxn01457;rxn15293	0.000	0.000	0.045	0.090	0.000	0.000	0
7	rxn01456;rxn15291;rxn16284;rxn16285;rxn32867;rxn32893;rxn32896	0.000	0.000	0.072	0.260	1.269	2.810	0
2	rxn01454;rxn30395	0.000	0.000	0.000	0.000	0.000	0.000	0
2	rxn01448;rxn01449	0.000	0.000	0.000	0.000	0.000	0.000	0
3	rxn01446;rxn01985;rxn40100	0.000	0.000	0.621	1.480	2.654	5.890	0
2	rxn01441;rxn15286	0.000	0.000	0.000	0.000	0.000	0.000	0
4	rxn01440;rxn15285;rxn31797;rxn31799	0.000	0.000	0.000	0.000	0.000	0.000	0
2	rxn01558;rxn33019	0.000	0.000	0.000	0.000	0.000	0.000	0
4	rxn01430;rxn15282;rxn15283;rxn39415	0.000	0.000	0.133	0.320	0.312	0.720	0
12	rxn01429;rxn01743;rxn05136;rxn31990;rxn31996;rxn32778;rxn32780;rxn32781	0.000	0.000	1.980	4.210	0.971	2.060	0
3	rxn01425;rxn01570;rxn01815	0.000	0.000	0.592	1.290	0.008	0.020	0
2	rxn01421;rxn01422	0.000	0.000	0.000	0.000	0.290	0.580	0
2	rxn01420;rxn30207	0.000	0.000	0.000	0.000	0.000	0.000	0
4	rxn01419;rxn30153;rxn39886;rxn39887	0.000	0.000	0.670	1.340	0.070	0.140	0
6	rxn01414;rxn01865;rxn14039;rxn16235;rxn25971;rxn40238	0.000	0.000	20.106	54.660	0.423	1.040	0
2	rxn01409;rxn02681	0.000	0.000	0.475	0.950	0.000	0.000	0
4	rxn01407;rxn01725;rxn15326;rxn39337	0.000	0.000	0.277	0.640	0.823	1.900	0
5	rxn01406;rxn02061;rxn12049;rxn22960;rxn28988	0.000	0.000	0.151	0.380	0.114	0.290	0
2	rxn01434;rxn27717	0.000	0.000	0.000	0.000	0.000	0.000	0
5	rxn01556;rxn02136;rxn02713;rxn12092;rxn16522	0.000	0.000	15.415	38.590	1.346	3.640	0
21	rxn01550;rxn01564;rxn01715;rxn01903;rxn02081;rxn02993;rxn03195;rxn03342	0.000	0.000	0.033	0.090	4.649	11.110	0
3	rxn01545;rxn15307;rxn32246	0.000	0.000	1.706	3.620	0.000	0.000	0
2	rxn01537;rxn32104	0.000	0.000	0.000	0.000	0.000	0.000	0
5	rxn01531;rxn04766;rxn11895;rxn31763;rxn31765	0.000	0.000	0.232	0.580	0.000	0.000	0
17	rxn01530;rxn02337;rxn02557;rxn07872;rxn11890;rxn11891;rxn11893;rxn11894	0.000	0.000	1.426	4.730	0.609	2.020	0
5	rxn01529;rxn07875;rxn11896;rxn33367;rxn33370	0.000	0.000	0.232	0.580	0.820	2.050	0
6	rxn01527;rxn05022;rxn37776;rxn37778;rxn38377;rxn38379	0.000	0.000	0.000	0.000	0.000	0.000	0
3	rxn01524;rxn32289;rxn32290	0.000	0.000	0.000	0.000	0.000	0.000	0
5	rxn01523;rxn27425;rxn27426;rxn31100;rxn35447	0.000	0.000	0.000	0.000	0.000	0.000	0
2	rxn01465;rxn27794	0.000	0.000	0.000	0.000	0.000	0.000	0
3	rxn01520;rxn29013;rxn32556	0.000	0.000	0.000	0.000	0.000	0.000	0
4	rxn01504;rxn27998;rxn30733;rxn32471	0.000	0.000	0.000	0.000	0.000	0.000	0
11	rxn01500;rxn01501;rxn16887;rxn16888;rxn16889;rxn27458;rxn27938;rxn37685	0.000	0.000	0.000	0.000	0.521	1.170	0
5	rxn01490;rxn04185;rxn15607;rxn18989;rxn24021	0.000	0.000	0.000	0.000	0.429	0.940	0
2	rxn01489;rxn27520	0.000	0.000	0.000	0.000	0.000	0.000	0
3	rxn01482;rxn15297;rxn27522	0.000	0.000	0.028	0.060	0.000	0.000	0
5	rxn01480;rxn15510;rxn32099;rxn32100;rxn35544	0.000	0.000	0.059	0.120	0.069	0.140	0
3	rxn01476;rxn19017;rxn19018	0.000	0.000	0.000	0.000	0.000	0.000	0
3	rxn01473;rxn04136;rxn37997	0.000	0.000	0.000	0.000	0.118	0.250	0
3	rxn01471;rxn14215;rxn16528	0.000	0.000	0.000	0.000	1.164	2.470	0
5	rxn01522;rxn31766;rxn31767;rxn31776;rxn31779	0.000	0.000	0.000	0.000	0.000	0.000	0
5	rxn02008;rxn10543;rxn16437;rxn40420;rxn40434	0.000	0.000	0.351	0.910	6.534	18.720	0
3	rxn02006;rxn39717;rxn39733	0.000	0.000	1.728	3.670	1.445	3.070	0
17	rxn02002;rxn02003;rxn02437;rxn02438;rxn02439;rxn02440;rxn03957;rxn03962	0.000	0.000	1.192	3.710	3.097	11.340	0
5	rxn01999;rxn03066;rxn03122;rxn16666;rxn40254	0.000	0.000	1.797	3.740	0.747	2.070	0
9	rxn01995;rxn02406;rxn02425;rxn03433;rxn15401;rxn31836;rxn31838;rxn35543	0.000	0.000	0.235	0.600	2.739	11.040	0
2	rxn01993;rxn16398	0.000	0.000	0.580	1.160	0.675	1.350	0
2	rxn01987;rxn02401	0.000	0.000	0.570	1.140	0.000	0.000	0
3	rxn01971;rxn30180;rxn39359	0.000	0.000	0.000	0.000	0.000	0.000	0
7	rxn01966;rxn04020;rxn05026;rxn15359;rxn15360;rxn15550;rxn39802	0.000	0.000	0.969	3.280	0.838	1.860	0
8	rxn01738;rxn02451;rxn33454;rxn33456;rxn33468;rxn33683;rxn34773;rxn37930	0.000	0.000	0.169	0.390	0.000	0.000	0
2	rxn01957;rxn35319	0.000	0.000	3.595	7.190	4.705	9.410	0
4	rxn01942;rxn11966;rxn32676;rxn32679	0.000	0.000	0.000	0.000	0.338	0.780	0
19	rxn01937;rxn01943;rxn01944;rxn02364;rxn02365;rxn02853;rxn03340;rxn03341	0.000	0.000	0.072	0.230	1.425	4.340	0
3	rxn01931;rxn31807;rxn31808	0.000	0.000	0.000	0.000	0.000	0.000	0
11	rxn01918;rxn02107;rxn03915;rxn03921;rxn03934;rxn04723;rxn04727;rxn04744	0.000	0.000	0.128	0.500	1.457	4.210	0
2	rxn01916;rxn11961	0.000	0.000	1.005	2.010	0.000	0.000	0
2	rxn01911;rxn01912	0.000	0.000	0.000	0.000	0.290	0.580	0
2	rxn01907;rxn31746	0.000	0.000	0.000	0.000	0.000	0.000	0
2	rxn01904;rxn23164	0.000	0.000	0.000	0.000	0.050	0.100	0
7	rxn01902;rxn01938;rxn01939;rxn02996;rxn16863;rxn24403;rxn26743	0.000	0.000	0.005	0.010	5.560	11.690	0
4	rxn01964;rxn29936;rxn31096;rxn33994	0.000	0.000	0.000	0.000	0.000	0.000	0
2	rxn02135;rxn32333	0.000	0.000	0.000	0.000	0.000	0.000	0
4	rxn02134;rxn17753;rxn17754;rxn31436	0.000	0.000	0.000	0.000	0.000	0.000	0
2	rxn02129;rxn02341	0.000	0.000	0.120	0.240	0.085	0.170	0
4	rxn02128;rxn03047;rxn12510;rxn16217	0.000	0.000	0.304	0.750	0.063	0.160	0
2	rxn02118;rxn02415	0.000	0.000	0.005	0.010	0.000	0.000	0
2	rxn02113;rxn15383	0.000	0.000	0.200	0.400	2.710	5.420	0
4	rxn02110;rxn02111;rxn15382;rxn39372	0.000	0.000	0.000	0.000	1.044	2.410	0
2	rxn02102;rxn02103	0.000	0.000	0.000	0.000	0.290	0.580	0
4	rxn02100;rxn02174;rxn07495;rxn32924	0.000	0.000	0.229	0.530	0.967	2.360	0
7	rxn00001;rxn27946;rxn27947;rxn27948;rxn32487;rxn38157;rxn38158	0.000	0.000	0.000	0.000	0.000	0.000	0
2	rxn02013;rxn02498	0.000	0.000	0.000	0.000	0.505	1.010	0
2	rxn02082;rxn02592	0.000	0.000	0.075	0.150	5.740	11.480	0
2	rxn02075;rxn15378	0.000	0.000	0.000	0.000	0.000	0.000	0
4	rxn02073;rxn02095;rxn04943;rxn05085	0.000	0.000	0.467	1.300	0.746	1.880	0
6	rxn02067;rxn02642;rxn13952;rxn25080;rxn25081;rxn27287	0.000	0.000	0.000	0.000	0.005	0.010	0
2	rxn02065;rxn39302	0.000	0.000	0.070	0.140	1.020	2.040	0
2	rxn02055;rxn27288	0.000	0.000	0.000	0.000	0.000	0.000	0
4	rxn02034;rxn02035;rxn03256;rxn03310	0.000	0.000	0.000	0.000	2.284	5.780	0
2	rxn02032;rxn02546	0.000	0.000	0.005	0.010	0.005	0.010	0
2	rxn02031;rxn02545	0.000	0.000	0.000	0.000	0.290	0.580	0
2	rxn02029;rxn15368	0.000	0.000	0.000	0.000	0.000	0.000	0
4	rxn02087;rxn03346;rxn21212;rxn21216	0.000	0.000	0.000	0.000	0.000	0.000	0
4	rxn01795;rxn03024;rxn03029;rxn03143	0.000	0.000	0.250	0.500	0.394	1.100	0
26	rxn01793;rxn01794;rxn02890;rxn03000;rxn03001;rxn03008;rxn03017;rxn03292	0.000	0.000	0.000	0.000	4.304	15.880	0
3	rxn01791;rxn16218;rxn35352	0.000	0.000	0.354	0.750	0.005	0.010	0
4	rxn01790;rxn30146;rxn35353;rxn37906	0.000	0.000	0.000	0.000	0.000	0.000	0
2	rxn01786;rxn04135	0.000	0.000	0.000	0.000	0.540	1.080	0
2	rxn01783;rxn32683	0.000	0.000	0.000	0.000	0.000	0.000	0
2	rxn01780;rxn02344	0.000	0.000	0.125	0.250	0.070	0.140	0
6	rxn01770;rxn03223;rxn33059;rxn33060;rxn33064;rxn33065	0.000	0.000	0.019	0.050	0.011	0.030	0
6	rxn01767;rxn02602;rxn05073;rxn07783;rxn07786;rxn15670	0.000	0.000	0.014	0.030	0.740	1.570	0
15	rxn01889;rxn03402;rxn03482;rxn11513;rxn15348;rxn15349;rxn15505;rxn15506	0.000	0.000	0.603	1.640	2.815	7.560	0
6	rxn01761;rxn02263;rxn15337;rxn15338;rxn19738;rxn20777	0.000	0.000	0.428	1.040	0.580	1.230	0
4	rxn01760;rxn15335;rxn15336;rxn20659	0.000	0.000	0.200	0.400	0.000	0.000	0
4	rxn01757;rxn28201;rxn28202;rxn33740	0.000	0.000	0.000	0.000	0.000	0.000	0
4	rxn01753;rxn01828;rxn02172;rxn19174	0.000	0.000	0.000	0.000	0.747	1.980	0
3	rxn01752;rxn01830;rxn01959	0.000	0.000	0.000	0.000	0.689	1.620	0
7	rxn01748;rxn15333;rxn15334;rxn19140;rxn19141;rxn30607;rxn35435	0.000	0.000	0.000	0.000	3.301	6.670	0
2	rxn01747;rxn33359	0.000	0.000	0.000	0.000	0.000	0.000	0
3	rxn01746;rxn30606;rxn35433	0.000	0.000	0.000	0.000	0.000	0.000	0
3	rxn01740;rxn04662;rxn27110	0.000	0.000	0.000	0.000	0.273	0.580	0
5	rxn01739;rxn32794;rxn38708;rxn38709;rxn38710	0.000	0.000	0.000	0.000	0.000	0.000	0
5	rxn01762;rxn15339;rxn15340;rxn22467;rxn40307	0.000	0.000	0.196	0.400	0.668	1.670	0
3	rxn01887;rxn14054;rxn14089	0.000	0.000	1.164	2.470	0.631	1.510	0
4	rxn01886;rxn02026;rxn02389;rxn32079	0.000	0.000	0.613	1.460	2.746	7.500	0
2	rxn01884;rxn14134	0.000	0.000	0.005	0.010	0.290	0.580	0
7	rxn01880;rxn01941;rxn02018;rxn02513;rxn03112;rxn03113;rxn03131	0.000	0.000	3.636	10.200	2.597	8.640	0
2	rxn01876;rxn19568	0.000	0.000	0.000	0.000	0.000	0.000	0
2	rxn01875;rxn32702	0.000	0.000	0.000	0.000	0.000	0.000	0
2	rxn01874;rxn33606	0.000	0.000	0.000	0.000	0.000	0.000	0
4	rxn01870;rxn25046;rxn28406;rxn38459	0.000	0.000	0.000	0.000	0.000	0.000	0
8	rxn01867;rxn01868;rxn19217;rxn19218;rxn19219;rxn27728;rxn33130;rxn33145	0.000	0.000	0.000	0.000	0.281	0.580	0
2	rxn01855;rxn02999	0.000	0.000	0.000	0.000	0.110	0.220	0
2	rxn01804;rxn01805	0.000	0.000	0.000	0.000	2.285	4.570	0
4	rxn01836;rxn03345;rxn21211;rxn21214	0.000	0.000	0.000	0.000	0.000	0.000	0
4	rxn01834;rxn33394;rxn38131;rxn38132	0.000	0.000	0.000	0.000	0.000	0.000	0
5	rxn01833;rxn19149;rxn29982;rxn33386;rxn35209	0.000	0.000	0.000	0.000	0.000	0.000	0
4	rxn01832;rxn26077;rxn26078;rxn26144	0.000	0.000	0.000	0.000	0.251	0.580	0
4	rxn01827;rxn32483;rxn32486;rxn37995	0.000	0.000	0.000	0.000	0.000	0.000	0
3	rxn01825;rxn32545;rxn32572	0.000	0.000	0.000	0.000	0.000	0.000	0
3	rxn01821;rxn01823;rxn39501	0.000	0.000	0.108	0.230	0.246	0.580	0
2	rxn01820;rxn01822	0.000	0.000	0.000	0.000	0.290	0.580	0
2	rxn01812;rxn16480	0.000	0.000	0.200	0.400	1.005	2.010	0
4	rxn01809;rxn02038;rxn03198;rxn03317	0.000	0.000	0.173	0.400	2.490	5.750	0
2	rxn01837;rxn02833	0.000	0.000	0.000	0.000	0.000	0.000	0
3	rxn00970;rxn01039;rxn31419	0.000	0.000	0.698	1.480	0.000	0.000	0
6	rxn00965;rxn05023;rxn07671;rxn25493;rxn25494;rxn32233	0.000	0.000	0.092	0.270	1.254	2.600	0
8	rxn00961;rxn00963;rxn01190;rxn01191;rxn01863;rxn01864;rxn12746;rxn24314	0.000	0.000	0.008	0.020	3.706	8.440	0
24	rxn00960;rxn00962;rxn01694;rxn01695;rxn01716;rxn01765;rxn01945;rxn02214	0.000	0.000	0.275	1.350	1.681	8.430	0
16	rxn00957;rxn00958;rxn01032;rxn01033;rxn03550;rxn03584;rxn03601;rxn03935	0.000	0.000	0.607	1.780	0.306	0.920	0
3	rxn00956;rxn15168;rxn39282	0.000	0.000	0.000	0.000	0.665	1.410	0
4	rxn00953;rxn15167;rxn30635;rxn32102	0.000	0.000	0.000	0.000	1.265	2.530	0
2	rxn00952;rxn35281	0.000	0.000	0.000	0.000	0.000	0.000	0
8	rxn00950;rxn15166;rxn19347;rxn30001;rxn30363;rxn30634;rxn33157;rxn35282	0.000	0.000	0.000	0.000	1.096	2.530	0
15	rxn01401;rxn02752;rxn13388;rxn15944;rxn15945;rxn15946;rxn17248;rxn20599	0.000	0.000	0.482	1.560	0.529	1.460	0
15	rxn00946;rxn02679;rxn02720;rxn02803;rxn03251;rxn03253;rxn04752;rxn07724	0.000	0.000	0.162	0.480	0.755	2.160	0
9	rxn00945;rxn02678;rxn02719;rxn02802;rxn03252;rxn03622;rxn25652;rxn38808	0.000	0.000	0.148	0.470	5.915	19.320	0
5	rxn00941;rxn01265;rxn30169;rxn31944;rxn31946	0.000	0.000	1.160	2.900	3.312	8.280	0
2	rxn00939;rxn01262	0.000	0.000	0.420	0.840	0.600	1.200	0
11	rxn00938;rxn01669;rxn03869;rxn07596;rxn30040;rxn30041;rxn30187;rxn30414	0.000	0.000	1.356	4.620	0.859	1.930	0
2	rxn00936;rxn15163	0.000	0.000	0.140	0.280	0.000	0.000	0
6	rxn00929;rxn00931;rxn28114;rxn28115;rxn38909;rxn38910	0.000	0.000	0.000	0.000	0.295	0.590	0
6	rxn00928;rxn00930;rxn01578;rxn01579;rxn37012;rxn37013	0.000	0.000	0.172	0.370	0.290	0.580	0
2	rxn00926;rxn29986	0.000	0.000	0.000	0.000	0.000	0.000	0
2	rxn00925;rxn02798	0.000	0.000	0.340	0.680	0.000	0.000	0
4	rxn00948;rxn02297;rxn27106;rxn27107	0.000	0.000	0.797	1.840	1.918	4.430	0
4	rxn01058;rxn01062;rxn26967;rxn38682	0.000	0.000	0.000	0.000	0.255	0.590	0
4	rxn01053;rxn01273;rxn30087;rxn33559	0.000	0.000	1.120	2.240	0.475	0.950	0
4	rxn01050;rxn01110;rxn15197;rxn15198	0.000	0.000	0.913	2.200	0.554	1.280	0
2	rxn01048;rxn19714	0.000	0.000	0.000	0.000	0.000	0.000	0
9	rxn01044;rxn01152;rxn01292;rxn15191;rxn15192;rxn15227;rxn31896;rxn31899	0.000	0.000	2.315	7.320	0.185	0.420	0
8	rxn01043;rxn01290;rxn01291;rxn15189;rxn15190;rxn16319;rxn16320;rxn16321	0.000	0.000	1.052	2.430	2.619	6.590	0
6	rxn01041;rxn01042;rxn15185;rxn15186;rxn15187;rxn15188	0.000	0.000	0.000	0.000	0.295	0.590	0
2	rxn01031;rxn02327	0.000	0.000	0.000	0.000	0.000	0.000	0
3	rxn01027;rxn01028;rxn37706	0.000	0.000	0.000	0.000	0.481	1.020	0
3	rxn01022;rxn01138;rxn30188	0.000	0.000	0.339	0.720	0.387	0.820	0
7	rxn00973;rxn15171;rxn15172;rxn30082;rxn31222;rxn34190;rxn35518	0.000	0.000	0.153	0.310	0.000	0.000	0
7	rxn01017;rxn01019;rxn01020;rxn05012;rxn14372;rxn20493;rxn28051	0.000	0.000	2.993	6.930	0.247	0.860	0
7	rxn01011;rxn01013;rxn19849;rxn27900;rxn27943;rxn32531;rxn38885	0.000	0.000	0.005	0.010	0.287	0.580	0
6	rxn01007;rxn01910;rxn27409;rxn27410;rxn32977;rxn32978	0.000	0.000	0.101	0.270	0.112	0.300	0
6	rxn01003;rxn01450;rxn02396;rxn03328;rxn18925;rxn20539	0.000	0.000	5.988	17.740	0.041	0.110	0
6	rxn01001;rxn30444;rxn30445;rxn33389;rxn33390;rxn38254	0.000	0.000	1.208	3.600	0.230	0.550	0
3	rxn01000;rxn28085;rxn33346	0.000	0.000	0.000	0.000	0.000	0.000	0
4	rxn00999;rxn33629;rxn38313;rxn38314	0.000	0.000	0.000	0.000	0.000	0.000	0
10	rxn00992;rxn01451;rxn01452;rxn01453;rxn03861;rxn20475;rxn27455;rxn27539	0.000	0.000	0.744	1.700	0.880	2.570	0
2	rxn00991;rxn27937	0.000	0.000	0.000	0.000	0.000	0.000	0
2	rxn00979;rxn31785	0.000	0.000	0.000	0.000	0.000	0.000	0
3	rxn01018;rxn27725;rxn35448	0.000	0.000	0.000	0.000	0.000	0.000	0
2	rxn00872;rxn31412	0.000	0.000	0.000	0.000	0.000	0.000	0
4	rxn00869;rxn00870;rxn00944;rxn34627	0.000	0.000	0.611	1.410	0.251	0.580	0
5	rxn00868;rxn16586;rxn23000;rxn38807;rxn38810	0.000	0.000	0.000	0.000	0.284	0.580	0
2	rxn00867;rxn30486	0.000	0.000	0.000	0.000	0.000	0.000	0
2	rxn00863;rxn19892	0.000	0.000	0.000	0.000	0.000	0.000	0
2	rxn00859;rxn28381	0.000	0.000	0.000	0.000	0.000	0.000	0
7	rxn00854;rxn01478;rxn01565;rxn01717;rxn02083;rxn28108;rxn32327	0.000	0.000	0.379	0.840	0.266	0.640	0
15	rxn00852;rxn02250;rxn02826;rxn03639;rxn04571;rxn05124;rxn20637;rxn20638	0.000	0.000	0.180	0.390	0.610	1.460	0
7	rxn00851;rxn02286;rxn03141;rxn13802;rxn31784;rxn38070;rxn39472	0.000	0.000	0.381	0.870	5.556	13.280	0
14	rxn00923;rxn00967;rxn01697;rxn02074;rxn02117;rxn02217;rxn02815;rxn04022	0.000	0.000	0.321	1.350	0.620	1.580	0
2	rxn00843;rxn00844	0.000	0.000	0.000	0.000	0.290	0.580	0
2	rxn00838;rxn27686	0.000	0.000	0.000	0.000	0.000	0.000	0
8	rxn00836;rxn00915;rxn32920;rxn32921;rxn32923;rxn32967;rxn32968;rxn32969	0.000	0.000	0.155	0.470	0.172	0.520	0
3	rxn00834;rxn19930;rxn27944	0.000	0.000	0.000	0.000	0.000	0.000	0
11	rxn00833;rxn01226;rxn01299;rxn01683;rxn14263;rxn15147;rxn15229;rxn15248	0.000	0.000	1.769	5.460	2.113	5.880	0
3	rxn00832;rxn27945;rxn30710	0.000	0.000	0.000	0.000	0.000	0.000	0
3	rxn00830;rxn19935;rxn19936	0.000	0.000	0.000	0.000	0.000	0.000	0
2	rxn00829;rxn40324	0.000	0.000	0.550	1.100	0.040	0.080	0
8	rxn00827;rxn02943;rxn15145;rxn15146;rxn16684;rxn22648;rxn25964;rxn25965	0.000	0.000	0.039	0.130	5.189	12.360	0
8	rxn00819;rxn02093;rxn15142;rxn15143;rxn15379;rxn15380;rxn34772;rxn34777	0.000	0.000	1.222	3.690	1.195	2.390	0
3	rxn00848;rxn01253;rxn33135	0.000	0.000	0.240	0.510	0.255	0.540	0
2	rxn00921;rxn01356	0.000	0.000	0.000	0.000	0.005	0.010	0
4	rxn00917;rxn27918;rxn38133;rxn38134	0.000	0.000	0.000	0.000	0.000	0.000	0
4	rxn00916;rxn27919;rxn30076;rxn35441	0.000	0.000	0.000	0.000	0.000	0.000	0
3	rxn00912;rxn17749;rxn30578	0.000	0.000	0.000	0.000	0.000	0.000	0
4	rxn00910;rxn04954;rxn17243;rxn30157	0.000	0.000	0.005	0.010	0.295	0.590	0
4	rxn00908;rxn19763;rxn30025;rxn30388	0.000	0.000	0.000	0.000	0.000	0.000	0
4	rxn00906;rxn00907;rxn30158;rxn31886	0.000	0.000	0.000	0.000	0.290	0.580	0
2	rxn00904;rxn29946	0.000	0.000	0.000	0.000	0.000	0.000	0
4	rxn00903;rxn19242;rxn27739;rxn38055	0.000	0.000	0.000	0.000	0.000	0.000	0
2	rxn00902;rxn30151	0.000	0.000	0.000	0.000	0.000	0.000	0
2	rxn00875;rxn00990	0.000	0.000	0.130	0.260	0.865	1.730	0
7	rxn00899;rxn02269;rxn17744;rxn27481;rxn27533;rxn37658;rxn39381	0.000	0.000	0.000	0.000	0.000	0.000	0
5	rxn00898;rxn15467;rxn30367;rxn32553;rxn35527	0.000	0.000	0.000	0.000	0.686	1.400	0
21	rxn00895;rxn01483;rxn03638;rxn11409;rxn15158;rxn16683;rxn16713;rxn19801	0.000	0.000	0.630	2.120	0.343	1.350	0
2	rxn00894;rxn15157	0.000	0.000	0.140	0.280	0.000	0.000	0
3	rxn00893;rxn15156;rxn20228	0.000	0.000	0.132	0.280	0.000	0.000	0
10	rxn00891;rxn01484;rxn03146;rxn03504;rxn15154;rxn15849;rxn15855;rxn16494	0.000	0.000	0.654	2.170	2.200	8.340	0
2	rxn00889;rxn29960	0.000	0.000	0.000	0.000	0.000	0.000	0
4	rxn00884;rxn00885;rxn00886;rxn16413	0.000	0.000	0.139	0.320	2.477	6.530	0
4	rxn00880;rxn15151;rxn33148;rxn33155	0.000	0.000	0.078	0.180	0.000	0.000	0
8	rxn00879;rxn02500;rxn02501;rxn04447;rxn16798;rxn16800;rxn16801;rxn40297	0.000	0.000	0.582	1.940	2.230	5.730	0
3	rxn00901;rxn01045;rxn30554	0.000	0.000	0.000	0.000	0.278	0.590	0
8	rxn01310;rxn04933;rxn15658;rxn15659;rxn22376;rxn32127;rxn32200;rxn34768	0.000	0.000	0.145	0.410	3.599	12.440	0
3	rxn01306;rxn01307;rxn18927	0.000	0.000	0.547	1.160	0.231	0.490	0
2	rxn01304;rxn33981	0.000	0.000	0.000	0.000	0.000	0.000	0
11	rxn01301;rxn01302;rxn03955;rxn03956;rxn07873;rxn07874;rxn24382;rxn27932	0.000	0.000	0.229	0.480	0.404	1.390	0
2	rxn01298;rxn31882	0.000	0.000	0.000	0.000	0.000	0.000	0
2	rxn01297;rxn32917	0.000	0.000	0.000	0.000	0.000	0.000	0
2	rxn01294;rxn01933	0.000	0.000	0.075	0.150	1.665	3.330	0
9	rxn01293;rxn02887;rxn03547;rxn03583;rxn03594;rxn03649;rxn04736;rxn31891	0.000	0.000	0.875	2.790	0.785	2.510	0
2	rxn01283;rxn01284	0.000	0.000	0.000	0.000	0.295	0.590	0
3	rxn01063;rxn03007;rxn03973	0.000	0.000	0.000	0.000	7.476	16.560	0
6	rxn01277;rxn01474;rxn01475;rxn14148;rxn15834;rxn15835	0.000	0.000	0.437	1.390	0.810	2.180	0
3	rxn01274;rxn30389;rxn33079	0.000	0.000	0.000	0.000	0.000	0.000	0
2	rxn01270;rxn37694	0.000	0.000	0.000	0.000	0.000	0.000	0
5	rxn01268;rxn01269;rxn28086;rxn31750;rxn33078	0.000	0.000	0.000	0.000	0.289	0.590	0
2	rxn01258;rxn19940	0.000	0.000	0.000	0.000	0.000	0.000	0
3	rxn01257;rxn20498;rxn20499	0.000	0.000	0.000	0.000	0.000	0.000	0
3	rxn01256;rxn19309;rxn33299	0.000	0.000	0.000	0.000	0.000	0.000	0
2	rxn01255;rxn32460	0.000	0.000	0.000	0.000	0.000	0.000	0
2	rxn01249;rxn38275	0.000	0.000	0.000	0.000	0.000	0.000	0
4	rxn01241;rxn27791;rxn27792;rxn38078	0.000	0.000	0.000	0.000	0.000	0.000	0
3	rxn01280;rxn01281;rxn34233	0.000	0.000	0.000	0.000	0.273	0.580	0
2	rxn01398;rxn01808	0.000	0.000	0.595	1.190	0.235	0.470	0
3	rxn01388;rxn15280;rxn15281	0.000	0.000	0.146	0.310	0.000	0.000	0
10	rxn01387;rxn03324;rxn15278;rxn15279;rxn25947;rxn25948;rxn30142;rxn30393	0.000	0.000	0.152	0.310	1.008	2.520	0
3	rxn01386;rxn01394;rxn15277	0.000	0.000	0.430	0.950	0.391	0.830	0
15	rxn01383;rxn01385;rxn01391;rxn01392;rxn01764;rxn03883;rxn04064;rxn04932	0.000	0.000	2.420	9.730	1.987	7.590	0
2	rxn01376;rxn14078	0.000	0.000	0.000	0.000	0.000	0.000	0
2	rxn01375;rxn28163	0.000	0.000	0.000	0.000	0.000	0.000	0
2	rxn01371;rxn19327	0.000	0.000	0.000	0.000	0.000	0.000	0
2	rxn01363;rxn04661	0.000	0.000	0.000	0.000	0.290	0.580	0
3	rxn01362;rxn28053;rxn38243	0.000	0.000	0.000	0.000	0.000	0.000	0
3	rxn01316;rxn15254;rxn15255	0.000	0.000	0.028	0.060	0.000	0.000	0
2	rxn01359;rxn01361	0.000	0.000	0.005	0.010	0.295	0.590	0
5	rxn01358;rxn01548;rxn01684;rxn16511;rxn30189	0.000	0.000	0.688	1.920	2.343	6.160	0
2	rxn01355;rxn20619	0.000	0.000	0.000	0.000	0.000	0.000	0
2	rxn01341;rxn12159	0.000	0.000	0.200	0.400	0.760	1.520	0
4	rxn01337;rxn01586;rxn02385;rxn16758	0.000	0.000	0.173	0.400	0.777	1.880	0
19	rxn01336;rxn01338;rxn01688;rxn01689;rxn01692;rxn01693;rxn02446;rxn02447	0.000	0.000	0.511	1.350	0.731	2.820	0
5	rxn01333;rxn15751;rxn29919;rxn33316;rxn33318	0.000	0.000	0.000	0.000	1.452	3.630	0
5	rxn01332;rxn30366;rxn30649;rxn32105;rxn38069	0.000	0.000	0.000	0.000	0.000	0.000	0
6	rxn01329;rxn01505;rxn30177;rxn32446;rxn32450;rxn33502	0.000	0.000	0.631	1.460	0.762	1.760	0
3	rxn01322;rxn15266;rxn15267	0.000	0.000	0.028	0.060	3.776	8.010	0
5	rxn01360;rxn27812;rxn27813;rxn35450;rxn38082	0.000	0.000	0.000	0.000	0.000	0.000	0
4	rxn01126;rxn32704;rxn32706;rxn40215	0.000	0.000	0.875	2.020	0.325	0.750	0
2	rxn01124;rxn14150	0.000	0.000	0.820	1.640	0.885	1.770	0
17	rxn01121;rxn01122;rxn01477;rxn02173;rxn02617;rxn02676;rxn03885;rxn03887	0.000	0.000	0.739	2.500	1.363	5.980	0
3	rxn01117;rxn08113;rxn39904	0.000	0.000	0.509	1.080	3.530	7.800	0
12	rxn01115;rxn11040;rxn27624;rxn27625;rxn33304;rxn33323;rxn33499;rxn33549	0.000	0.000	0.000	0.000	0.295	0.590	0
7	rxn01114;rxn01199;rxn01389;rxn01763;rxn15219;rxn32114;rxn32122	0.000	0.000	1.798	5.110	1.252	4.030	0
11	rxn01112;rxn01113;rxn01276;rxn01278;rxn01857;rxn03953;rxn03954;rxn04056	0.000	0.000	0.882	2.870	2.509	6.490	0
2	rxn01107;rxn40356	0.000	0.000	1.345	2.690	1.475	2.950	0
4	rxn01104;rxn01282;rxn02790;rxn04036	0.000	0.000	0.958	2.570	1.921	5.160	0
7	rxn01225;rxn30031;rxn33243;rxn33245;rxn33250;rxn33251;rxn33256	0.000	0.000	0.000	0.000	0.000	0.000	0
4	rxn01101;rxn20523;rxn28059;rxn31801	0.000	0.000	0.000	0.000	0.000	0.000	0
6	rxn01094;rxn38072;rxn38073;rxn38074;rxn38075;rxn38076	0.000	0.000	0.000	0.000	0.000	0.000	0
2	rxn01093;rxn19466	0.000	0.000	0.000	0.000	0.000	0.000	0
2	rxn01082;rxn15215	0.000	0.000	0.085	0.170	0.000	0.000	0
2	rxn01081;rxn15214	0.000	0.000	0.085	0.170	0.000	0.000	0
7	rxn01079;rxn01776;rxn01777;rxn07491;rxn15212;rxn15697;rxn32560	0.000	0.000	0.103	0.260	0.748	1.740	0
3	rxn01069;rxn29012;rxn31088	0.000	0.000	0.000	0.000	0.000	0.000	0
3	rxn01068;rxn33041;rxn33043	0.000	0.000	0.000	0.000	0.000	0.000	0
7	rxn01067;rxn03499;rxn04987;rxn04988;rxn14164;rxn14303;rxn14327	0.000	0.000	0.000	0.000	0.231	0.660	0
3	rxn01065;rxn15207;rxn15208	0.000	0.000	0.193	0.410	0.000	0.000	0
2	rxn01103;rxn34191	0.000	0.000	0.000	0.000	0.000	0.000	0
10	rxn01217;rxn01368;rxn01800;rxn02694;rxn19239;rxn30003;rxn30007;rxn30074	0.000	0.000	0.806	2.050	0.377	1.010	0
47	rxn01213;rxn01214;rxn01466;rxn01486;rxn03843;rxn03891;rxn03892;rxn05028	0.000	0.000	0.081	0.290	11.024	45.670	0
3	rxn01212;rxn02109;rxn39371	0.000	0.000	0.000	0.000	0.000	0.000	0
2	rxn01211;rxn30160	0.000	0.000	0.000	0.000	0.000	0.000	0
9	rxn01201;rxn01781;rxn02066;rxn02235;rxn02742;rxn03546;rxn03595;rxn16141	0.000	0.000	2.155	5.980	0.934	3.310	0
3	rxn01200;rxn15228;rxn27495	0.000	0.000	0.000	0.000	0.000	0.000	0
2	rxn01197;rxn03606	0.000	0.000	0.190	0.380	0.810	1.620	0
2	rxn01184;rxn35431	0.000	0.000	0.000	0.000	0.000	0.000	0
6	rxn01183;rxn01428;rxn01718;rxn16115;rxn16116;rxn16117	0.000	0.000	0.082	0.230	0.749	2.080	0
11	rxn01182;rxn01427;rxn01571;rxn01590;rxn01613;rxn04437;rxn30362;rxn33539	0.000	0.000	0.477	1.550	0.010	0.020	0
3	rxn01133;rxn15223;rxn15224	0.000	0.000	0.019	0.040	0.000	0.000	0
2	rxn01180;rxn01814	0.000	0.000	0.020	0.040	0.010	0.020	0
4	rxn01174;rxn16149;rxn33536;rxn33540	0.000	0.000	0.000	0.000	0.251	0.580	0
2	rxn01172;rxn01173	0.000	0.000	0.005	0.010	0.290	0.580	0
2	rxn01161;rxn02584	0.000	0.000	0.020	0.040	0.200	0.400	0
2	rxn01154;rxn04071	0.000	0.000	0.250	0.500	0.270	0.540	0
2	rxn01151;rxn33739	0.000	0.000	0.000	0.000	0.000	0.000	0
3	rxn01149;rxn01150;rxn01289	0.000	0.000	1.867	3.960	2.088	4.690	0
4	rxn01148;rxn31950;rxn31951;rxn31955	0.000	0.000	0.000	0.000	0.000	0.000	0
4	rxn01144;rxn04042;rxn15953;rxn15954	0.000	0.000	0.554	1.360	0.065	0.150	0
3	rxn01134;rxn15225;rxn15226	0.000	0.000	0.019	0.040	0.000	0.000	0
10	rxn01181;rxn01589;rxn04423;rxn31947;rxn31952;rxn32686;rxn32687;rxn32688	0.000	0.000	0.508	1.290	1.591	5.310	0
