model_id,n_metabolites,n_reactions,n_genes,biomass_rxn,n_exchanges_total,n_exchanges_open,status,growth_flux,grows,error
GCF_000007305.1,101,95,85,DM_atp_c0,21,14,optimal,0.9999999999999999,True,
GCF_000007325.1,121,115,92,DM_atp_c0,24,17,optimal,1.0,True,
GCF_000007345.1,121,113,152,DM_atp_c0,22,15,optimal,1.484848484848485,True,
GCF_000007365.1,107,93,72,DM_atp_c0,22,15,optimal,5.749999999999998,True,
GCF_000006985.1,129,125,123,DM_atp_c0,22,15,optimal,8.062500000000007,True,
GCF_000007005.1,136,126,130,DM_atp_c0,23,16,optimal,0.0,False,
GCF_000007025.1,112,91,74,DM_atp_c0,19,12,optimal,3.8,True,
GCF_000007045.1,114,106,95,DM_atp_c0,23,16,optimal,3.9999999999999973,True,
GCF_000006625.1,82,72,40,DM_atp_c0,21,14,optimal,0.0,False,
GCF_000006645.1,169,191,203,DM_atp_c0,28,19,optimal,14.874999999999998,True,
GCF_000006685.1,112,99,49,DM_atp_c0,24,17,optimal,0.0,False,
GCF_000006725.1,131,128,111,DM_atp_c0,23,16,optimal,6.083333333333311,True,
GCF_000007465.2,114,105,92,DM_atp_c0,21,14,optimal,3.0000000000000004,True,
GCF_000007485.1,95,81,57,DM_atp_c0,20,13,optimal,0.0,False,
GCF_000007505.1,159,181,180,DM_atp_c0,24,17,optimal,5.791666666666669,True,
GCF_000007525.1,118,113,82,DM_atp_c0,23,16,optimal,3.4999999999999996,True,
GCF_000007225.1,127,122,124,DM_atp_c0,22,15,optimal,0.0,False,
GCF_000007245.1,131,127,108,DM_atp_c0,23,16,optimal,6.083333333333311,True,
GCF_000007265.1,127,125,106,DM_atp_c0,23,16,optimal,8.0,True,
GCF_000007285.1,116,109,91,DM_atp_c0,23,16,optimal,4.0000000000000036,True,
GCF_000007145.1,154,169,165,DM_atp_c0,26,19,optimal,9.08653846153846,True,
GCF_000007165.1,151,163,166,DM_atp_c0,24,17,optimal,7.000000000000006,True,
GCF_000007185.1,105,84,80,DM_atp_c0,22,15,optimal,0.0,False,
GCF_000007205.1,112,99,48,DM_atp_c0,24,17,optimal,0.0,False,
GCF_000007625.1,131,126,104,DM_atp_c0,26,19,optimal,3.9999999999999973,True,
GCF_000007645.1,149,173,152,DM_atp_c0,27,20,optimal,14.471153846153827,True,
GCF_000007665.1,141,141,106,DM_atp_c0,23,16,optimal,6.000000000000004,True,
GCF_000007685.1,131,122,131,DM_atp_c0,23,16,optimal,3.0000000000000058,True,
GCF_000006825.1,150,161,137,DM_atp_c0,31,20,optimal,11.499999999999993,True,
GCF_000006845.1,137,139,120,DM_atp_c0,23,16,optimal,6.25,True,
GCF_000006865.1,133,136,114,DM_atp_c0,25,18,optimal,7.99999999999999,True,
GCF_000006885.1,114,106,99,DM_atp_c0,23,16,optimal,3.9999999999999973,True,
GCF_000007065.1,118,106,130,DM_atp_c0,21,14,optimal,1.4444444444444442,True,
GCF_000007085.1,129,122,110,DM_atp_c0,23,16,optimal,0.9999999999999996,True,
GCF_000007105.1,130,123,94,DM_atp_c0,23,16,optimal,3.4999999999999987,True,
GCF_000007125.1,158,180,168,DM_atp_c0,24,17,optimal,8.041666666666664,True,
GCF_000007545.1,173,204,258,DM_atp_c0,32,21,optimal,17.124999999999993,True,
GCF_000007565.2,165,194,235,DM_atp_c0,28,21,optimal,10.125000000000004,True,
GCF_000007585.1,126,110,74,DM_atp_c0,24,17,optimal,0.0,False,
GCF_000007605.1,113,100,49,DM_atp_c0,24,17,optimal,0.0,False,
GCF_000007765.2,140,127,97,DM_atp_c0,22,15,optimal,4.149999999999999,True,
GCF_000007785.1,134,132,130,DM_atp_c0,25,18,optimal,7.999999999999993,True,
GCF_000007805.1,166,187,201,DM_atp_c0,28,21,optimal,14.693181818181825,True,
GCF_000007825.1,162,187,203,DM_atp_c0,28,21,optimal,9.817307692307692,True,
GCF_000007705.1,171,184,203,DM_atp_c0,28,21,optimal,9.93750000000001,True,
GCF_000007725.1,101,88,70,DM_atp_c0,21,14,optimal,5.749999999999998,True,
GCF_000007745.1,155,165,144,DM_atp_c0,30,21,optimal,11.666666666666666,True,
GCF_000007765.1,140,129,100,DM_atp_c0,22,15,optimal,4.150000000000001,True,
GCF_000006745.1,167,187,191,DM_atp_c0,29,20,optimal,10.499999999999998,True,
GCF_000006765.1,168,204,260,DM_atp_c0,28,21,optimal,14.437499999999988,True,
GCF_000006785.2,118,113,92,DM_atp_c0,24,17,optimal,4.0000000000000036,True,
GCF_000006805.1,136,136,121,DM_atp_c0,26,15,optimal,0.0,False,
GCF_000007385.1,148,148,144,DM_atp_c0,23,16,optimal,5.1428571428571415,True,
GCF_000007405.1,175,205,248,DM_atp_c0,31,20,optimal,16.124999999999993,True,
GCF_000007425.1,118,112,91,DM_atp_c0,24,17,optimal,4.0000000000000036,True,
GCF_000007445.1,180,211,294,DM_atp_c0,32,21,optimal,17.124999999999993,True,
GCF_000005825.2,155,176,179,DM_atp_c0,28,21,optimal,10.874999999999998,True,
GCF_000005845.2,179,213,275,DM_atp_c0,32,21,optimal,17.124999999999996,True,
GCF_000006175.1,105,88,98,DM_atp_c0,21,14,optimal,0.0,False,
GCF_000006605.1,143,137,114,DM_atp_c0,22,15,optimal,0.8125000000000002,True,
GCF_000008205.1,93,80,57,DM_atp_c0,21,14,optimal,0.0,False,
GCF_000008225.1,93,80,59,DM_atp_c0,21,14,optimal,0.0,False,
GCF_000008245.1,90,79,45,DM_atp_c0,20,13,optimal,0.0,False,
GCF_000008265.1,124,109,90,DM_atp_c0,21,14,optimal,0.0,False,
GCF_000006905.1,157,163,175,DM_atp_c0,25,18,optimal,7.624999999999998,True,
GCF_000006925.2,175,201,245,DM_atp_c0,31,20,optimal,16.125,True,
GCF_000006945.2,177,209,284,DM_atp_c0,32,21,optimal,17.12499999999999,True,
GCF_000006965.1,163,193,271,DM_atp_c0,25,18,optimal,7.375000000000003,True,
GCF_000008025.1,107,97,74,DM_atp_c0,20,13,optimal,3.800000000000002,True,
GCF_000008045.1,113,93,66,DM_atp_c0,19,12,optimal,4.531250000000001,True,
GCF_000008065.1,111,107,73,DM_atp_c0,23,16,optimal,4.0,True,
GCF_000008105.1,175,204,271,DM_atp_c0,32,21,optimal,17.124999999999996,True,
GCF_000008365.1,95,83,49,DM_atp_c0,21,14,optimal,0.0,False,
GCF_000008385.1,103,94,73,DM_atp_c0,19,12,optimal,0.0,False,
GCF_000008405.1,93,80,60,DM_atp_c0,21,14,optimal,0.0,False,
GCF_000008425.1,164,188,187,DM_atp_c0,28,21,optimal,13.999999999999956,True,
GCF_000007925.1,118,111,85,DM_atp_c0,23,16,optimal,0.0,False,
GCF_000007945.1,136,144,99,DM_atp_c0,28,19,optimal,8.499999999999995,True,
GCF_000007985.2,140,144,152,DM_atp_c0,25,18,optimal,6.326923076923077,True,
GCF_000008005.1,160,182,204,DM_atp_c0,27,20,optimal,9.000000000000004,True,
GCF_000008685.2,96,87,39,DM_atp_c0,22,15,optimal,0.0,False,
GCF_000008725.1,109,95,48,DM_atp_c0,24,17,optimal,0.0,False,
GCF_000008745.1,112,99,48,DM_atp_c0,24,17,optimal,0.0,False,
GCF_000008765.1,140,137,127,DM_atp_c0,24,17,optimal,4.999999999999999,True,
GCF_000008285.1,136,141,160,DM_atp_c0,25,18,optimal,7.9999999999999964,True,
GCF_000008305.1,92,82,46,DM_atp_c0,21,14,optimal,0.0,False,
GCF_000008325.1,150,154,179,DM_atp_c0,24,17,optimal,5.3750000000000115,True,
GCF_000008345.1,137,150,165,DM_atp_c0,28,19,optimal,7.951388888888887,True,
GCF_000008605.1,94,85,32,DM_atp_c0,23,16,optimal,0.0,False,
GCF_000008625.1,122,119,116,DM_atp_c0,24,17,optimal,3.3749999999999996,True,
GCF_000008645.1,111,90,97,DM_atp_c0,21,14,optimal,0.0,False,
GCF_000008665.1,144,129,158,DM_atp_c0,24,17,optimal,1.0000000000000002,True,
GCF_000008125.1,137,140,120,DM_atp_c0,22,15,optimal,0.5000000000000013,True,
GCF_000008145.1,158,182,178,DM_atp_c0,25,18,optimal,8.041666666666666,True,
GCF_000008165.1,167,194,218,DM_atp_c0,29,22,optimal,16.12499999999995,True,
GCF_000008185.1,119,106,77,DM_atp_c0,24,17,optimal,0.0,False,
GCF_000007845.1,166,192,216,DM_atp_c0,28,21,optimal,16.124999999999964,True,
GCF_000007865.1,147,171,232,DM_atp_c0,23,16,optimal,6.806818181818173,True,
GCF_000007885.1,169,191,204,DM_atp_c0,28,19,optimal,14.874999999999998,True,
GCF_000007905.1,125,126,101,DM_atp_c0,25,18,optimal,3.6249999999999973,True,
GCF_000008885.1,109,99,56,DM_atp_c0,20,13,optimal,2.000000000000001,True,
GCF_000008925.1,124,125,100,DM_atp_c0,24,17,optimal,8.0,True,
GCF_000008945.1,119,115,85,DM_atp_c0,23,16,optimal,3.4999999999999987,True,
GCF_000008985.1,133,134,119,DM_atp_c0,23,16,optimal,5.416666666666668,True,
GCF_000008525.1,124,117,94,DM_atp_c0,27,20,optimal,2.4999999999999964,True,
GCF_000008545.1,121,111,114,DM_atp_c0,22,15,optimal,0.0,False,
GCF_000008565.1,147,147,127,DM_atp_c0,24,17,optimal,0.9999999999999996,True,
GCF_000008585.1,154,173,205,DM_atp_c0,25,18,optimal,7.375000000000001,True,
GCF_000009005.1,148,172,153,DM_atp_c0,26,19,optimal,12.249999999999995,True,
GCF_000009025.1,100,89,84,DM_atp_c0,21,14,optimal,1.0,True,
GCF_000009045.1,163,185,178,DM_atp_c0,29,22,optimal,10.500000000000005,True,
GCF_000009065.1,169,190,203,DM_atp_c0,28,19,optimal,12.875,True,
GCF_000008445.1,166,192,216,DM_atp_c0,28,21,optimal,16.124999999999964,True,
GCF_000008465.1,147,146,125,DM_atp_c0,25,18,optimal,4.833333333333335,True,
GCF_000008485.1,147,150,132,DM_atp_c0,24,17,optimal,7.1875,True,
GCF_000008505.1,163,191,217,DM_atp_c0,29,22,optimal,16.125000000000036,True,
GCF_000008785.1,128,120,97,DM_atp_c0,27,20,optimal,2.5000000000000058,True,
GCF_000008805.1,139,140,128,DM_atp_c0,23,16,optimal,6.250000000000007,True,
GCF_000008865.1,178,210,271,DM_atp_c0,32,21,optimal,17.124999999999996,True,
GCF_000008865.2,178,210,271,DM_atp_c0,32,21,optimal,17.124999999999996,True,
GCF_000009185.1,137,134,102,DM_atp_c0,25,18,optimal,0.0,False,
GCF_000009205.2,138,133,162,DM_atp_c0,24,15,optimal,3.000000000000001,True,
GCF_000009245.1,131,133,118,DM_atp_c0,23,16,optimal,5.416666666666668,True,
GCF_000009265.1,166,190,268,DM_atp_c0,26,19,optimal,9.038461538461542,True,
GCF_000009105.1,139,141,124,DM_atp_c0,23,16,optimal,6.250000000000007,True,
GCF_000009125.1,166,185,221,DM_atp_c0,25,18,optimal,8.028846153846152,True,
GCF_000009145.1,137,143,119,DM_atp_c0,22,15,optimal,3.0000000000000013,True,
GCF_000009165.1,157,174,172,DM_atp_c0,27,20,optimal,9.086538461538462,True,
GCF_000009285.1,169,199,380,DM_atp_c0,27,20,optimal,11.125000000000004,True,
GCF_000009305.1,122,115,94,DM_atp_c0,25,18,optimal,2.500000000000003,True,
GCF_000009325.1,133,134,118,DM_atp_c0,23,16,optimal,5.416666666666668,True,
GCF_000009345.1,173,199,223,DM_atp_c0,29,20,optimal,14.875000000000002,True,
GCF_000009365.1,152,157,154,DM_atp_c0,26,19,optimal,4.250000000000002,True,
GCF_000009385.1,118,111,91,DM_atp_c0,24,17,optimal,4.0000000000000036,True,
GCF_000009405.1,153,179,151,DM_atp_c0,27,20,optimal,14.471153846153829,True,
GCF_000009425.1,135,128,113,DM_atp_c0,25,18,optimal,7.9999999999999964,True,
GCF_000009925.1,139,139,135,DM_atp_c0,26,19,optimal,5.624999999999997,True,
GCF_000009945.1,113,100,49,DM_atp_c0,24,17,optimal,0.0,False,
GCF_000009965.1,101,92,86,DM_atp_c0,21,14,optimal,1.0,True,
GCF_000009985.1,162,170,222,DM_atp_c0,29,20,optimal,15.468750000000005,True,
GCF_000009605.1,109,94,77,DM_atp_c0,22,15,optimal,5.749999999999998,True,
GCF_000009625.1,167,190,244,DM_atp_c0,26,19,optimal,9.03846153846153,True,
GCF_000009645.1,148,173,156,DM_atp_c0,26,19,optimal,12.249999999999995,True,
GCF_000009665.1,148,173,153,DM_atp_c0,26,19,optimal,12.249999999999995,True,
GCF_000009845.1,82,66,22,DM_atp_c0,19,12,optimal,0.0,False,
GCF_000009865.1,147,170,139,DM_atp_c0,26,19,optimal,10.500000000000002,True,
GCF_000009885.1,176,211,293,DM_atp_c0,31,22,optimal,17.12499999999999,True,
GCF_000009905.1,156,160,202,DM_atp_c0,29,20,optimal,7.625000000000003,True,
GCF_000009685.1,128,130,108,DM_atp_c0,26,19,optimal,7.749999999999997,True,
GCF_000009705.1,146,145,166,DM_atp_c0,25,18,optimal,3.0000000000000004,True,
GCF_000009725.1,144,151,142,DM_atp_c0,26,19,optimal,8.363636363636358,True,
GCF_000009745.1,172,197,224,DM_atp_c0,30,21,optimal,15.000000000000009,True,
GCF_000010005.1,134,132,106,DM_atp_c0,26,19,optimal,6.000000000000001,True,
GCF_000010025.1,150,153,151,DM_atp_c0,23,16,optimal,6.020833333333333,True,
GCF_000010045.1,160,170,312,DM_atp_c0,30,19,optimal,5.374999999999999,True,
GCF_000010065.1,137,131,117,DM_atp_c0,24,17,optimal,2.250000000000002,True,
GCF_000009445.1,154,173,203,DM_atp_c0,25,18,optimal,7.375000000000001,True,
GCF_000009465.1,138,139,123,DM_atp_c0,23,16,optimal,6.250000000000002,True,
GCF_000009485.1,171,199,261,DM_atp_c0,28,21,optimal,12.875000000000005,True,
GCF_000009505.1,175,207,279,DM_atp_c0,32,21,optimal,17.12499999999999,True,
GCF_000009525.1,174,205,273,DM_atp_c0,31,20,optimal,17.12499999999999,True,
GCF_000009545.1,132,128,117,DM_atp_c0,24,17,optimal,8.000000000000002,True,
GCF_000009565.1,180,212,274,DM_atp_c0,32,21,optimal,17.125,True,
GCF_000009585.1,148,175,153,DM_atp_c0,26,19,optimal,12.249999999999995,True,
GCF_000010085.1,144,151,132,DM_atp_c0,23,16,optimal,8.749999999999998,True,
GCF_000010105.1,165,188,310,DM_atp_c0,28,21,optimal,14.693181818181822,True,
GCF_000010125.1,150,167,153,DM_atp_c0,27,20,optimal,6.249999999999992,True,
GCF_000010145.1,125,128,100,DM_atp_c0,26,19,optimal,7.499999999999998,True,
GCF_000009765.2,163,188,275,DM_atp_c0,27,20,optimal,14.437499999999968,True,
GCF_000009785.1,157,181,184,DM_atp_c0,27,20,optimal,13.12499999999999,True,
GCF_000009805.1,157,175,242,DM_atp_c0,26,19,optimal,13.352272727272776,True,
GCF_000009825.1,161,180,204,DM_atp_c0,29,22,optimal,10.499999999999996,True,
GCF_000010165.1,162,180,201,DM_atp_c0,28,21,optimal,8.749999999999982,True,
GCF_000010185.1,111,98,79,DM_atp_c0,23,16,optimal,1.0,True,
GCF_000010205.1,93,74,52,DM_atp_c0,19,12,optimal,0.0,False,
GCF_000010225.1,146,160,139,DM_atp_c0,26,19,optimal,7.749999999999996,True,
GCF_000010265.1,134,130,139,DM_atp_c0,22,15,optimal,3.0,True,
GCF_000010285.1,150,155,138,DM_atp_c0,26,19,optimal,3.0000000000000018,True,
GCF_000010305.1,147,143,166,DM_atp_c0,25,18,optimal,6.3750000000000036,True,
GCF_000010325.1,120,126,128,DM_atp_c0,24,17,optimal,7.3750000000000036,True,
GCF_000010345.1,129,132,163,DM_atp_c0,26,19,optimal,10.395833333333334,True,
GCF_000010365.1,72,50,15,DM_atp_c0,18,11,optimal,0.0,False,
GCF_000010385.1,180,214,276,DM_atp_c0,32,21,optimal,17.124999999999996,True,
GCF_000010405.1,121,104,94,DM_atp_c0,23,16,optimal,0.0,False,
GCF_000010505.1,126,110,75,DM_atp_c0,24,17,optimal,0.0,False,
GCF_000010525.1,166,193,222,DM_atp_c0,27,20,optimal,10.124999999999998,True,
GCF_000010545.1,170,194,264,DM_atp_c0,27,20,optimal,12.500000000000004,True,
GCF_000010585.1,149,167,124,DM_atp_c0,27,20,optimal,12.624999999999984,True,
GCF_000011005.1,131,108,135,DM_atp_c0,22,15,optimal,1.0000000000000002,True,
GCF_000011025.1,130,139,99,DM_atp_c0,26,19,optimal,10.499999999999995,True,
GCF_000011045.1,128,134,147,DM_atp_c0,23,16,optimal,7.999999999999998,True,
GCF_000011065.1,133,132,141,DM_atp_c0,24,17,optimal,5.624999999999999,True,
GCF_000010425.1,111,106,79,DM_atp_c0,23,16,optimal,3.5,True,
GCF_000010445.1,148,173,153,DM_atp_c0,26,19,optimal,12.249999999999995,True,
GCF_000010465.1,148,173,152,DM_atp_c0,26,19,optimal,12.249999999999995,True,
GCF_000010485.1,179,211,297,DM_atp_c0,31,20,optimal,15.874999999999993,True,
GCF_000010605.1,158,179,253,DM_atp_c0,27,20,optimal,14.352272727272714,True,
GCF_000010625.1,140,144,148,DM_atp_c0,25,18,optimal,3.250000000000001,True,
GCF_000010645.1,99,88,68,DM_atp_c0,21,14,optimal,0.0,False,
GCF_000010665.1,147,151,205,DM_atp_c0,28,21,optimal,13.893518518518512,True,
GCF_000011165.1,112,98,47,DM_atp_c0,24,17,optimal,0.0,False,
GCF_000011185.1,127,109,88,DM_atp_c0,19,12,optimal,0.0,False,
GCF_000011205.1,132,121,116,DM_atp_c0,21,14,optimal,0.0,False,
GCF_000011225.1,102,98,71,DM_atp_c0,22,15,optimal,2.9999999999999987,True,
GCF_000011085.1,145,152,184,DM_atp_c0,29,18,optimal,0.0,False,
GCF_000011105.1,88,82,68,DM_atp_c0,20,13,optimal,0.9999999999999999,True,
GCF_000011125.1,132,117,85,DM_atp_c0,23,16,optimal,0.0,False,
GCF_000011145.1,161,185,188,DM_atp_c0,29,22,optimal,10.499999999999995,True,
GCF_000011445.1,96,89,58,DM_atp_c0,22,15,optimal,0.0,False,
GCF_000011465.1,117,104,79,DM_atp_c0,22,15,optimal,0.0,False,
GCF_000011485.1,120,108,89,DM_atp_c0,23,16,optimal,0.0,False,
GCF_000011505.1,148,175,154,DM_atp_c0,26,19,optimal,12.249999999999995,True,
GCF_000011245.1,157,175,178,DM_atp_c0,26,19,optimal,6.250000000000006,True,
GCF_000011265.1,148,173,154,DM_atp_c0,26,19,optimal,12.249999999999995,True,
GCF_000011285.1,118,112,92,DM_atp_c0,24,17,optimal,4.0000000000000036,True,
GCF_000011305.1,153,161,149,DM_atp_c0,26,19,optimal,7.750000000000001,True,
GCF_000010925.1,152,169,156,DM_atp_c0,28,21,optimal,9.589285714285719,True,
GCF_000010945.1,151,168,153,DM_atp_c0,28,21,optimal,9.589285714285719,True,
GCF_000010965.1,152,169,156,DM_atp_c0,28,21,optimal,9.589285714285719,True,
GCF_000010985.1,140,152,143,DM_atp_c0,25,18,optimal,7.374999999999997,True,
GCF_000010765.1,177,210,273,DM_atp_c0,32,21,optimal,17.124999999999996,True,
GCF_000010785.1,122,122,132,DM_atp_c0,24,17,optimal,1.4531250000000004,True,
GCF_000010805.1,170,196,430,DM_atp_c0,27,20,optimal,13.3522727272728,True,
GCF_000010825.1,152,169,156,DM_atp_c0,28,21,optimal,9.589285714285719,True,
GCF_000010685.1,154,172,205,DM_atp_c0,25,18,optimal,7.375,True,
GCF_000010705.1,131,128,109,DM_atp_c0,24,17,optimal,8.000000000000002,True,
GCF_000010725.1,175,198,282,DM_atp_c0,26,19,optimal,13.937499999999998,True,
GCF_000010745.1,180,213,277,DM_atp_c0,32,21,optimal,17.124999999999996,True,
GCF_000010845.1,152,169,156,DM_atp_c0,28,21,optimal,9.589285714285719,True,
GCF_000010865.1,152,169,156,DM_atp_c0,28,21,optimal,9.589285714285719,True,
GCF_000010885.1,152,169,156,DM_atp_c0,28,21,optimal,9.589285714285719,True,
GCF_000010905.1,152,169,156,DM_atp_c0,28,21,optimal,9.589285714285719,True,
GCF_000011705.1,169,193,216,DM_atp_c0,28,21,optimal,12.875000000000004,True,
GCF_000011725.1,127,119,96,DM_atp_c0,27,20,optimal,2.4999999999999964,True,
GCF_000011745.1,108,98,74,DM_atp_c0,20,13,optimal,5.750000000000002,True,
GCF_000011785.1,145,145,112,DM_atp_c0,27,18,optimal,8.874999999999998,True,
GCF_000011325.1,141,155,132,DM_atp_c0,26,19,optimal,7.749999999999997,True,
GCF_000011345.1,136,133,114,DM_atp_c0,24,17,optimal,6.300000000000003,True,
GCF_000011365.1,170,209,298,DM_atp_c0,27,20,optimal,13.437499999999993,True,
GCF_000011385.1,148,147,144,DM_atp_c0,23,16,optimal,5.791666666666668,True,
GCF_000011525.1,148,173,155,DM_atp_c0,26,19,optimal,12.249999999999995,True,
GCF_000011545.1,169,194,245,DM_atp_c0,28,21,optimal,12.875000000000007,True,
GCF_000011585.1,111,94,113,DM_atp_c0,22,15,optimal,0.0,False,
GCF_000011605.1,176,205,244,DM_atp_c0,28,21,optimal,17.124999999999993,True,
GCF_000011625.1,168,196,228,DM_atp_c0,29,22,optimal,16.125,True,
GCF_000011645.1,164,188,186,DM_atp_c0,28,21,optimal,13.999999999999956,True,
GCF_000011665.1,118,110,90,DM_atp_c0,24,17,optimal,1.0000000000000004,True,
GCF_000011685.1,134,142,111,DM_atp_c0,26,19,optimal,5.749999999999998,True,
GCF_000011805.1,168,190,187,DM_atp_c0,31,20,optimal,13.999999999999993,True,
GCF_000011825.1,115,105,77,DM_atp_c0,22,15,optimal,2.999999999999999,True,
GCF_000011845.1,114,105,78,DM_atp_c0,22,15,optimal,2.999999999999999,True,
GCF_000011865.1,126,128,108,DM_atp_c0,26,19,optimal,4.999999999999998,True,
GCF_000012045.1,148,173,151,DM_atp_c0,26,19,optimal,12.249999999999995,True,
GCF_000012085.2,96,87,41,DM_atp_c0,22,15,optimal,0.0,False,
GCF_000012105.1,154,169,164,DM_atp_c0,26,19,optimal,9.08653846153846,True,
GCF_000012125.1,112,99,50,DM_atp_c0,24,17,optimal,0.0,False,
GCF_000012145.1,116,97,70,DM_atp_c0,20,13,optimal,4.531250000000001,True,
GCF_000012165.2,118,113,91,DM_atp_c0,24,17,optimal,4.0000000000000036,True,
GCF_000012185.1,144,156,122,DM_atp_c0,29,20,optimal,9.750000000000004,True,
GCF_000012205.1,162,180,189,DM_atp_c0,27,20,optimal,9.086538461538458,True,
GCF_000011965.2,156,171,224,DM_atp_c0,27,18,optimal,6.187499999999999,True,
GCF_000011985.1,106,104,80,DM_atp_c0,23,16,optimal,1.0,True,
GCF_000012005.1,171,196,218,DM_atp_c0,30,21,optimal,17.12499999999999,True,
GCF_000012025.1,174,203,239,DM_atp_c0,32,21,optimal,17.124999999999996,True,
GCF_000012545.1,112,85,78,DM_atp_c0,21,14,optimal,0.0,False,
GCF_000012565.1,117,99,73,DM_atp_c0,19,12,optimal,0.0,False,
GCF_000012585.1,130,120,114,DM_atp_c0,23,16,optimal,7.294642857142865,True,
GCF_000012605.1,131,135,119,DM_atp_c0,24,17,optimal,5.500000000000001,True,
GCF_000011885.1,173,204,264,DM_atp_c0,32,21,optimal,17.124999999999993,True,
GCF_000011905.1,100,88,87,DM_atp_c0,21,14,optimal,0.0,False,
GCF_000011925.1,149,175,148,DM_atp_c0,27,20,optimal,14.471153846153854,True,
GCF_000011945.1,113,95,70,DM_atp_c0,19,12,optimal,0.0,False,
GCF_000012465.1,113,102,82,DM_atp_c0,22,15,optimal,0.0,False,
GCF_000012485.1,139,135,139,DM_atp_c0,23,16,optimal,7.416666666666675,True,
GCF_000012505.1,131,120,95,DM_atp_c0,25,18,optimal,0.0,False,
GCF_000012525.1,138,134,119,DM_atp_c0,24,17,optimal,2.500000000000001,True,
GCF_000012225.1,80,65,21,DM_atp_c0,19,12,optimal,0.0,False,
GCF_000012245.1,166,187,198,DM_atp_c0,28,21,optimal,9.975000000000003,True,
GCF_000012265.1,166,185,252,DM_atp_c0,26,19,optimal,7.375,True,
GCF_000012285.1,136,124,113,DM_atp_c0,24,15,optimal,0.0,False,
GCF_000012705.1,127,125,107,DM_atp_c0,23,16,optimal,8.0,True,
GCF_000012725.1,151,159,142,DM_atp_c0,24,17,optimal,5.855769230769229,True,
GCF_000012745.1,143,147,169,DM_atp_c0,26,19,optimal,7.81249999999998,True,
GCF_000012765.1,98,88,55,DM_atp_c0,22,15,optimal,0.0,False,
GCF_000012625.1,129,121,97,DM_atp_c0,25,18,optimal,0.0,False,
GCF_000012645.1,118,105,77,DM_atp_c0,22,15,optimal,0.0,False,
GCF_000012665.1,139,141,167,DM_atp_c0,26,19,optimal,10.217592592592588,True,
GCF_000012685.1,162,166,191,DM_atp_c0,26,19,optimal,10.374999999999991,True,
GCF_000012385.1,102,86,64,DM_atp_c0,20,13,optimal,3.8000000000000007,True,
GCF_000012405.1,151,154,157,DM_atp_c0,24,17,optimal,7.916666666666672,True,
GCF_000012425.1,167,176,237,DM_atp_c0,27,20,optimal,12.437500000000009,True,
GCF_000012445.1,169,191,232,DM_atp_c0,29,22,optimal,9.975,True,
GCF_000012305.1,155,159,148,DM_atp_c0,25,18,optimal,7.125,True,
GCF_000012325.1,168,179,205,DM_atp_c0,29,20,optimal,8.875,True,
GCF_000012345.1,138,126,110,DM_atp_c0,22,15,optimal,0.12500000000000086,True,
GCF_000012365.1,171,196,249,DM_atp_c0,28,21,optimal,12.874999999999996,True,
GCF_000013105.1,141,145,159,DM_atp_c0,27,18,optimal,11.208333333333325,True,
GCF_000013125.1,120,101,79,DM_atp_c0,20,13,optimal,0.0,False,
GCF_000013145.1,116,98,72,DM_atp_c0,19,12,optimal,0.0,False,
GCF_000013165.1,103,93,70,DM_atp_c0,19,12,optimal,0.0,False,
GCF_000013185.1,108,95,69,DM_atp_c0,20,13,optimal,5.75,True,
GCF_000013205.1,135,127,104,DM_atp_c0,24,17,optimal,4.3750000000000036,True,
GCF_000013225.1,136,130,106,DM_atp_c0,24,17,optimal,8.374999999999986,True,
GCF_000013245.1,127,119,97,DM_atp_c0,27,20,optimal,2.4999999999999964,True,
GCF_000012785.1,170,195,248,DM_atp_c0,28,21,optimal,12.874999999999996,True,
GCF_000012805.1,155,146,175,DM_atp_c0,23,16,optimal,1.0000000000000013,True,
GCF_000012825.1,140,136,135,DM_atp_c0,25,18,optimal,5.625,True,
GCF_000012845.1,144,143,137,DM_atp_c0,26,19,optimal,6.750000000000006,True,
GCF_000012865.1,151,150,164,DM_atp_c0,27,20,optimal,6.425000000000004,True,
GCF_000012885.1,150,148,183,DM_atp_c0,25,18,optimal,10.346153846153843,True,
GCF_000012905.2,165,180,215,DM_atp_c0,28,19,optimal,7.375000000000002,True,
GCF_000012925.1,151,157,199,DM_atp_c0,24,17,optimal,7.39423076923077,True,
GCF_000012945.1,169,196,279,DM_atp_c0,28,21,optimal,12.232142857142863,True,
GCF_000012965.1,124,130,129,DM_atp_c0,25,18,optimal,3.3750000000000036,True,
GCF_000012985.1,163,183,198,DM_atp_c0,26,19,optimal,8.39285714285714,True,
GCF_000013005.1,141,147,144,DM_atp_c0,22,15,optimal,0.16666666666666669,True,
GCF_000013025.1,153,165,177,DM_atp_c0,26,19,optimal,7.625000000000005,True,
GCF_000013045.1,146,154,150,DM_atp_c0,24,17,optimal,7.2500000000000036,True,
GCF_000013065.1,166,196,223,DM_atp_c0,29,22,optimal,16.124999999999996,True,
GCF_000013085.1,168,179,207,DM_atp_c0,27,18,optimal,8.749999999999996,True,
GCF_000013505.1,116,108,90,DM_atp_c0,23,16,optimal,1.0000000000000004,True,
GCF_000013525.1,114,108,78,DM_atp_c0,23,16,optimal,4.000000000000005,True,
GCF_000013545.1,118,111,90,DM_atp_c0,24,17,optimal,3.9999999999999982,True,
GCF_000013565.1,161,178,192,DM_atp_c0,26,19,optimal,7.2403846153846185,True,
GCF_000013425.1,148,173,153,DM_atp_c0,26,19,optimal,12.249999999999995,True,
GCF_000013445.1,125,105,130,DM_atp_c0,22,15,optimal,0.0,False,
GCF_000013465.1,148,173,155,DM_atp_c0,26,19,optimal,12.249999999999995,True,
GCF_000013485.1,117,112,82,DM_atp_c0,24,17,optimal,4.0000000000000036,True,
GCF_000013345.1,150,159,173,DM_atp_c0,24,17,optimal,5.249999999999999,True,
GCF_000013365.1,167,193,225,DM_atp_c0,25,18,optimal,8.375000000000007,True,
GCF_000013385.1,160,175,220,DM_atp_c0,26,19,optimal,11.465909090909072,True,
GCF_000013405.1,142,131,142,DM_atp_c0,22,15,optimal,4.3749999999999964,True,
GCF_000013665.1,157,167,164,DM_atp_c0,27,20,optimal,6.875000000000004,True,
GCF_000013685.1,163,180,236,DM_atp_c0,25,16,optimal,6.499999999999999,True,
GCF_000013705.1,149,146,149,DM_atp_c0,25,18,optimal,7.708333333333336,True,
GCF_000013725.1,112,92,89,DM_atp_c0,22,15,optimal,0.0,False,
GCF_000013265.1,180,212,296,DM_atp_c0,32,21,optimal,17.124999999999996,True,
GCF_000013285.1,128,129,107,DM_atp_c0,26,19,optimal,7.750000000000004,True,
GCF_000013305.1,180,213,283,DM_atp_c0,32,21,optimal,17.124999999999993,True,
GCF_000013325.1,153,168,199,DM_atp_c0,25,18,optimal,9.656250000000005,True,
GCF_000014345.1,93,76,56,DM_atp_c0,19,12,optimal,1.4999999999999993,True,
GCF_000014365.1,114,106,95,DM_atp_c0,23,16,optimal,3.9999999999999973,True,
GCF_000014385.1,116,118,100,DM_atp_c0,23,16,optimal,4.500000000000002,True,
GCF_000014405.1,104,100,72,DM_atp_c0,24,17,optimal,0.9999999999999988,True,
GCF_000013825.1,169,191,204,DM_atp_c0,28,19,optimal,14.874999999999998,True,
GCF_000013865.1,161,177,245,DM_atp_c0,26,19,optimal,6.375000000000019,True,
GCF_000013885.1,160,173,182,DM_atp_c0,24,17,optimal,8.412500000000025,True,
GCF_000013905.1,153,165,163,DM_atp_c0,25,18,optimal,7.2159090909090935,True,
GCF_000014425.1,108,106,69,DM_atp_c0,24,17,optimal,3.999999999999996,True,
GCF_000014445.1,113,107,94,DM_atp_c0,23,16,optimal,4.5,True,
GCF_000014465.1,126,124,104,DM_atp_c0,23,16,optimal,6.499999999999998,True,
GCF_000014485.1,115,105,83,DM_atp_c0,22,15,optimal,2.999999999999999,True,
GCF_000013745.1,170,194,255,DM_atp_c0,28,19,optimal,9.825000000000001,True,
GCF_000013765.1,158,178,162,DM_atp_c0,26,19,optimal,8.499999999999995,True,
GCF_000013785.1,166,188,237,DM_atp_c0,28,21,optimal,11.812500000000004,True,
GCF_000013805.1,169,191,204,DM_atp_c0,28,19,optimal,14.874999999999998,True,
GCF_000014005.1,147,162,191,DM_atp_c0,25,18,optimal,7.500000000000003,True,
GCF_000014025.1,136,138,122,DM_atp_c0,26,19,optimal,7.375000000000001,True,
GCF_000014045.1,166,188,201,DM_atp_c0,26,19,optimal,11.017857142857139,True,
GCF_000014065.1,151,160,191,DM_atp_c0,23,16,optimal,4.249999999999993,True,
GCF_000014085.1,169,199,246,DM_atp_c0,28,21,optimal,12.875,True,
GCF_000014105.1,138,139,120,DM_atp_c0,23,16,optimal,6.250000000000002,True,
GCF_000014125.1,128,119,109,DM_atp_c0,25,18,optimal,1.0000000000000002,True,
GCF_000014145.1,146,145,147,DM_atp_c0,25,18,optimal,5.25,True,
GCF_000013925.1,155,167,208,DM_atp_c0,24,17,optimal,1.8365384615384601,True,
GCF_000013945.1,133,123,127,DM_atp_c0,23,16,optimal,6.791666666666671,True,
GCF_000013965.1,133,123,126,DM_atp_c0,23,16,optimal,6.791666666666671,True,
GCF_000013985.1,153,174,190,DM_atp_c0,26,19,optimal,8.375000000000009,True,
GCF_000013585.1,175,206,250,DM_atp_c0,31,20,optimal,16.125,True,
GCF_000013605.1,167,192,243,DM_atp_c0,28,19,optimal,12.017857142857139,True,
GCF_000013625.1,147,165,154,DM_atp_c0,27,20,optimal,6.312500000000004,True,
GCF_000013645.1,177,203,383,DM_atp_c0,28,21,optimal,14.8125,True,
GCF_000014245.1,164,190,235,DM_atp_c0,25,18,optimal,7.3750000000000036,True,
GCF_000014265.1,135,139,131,DM_atp_c0,26,19,optimal,3.749999999999999,True,
GCF_000014285.1,150,159,143,DM_atp_c0,26,19,optimal,8.028846153846155,True,
GCF_000014285.2,152,162,147,DM_atp_c0,26,19,optimal,8.028846153846152,True,
GCF_000014165.1,163,188,270,DM_atp_c0,26,19,optimal,12.46590909090909,True,
GCF_000014185.1,147,150,180,DM_atp_c0,25,18,optimal,2.374999999999999,True,
GCF_000014205.1,116,111,90,DM_atp_c0,22,15,optimal,4.0,True,
GCF_000014225.1,165,184,192,DM_atp_c0,26,19,optimal,9.124999999999982,True,
GCF_000014505.1,113,114,82,DM_atp_c0,26,19,optimal,7.000000000000007,True,
GCF_000014525.1,131,132,133,DM_atp_c0,24,17,optimal,8.0,True,
GCF_000014545.1,132,123,108,DM_atp_c0,24,17,optimal,8.000000000000002,True,
GCF_000014565.1,168,197,401,DM_atp_c0,28,21,optimal,13.437499999999954,True,
GCF_000014585.1,132,126,100,DM_atp_c0,26,19,optimal,1.0227272727272732,True,
GCF_000014605.1,131,133,117,DM_atp_c0,23,16,optimal,5.416666666666668,True,
GCF_000014625.1,168,204,260,DM_atp_c0,28,21,optimal,14.437499999999988,True,
GCF_000014645.1,137,142,126,DM_atp_c0,24,17,optimal,5.416666666666667,True,
GCF_000014665.1,169,188,201,DM_atp_c0,31,20,optimal,10.000000000000005,True,
GCF_000014685.1,169,190,202,DM_atp_c0,31,20,optimal,10.000000000000004,True,
GCF_000014705.1,169,188,204,DM_atp_c0,31,20,optimal,11.250000000000004,True,
GCF_000014725.1,124,110,114,DM_atp_c0,21,14,optimal,1.0000000000000013,True,
GCF_000014745.1,154,158,156,DM_atp_c0,25,18,optimal,5.374999999999999,True,
GCF_000014765.1,145,149,142,DM_atp_c0,23,16,optimal,7.25,True,
GCF_000014785.1,159,171,192,DM_atp_c0,27,20,optimal,8.375000000000002,True,
GCF_000014805.1,174,195,239,DM_atp_c0,29,20,optimal,14.937500000000007,True,
GCF_000014905.1,160,183,248,DM_atp_c0,28,21,optimal,10.874999999999996,True,
GCF_000014925.1,153,176,210,DM_atp_c0,27,20,optimal,7.906249999999997,True,
GCF_000014945.1,119,93,87,DM_atp_c0,21,14,optimal,0.0,False,
GCF_000014965.1,163,161,239,DM_atp_c0,25,18,optimal,8.749999999999998,True,
GCF_000015645.1,118,105,78,DM_atp_c0,22,15,optimal,0.0,False,
GCF_000015665.1,116,103,75,DM_atp_c0,22,15,optimal,0.0,False,
GCF_000015685.1,113,102,81,DM_atp_c0,22,15,optimal,0.0,False,
GCF_000015705.1,117,108,90,DM_atp_c0,24,17,optimal,0.0,False,
GCF_000015065.1,164,190,215,DM_atp_c0,29,22,optimal,16.12499999999999,True,
GCF_000015085.1,125,120,107,DM_atp_c0,25,18,optimal,2.125000000000003,True,
GCF_000015105.1,127,111,94,DM_atp_c0,23,16,optimal,0.0,False,
GCF_000015125.1,131,126,125,DM_atp_c0,23,16,optimal,5.249999999999997,True,
GCF_000014825.1,161,185,233,DM_atp_c0,24,17,optimal,8.875000000000007,True,
GCF_000014845.1,180,212,299,DM_atp_c0,32,21,optimal,17.124999999999996,True,
GCF_000014865.1,148,145,162,DM_atp_c0,25,18,optimal,4.958333333333331,True,
GCF_000014885.1,169,191,209,DM_atp_c0,31,20,optimal,11.318181818181834,True,
GCF_000015145.1,104,94,78,DM_atp_c0,23,16,optimal,0.0,False,
GCF_000015165.1,167,198,290,DM_atp_c0,27,20,optimal,8.625000000000005,True,
GCF_000015185.1,166,185,196,DM_atp_c0,29,22,optimal,12.249999999999972,True,
GCF_000015205.1,124,112,119,DM_atp_c0,21,14,optimal,0.0,False,
GCF_000015485.1,147,154,182,DM_atp_c0,28,21,optimal,11.874999999999995,True,
GCF_000015505.1,168,190,224,DM_atp_c0,27,20,optimal,13.062500000000009,True,
GCF_000015525.1,130,133,112,DM_atp_c0,28,19,optimal,4.999999999999996,True,
GCF_000015545.1,161,186,227,DM_atp_c0,26,19,optimal,13.06250000000003,True,
GCF_000015385.1,101,93,65,DM_atp_c0,23,16,optimal,0.0,False,
GCF_000015405.1,163,188,272,DM_atp_c0,26,19,optimal,12.46590909090909,True,
GCF_000015445.1,108,102,81,DM_atp_c0,21,14,optimal,4.031250000000001,True,
GCF_000015465.1,168,189,208,DM_atp_c0,27,20,optimal,12.232142857142852,True,
GCF_000015565.1,159,164,210,DM_atp_c0,25,18,optimal,8.375000000000004,True,
GCF_000015585.1,149,144,152,DM_atp_c0,24,17,optimal,6.0000000000000036,True,
GCF_000015605.1,163,187,212,DM_atp_c0,28,21,optimal,11.341666666666677,True,
GCF_000015625.1,169,192,216,DM_atp_c0,28,21,optimal,12.875000000000004,True,
GCF_000014985.1,148,171,286,DM_atp_c0,23,16,optimal,6.806818181818182,True,
GCF_000015005.1,168,194,331,DM_atp_c0,28,21,optimal,14.328124999999996,True,
GCF_000015025.1,141,149,136,DM_atp_c0,23,16,optimal,5.321428571428569,True,
GCF_000015045.1,141,142,201,DM_atp_c0,26,19,optimal,10.430555555555554,True,
GCF_000015225.1,107,105,100,DM_atp_c0,23,16,optimal,0.0,False,
GCF_000015245.1,163,181,174,DM_atp_c0,29,20,optimal,10.000000000000002,True,
GCF_000015265.1,155,165,239,DM_atp_c0,25,18,optimal,10.390625000000004,True,
GCF_000015285.1,165,189,204,DM_atp_c0,27,20,optimal,12.249999999999991,True,
GCF_000015305.1,161,181,260,DM_atp_c0,26,19,optimal,12.465909090909092,True,
GCF_000015325.1,159,173,181,DM_atp_c0,27,20,optimal,6.374999999999995,True,
GCF_000015345.1,137,119,80,DM_atp_c0,23,16,optimal,4.999999999999998,True,
GCF_000015365.1,164,185,183,DM_atp_c0,27,20,optimal,10.437499999999991,True,
GCF_000015805.1,127,123,131,DM_atp_c0,24,15,optimal,0.0,False,
GCF_000015825.1,125,103,124,DM_atp_c0,22,15,optimal,0.0,False,
GCF_000015845.1,166,184,204,DM_atp_c0,29,20,optimal,9.999999999999998,True,
GCF_000015865.1,125,116,104,DM_atp_c0,22,15,optimal,1.0000000000000002,True,
GCF_000015725.1,166,177,216,DM_atp_c0,27,20,optimal,6.375000000000003,True,
GCF_000015745.1,161,185,181,DM_atp_c0,28,21,optimal,9.875000000000023,True,
GCF_000015765.1,110,87,96,DM_atp_c0,21,14,optimal,0.0,False,
GCF_000015785.2,166,188,178,DM_atp_c0,29,22,optimal,10.499999999999979,True,
GCF_000015885.1,162,177,138,DM_atp_c0,31,20,optimal,11.500000000000009,True,
GCF_000015905.1,170,195,247,DM_atp_c0,28,21,optimal,12.874999999999996,True,
GCF_000015925.1,170,195,246,DM_atp_c0,28,21,optimal,12.874999999999996,True,
GCF_000015945.1,100,90,76,DM_atp_c0,21,14,optimal,0.0,False,
GCF_000016065.1,166,186,189,DM_atp_c0,29,20,optimal,10.000000000000005,True,
GCF_000016085.1,130,120,115,DM_atp_c0,22,15,optimal,4.250000000000001,True,
GCF_000016105.1,134,136,120,DM_atp_c0,24,17,optimal,5.416666666666668,True,
GCF_000016125.1,112,96,114,DM_atp_c0,22,15,optimal,0.0,False,
GCF_000015965.1,118,105,77,DM_atp_c0,22,15,optimal,0.0,False,
GCF_000015985.1,162,176,220,DM_atp_c0,26,17,optimal,6.437500000000004,True,
GCF_000016005.1,163,189,302,DM_atp_c0,26,19,optimal,12.465909090909047,True,
GCF_000016045.1,175,207,282,DM_atp_c0,32,21,optimal,17.12499999999999,True,
GCF_000016505.1,134,130,139,DM_atp_c0,22,15,optimal,3.0,True,
GCF_000016525.1,119,91,90,DM_atp_c0,21,14,optimal,0.9999999999999998,True,
GCF_000016545.1,124,113,100,DM_atp_c0,23,16,optimal,5.250000000000003,True,
GCF_000016565.1,163,184,214,DM_atp_c0,27,20,optimal,13.0625,True,
GCF_000016585.1,169,189,203,DM_atp_c0,31,22,optimal,12.249999999999972,True,
GCF_000016605.1,138,128,120,DM_atp_c0,23,16,optimal,0.0,False,
GCF_000016625.1,98,83,64,DM_atp_c0,19,12,optimal,3.8,True,
GCF_000016645.1,157,168,174,DM_atp_c0,27,20,optimal,8.374999999999996,True,
GCF_000016425.1,148,151,195,DM_atp_c0,25,18,optimal,7.1640625000000036,True,
GCF_000016445.1,169,191,205,DM_atp_c0,28,19,optimal,14.874999999999998,True,
GCF_000016465.1,141,152,113,DM_atp_c0,30,19,optimal,9.5,True,
GCF_000016485.1,141,149,102,DM_atp_c0,31,20,optimal,9.749999999999996,True,
GCF_000016145.1,154,173,203,DM_atp_c0,25,18,optimal,7.375000000000001,True,
GCF_000016165.1,152,166,180,DM_atp_c0,28,21,optimal,14.922839506172842,True,
GCF_000016185.1,157,173,182,DM_atp_c0,26,19,optimal,9.041666666666666,True,
GCF_000016245.1,168,188,194,DM_atp_c0,30,21,optimal,11.499999999999993,True,
GCF_000016985.1,149,144,180,DM_atp_c0,27,18,optimal,2.249999999999999,True,
GCF_000017005.1,116,112,95,DM_atp_c0,23,16,optimal,4.0000000000000036,True,
GCF_000017025.1,132,132,139,DM_atp_c0,25,18,optimal,3.9999999999999973,True,
GCF_000017045.1,131,131,137,DM_atp_c0,25,18,optimal,3.9999999999999973,True,
GCF_000016345.1,148,158,138,DM_atp_c0,24,17,optimal,5.855769230769232,True,
GCF_000016365.1,161,182,256,DM_atp_c0,26,19,optimal,12.4659090909091,True,
GCF_000016385.1,129,128,140,DM_atp_c0,24,15,optimal,0.0,False,
GCF_000016405.1,168,189,222,DM_atp_c0,29,20,optimal,8.374999999999996,True,
GCF_000016665.1,148,152,175,DM_atp_c0,25,18,optimal,3.750000000000002,True,
GCF_000016685.1,165,180,141,DM_atp_c0,32,21,optimal,11.666666666666664,True,
GCF_000016705.1,98,88,80,DM_atp_c0,21,14,optimal,1.0,True,
GCF_000016725.1,164,178,190,DM_atp_c0,26,19,optimal,10.375000000000025,True,
GCF_000016745.1,149,151,202,DM_atp_c0,26,19,optimal,7.374999999999994,True,
GCF_000016765.1,160,181,258,DM_atp_c0,27,20,optimal,10.08653846153846,True,
GCF_000016785.1,119,112,108,DM_atp_c0,21,14,optimal,0.0,False,
GCF_000016805.1,148,173,159,DM_atp_c0,26,19,optimal,12.249999999999995,True,
GCF_000016905.1,112,103,95,DM_atp_c0,21,14,optimal,0.0,False,
GCF_000016925.1,154,173,207,DM_atp_c0,25,18,optimal,7.375000000000001,True,
GCF_000016945.1,169,192,208,DM_atp_c0,28,19,optimal,14.874999999999998,True,
GCF_000016965.1,145,151,205,DM_atp_c0,26,19,optimal,6.375000000000002,True,
GCF_000016825.1,127,121,97,DM_atp_c0,24,17,optimal,3.4999999999999996,True,
GCF_000016845.1,160,179,170,DM_atp_c0,25,18,optimal,8.041666666666673,True,
GCF_000016865.1,165,194,242,DM_atp_c0,28,21,optimal,10.125000000000004,True,
GCF_000016885.1,155,168,155,DM_atp_c0,28,19,optimal,7.590909090909091,True,
GCF_000017065.1,135,134,147,DM_atp_c0,25,18,optimal,3.9999999999999973,True,
GCF_000017085.1,148,173,155,DM_atp_c0,26,19,optimal,12.249999999999995,True,
GCF_000017105.1,138,130,100,DM_atp_c0,22,15,optimal,4.15,True,
GCF_000017125.1,148,173,159,DM_atp_c0,26,19,optimal,12.249999999999995,True,
GCF_000016265.1,165,194,230,DM_atp_c0,26,19,optimal,8.788461538461492,True,
GCF_000016285.1,160,182,204,DM_atp_c0,27,20,optimal,7.721153846153846,True,
GCF_000016305.1,175,213,303,DM_atp_c0,31,22,optimal,17.124999999999996,True,
GCF_000016325.1,173,204,258,DM_atp_c0,30,21,optimal,15.874999999999993,True,
GCF_000017145.1,164,192,261,DM_atp_c0,25,18,optimal,7.374999999999999,True,
GCF_000017165.1,115,97,111,DM_atp_c0,22,15,optimal,0.0,False,
GCF_000017185.1,115,99,104,DM_atp_c0,24,17,optimal,1.5000000000000007,True,
GCF_000017205.1,171,205,265,DM_atp_c0,28,21,optimal,14.437499999999975,True,
GCF_000017565.1,150,158,188,DM_atp_c0,23,16,optimal,5.437499999999996,True,
GCF_000017585.1,122,120,106,DM_atp_c0,24,17,optimal,3.6249999999999982,True,
GCF_000017605.1,143,149,156,DM_atp_c0,26,19,optimal,8.624999999999998,True,
GCF_000017625.1,121,99,117,DM_atp_c0,23,16,optimal,0.0,False,
GCF_000017225.1,117,97,110,DM_atp_c0,22,15,optimal,0.0,False,
GCF_000017245.1,156,166,153,DM_atp_c0,32,21,optimal,10.250000000000009,True,
GCF_000017265.1,164,184,215,DM_atp_c0,25,18,optimal,8.375000000000009,True,
GCF_000017285.1,162,183,190,DM_atp_c0,27,20,optimal,10.727272727272705,True,
GCF_000018425.1,117,113,124,DM_atp_c0,24,15,optimal,1.0000000000000002,True,
GCF_000018445.1,163,182,188,DM_atp_c0,27,20,optimal,7.732142857142856,True,
GCF_000018465.1,112,96,80,DM_atp_c0,20,13,optimal,0.0,False,
GCF_000018485.1,112,96,111,DM_atp_c0,22,15,optimal,0.0,False,
GCF_000017465.2,133,135,120,DM_atp_c0,29,18,optimal,4.999999999999999,True,
GCF_000017485.1,129,130,112,DM_atp_c0,25,18,optimal,4.749999999999999,True,
GCF_000017505.1,164,178,240,DM_atp_c0,27,20,optimal,11.465909090909097,True,
GCF_000017545.1,124,113,100,DM_atp_c0,21,14,optimal,0.0,False,
GCF_000018185.1,118,107,86,DM_atp_c0,23,16,optimal,2.000000000000001,True,
GCF_000018205.1,115,96,71,DM_atp_c0,20,13,optimal,4.53125,True,
GCF_000018225.1,98,83,66,DM_atp_c0,19,12,optimal,3.8,True,
GCF_000018245.1,106,90,67,DM_atp_c0,20,13,optimal,4.531250000000001,True,
GCF_000017305.1,153,170,157,DM_atp_c0,27,20,optimal,10.607142857142858,True,
GCF_000017325.1,168,187,194,DM_atp_c0,29,20,optimal,10.000000000000002,True,
GCF_000017405.1,166,194,221,DM_atp_c0,27,20,optimal,9.874999999999993,True,
GCF_000017425.1,158,181,179,DM_atp_c0,28,21,optimal,15.625000000000021,True,
GCF_000017805.1,148,153,176,DM_atp_c0,26,19,optimal,2.593749999999997,True,
GCF_000017845.1,141,148,164,DM_atp_c0,25,18,optimal,5.204545454545457,True,
GCF_000017865.1,120,112,114,DM_atp_c0,21,14,optimal,0.0,False,
GCF_000017885.4,162,180,167,DM_atp_c0,28,21,optimal,10.499999999999979,True,
GCF_000017905.1,130,133,113,DM_atp_c0,28,19,optimal,4.999999999999996,True,
GCF_000017945.1,116,102,65,DM_atp_c0,22,15,optimal,0.0,False,
GCF_000017965.1,151,154,155,DM_atp_c0,25,18,optimal,2.7500000000000004,True,
GCF_000017985.1,180,213,275,DM_atp_c0,32,21,optimal,17.124999999999996,True,
GCF_000017645.1,176,192,259,DM_atp_c0,25,18,optimal,8.374999999999996,True,
GCF_000017665.1,173,205,239,DM_atp_c0,31,22,optimal,17.12499999999999,True,
GCF_000017685.1,143,149,157,DM_atp_c0,26,19,optimal,8.624999999999998,True,
GCF_000017705.1,173,195,221,DM_atp_c0,31,20,optimal,14.000000000000007,True,
GCF_000017725.2,127,124,113,DM_atp_c0,24,17,optimal,3.624999999999998,True,
GCF_000017745.1,180,213,275,DM_atp_c0,32,21,optimal,17.124999999999996,True,
GCF_000017765.1,180,214,279,DM_atp_c0,32,21,optimal,17.124999999999996,True,
GCF_000017785.1,131,132,117,DM_atp_c0,23,16,optimal,5.416666666666665,True,
GCF_000018085.1,175,209,267,DM_atp_c0,32,21,optimal,17.12499999999999,True,
GCF_000018105.1,153,167,188,DM_atp_c0,25,18,optimal,10.625000000000002,True,
GCF_000018125.1,116,112,89,DM_atp_c0,24,17,optimal,4.0000000000000036,True,
GCF_000018145.1,165,187,212,DM_atp_c0,26,19,optimal,10.303571428571425,True,
GCF_000018265.1,152,160,201,DM_atp_c0,26,19,optimal,12.421875000000009,True,
GCF_000018285.1,166,187,208,DM_atp_c0,31,20,optimal,11.37499999999998,True,
GCF_000018305.1,143,126,102,DM_atp_c0,22,15,optimal,0.0,False,
GCF_000018325.1,121,111,114,DM_atp_c0,21,14,optimal,0.0,False,
GCF_000018005.1,160,171,247,DM_atp_c0,26,19,optimal,9.425,True,
GCF_000018025.1,167,192,235,DM_atp_c0,31,20,optimal,11.423076923076936,True,
GCF_000018045.1,177,211,293,DM_atp_c0,32,21,optimal,17.187499999999996,True,
GCF_000018065.1,116,104,76,DM_atp_c0,22,15,optimal,0.0,False,
GCF_000018965.1,114,106,102,DM_atp_c0,23,16,optimal,3.9999999999999973,True,
GCF_000018985.1,114,105,94,DM_atp_c0,23,16,optimal,3.9999999999999973,True,
GCF_000019005.1,114,107,99,DM_atp_c0,23,16,optimal,3.9999999999999973,True,
GCF_000019025.1,114,107,98,DM_atp_c0,23,16,optimal,3.9999999999999973,True,
GCF_000018345.1,158,183,266,DM_atp_c0,25,18,optimal,8.374999999999993,True,
GCF_000018365.1,97,86,82,DM_atp_c0,21,14,optimal,0.9999999999999997,True,
GCF_000018385.1,169,197,272,DM_atp_c0,30,21,optimal,17.124999999999993,True,
GCF_000018405.1,146,140,176,DM_atp_c0,25,16,optimal,3.9999999999999964,True,
GCF_000018505.1,170,194,265,DM_atp_c0,27,20,optimal,12.500000000000004,True,
GCF_000018525.1,157,180,179,DM_atp_c0,24,17,optimal,5.791666666666666,True,
GCF_000018545.1,161,187,272,DM_atp_c0,26,19,optimal,11.14772727272728,True,
GCF_000018605.1,127,115,119,DM_atp_c0,21,14,optimal,0.0,False,
GCF_000018725.1,158,182,178,DM_atp_c0,25,18,optimal,8.041666666666666,True,
GCF_000018745.1,140,129,102,DM_atp_c0,22,15,optimal,4.150000000000001,True,
GCF_000018765.1,170,189,196,DM_atp_c0,31,20,optimal,10.000000000000002,True,
GCF_000018785.1,117,105,70,DM_atp_c0,23,16,optimal,2.000000000000001,True,
GCF_000019045.1,148,161,147,DM_atp_c0,24,17,optimal,8.749999999999998,True,
GCF_000019065.1,127,120,104,DM_atp_c0,23,16,optimal,0.9999999999999998,True,
GCF_000019085.1,128,121,96,DM_atp_c0,23,16,optimal,0.9999999999999998,True,
GCF_000019125.1,165,192,243,DM_atp_c0,28,21,optimal,9.624999999999996,True,
GCF_000018625.1,176,208,267,DM_atp_c0,33,22,optimal,13.125000000000018,True,
GCF_000018665.1,166,191,245,DM_atp_c0,28,21,optimal,12.499999999999995,True,
GCF_000018685.1,139,141,158,DM_atp_c0,26,19,optimal,5.250000000000001,True,
GCF_000018705.1,175,206,284,DM_atp_c0,32,21,optimal,17.124999999999993,True,
GCF_000019225.1,153,163,139,DM_atp_c0,25,18,optimal,5.391666666666662,True,
GCF_000019245.4,132,135,148,DM_atp_c0,24,17,optimal,7.999999999999998,True,
GCF_000019265.1,113,103,94,DM_atp_c0,23,16,optimal,4.000000000000006,True,
GCF_000019285.1,134,133,117,DM_atp_c0,24,17,optimal,5.999999999999999,True,
GCF_000018805.1,169,189,199,DM_atp_c0,28,19,optimal,14.874999999999998,True,
GCF_000018825.1,165,192,214,DM_atp_c0,28,21,optimal,16.125000000000007,True,
GCF_000018845.1,174,194,193,DM_atp_c0,27,20,optimal,8.625000000000005,True,
GCF_000018865.1,148,148,169,DM_atp_c0,23,16,optimal,0.4999999999999999,True,
GCF_000019145.1,160,176,215,DM_atp_c0,26,19,optimal,11.017857142857153,True,
GCF_000019165.1,134,140,128,DM_atp_c0,24,17,optimal,6.75,True,
GCF_000019185.1,169,190,230,DM_atp_c0,31,20,optimal,9.999999999999996,True,
GCF_000019205.1,123,116,97,DM_atp_c0,25,18,optimal,2.125000000000001,True,
GCF_000018885.1,146,146,116,DM_atp_c0,25,18,optimal,6.000000000000016,True,
GCF_000018905.1,159,180,179,DM_atp_c0,24,17,optimal,5.791666666666666,True,
GCF_000018925.1,128,125,113,DM_atp_c0,22,15,optimal,5.374999999999998,True,
GCF_000018945.1,120,113,118,DM_atp_c0,22,15,optimal,0.0,False,
GCF_000019305.1,135,135,149,DM_atp_c0,25,18,optimal,3.9999999999999973,True,
GCF_000019325.1,131,127,108,DM_atp_c0,23,16,optimal,6.083333333333311,True,
GCF_000019345.1,82,72,40,DM_atp_c0,21,14,optimal,0.0,False,
GCF_000019365.1,173,197,275,DM_atp_c0,26,19,optimal,8.375000000000005,True,
GCF_000019705.1,93,81,35,DM_atp_c0,22,15,optimal,0.0,False,
GCF_000019725.1,176,198,244,DM_atp_c0,28,21,optimal,11.025,True,
GCF_000019745.1,130,116,96,DM_atp_c0,22,15,optimal,3.799999999999999,True,
GCF_000019765.1,131,127,108,DM_atp_c0,23,16,optimal,6.083333333333311,True,
GCF_000019625.1,120,115,115,DM_atp_c0,22,15,optimal,2.000000000000001,True,
GCF_000019645.1,180,213,292,DM_atp_c0,32,21,optimal,17.124999999999996,True,
GCF_000019665.1,131,140,128,DM_atp_c0,24,17,optimal,10.897727272727272,True,
GCF_000019685.1,102,90,47,DM_atp_c0,22,15,optimal,0.0,False,
GCF_000019545.1,132,134,148,DM_atp_c0,25,18,optimal,3.9999999999999973,True,
GCF_000019565.1,174,208,304,DM_atp_c0,31,22,optimal,17.12499999999999,True,
GCF_000019585.2,150,153,153,DM_atp_c0,23,16,optimal,6.020833333333333,True,
GCF_000019605.1,122,110,89,DM_atp_c0,22,15,optimal,1.0,True,
GCF_000019785.1,173,187,239,DM_atp_c0,26,19,optimal,12.017857142857133,True,
GCF_000019805.1,117,103,102,DM_atp_c0,19,12,optimal,0.0,False,
GCF_000019825.1,114,105,87,DM_atp_c0,23,16,optimal,1.0000000000000002,True,
GCF_000019845.1,163,188,194,DM_atp_c0,28,21,optimal,14.187499999999996,True,
GCF_000019465.1,169,192,207,DM_atp_c0,28,19,optimal,14.874999999999998,True,
GCF_000019485.1,132,130,118,DM_atp_c0,25,18,optimal,2.375000000000001,True,
GCF_000019505.1,169,199,267,DM_atp_c0,28,21,optimal,12.875,True,
GCF_000019525.1,164,191,212,DM_atp_c0,30,19,optimal,12.740384615384613,True,
GCF_000019865.1,140,128,100,DM_atp_c0,22,15,optimal,4.149999999999999,True,
GCF_000019885.1,136,126,98,DM_atp_c0,21,14,optimal,4.150000000000001,True,
GCF_000019905.1,152,161,129,DM_atp_c0,25,18,optimal,7.999999999999985,True,
GCF_000019925.1,176,203,274,DM_atp_c0,30,21,optimal,12.232142857142867,True,
GCF_000019945.1,178,194,208,DM_atp_c0,28,21,optimal,11.346153846153852,True,
GCF_000019965.1,145,142,169,DM_atp_c0,24,17,optimal,4.549999999999993,True,
GCF_000019985.1,114,106,92,DM_atp_c0,23,16,optimal,3.9999999999999973,True,
GCF_000020005.1,129,127,131,DM_atp_c0,23,16,optimal,3.0000000000000018,True,
GCF_000019385.1,181,215,280,DM_atp_c0,32,21,optimal,17.124999999999996,True,
GCF_000019405.1,158,155,120,DM_atp_c0,28,19,optimal,8.875000000000002,True,
GCF_000019425.1,179,213,272,DM_atp_c0,32,21,optimal,17.124999999999996,True,
GCF_000019445.1,165,192,239,DM_atp_c0,28,21,optimal,9.625000000000002,True,
GCF_000020105.1,139,141,121,DM_atp_c0,23,16,optimal,6.250000000000007,True,
GCF_000020125.1,170,200,289,DM_atp_c0,29,22,optimal,14.8125,True,
GCF_000020145.1,108,98,63,DM_atp_c0,23,16,optimal,3.0000000000000013,True,
GCF_000020165.1,134,135,128,DM_atp_c0,25,18,optimal,4.0,True,
GCF_000020265.1,161,187,227,DM_atp_c0,26,19,optimal,9.826923076923082,True,
GCF_000020285.1,133,134,122,DM_atp_c0,25,18,optimal,3.9999999999999982,True,
GCF_000020305.1,114,97,73,DM_atp_c0,19,12,optimal,0.0,False,
GCF_000020325.1,122,119,108,DM_atp_c0,23,16,optimal,2.0,True,
GCF_000020025.1,157,157,173,DM_atp_c0,26,19,optimal,3.675,True,
GCF_000020045.1,181,207,341,DM_atp_c0,30,21,optimal,13.437500000000005,True,
GCF_000020065.1,85,74,78,DM_atp_c0,21,14,optimal,0.0,False,
GCF_000020085.1,169,192,205,DM_atp_c0,28,19,optimal,14.874999999999998,True,
GCF_000020505.1,138,134,134,DM_atp_c0,24,17,optimal,6.750000000000001,True,
GCF_000020525.1,132,128,143,DM_atp_c0,23,16,optimal,6.000000000000001,True,
GCF_000020545.1,145,140,140,DM_atp_c0,25,18,optimal,8.958333333333321,True,
GCF_000020565.1,84,69,44,DM_atp_c0,20,13,optimal,0.0,False,
GCF_000020185.1,177,206,241,DM_atp_c0,31,20,optimal,15.874999999999993,True,
GCF_000020205.1,173,192,248,DM_atp_c0,27,20,optimal,10.660714285714285,True,
GCF_000020225.1,128,124,104,DM_atp_c0,24,17,optimal,7.270833333333326,True,
GCF_000020245.1,128,120,96,DM_atp_c0,27,20,optimal,2.5000000000000058,True,
GCF_000020425.1,115,111,97,DM_atp_c0,23,16,optimal,3.4999999999999996,True,
GCF_000020445.1,160,189,236,DM_atp_c0,26,19,optimal,9.375000000000004,True,
GCF_000020465.1,143,141,145,DM_atp_c0,25,18,optimal,8.424999999999999,True,
GCF_000020485.1,130,117,109,DM_atp_c0,22,15,optimal,2.9999999999999996,True,
GCF_000020585.3,163,179,178,DM_atp_c0,27,20,optimal,10.499999999999988,True,
GCF_000020605.1,122,114,117,DM_atp_c0,22,15,optimal,3.0000000000000004,True,
GCF_000020625.1,136,130,136,DM_atp_c0,22,15,optimal,5.999999999999997,True,
GCF_000020645.1,132,129,130,DM_atp_c0,22,15,optimal,9.854166666666684,True,
GCF_000020345.1,134,134,142,DM_atp_c0,25,18,optimal,4.0,True,
GCF_000020365.1,159,168,270,DM_atp_c0,27,20,optimal,11.549999999999986,True,
GCF_000020385.1,149,157,162,DM_atp_c0,26,19,optimal,9.812499999999996,True,
GCF_000020405.1,164,179,139,DM_atp_c0,31,20,optimal,10.583333333333329,True,
GCF_000020925.1,175,206,279,DM_atp_c0,32,21,optimal,17.12499999999999,True,
GCF_000020945.1,103,95,75,DM_atp_c0,22,15,optimal,2.000000000000001,True,
GCF_000020965.1,122,113,82,DM_atp_c0,24,17,optimal,2.5833333333333335,True,
GCF_000020985.1,124,118,127,DM_atp_c0,22,15,optimal,5.75,True,
GCF_000020745.1,175,207,277,DM_atp_c0,32,21,optimal,17.12499999999999,True,
GCF_000020765.1,112,104,95,DM_atp_c0,23,16,optimal,1.9999999999999987,True,
GCF_000020785.1,121,119,119,DM_atp_c0,22,15,optimal,3.7916666666666705,True,
GCF_000020805.1,162,176,221,DM_atp_c0,26,19,optimal,11.46590909090909,True,
GCF_000021085.1,109,94,77,DM_atp_c0,22,15,optimal,5.749999999999998,True,
GCF_000021125.1,178,210,270,DM_atp_c0,32,21,optimal,17.124999999999996,True,
GCF_000021165.1,124,117,94,DM_atp_c0,27,20,optimal,2.4999999999999964,True,
GCF_000021185.1,137,142,157,DM_atp_c0,25,18,optimal,7.999999999999998,True,
GCF_000020825.1,130,124,147,DM_atp_c0,22,15,optimal,4.7499999999999964,True,
GCF_000020865.1,161,186,221,DM_atp_c0,31,20,optimal,12.625,True,
GCF_000020885.1,176,208,280,DM_atp_c0,32,21,optimal,17.12499999999999,True,
GCF_000020905.1,95,85,64,DM_atp_c0,21,14,optimal,0.0,False,
GCF_000021645.1,121,112,79,DM_atp_c0,23,16,optimal,0.0,False,
GCF_000021665.1,168,187,194,DM_atp_c0,29,20,optimal,10.000000000000002,True,
GCF_000021685.1,137,139,136,DM_atp_c0,22,15,optimal,0.5000000000000001,True,
GCF_000021725.1,119,117,111,DM_atp_c0,25,18,optimal,7.374999999999999,True,
GCF_000021005.1,165,180,228,DM_atp_c0,26,17,optimal,6.437500000000003,True,
GCF_000021025.1,160,160,175,DM_atp_c0,28,19,optimal,7.375,True,
GCF_000021045.1,172,199,270,DM_atp_c0,29,22,optimal,14.812500000000039,True,
GCF_000021065.1,109,94,77,DM_atp_c0,22,15,optimal,5.749999999999998,True,
GCF_000021365.1,154,178,184,DM_atp_c0,26,19,optimal,8.375000000000012,True,
GCF_000021385.1,140,138,173,DM_atp_c0,27,18,optimal,9.759259259259252,True,
GCF_000021405.1,96,87,38,DM_atp_c0,22,15,optimal,0.0,False,
GCF_000021425.1,110,102,81,DM_atp_c0,22,15,optimal,1.0,True,
GCF_000021445.1,167,193,217,DM_atp_c0,29,22,optimal,16.12499999999995,True,
GCF_000021465.1,127,119,99,DM_atp_c0,27,20,optimal,2.4999999999999964,True,
GCF_000021485.1,131,126,145,DM_atp_c0,22,15,optimal,6.2500000000000036,True,
GCF_000021525.1,108,87,70,DM_atp_c0,20,13,optimal,1.5000000000000002,True,
GCF_000021205.1,164,193,210,DM_atp_c0,29,22,optimal,16.125000000000036,True,
GCF_000021225.1,164,195,216,DM_atp_c0,29,22,optimal,16.124999999999996,True,
GCF_000021245.2,163,182,182,DM_atp_c0,27,20,optimal,7.732142857142856,True,
GCF_000021265.1,82,72,41,DM_atp_c0,21,14,optimal,0.0,False,
GCF_000020665.1,157,180,176,DM_atp_c0,27,20,optimal,8.04166666666667,True,
GCF_000020685.1,155,168,148,DM_atp_c0,27,20,optimal,3.5000000000000053,True,
GCF_000020705.1,177,209,283,DM_atp_c0,32,21,optimal,17.12499999999999,True,
GCF_000020725.1,155,156,222,DM_atp_c0,24,17,optimal,6.999999999999999,True,
GCF_000021285.1,114,104,93,DM_atp_c0,21,14,optimal,0.0,False,
GCF_000021305.1,164,192,205,DM_atp_c0,29,22,optimal,16.125000000000036,True,
GCF_000021325.1,157,173,182,DM_atp_c0,26,19,optimal,8.250000000000002,True,
GCF_000021345.1,162,188,242,DM_atp_c0,27,18,optimal,5.8557692307692335,True,
GCF_000021545.1,123,118,106,DM_atp_c0,23,16,optimal,3.8749999999999987,True,
GCF_000021565.1,122,122,118,DM_atp_c0,23,16,optimal,2.000000000000001,True,
GCF_000021605.1,168,188,194,DM_atp_c0,30,21,optimal,11.499999999999993,True,
GCF_000021625.1,168,188,194,DM_atp_c0,30,21,optimal,11.499999999999993,True,
GCF_000022385.1,135,125,133,DM_atp_c0,22,15,optimal,0.0,False,
GCF_000022405.1,140,132,131,DM_atp_c0,25,18,optimal,0.0,False,
GCF_000022425.1,140,134,139,DM_atp_c0,25,18,optimal,0.0,False,
GCF_000022445.1,136,124,130,DM_atp_c0,23,16,optimal,0.0,False,
GCF_000021825.1,154,158,174,DM_atp_c0,26,19,optimal,11.500000000000012,True,
GCF_000021845.1,174,194,209,DM_atp_c0,27,20,optimal,8.625000000000005,True,
GCF_000021865.1,160,173,186,DM_atp_c0,26,17,optimal,7.749999999999997,True,
GCF_000021885.1,157,159,118,DM_atp_c0,27,18,optimal,9.000000000000002,True,
GCF_000021905.1,154,161,241,DM_atp_c0,28,19,optimal,9.249999999999995,True,
GCF_000021925.1,158,169,298,DM_atp_c0,30,19,optimal,6.575000000000013,True,
GCF_000021945.1,147,149,165,DM_atp_c0,24,17,optimal,0.5000000000000001,True,
GCF_000021965.1,119,100,121,DM_atp_c0,23,16,optimal,0.0,False,
GCF_000021985.1,141,142,158,DM_atp_c0,24,17,optimal,4.250000000000004,True,
GCF_000022005.1,157,163,175,DM_atp_c0,25,18,optimal,7.624999999999998,True,
GCF_000022025.1,153,176,191,DM_atp_c0,27,20,optimal,11.812499999999964,True,
GCF_000022045.1,146,148,151,DM_atp_c0,24,17,optimal,6.8068181818181746,True,
GCF_000021745.1,172,183,201,DM_atp_c0,26,19,optimal,8.375000000000002,True,
GCF_000021765.1,168,190,248,DM_atp_c0,31,20,optimal,8.374999999999995,True,
GCF_000021785.1,167,194,222,DM_atp_c0,29,22,optimal,16.12499999999995,True,
GCF_000021805.1,138,143,139,DM_atp_c0,24,17,optimal,2.738636363636364,True,
GCF_000022065.1,120,111,92,DM_atp_c0,21,14,optimal,1.0,True,
GCF_000022085.1,180,201,305,DM_atp_c0,27,20,optimal,8.625,True,
GCF_000022105.1,125,120,107,DM_atp_c0,23,16,optimal,4.000000000000001,True,
GCF_000022125.1,143,146,169,DM_atp_c0,28,19,optimal,10.749999999999998,True,
GCF_000022545.1,102,94,86,DM_atp_c0,21,14,optimal,1.0,True,
GCF_000022565.1,142,147,157,DM_atp_c0,24,17,optimal,8.000000000000023,True,
GCF_000022585.1,166,188,194,DM_atp_c0,30,21,optimal,11.500000000000004,True,
GCF_000022605.2,111,97,64,DM_atp_c0,22,15,optimal,0.0,False,
GCF_000022465.1,136,127,133,DM_atp_c0,23,16,optimal,0.0,False,
GCF_000022485.1,136,127,135,DM_atp_c0,23,16,optimal,0.0,False,
GCF_000022505.1,166,192,219,DM_atp_c0,29,22,optimal,16.12499999999999,True,
GCF_000022525.1,103,92,68,DM_atp_c0,19,12,optimal,0.0,False,
GCF_000022705.1,110,104,82,DM_atp_c0,22,15,optimal,1.0,True,
GCF_000022725.1,121,122,105,DM_atp_c0,23,16,optimal,5.6875000000000036,True,
GCF_000022745.1,160,184,182,DM_atp_c0,25,18,optimal,7.437499999999998,True,
GCF_000022765.1,132,133,141,DM_atp_c0,25,18,optimal,3.9999999999999973,True,
GCF_000022145.1,162,177,221,DM_atp_c0,26,19,optimal,11.465909090909072,True,
GCF_000022165.1,177,209,285,DM_atp_c0,32,21,optimal,17.12499999999999,True,
GCF_000022185.1,148,147,167,DM_atp_c0,23,16,optimal,0.4999999999999999,True,
GCF_000022205.1,143,153,147,DM_atp_c0,25,18,optimal,0.0,False,
GCF_000022305.1,162,186,214,DM_atp_c0,26,19,optimal,13.062499999999952,True,
GCF_000022325.1,123,112,94,DM_atp_c0,23,16,optimal,5.249999999999997,True,
GCF_000022345.1,177,212,266,DM_atp_c0,32,21,optimal,17.124999999999996,True,
GCF_000022365.1,107,96,88,DM_atp_c0,20,13,optimal,1.0,True,
GCF_000022965.1,110,104,83,DM_atp_c0,22,15,optimal,1.0,True,
GCF_000022985.1,147,153,122,DM_atp_c0,29,20,optimal,11.500000000000007,True,
GCF_000023005.1,110,90,71,DM_atp_c0,19,12,optimal,3.8,True,
GCF_000023025.1,160,163,157,DM_atp_c0,26,19,optimal,8.000000000000002,True,
GCF_000022225.1,178,210,270,DM_atp_c0,32,21,optimal,17.124999999999996,True,
GCF_000022245.1,174,202,242,DM_atp_c0,31,20,optimal,16.124999999999993,True,
GCF_000022265.1,146,146,198,DM_atp_c0,23,16,optimal,7.249999999999998,True,
GCF_000022285.1,107,97,74,DM_atp_c0,20,13,optimal,3.800000000000002,True,
GCF_000022785.1,114,94,67,DM_atp_c0,19,12,optimal,4.53125,True,
GCF_000022805.1,167,186,202,DM_atp_c0,28,19,optimal,14.874999999999998,True,
GCF_000022825.1,164,180,188,DM_atp_c0,28,19,optimal,14.208333333333332,True,
GCF_000022845.1,167,189,204,DM_atp_c0,28,19,optimal,14.874999999999998,True,
GCF_000022865.1,166,192,216,DM_atp_c0,28,21,optimal,16.124999999999964,True,
GCF_000022885.2,162,189,213,DM_atp_c0,31,20,optimal,12.624999999999996,True,
GCF_000022905.1,153,157,128,DM_atp_c0,27,20,optimal,4.25,True,
GCF_000022925.1,137,142,161,DM_atp_c0,25,18,optimal,7.999999999999998,True,
GCF_000022625.1,159,181,175,DM_atp_c0,24,17,optimal,8.041666666666602,True,
GCF_000022645.2,170,192,244,DM_atp_c0,28,21,optimal,12.23214285714289,True,
GCF_000022665.1,180,212,274,DM_atp_c0,32,21,optimal,17.125,True,
GCF_000022685.1,174,194,226,DM_atp_c0,27,20,optimal,8.625000000000005,True,
GCF_000023225.1,143,150,174,DM_atp_c0,29,20,optimal,10.14999999999999,True,
GCF_000023245.1,160,172,232,DM_atp_c0,27,20,optimal,11.374999999999993,True,
GCF_000023265.1,132,135,129,DM_atp_c0,22,15,optimal,4.035714285714287,True,
GCF_000023285.1,124,122,78,DM_atp_c0,24,17,optimal,3.7499999999999996,True,
GCF_000023125.1,154,162,171,DM_atp_c0,28,21,optimal,7.916666666666666,True,
GCF_000023145.1,151,150,122,DM_atp_c0,26,19,optimal,3.2499999999999987,True,
GCF_000023185.1,164,189,247,DM_atp_c0,26,19,optimal,9.038461538461542,True,
GCF_000023205.1,147,153,121,DM_atp_c0,25,18,optimal,3.999999999999999,True,
GCF_000023705.1,139,140,140,DM_atp_c0,24,17,optimal,6.44318181818181,True,
GCF_000023725.1,139,133,115,DM_atp_c0,23,16,optimal,5.000000000000006,True,
GCF_000023745.1,140,138,131,DM_atp_c0,24,17,optimal,6.443181818181819,True,
GCF_000023765.2,112,101,78,DM_atp_c0,22,15,optimal,3.968750000000001,True,
GCF_000023305.1,133,134,118,DM_atp_c0,23,16,optimal,5.416666666666668,True,
GCF_000023325.1,120,115,115,DM_atp_c0,21,14,optimal,0.0,False,
GCF_000023345.1,173,195,279,DM_atp_c0,27,20,optimal,13.06250000000002,True,
GCF_000023365.1,179,213,274,DM_atp_c0,32,21,optimal,17.124999999999996,True,
GCF_000023785.1,152,159,154,DM_atp_c0,25,18,optimal,6.375000000000006,True,
GCF_000023805.1,125,116,94,DM_atp_c0,27,20,optimal,2.500000000000001,True,
GCF_000023825.1,151,152,163,DM_atp_c0,26,19,optimal,6.000000000000001,True,
GCF_000023845.1,120,110,86,DM_atp_c0,25,16,optimal,4.999999999999999,True,
GCF_000023385.1,155,175,156,DM_atp_c0,27,20,optimal,12.124999999999996,True,
GCF_000023405.1,158,176,151,DM_atp_c0,28,21,optimal,12.068181818181824,True,
GCF_000023425.1,173,193,245,DM_atp_c0,27,20,optimal,11.017857142857135,True,
GCF_000023445.1,144,155,200,DM_atp_c0,29,22,optimal,15.026234567901234,True,
GCF_000024185.1,125,103,89,DM_atp_c0,24,17,optimal,1.0,True,
GCF_000024205.1,136,122,132,DM_atp_c0,22,15,optimal,0.0,False,
GCF_000024225.1,114,106,75,DM_atp_c0,24,17,optimal,5.0,True,
GCF_000024245.1,130,123,96,DM_atp_c0,23,16,optimal,3.4999999999999987,True,
GCF_000023865.1,157,168,185,DM_atp_c0,29,22,optimal,9.028846153846159,True,
GCF_000023885.1,141,142,159,DM_atp_c0,28,19,optimal,5.0,True,
GCF_000023905.1,122,110,92,DM_atp_c0,23,16,optimal,2.999999999999999,True,
GCF_000023925.1,145,148,130,DM_atp_c0,23,16,optimal,5.999999999999991,True,
GCF_000023945.1,145,145,128,DM_atp_c0,24,17,optimal,0.0,False,
GCF_000023965.1,145,153,131,DM_atp_c0,28,17,optimal,0.9999999999999996,True,
GCF_000023985.1,107,92,84,DM_atp_c0,21,14,optimal,1.0000000000000002,True,
GCF_000024005.1,166,180,215,DM_atp_c0,27,20,optimal,9.7159090909091,True,
GCF_000023465.1,150,160,162,DM_atp_c0,25,18,optimal,4.916666666666669,True,
GCF_000023545.1,177,202,231,DM_atp_c0,29,20,optimal,17.124999999999996,True,
GCF_000023565.1,172,196,219,DM_atp_c0,27,20,optimal,17.124999999999996,True,
GCF_000023585.1,158,174,193,DM_atp_c0,25,18,optimal,7.708333333333338,True,
GCF_000024105.1,133,124,87,DM_atp_c0,26,19,optimal,0.0,False,
GCF_000024125.1,143,148,130,DM_atp_c0,24,17,optimal,4.624999999999994,True,
GCF_000024145.1,112,99,48,DM_atp_c0,24,17,optimal,0.0,False,
GCF_000024165.1,167,176,241,DM_atp_c0,28,21,optimal,8.375000000000007,True,
GCF_000023045.1,149,165,138,DM_atp_c0,27,20,optimal,11.999999999999984,True,
GCF_000023065.1,156,178,219,DM_atp_c0,27,20,optimal,16.374999999999986,True,
GCF_000023085.1,133,138,137,DM_atp_c0,27,20,optimal,9.500000000000004,True,
GCF_000023105.1,150,167,164,DM_atp_c0,26,19,optimal,12.10227272727273,True,
GCF_000023605.1,173,203,240,DM_atp_c0,28,21,optimal,17.124999999999993,True,
GCF_000023625.1,154,173,207,DM_atp_c0,25,18,optimal,7.375000000000001,True,
GCF_000023645.1,153,154,221,DM_atp_c0,24,17,optimal,7.25,True,
GCF_000023665.1,180,212,273,DM_atp_c0,32,21,optimal,17.125,True,
GCF_000024025.1,161,181,304,DM_atp_c0,27,20,optimal,14.35227272727273,True,
GCF_000024045.1,138,143,137,DM_atp_c0,24,17,optimal,2.738636363636364,True,
GCF_000024065.1,148,164,148,DM_atp_c0,26,19,optimal,14.687499999999996,True,
GCF_000024085.1,148,141,138,DM_atp_c0,24,17,optimal,5.222222222222223,True,
GCF_000024265.1,133,131,166,DM_atp_c0,26,17,optimal,5.0,True,
GCF_000024285.1,149,162,152,DM_atp_c0,24,17,optimal,4.8333333333333295,True,
GCF_000024325.1,138,144,140,DM_atp_c0,28,19,optimal,5.874999999999998,True,
GCF_000024345.1,153,169,223,DM_atp_c0,25,18,optimal,9.715909090909104,True,
GCF_000024445.1,122,115,92,DM_atp_c0,23,16,optimal,3.4999999999999987,True,
GCF_000024465.1,149,152,144,DM_atp_c0,21,14,optimal,0.6249999999999998,True,
GCF_000024505.1,114,97,71,DM_atp_c0,19,12,optimal,0.0,False,
GCF_000024545.1,157,171,218,DM_atp_c0,26,19,optimal,9.524999999999988,True,
GCF_000024365.1,166,192,277,DM_atp_c0,28,21,optimal,16.625000000000007,True,
GCF_000024385.1,157,167,221,DM_atp_c0,25,18,optimal,12.421874999999986,True,
GCF_000024405.1,132,126,170,DM_atp_c0,23,16,optimal,2.9999999999999996,True,
GCF_000024425.1,141,137,128,DM_atp_c0,20,13,optimal,0.0,False,
GCF_000024565.1,105,97,64,DM_atp_c0,22,15,optimal,3.0000000000000004,True,
GCF_000024585.1,148,172,152,DM_atp_c0,26,19,optimal,12.249999999999991,True,
GCF_000024605.1,109,107,105,DM_atp_c0,22,15,optimal,0.9999999999999981,True,
GCF_000024625.1,107,90,92,DM_atp_c0,20,13,optimal,1.0000000000000002,True,
GCF_000024965.1,154,171,165,DM_atp_c0,26,19,optimal,14.68749999999984,True,
GCF_000024985.1,142,145,155,DM_atp_c0,23,16,optimal,0.49999999999999883,True,
GCF_000025005.1,144,146,130,DM_atp_c0,23,16,optimal,4.75,True,
GCF_000025025.1,98,87,83,DM_atp_c0,21,14,optimal,0.0,False,
GCF_000024725.1,162,158,195,DM_atp_c0,23,16,optimal,6.450000000000001,True,
GCF_000024745.1,137,124,121,DM_atp_c0,22,15,optimal,0.0,False,
GCF_000024765.1,137,140,120,DM_atp_c0,25,18,optimal,6.170454545454542,True,
GCF_000024785.1,160,182,226,DM_atp_c0,27,20,optimal,12.124999999999998,True,
GCF_000024645.1,176,205,247,DM_atp_c0,28,21,optimal,17.124999999999996,True,
GCF_000024665.1,130,121,101,DM_atp_c0,25,18,optimal,1.0000000000000002,True,
GCF_000024685.1,155,168,189,DM_atp_c0,25,18,optimal,7.238636363636367,True,
GCF_000024705.1,160,181,187,DM_atp_c0,27,20,optimal,13.125000000000012,True,
GCF_000025365.1,92,82,49,DM_atp_c0,21,14,optimal,0.0,False,
GCF_000025385.1,92,83,50,DM_atp_c0,21,14,optimal,0.0,False,
GCF_000025405.2,173,197,224,DM_atp_c0,29,22,optimal,17.125000000000007,True,
GCF_000025425.1,128,130,109,DM_atp_c0,26,19,optimal,4.999999999999996,True,
GCF_000025125.1,106,88,58,DM_atp_c0,22,15,optimal,0.0,False,
GCF_000025145.1,148,173,154,DM_atp_c0,26,19,optimal,12.249999999999995,True,
GCF_000025165.1,179,212,275,DM_atp_c0,32,21,optimal,17.124999999999996,True,
GCF_000025185.1,160,158,156,DM_atp_c0,23,16,optimal,5.749999999999997,True,
GCF_000025545.1,142,143,134,DM_atp_c0,26,19,optimal,7.5,True,
GCF_000025565.1,173,206,272,DM_atp_c0,31,22,optimal,15.874999999999993,True,
GCF_000025585.1,98,87,82,DM_atp_c0,21,14,optimal,0.0,False,
GCF_000025605.1,118,115,117,DM_atp_c0,24,17,optimal,1.3750000000000004,True,
GCF_000025205.1,101,96,64,DM_atp_c0,23,16,optimal,3.4999999999999987,True,
GCF_000025225.2,103,91,62,DM_atp_c0,22,15,optimal,1.0,True,
GCF_000025245.1,110,104,82,DM_atp_c0,22,15,optimal,1.0,True,
GCF_000025265.1,161,170,279,DM_atp_c0,26,19,optimal,10.125000000000002,True,
GCF_000024885.1,129,139,120,DM_atp_c0,28,19,optimal,3.7499999999999956,True,
GCF_000024905.1,113,108,88,DM_atp_c0,24,17,optimal,3.999999999999999,True,
GCF_000024925.1,154,169,157,DM_atp_c0,27,20,optimal,15.937500000000025,True,
GCF_000024945.1,132,132,105,DM_atp_c0,27,20,optimal,8.75,True,
GCF_000025285.1,107,90,72,DM_atp_c0,20,13,optimal,0.0,False,
GCF_000025305.1,125,124,100,DM_atp_c0,24,17,optimal,3.000000000000001,True,
GCF_000025325.1,149,152,210,DM_atp_c0,25,18,optimal,0.0,False,
GCF_000025345.1,158,181,219,DM_atp_c0,28,21,optimal,13.500000000000009,True,
GCF_000025045.1,138,135,121,DM_atp_c0,25,18,optimal,7.999999999999998,True,
GCF_000025065.1,177,204,236,DM_atp_c0,29,20,optimal,17.124999999999993,True,
GCF_000025085.1,148,173,149,DM_atp_c0,26,19,optimal,14.471153846153836,True,
GCF_000025105.1,120,113,109,DM_atp_c0,23,16,optimal,0.0,False,
GCF_000024805.1,154,158,194,DM_atp_c0,24,17,optimal,1.5000000000000007,True,
GCF_000024825.1,173,201,234,DM_atp_c0,30,21,optimal,14.99999999999999,True,
GCF_000024845.1,150,156,144,DM_atp_c0,25,18,optimal,5.009615384615385,True,
GCF_000024865.1,160,176,289,DM_atp_c0,27,20,optimal,14.41477272727271,True,
GCF_000025625.1,134,133,155,DM_atp_c0,22,15,optimal,0.0,False,
GCF_000025645.1,126,117,107,DM_atp_c0,23,16,optimal,3.9999999999999973,True,
GCF_000025665.1,111,99,67,DM_atp_c0,23,16,optimal,1.0,True,
GCF_000025685.1,154,162,160,DM_atp_c0,29,18,optimal,0.0,False,
GCF_000025465.1,174,208,298,DM_atp_c0,31,22,optimal,17.12499999999999,True,
GCF_000025485.1,151,166,183,DM_atp_c0,28,17,optimal,12.437499999999993,True,
GCF_000025505.1,138,124,115,DM_atp_c0,24,15,optimal,0.0,False,
GCF_000025525.1,113,97,99,DM_atp_c0,22,15,optimal,1.5000000000000007,True,
GCF_000025805.1,165,195,231,DM_atp_c0,29,22,optimal,11.249999999999993,True,
GCF_000025825.1,169,200,246,DM_atp_c0,29,22,optimal,11.249999999999988,True,
GCF_000025845.1,93,88,52,DM_atp_c0,21,14,optimal,3.000000000000002,True,
GCF_000025865.1,114,98,98,DM_atp_c0,21,14,optimal,0.0,False,
GCF_000026665.1,114,106,94,DM_atp_c0,23,16,optimal,3.9999999999999973,True,
GCF_000026685.1,136,138,107,DM_atp_c0,22,15,optimal,0.1666666666666675,True,
GCF_000026705.1,136,141,159,DM_atp_c0,25,18,optimal,7.9999999999999964,True,
GCF_000026725.1,119,111,88,DM_atp_c0,23,16,optimal,3.9999999999999982,True,
GCF_000025705.1,150,156,177,DM_atp_c0,26,19,optimal,6.784090909090913,True,
GCF_000025725.1,152,156,169,DM_atp_c0,29,18,optimal,10.812500000000004,True,
GCF_000025745.1,180,212,293,DM_atp_c0,32,21,optimal,17.124999999999996,True,
GCF_000025765.1,136,150,171,DM_atp_c0,28,19,optimal,7.951388888888887,True,
GCF_000026745.1,119,111,90,DM_atp_c0,23,16,optimal,3.9999999999999982,True,
GCF_000026905.1,112,98,47,DM_atp_c0,24,17,optimal,0.0,False,
GCF_000026925.1,112,99,49,DM_atp_c0,24,17,optimal,0.0,False,
GCF_000026965.1,138,140,124,DM_atp_c0,23,16,optimal,6.250000000000002,True,
GCF_000026565.1,173,204,264,DM_atp_c0,32,21,optimal,17.124999999999993,True,
GCF_000026585.1,110,104,96,DM_atp_c0,22,15,optimal,3.0000000000000013,True,
GCF_000026605.1,113,108,99,DM_atp_c0,24,17,optimal,4.0000000000000036,True,
GCF_000026645.1,168,203,262,DM_atp_c0,28,21,optimal,14.437499999999988,True,
GCF_000025965.1,165,182,248,DM_atp_c0,28,19,optimal,8.375000000000007,True,
GCF_000025985.1,139,139,137,DM_atp_c0,26,19,optimal,6.399999999999996,True,
GCF_000026005.1,116,98,73,DM_atp_c0,19,12,optimal,0.0,False,
GCF_000026025.1,112,99,48,DM_atp_c0,24,17,optimal,0.0,False,
GCF_000026045.1,134,124,118,DM_atp_c0,23,16,optimal,0.0,False,
GCF_000026065.1,121,121,95,DM_atp_c0,23,16,optimal,3.999999999999999,True,
GCF_000026085.1,159,165,168,DM_atp_c0,24,17,optimal,4.666666666666672,True,
GCF_000026105.1,164,194,224,DM_atp_c0,28,21,optimal,9.62499999999998,True,
GCF_000026125.1,156,174,170,DM_atp_c0,27,20,optimal,8.375000000000004,True,
GCF_000026145.1,165,196,255,DM_atp_c0,28,21,optimal,13.437499999999993,True,
GCF_000026185.1,171,193,189,DM_atp_c0,28,21,optimal,17.125000000000004,True,
GCF_000026205.1,87,66,24,DM_atp_c0,20,13,optimal,0.0,False,
GCF_000027325.1,93,82,46,DM_atp_c0,21,14,optimal,0.0,False,
GCF_000027345.1,93,82,46,DM_atp_c0,21,14,optimal,0.0,False,
GCF_000039765.1,170,195,215,DM_atp_c0,30,21,optimal,14.999999999999998,True,
GCF_000043285.1,108,98,74,DM_atp_c0,20,13,optimal,5.750000000000002,True,
GCF_000025885.1,118,110,119,DM_atp_c0,23,16,optimal,1.0,True,
GCF_000025905.1,154,155,147,DM_atp_c0,26,19,optimal,10.824999999999998,True,
GCF_000025925.1,122,112,105,DM_atp_c0,25,18,optimal,5.625000000000002,True,
GCF_000025945.1,134,133,169,DM_atp_c0,24,17,optimal,6.907407407407406,True,
GCF_000027125.1,179,213,277,DM_atp_c0,32,21,optimal,17.124999999999993,True,
GCF_000027145.1,136,141,145,DM_atp_c0,25,18,optimal,7.9999999999999964,True,
GCF_000027165.1,109,100,79,DM_atp_c0,23,16,optimal,4.000000000000001,True,
GCF_000027185.1,117,110,91,DM_atp_c0,23,16,optimal,2.999999999999998,True,
GCF_000026485.1,130,131,150,DM_atp_c0,24,17,optimal,7.9999999999999964,True,
GCF_000026505.1,128,134,147,DM_atp_c0,23,16,optimal,7.999999999999998,True,
GCF_000026525.1,126,130,145,DM_atp_c0,23,16,optimal,7.999999999999993,True,
GCF_000026545.1,178,210,284,DM_atp_c0,32,21,optimal,17.124999999999996,True,
GCF_000027205.1,160,175,173,DM_atp_c0,26,19,optimal,8.375,True,
GCF_000027225.1,160,171,166,DM_atp_c0,24,17,optimal,9.99999999999999,True,
GCF_000027265.1,161,177,172,DM_atp_c0,26,19,optimal,7.166666666666666,True,
GCF_000027305.1,147,157,120,DM_atp_c0,31,20,optimal,9.750000000000004,True,
GCF_000048645.1,149,151,134,DM_atp_c0,24,17,optimal,7.1875,True,
GCF_000048665.1,147,150,130,DM_atp_c0,24,17,optimal,7.1875,True,
GCF_000050405.1,116,98,72,DM_atp_c0,19,12,optimal,0.0,False,
GCF_000050425.1,116,98,72,DM_atp_c0,19,12,optimal,0.0,False,
GCF_000027025.1,177,209,282,DM_atp_c0,32,21,optimal,17.12499999999999,True,
GCF_000027045.1,148,174,153,DM_atp_c0,26,19,optimal,12.249999999999995,True,
GCF_000027065.2,174,207,241,DM_atp_c0,31,22,optimal,17.12499999999999,True,
GCF_000027085.1,174,204,287,DM_atp_c0,33,22,optimal,17.124999999999993,True,
GCF_000026225.1,176,210,282,DM_atp_c0,32,21,optimal,17.125,True,
GCF_000026245.1,178,213,277,DM_atp_c0,32,21,optimal,17.124999999999993,True,
GCF_000026265.1,179,213,275,DM_atp_c0,32,21,optimal,17.124999999999996,True,
GCF_000026285.1,180,212,296,DM_atp_c0,32,21,optimal,17.124999999999996,True,
GCF_000063525.1,132,123,100,DM_atp_c0,25,18,optimal,0.0,False,
GCF_000063545.1,94,79,55,DM_atp_c0,19,12,optimal,0.0,False,
GCF_000063585.1,132,131,142,DM_atp_c0,25,18,optimal,4.0,True,
GCF_000063605.1,93,86,51,DM_atp_c0,21,14,optimal,1.0000000000000004,True,
GCF_000046685.1,116,110,86,DM_atp_c0,22,15,optimal,4.031250000000001,True,
GCF_000046705.1,117,118,95,DM_atp_c0,22,15,optimal,5.6875,True,
GCF_000046845.1,163,183,174,DM_atp_c0,27,20,optimal,7.73214285714286,True,
GCF_000047365.1,169,192,206,DM_atp_c0,28,19,optimal,14.874999999999998,True,
GCF_000026325.1,181,214,282,DM_atp_c0,32,21,optimal,17.124999999999996,True,
GCF_000026345.1,180,213,283,DM_atp_c0,32,21,optimal,17.124999999999996,True,
GCF_000026405.1,116,117,90,DM_atp_c0,24,17,optimal,4.499999999999997,True,
GCF_000026445.2,154,177,236,DM_atp_c0,25,18,optimal,6.375000000000006,True,
GCF_000054005.1,158,181,177,DM_atp_c0,25,18,optimal,8.04166666666667,True,
GCF_000055785.1,158,178,202,DM_atp_c0,27,20,optimal,8.441666666666668,True,
GCF_000055945.1,109,97,64,DM_atp_c0,22,15,optimal,2.7499999999999996,True,
GCF_000056065.1,105,99,73,DM_atp_c0,23,16,optimal,1.0000000000000007,True,
GCF_000058485.1,150,163,216,DM_atp_c0,23,16,optimal,5.855769230769228,True,
GCF_000060285.1,134,138,151,DM_atp_c0,24,17,optimal,7.9999999999999964,True,
GCF_000060345.1,138,132,135,DM_atp_c0,22,15,optimal,2.8333333333333313,True,
GCF_000061505.1,165,175,215,DM_atp_c0,29,20,optimal,8.37500000000001,True,
GCF_000068525.2,112,98,49,DM_atp_c0,24,17,optimal,0.0,False,
GCF_000068585.1,112,98,49,DM_atp_c0,24,17,optimal,0.0,False,
GCF_000069025.1,136,136,116,DM_atp_c0,26,15,optimal,0.0,False,
GCF_000069185.1,157,175,222,DM_atp_c0,26,19,optimal,9.017857142857139,True,
GCF_000062885.1,163,187,291,DM_atp_c0,29,22,optimal,13.750000000000028,True,
GCF_000063445.1,132,111,144,DM_atp_c0,22,15,optimal,1.4444444444444446,True,
GCF_000063485.1,148,154,131,DM_atp_c0,26,19,optimal,8.166666666666657,True,
GCF_000063505.1,132,127,107,DM_atp_c0,25,18,optimal,0.49999999999999956,True,
GCF_000069225.1,148,151,116,DM_atp_c0,26,19,optimal,7.708333333333332,True,
GCF_000069245.1,164,184,183,DM_atp_c0,27,20,optimal,7.732142857142857,True,
GCF_000069925.1,90,70,25,DM_atp_c0,19,12,optimal,0.0,False,
GCF_000069945.1,144,142,113,DM_atp_c0,24,15,optimal,3.687500000000001,True,
GCF_000083545.1,174,194,214,DM_atp_c0,27,20,optimal,8.625000000000005,True,
GCF_000083565.1,139,140,123,DM_atp_c0,23,16,optimal,6.250000000000007,True,
GCF_000085225.1,137,132,164,DM_atp_c0,24,15,optimal,3.0000000000000013,True,
GCF_000085865.1,86,73,31,DM_atp_c0,20,13,optimal,0.0,False,
GCF_000064305.2,129,122,112,DM_atp_c0,21,14,optimal,3.812499999999997,True,
GCF_000067045.1,157,172,183,DM_atp_c0,26,19,optimal,8.249999999999988,True,
GCF_000067165.1,156,170,249,DM_atp_c0,24,17,optimal,10.374999999999995,True,
GCF_000067205.1,157,178,271,DM_atp_c0,28,19,optimal,8.375000000000004,True,
GCF_000087965.2,151,155,147,DM_atp_c0,24,17,optimal,6.9999999999999645,True,
GCF_000089865.1,93,86,53,DM_atp_c0,21,14,optimal,1.0000000000000004,True,
GCF_000090965.1,90,77,46,DM_atp_c0,18,11,optimal,0.0,False,
GCF_000091005.1,177,210,272,DM_atp_c0,32,21,optimal,17.124999999999996,True,
GCF_000091565.1,158,174,173,DM_atp_c0,26,19,optimal,8.374999999999991,True,
GCF_000091645.1,113,104,90,DM_atp_c0,21,14,optimal,2.999999999999996,True,
GCF_000091665.1,107,92,91,DM_atp_c0,20,13,optimal,1.0000000000000002,True,
GCF_000091725.1,143,153,144,DM_atp_c0,29,20,optimal,10.124999999999998,True,
GCF_000091085.2,112,99,48,DM_atp_c0,24,17,optimal,0.0,False,
GCF_000091125.1,156,165,204,DM_atp_c0,25,18,optimal,10.76785714285714,True,
GCF_000091305.1,160,179,287,DM_atp_c0,27,20,optimal,16.37499999999998,True,
GCF_000091325.1,162,179,184,DM_atp_c0,28,19,optimal,12.437500000000005,True,
GCF_000069965.1,170,195,223,DM_atp_c0,29,20,optimal,17.124999999999993,True,
GCF_000070465.1,153,166,166,DM_atp_c0,24,17,optimal,6.187500000000004,True,
GCF_000070605.1,154,169,163,DM_atp_c0,26,19,optimal,9.08653846153846,True,
GCF_000072485.1,157,180,174,DM_atp_c0,27,20,optimal,8.04166666666667,True,
GCF_000091345.1,128,121,96,DM_atp_c0,27,20,optimal,2.500000000000007,True,
GCF_000091405.1,114,112,72,DM_atp_c0,24,17,optimal,4.0,True,
GCF_000091465.1,168,193,221,DM_atp_c0,30,21,optimal,14.999999999999984,True,
GCF_000091545.1,138,146,125,DM_atp_c0,22,15,optimal,0.49999999999999956,True,
GCF_000092185.1,92,82,60,DM_atp_c0,21,14,optimal,0.0,False,
GCF_000092205.1,128,125,122,DM_atp_c0,23,16,optimal,3.3749999999999964,True,
GCF_000092225.1,158,175,199,DM_atp_c0,27,20,optimal,13.232142857142849,True,
GCF_000092245.1,152,162,178,DM_atp_c0,27,20,optimal,7.732142857142866,True,
GCF_000092265.1,152,146,116,DM_atp_c0,26,19,optimal,7.125000000000002,True,
GCF_000092285.1,157,172,183,DM_atp_c0,25,18,optimal,6.625,True,
GCF_000092305.1,111,93,78,DM_atp_c0,22,15,optimal,0.0,False,
GCF_000092325.1,122,116,91,DM_atp_c0,23,16,optimal,3.4999999999999996,True,
GCF_000092665.1,112,99,48,DM_atp_c0,24,17,optimal,0.0,False,
GCF_000092685.1,112,99,49,DM_atp_c0,24,17,optimal,0.0,False,
GCF_000092705.1,112,99,48,DM_atp_c0,24,17,optimal,0.0,False,
GCF_000092725.1,112,99,49,DM_atp_c0,24,17,optimal,0.0,False,
GCF_000091785.1,148,153,144,DM_atp_c0,24,17,optimal,7.187499999999987,True,
GCF_000091905.1,119,111,88,DM_atp_c0,23,16,optimal,3.9999999999999982,True,
GCF_000091985.1,134,134,95,DM_atp_c0,27,20,optimal,4.281250000000003,True,
GCF_000092025.1,155,182,211,DM_atp_c0,25,18,optimal,5.85576923076923,True,
GCF_000092345.1,134,128,133,DM_atp_c0,25,18,optimal,1.0000000000000002,True,
GCF_000092365.1,136,138,106,DM_atp_c0,28,19,optimal,8.875000000000002,True,
GCF_000092385.1,164,189,330,DM_atp_c0,28,21,optimal,14.43749999999994,True,
GCF_000092405.1,124,111,127,DM_atp_c0,20,13,optimal,1.0000000000000002,True,
GCF_000092425.1,150,153,140,DM_atp_c0,24,17,optimal,0.749999999999999,True,
GCF_000092445.1,160,182,191,DM_atp_c0,27,20,optimal,13.124999999999998,True,
GCF_000092465.1,98,87,74,DM_atp_c0,20,13,optimal,0.0,False,
GCF_000092485.1,112,99,50,DM_atp_c0,24,17,optimal,0.0,False,
GCF_000092745.1,112,99,48,DM_atp_c0,24,17,optimal,0.0,False,
GCF_000092765.1,110,104,83,DM_atp_c0,22,15,optimal,1.0,True,
GCF_000092785.1,143,143,99,DM_atp_c0,24,17,optimal,2.8333333333333326,True,
GCF_000092805.1,112,99,50,DM_atp_c0,24,17,optimal,0.0,False,
GCF_000092045.1,158,182,239,DM_atp_c0,24,17,optimal,5.855769230769239,True,
GCF_000092105.1,151,150,150,DM_atp_c0,24,17,optimal,10.375,True,
GCF_000092125.1,153,153,147,DM_atp_c0,23,16,optimal,0.3333333333333332,True,
GCF_000092165.1,164,192,211,DM_atp_c0,29,22,optimal,16.125000000000036,True,
GCF_000092505.1,116,116,92,DM_atp_c0,23,16,optimal,4.500000000000002,True,
GCF_000092525.1,177,208,264,DM_atp_c0,32,21,optimal,17.124999999999996,True,
GCF_000092545.1,147,149,133,DM_atp_c0,24,17,optimal,7.1875,True,
GCF_000092565.1,128,121,130,DM_atp_c0,23,16,optimal,3.0000000000000058,True,
GCF_000092905.1,144,151,188,DM_atp_c0,24,17,optimal,5.321428571428575,True,
GCF_000092925.1,170,195,226,DM_atp_c0,27,20,optimal,13.062500000000004,True,
GCF_000092945.1,122,121,122,DM_atp_c0,21,14,optimal,4.375,True,
GCF_000092965.1,127,120,101,DM_atp_c0,24,17,optimal,3.9999999999999982,True,
GCF_000092825.1,145,159,123,DM_atp_c0,24,17,optimal,6.000000000000006,True,
GCF_000092845.1,129,123,106,DM_atp_c0,23,16,optimal,4.000000000000002,True,
GCF_000092865.1,152,174,169,DM_atp_c0,26,19,optimal,14.687500000000103,True,
GCF_000092885.1,174,196,288,DM_atp_c0,29,20,optimal,13.437499999999998,True,
GCF_000144405.1,110,106,86,DM_atp_c0,22,15,optimal,5.624999999999998,True,
GCF_000144605.1,156,157,156,DM_atp_c0,25,18,optimal,6.09375000000001,True,
GCF_000144625.1,138,132,151,DM_atp_c0,25,18,optimal,3.9999999999999982,True,
GCF_000144645.1,117,110,101,DM_atp_c0,22,15,optimal,2.999999999999999,True,
GCF_000144675.1,146,148,118,DM_atp_c0,24,17,optimal,8.749999999999991,True,
GCF_000144675.2,146,148,119,DM_atp_c0,24,17,optimal,8.749999999999991,True,
GCF_000144695.1,136,125,123,DM_atp_c0,23,16,optimal,0.9999999999999993,True,
GCF_000144915.1,117,101,80,DM_atp_c0,19,12,optimal,0.0,False,
GCF_000143085.1,151,143,167,DM_atp_c0,23,16,optimal,1.000000000000002,True,
GCF_000143145.1,163,176,167,DM_atp_c0,25,18,optimal,8.238636363636367,True,
GCF_000143165.1,105,95,84,DM_atp_c0,21,14,optimal,0.0,False,
GCF_000143205.1,135,128,113,DM_atp_c0,25,18,optimal,7.9999999999999964,True,
GCF_000092585.1,92,83,49,DM_atp_c0,21,14,optimal,0.0,False,
GCF_000092605.1,161,173,173,DM_atp_c0,26,19,optimal,11.01785714285715,True,
GCF_000092625.1,147,150,134,DM_atp_c0,24,17,optimal,7.1875,True,
GCF_000092645.1,151,155,172,DM_atp_c0,23,16,optimal,5.892857142857144,True,
GCF_000143885.2,155,177,266,DM_atp_c0,26,19,optimal,12.017857142857135,True,
GCF_000143945.1,93,82,45,DM_atp_c0,21,14,optimal,0.0,False,
GCF_000143965.1,151,150,180,DM_atp_c0,23,16,optimal,3.9999999999999964,True,
GCF_000143985.1,135,132,167,DM_atp_c0,24,17,optimal,4.000000000000005,True,
GCF_000143705.2,146,148,119,DM_atp_c0,24,17,optimal,8.749999999999991,True,
GCF_000143725.1,138,132,108,DM_atp_c0,25,18,optimal,3.750000000000001,True,
GCF_000143845.1,133,126,92,DM_atp_c0,24,17,optimal,4.499999999999998,True,
GCF_000143865.1,96,89,57,DM_atp_c0,22,15,optimal,0.0,False,
GCF_000093085.1,154,180,181,DM_atp_c0,29,20,optimal,12.125000000000012,True,
GCF_000093125.2,137,142,163,DM_atp_c0,25,18,optimal,7.999999999999998,True,
GCF_000093165.1,105,91,58,DM_atp_c0,22,15,optimal,0.0,False,
GCF_000093185.1,128,120,96,DM_atp_c0,27,20,optimal,2.5000000000000058,True,
GCF_000092985.1,161,176,223,DM_atp_c0,27,20,optimal,12.421875000000007,True,
GCF_000093005.1,112,99,50,DM_atp_c0,24,17,optimal,0.0,False,
GCF_000093025.1,148,148,143,DM_atp_c0,25,18,optimal,6.44318181818182,True,
GCF_000093065.1,110,99,48,DM_atp_c0,21,14,optimal,0.0,False,
GCF_000145595.1,148,173,152,DM_atp_c0,26,19,optimal,12.249999999999995,True,
GCF_000145615.1,133,125,117,DM_atp_c0,23,16,optimal,3.999999999999996,True,
GCF_000145705.1,95,83,46,DM_atp_c0,22,15,optimal,0.0,False,
GCF_000146025.2,103,90,62,DM_atp_c0,21,14,optimal,0.9999999999999998,True,
GCF_000145235.1,153,166,212,DM_atp_c0,25,18,optimal,10.50961538461538,True,
GCF_000145255.1,144,147,150,DM_atp_c0,24,17,optimal,7.500000000000003,True,
GCF_000145275.1,148,144,130,DM_atp_c0,26,19,optimal,5.250000000000002,True,
GCF_000145295.1,106,87,99,DM_atp_c0,21,14,optimal,0.0,False,
GCF_000144935.2,145,147,117,DM_atp_c0,24,17,optimal,8.749999999999991,True,
GCF_000144955.1,148,173,154,DM_atp_c0,26,19,optimal,12.249999999999991,True,
GCF_000145035.1,126,116,118,DM_atp_c0,23,16,optimal,1.0,True,
GCF_000145215.1,121,109,83,DM_atp_c0,23,16,optimal,0.9999999999999998,True,
GCF_000143225.1,163,185,204,DM_atp_c0,27,20,optimal,8.375000000000004,True,
GCF_000143435.1,124,125,98,DM_atp_c0,24,17,optimal,8.0,True,
GCF_000143605.1,166,192,218,DM_atp_c0,29,22,optimal,16.12499999999999,True,
GCF_000143685.1,137,136,157,DM_atp_c0,26,19,optimal,6.4166666666666625,True,
GCF_000146065.2,111,102,65,DM_atp_c0,22,15,optimal,1.0,True,
GCF_000146165.2,164,182,205,DM_atp_c0,30,19,optimal,12.125000000000004,True,
GCF_000146185.1,128,120,118,DM_atp_c0,23,16,optimal,2.999999999999999,True,
GCF_000146305.1,161,186,223,DM_atp_c0,31,20,optimal,12.625,True,
GCF_000148665.1,127,118,95,DM_atp_c0,26,19,optimal,2.500000000000005,True,
GCF_000148685.1,176,198,279,DM_atp_c0,28,21,optimal,14.812499999999996,True,
GCF_000148705.1,130,133,112,DM_atp_c0,28,19,optimal,4.999999999999996,True,
GCF_000148815.2,127,132,131,DM_atp_c0,25,18,optimal,8.500000000000002,True,
GCF_000146505.1,130,121,102,DM_atp_c0,25,18,optimal,1.0000000000000002,True,
GCF_000146565.1,165,185,181,DM_atp_c0,29,22,optimal,10.500000000000005,True,
GCF_000146975.1,114,106,96,DM_atp_c0,23,16,optimal,3.9999999999999973,True,
GCF_000147055.1,171,196,233,DM_atp_c0,27,20,optimal,17.124999999999993,True,
GCF_000147075.1,128,117,86,DM_atp_c0,23,16,optimal,2.500000000000004,True,
GCF_000147095.1,114,107,98,DM_atp_c0,23,16,optimal,3.9999999999999973,True,
GCF_000147335.1,144,151,165,DM_atp_c0,25,18,optimal,11.249999999999996,True,
GCF_000147355.1,126,124,136,DM_atp_c0,25,18,optimal,7.374999999999998,True,
GCF_000152165.1,139,138,124,DM_atp_c0,23,16,optimal,5.25,True,
GCF_000152245.2,134,123,157,DM_atp_c0,25,18,optimal,2.999999999999997,True,
GCF_000152265.2,131,116,103,DM_atp_c0,20,13,optimal,0.0,False,
GCF_000152825.2,141,139,130,DM_atp_c0,24,17,optimal,3.875000000000002,True,
GCF_000148935.1,171,200,224,DM_atp_c0,28,21,optimal,17.624999999999986,True,
GCF_000151105.2,110,100,91,DM_atp_c0,21,14,optimal,0.9999999999999999,True,
GCF_000151205.2,102,92,81,DM_atp_c0,21,14,optimal,1.0,True,
GCF_000152065.3,146,148,119,DM_atp_c0,24,17,optimal,8.749999999999991,True,
GCF_000152925.2,141,139,115,DM_atp_c0,22,15,optimal,2.4999999999999964,True,
GCF_000152945.2,144,138,110,DM_atp_c0,23,16,optimal,3.0000000000000004,True,
GCF_000153165.2,153,160,156,DM_atp_c0,25,18,optimal,6.0,True,
GCF_000153405.2,160,170,143,DM_atp_c0,28,19,optimal,11.88636363636365,True,
GCF_000147875.1,116,98,128,DM_atp_c0,21,14,optimal,0.0,False,
GCF_000148365.1,179,212,293,DM_atp_c0,32,21,optimal,17.124999999999993,True,
GCF_000148385.1,146,140,124,DM_atp_c0,24,15,optimal,0.0,False,
GCF_000148405.1,129,123,100,DM_atp_c0,23,16,optimal,4.75,True,
GCF_000147695.2,134,131,125,DM_atp_c0,25,18,optimal,7.750000000000003,True,
GCF_000147715.2,129,123,109,DM_atp_c0,22,15,optimal,1.0,True,
GCF_000147735.2,168,186,190,DM_atp_c0,29,20,optimal,9.999999999999998,True,
GCF_000147775.2,163,194,275,DM_atp_c0,25,18,optimal,7.375000000000003,True,
GCF_000158275.2,121,115,87,DM_atp_c0,23,16,optimal,4.000000000000001,True,
GCF_000159155.2,101,95,66,DM_atp_c0,21,14,optimal,1.0,True,
GCF_000159455.2,135,134,109,DM_atp_c0,26,19,optimal,6.000000000000002,True,
GCF_000159535.2,148,175,154,DM_atp_c0,26,19,optimal,12.249999999999995,True,
GCF_000163895.2,103,97,61,DM_atp_c0,24,17,optimal,0.0,False,
GCF_000163915.2,118,114,85,DM_atp_c0,24,17,optimal,4.000000000000002,True,
GCF_000164675.2,111,105,89,DM_atp_c0,22,15,optimal,3.0000000000000004,True,
GCF_000164695.2,138,150,111,DM_atp_c0,28,21,optimal,10.499999999999977,True,
GCF_000148855.1,124,117,95,DM_atp_c0,27,20,optimal,2.4999999999999964,True,
GCF_000148875.1,127,119,96,DM_atp_c0,27,20,optimal,2.4999999999999964,True,
GCF_000148895.1,127,119,95,DM_atp_c0,27,20,optimal,2.4999999999999964,True,
GCF_000148915.1,128,120,96,DM_atp_c0,27,20,optimal,2.5000000000000058,True,
GCF_000148425.1,127,120,104,DM_atp_c0,23,16,optimal,0.9999999999999998,True,
GCF_000148605.1,179,210,294,DM_atp_c0,31,20,optimal,16.124999999999996,True,
GCF_000148625.1,93,88,50,DM_atp_c0,21,14,optimal,2.500000000000002,True,
GCF_000148645.1,167,187,195,DM_atp_c0,31,20,optimal,10.000000000000002,True,
GCF_000160335.2,147,174,151,DM_atp_c0,26,19,optimal,12.249999999999991,True,
GCF_000161795.2,124,114,86,DM_atp_c0,25,18,optimal,0.0,False,
GCF_000162235.2,122,117,89,DM_atp_c0,25,18,optimal,1.0000000000000002,True,
GCF_000163055.2,110,108,76,DM_atp_c0,23,16,optimal,5.625000000000001,True,
GCF_000153485.2,139,137,120,DM_atp_c0,23,16,optimal,3.666666666666664,True,
GCF_000153685.2,154,173,206,DM_atp_c0,25,18,optimal,7.375000000000001,True,
GCF_000154585.2,154,173,207,DM_atp_c0,25,18,optimal,7.375000000000001,True,
GCF_000154605.2,154,173,206,DM_atp_c0,25,18,optimal,7.375000000000001,True,
GCF_000154745.2,154,168,189,DM_atp_c0,24,17,optimal,5.437500000000002,True,
GCF_000154765.2,154,167,188,DM_atp_c0,23,16,optimal,5.437500000000002,True,
GCF_000154785.2,166,183,200,DM_atp_c0,26,19,optimal,10.303571428571434,True,
GCF_000155515.2,132,135,146,DM_atp_c0,24,17,optimal,7.999999999999998,True,
GCF_000155675.2,155,169,189,DM_atp_c0,25,18,optimal,5.855769230769233,True,
GCF_000155735.2,152,162,191,DM_atp_c0,23,16,optimal,4.25,True,
GCF_000157355.2,136,139,143,DM_atp_c0,24,17,optimal,7.9999999999999964,True,
GCF_000157895.3,154,178,262,DM_atp_c0,23,16,optimal,6.806818181818191,True,
GCF_000147795.2,163,190,259,DM_atp_c0,25,18,optimal,7.375000000000003,True,
GCF_000147815.2,164,192,312,DM_atp_c0,28,21,optimal,14.812500000000027,True,
GCF_000147835.2,154,165,259,DM_atp_c0,25,18,optimal,7.778846153846151,True,
GCF_000147855.2,179,214,275,DM_atp_c0,32,21,optimal,17.12499999999999,True,
GCF_000164865.1,176,214,282,DM_atp_c0,31,22,optimal,17.124999999999996,True,
GCF_000164885.1,132,130,116,DM_atp_c0,22,15,optimal,4.750000000000002,True,
GCF_000164905.1,122,122,132,DM_atp_c0,24,17,optimal,1.4531250000000004,True,
GCF_000164965.1,113,109,84,DM_atp_c0,23,16,optimal,3.5,True,
GCF_000165525.1,147,160,125,DM_atp_c0,31,20,optimal,9.750000000000004,True,
GCF_000165575.1,142,155,120,DM_atp_c0,31,20,optimal,9.749999999999993,True,
GCF_000165715.2,161,160,142,DM_atp_c0,25,18,optimal,10.656250000000002,True,
GCF_000165775.1,108,106,74,DM_atp_c0,23,16,optimal,1.0000000000000018,True,
GCF_000166635.1,96,87,39,DM_atp_c0,22,15,optimal,0.0,False,
GCF_000166655.1,96,87,38,DM_atp_c0,22,15,optimal,0.0,False,
GCF_000166695.1,122,112,95,DM_atp_c0,23,16,optimal,5.250000000000003,True,
GCF_000166775.1,123,113,97,DM_atp_c0,23,16,optimal,5.25,True,
GCF_000164985.3,163,187,185,DM_atp_c0,26,19,optimal,8.999999999999991,True,
GCF_000165465.1,139,137,125,DM_atp_c0,26,19,optimal,5.249999999999996,True,
GCF_000165485.1,161,167,187,DM_atp_c0,25,18,optimal,5.8076923076923075,True,
GCF_000165505.1,144,151,209,DM_atp_c0,26,19,optimal,3.999999999999999,True,
GCF_000165815.1,161,178,175,DM_atp_c0,26,19,optimal,10.249999999999995,True,
GCF_000165835.1,167,192,321,DM_atp_c0,28,21,optimal,13.437499999999996,True,
GCF_000165905.1,112,108,82,DM_atp_c0,23,16,optimal,3.5000000000000004,True,
GCF_000165925.1,168,188,180,DM_atp_c0,29,22,optimal,10.499999999999979,True,
GCF_000166055.1,160,164,183,DM_atp_c0,23,16,optimal,5.0833333333333295,True,
GCF_000166075.1,163,186,203,DM_atp_c0,27,20,optimal,12.124999999999995,True,
GCF_000166095.1,109,87,86,DM_atp_c0,20,13,optimal,0.9999999999999996,True,
GCF_000166115.1,147,154,183,DM_atp_c0,28,21,optimal,11.874999999999995,True,
GCF_000166135.1,155,161,345,DM_atp_c0,24,17,optimal,2.7386363636363655,True,
GCF_000166295.1,165,180,193,DM_atp_c0,26,19,optimal,10.203124999999973,True,
GCF_000166315.1,119,114,85,DM_atp_c0,23,16,optimal,3.4999999999999996,True,
GCF_000166335.1,120,111,88,DM_atp_c0,23,16,optimal,5.250000000000001,True,
GCF_000166355.1,125,115,95,DM_atp_c0,24,17,optimal,5.249999999999999,True,
GCF_000166395.1,140,138,139,DM_atp_c0,24,17,optimal,5.437500000000008,True,
GCF_000166415.1,149,140,138,DM_atp_c0,26,19,optimal,5.25,True,
GCF_000166455.1,166,187,193,DM_atp_c0,30,21,optimal,11.5,True,
GCF_000175215.2,152,157,153,DM_atp_c0,25,18,optimal,7.375000000000006,True,
GCF_000175255.2,130,122,94,DM_atp_c0,23,16,optimal,3.5000000000000013,True,
GCF_000175295.2,128,121,96,DM_atp_c0,23,16,optimal,0.9999999999999998,True,
GCF_000175575.2,134,125,151,DM_atp_c0,25,18,optimal,5.55357142857143,True,
GCF_000174395.2,123,117,100,DM_atp_c0,25,18,optimal,3.0000000000000004,True,
GCF_000174795.2,160,181,187,DM_atp_c0,27,20,optimal,13.125000000000012,True,
GCF_000175095.2,140,140,130,DM_atp_c0,24,17,optimal,0.9999999999999997,True,
GCF_000175115.2,155,161,213,DM_atp_c0,26,19,optimal,7.874999999999994,True,
GCF_000168695.2,137,141,160,DM_atp_c0,25,18,optimal,3.5000000000000013,True,
GCF_000168775.2,131,133,118,DM_atp_c0,23,16,optimal,5.416666666666668,True,
GCF_000169195.2,164,191,179,DM_atp_c0,28,21,optimal,11.500000000000009,True,
GCF_000169215.2,166,184,195,DM_atp_c0,29,20,optimal,11.249999999999995,True,
GCF_000172575.2,131,134,127,DM_atp_c0,25,18,optimal,7.9999999999999964,True,
GCF_000172635.2,163,184,178,DM_atp_c0,27,20,optimal,9.874999999999988,True,
GCF_000172695.2,160,186,236,DM_atp_c0,25,18,optimal,9.826923076923073,True,
GCF_000172995.2,143,148,154,DM_atp_c0,24,17,optimal,0.0,False,
GCF_000177235.2,156,173,171,DM_atp_c0,27,20,optimal,14.432692307692307,True,
GCF_000177255.2,162,185,223,DM_atp_c0,25,18,optimal,8.375000000000005,True,
GCF_000177535.2,147,143,116,DM_atp_c0,24,17,optimal,2.5625,True,
GCF_000177615.2,151,157,172,DM_atp_c0,23,16,optimal,5.855769230769228,True,
GCF_000177635.2,146,144,150,DM_atp_c0,27,20,optimal,7.375,True,
GCF_000177655.2,153,167,225,DM_atp_c0,25,18,optimal,10.50961538461538,True,
GCF_000178115.2,125,114,90,DM_atp_c0,22,15,optimal,3.0000000000000004,True,
GCF_000178395.2,163,187,198,DM_atp_c0,27,20,optimal,12.125000000000004,True,
GCF_000183185.1,95,82,59,DM_atp_c0,21,14,optimal,0.0,False,
GCF_000183225.1,108,91,74,DM_atp_c0,22,15,optimal,5.75,True,
GCF_000183245.1,108,92,71,DM_atp_c0,22,15,optimal,5.749999999999998,True,
GCF_000183285.1,108,92,75,DM_atp_c0,22,15,optimal,5.749999999999998,True,
GCF_000176855.2,163,177,200,DM_atp_c0,27,20,optimal,8.375,True,
GCF_000176915.2,141,144,180,DM_atp_c0,26,19,optimal,11.16071428571427,True,
GCF_000176935.3,177,198,255,DM_atp_c0,30,21,optimal,14.812499999999998,True,
GCF_000177195.2,158,179,237,DM_atp_c0,27,20,optimal,14.352272727272725,True,
GCF_000179395.2,161,173,161,DM_atp_c0,27,20,optimal,9.500000000000002,True,
GCF_000179575.2,107,92,92,DM_atp_c0,21,14,optimal,1.0000000000000002,True,
GCF_000179635.2,126,120,106,DM_atp_c0,23,16,optimal,3.0000000000000004,True,
GCF_000179915.2,134,141,125,DM_atp_c0,25,18,optimal,3.4999999999999982,True,
GCF_000178975.2,148,155,152,DM_atp_c0,29,20,optimal,6.312500000000013,True,
GCF_000179015.2,165,184,256,DM_atp_c0,27,20,optimal,13.062499999999996,True,
GCF_000179035.2,77,64,26,DM_atp_c0,20,13,optimal,0.0,False,
GCF_000179235.2,135,131,112,DM_atp_c0,25,18,optimal,0.49999999999999956,True,
GCF_000182875.1,115,104,80,DM_atp_c0,22,15,optimal,2.999999999999999,True,
GCF_000183115.1,142,138,131,DM_atp_c0,24,17,optimal,6.443181818181819,True,
GCF_000183135.1,129,121,113,DM_atp_c0,22,15,optimal,1.5,True,
GCF_000183155.1,126,118,100,DM_atp_c0,21,14,optimal,3.8,True,
GCF_000168315.3,150,153,154,DM_atp_c0,23,16,optimal,6.020833333333333,True,
GCF_000168575.2,135,140,161,DM_atp_c0,25,18,optimal,7.999999999999998,True,
GCF_000168595.2,137,142,160,DM_atp_c0,25,18,optimal,7.999999999999998,True,
GCF_000168635.2,137,141,161,DM_atp_c0,25,18,optimal,3.5000000000000013,True,
GCF_000183305.1,100,77,56,DM_atp_c0,21,14,optimal,0.0,False,
GCF_000183345.1,181,213,294,DM_atp_c0,32,21,optimal,17.124999999999996,True,
GCF_000183365.1,99,91,58,DM_atp_c0,22,15,optimal,0.0,False,
GCF_000183385.1,93,86,51,DM_atp_c0,21,14,optimal,1.0000000000000004,True,
GCF_000178835.2,124,124,136,DM_atp_c0,23,16,optimal,2.9999999999999987,True,
GCF_000178875.2,170,189,197,DM_atp_c0,31,20,optimal,10.000000000000002,True,
GCF_000178935.2,126,119,95,DM_atp_c0,27,20,optimal,2.500000000000003,True,
GCF_000178955.2,150,161,137,DM_atp_c0,28,19,optimal,8.708333333333334,True,
GCF_000185965.1,156,167,167,DM_atp_c0,27,20,optimal,9.458333333333336,True,
GCF_000185985.2,106,96,71,DM_atp_c0,20,13,optimal,5.750000000000002,True,
GCF_000186005.1,93,89,52,DM_atp_c0,21,14,optimal,2.500000000000001,True,
GCF_000186225.1,134,132,125,DM_atp_c0,24,17,optimal,5.624999999999997,True,
GCF_000175935.2,173,206,270,DM_atp_c0,29,22,optimal,17.12499999999999,True,
GCF_000176035.2,168,189,250,DM_atp_c0,25,18,optimal,9.03846153846153,True,
GCF_000176115.2,160,184,244,DM_atp_c0,28,21,optimal,14.352272727272736,True,
GCF_000176835.2,172,201,251,DM_atp_c0,29,20,optimal,17.125000000000004,True,
GCF_000180175.2,154,161,148,DM_atp_c0,27,20,optimal,12.017857142857157,True,
GCF_000180515.1,114,106,94,DM_atp_c0,23,16,optimal,3.9999999999999973,True,
GCF_000182745.2,148,163,167,DM_atp_c0,26,19,optimal,9.916666666666659,True,
GCF_000182835.1,110,106,79,DM_atp_c0,23,16,optimal,1.0000000000000004,True,
GCF_000184205.1,126,128,108,DM_atp_c0,26,19,optimal,4.999999999999998,True,
GCF_000184325.1,173,200,242,DM_atp_c0,32,21,optimal,13.99999999999999,True,
GCF_000184345.1,128,118,87,DM_atp_c0,23,16,optimal,2.500000000000004,True,
GCF_000184435.1,161,183,248,DM_atp_c0,26,19,optimal,12.4659090909091,True,
GCF_000184685.1,155,164,204,DM_atp_c0,27,20,optimal,11.660714285714281,True,
GCF_000184705.1,142,139,133,DM_atp_c0,23,16,optimal,5.750000000000002,True,
GCF_000184745.1,165,187,238,DM_atp_c0,27,20,optimal,8.375,True,
GCF_000184925.1,125,116,100,DM_atp_c0,22,15,optimal,1.0000000000000002,True,
GCF_000188715.1,121,118,105,DM_atp_c0,24,17,optimal,5.000000000000002,True,
GCF_000188735.1,177,209,284,DM_atp_c0,32,21,optimal,17.12499999999999,True,
GCF_000189295.2,143,147,211,DM_atp_c0,30,21,optimal,7.946428571428574,True,
GCF_000189415.1,132,125,108,DM_atp_c0,22,15,optimal,3.4499999999999984,True,
GCF_000183405.1,139,133,119,DM_atp_c0,26,19,optimal,7.375,True,
GCF_000183425.1,140,139,130,DM_atp_c0,23,16,optimal,3.9999999999999982,True,
GCF_000183645.1,165,193,235,DM_atp_c0,28,21,optimal,12.5,True,
GCF_000183665.1,111,102,77,DM_atp_c0,21,14,optimal,4.187500000000001,True,
GCF_000185185.1,126,119,95,DM_atp_c0,27,20,optimal,2.500000000000003,True,
GCF_000185205.1,128,120,99,DM_atp_c0,27,20,optimal,2.5000000000000058,True,
GCF_000185225.1,124,116,94,DM_atp_c0,27,20,optimal,0.8750000000000038,True,
GCF_000185245.1,128,120,98,DM_atp_c0,27,20,optimal,2.5000000000000058,True,
GCF_000189575.1,135,126,125,DM_atp_c0,22,15,optimal,0.0,False,
GCF_000189775.2,132,129,112,DM_atp_c0,25,18,optimal,7.750000000000004,True,
GCF_000190315.1,145,131,122,DM_atp_c0,22,15,optimal,0.0,False,
GCF_000190435.1,138,135,125,DM_atp_c0,26,19,optimal,2.9999999999999956,True,
GCF_000183725.1,126,128,148,DM_atp_c0,24,17,optimal,4.499999999999992,True,
GCF_000183745.1,139,153,146,DM_atp_c0,26,17,optimal,1.0,True,
GCF_000184065.1,157,168,155,DM_atp_c0,23,16,optimal,5.499999999999997,True,
GCF_000184185.1,179,213,272,DM_atp_c0,32,21,optimal,17.124999999999996,True,
GCF_000186245.1,134,132,129,DM_atp_c0,25,18,optimal,7.375,True,
GCF_000186265.1,153,169,162,DM_atp_c0,24,17,optimal,4.068181818181818,True,
GCF_000186345.1,152,143,146,DM_atp_c0,23,16,optimal,3.8541666666666736,True,
GCF_000186365.1,93,83,64,DM_atp_c0,21,14,optimal,0.0,False,
GCF_000185745.1,122,112,95,DM_atp_c0,23,16,optimal,3.9687500000000004,True,
GCF_000185805.1,114,113,119,DM_atp_c0,24,17,optimal,3.9999999999999982,True,
GCF_000185885.1,150,172,148,DM_atp_c0,27,20,optimal,12.249999999999993,True,
GCF_000185905.1,177,195,251,DM_atp_c0,26,19,optimal,9.038461538461544,True,
GCF_000190595.1,144,142,120,DM_atp_c0,25,18,optimal,4.653846153846148,True,
GCF_000190635.1,117,109,111,DM_atp_c0,22,15,optimal,0.0,False,
GCF_000190735.1,154,155,160,DM_atp_c0,25,18,optimal,5.999999999999997,True,
GCF_000191045.1,114,106,100,DM_atp_c0,24,17,optimal,2.999999999999999,True,
GCF_000186385.1,147,157,125,DM_atp_c0,24,17,optimal,3.0000000000000053,True,
GCF_000186405.1,116,110,87,DM_atp_c0,23,16,optimal,3.9999999999999982,True,
GCF_000186585.1,170,194,215,DM_atp_c0,30,21,optimal,14.999999999999998,True,
GCF_000186665.3,163,182,174,DM_atp_c0,27,20,optimal,7.732142857142856,True,
GCF_000191145.1,163,183,187,DM_atp_c0,27,20,optimal,7.732142857142857,True,
GCF_000191165.1,107,100,74,DM_atp_c0,23,16,optimal,0.0,False,
GCF_000191425.1,138,140,124,DM_atp_c0,23,16,optimal,6.250000000000002,True,
GCF_000191445.1,139,140,126,DM_atp_c0,23,16,optimal,6.250000000000007,True,
GCF_000186725.1,166,187,201,DM_atp_c0,27,18,optimal,12.875,True,
GCF_000186745.1,165,186,181,DM_atp_c0,29,22,optimal,10.500000000000005,True,
GCF_000186885.1,150,146,198,DM_atp_c0,25,18,optimal,9.714285714285724,True,
GCF_000186985.1,79,66,31,DM_atp_c0,20,13,optimal,0.0,False,
GCF_000189495.1,151,173,150,DM_atp_c0,27,20,optimal,12.249999999999993,True,
GCF_000189515.1,107,102,77,DM_atp_c0,23,16,optimal,1.000000000000001,True,
GCF_000189535.1,154,176,187,DM_atp_c0,27,20,optimal,11.812499999999968,True,
GCF_000189555.1,140,134,123,DM_atp_c0,25,18,optimal,0.0,False,
GCF_000191925.1,112,99,48,DM_atp_c0,24,17,optimal,0.0,False,
GCF_000192105.1,175,200,224,DM_atp_c0,31,20,optimal,14.874999999999996,True,
GCF_000192315.1,127,117,96,DM_atp_c0,26,19,optimal,2.5000000000000004,True,
GCF_000192335.1,127,118,94,DM_atp_c0,26,19,optimal,2.500000000000005,True,
GCF_000187005.1,142,160,139,DM_atp_c0,25,18,optimal,1.4999999999999933,True,
GCF_000187205.2,163,183,191,DM_atp_c0,27,20,optimal,7.732142857142856,True,
GCF_000187705.1,175,208,250,DM_atp_c0,29,20,optimal,17.124999999999996,True,
GCF_000188215.1,163,182,188,DM_atp_c0,27,20,optimal,7.732142857142856,True,
GCF_000192845.1,156,167,201,DM_atp_c0,29,22,optimal,10.194444444444438,True,
GCF_000192865.1,161,180,170,DM_atp_c0,28,21,optimal,5.750000000000003,True,
GCF_000192885.1,159,181,176,DM_atp_c0,24,17,optimal,8.041666666666602,True,
GCF_000193205.1,137,134,98,DM_atp_c0,24,17,optimal,3.5000000000000018,True,
GCF_000192635.1,157,180,206,DM_atp_c0,25,18,optimal,5.85576923076923,True,
GCF_000192705.1,135,136,113,DM_atp_c0,25,18,optimal,8.0,True,
GCF_000192725.1,159,181,176,DM_atp_c0,24,17,optimal,8.041666666666602,True,
GCF_000192745.1,156,167,204,DM_atp_c0,23,16,optimal,3.91666666666667,True,
GCF_000193355.1,163,190,206,DM_atp_c0,28,21,optimal,16.125000000000007,True,
GCF_000193375.1,136,126,122,DM_atp_c0,23,14,optimal,0.0,False,
GCF_000193395.1,115,113,87,DM_atp_c0,23,16,optimal,6.916666666666665,True,
GCF_000193435.2,118,109,92,DM_atp_c0,23,16,optimal,5.250000000000006,True,
GCF_000190515.1,166,194,221,DM_atp_c0,29,22,optimal,16.125000000000036,True,
GCF_000190535.1,133,131,134,DM_atp_c0,24,17,optimal,6.916666666666666,True,
GCF_000190555.1,149,152,116,DM_atp_c0,26,19,optimal,2.9999999999999987,True,
GCF_000190575.1,140,128,119,DM_atp_c0,25,18,optimal,2.5000000000000053,True,
GCF_000195105.1,167,190,235,DM_atp_c0,28,21,optimal,11.812499999999995,True,
GCF_000195275.1,113,102,62,DM_atp_c0,23,16,optimal,1.0,True,
GCF_000195295.1,128,116,142,DM_atp_c0,23,16,optimal,0.0,False,
GCF_000195315.1,116,110,93,DM_atp_c0,21,14,optimal,3.4999999999999996,True,
GCF_000193595.2,153,165,188,DM_atp_c0,24,17,optimal,6.187499999999997,True,
GCF_000194075.2,154,173,202,DM_atp_c0,25,18,optimal,7.375000000000001,True,
GCF_000194115.1,109,107,78,DM_atp_c0,23,16,optimal,0.9999999999999996,True,
GCF_000194135.1,124,120,102,DM_atp_c0,21,14,optimal,3.6250000000000027,True,
GCF_000194605.1,139,129,119,DM_atp_c0,22,15,optimal,3.9687499999999982,True,
GCF_000194625.1,123,109,104,DM_atp_c0,21,14,optimal,0.0,False,
GCF_000194745.1,171,199,283,DM_atp_c0,28,21,optimal,12.232142857142852,True,
GCF_000194765.1,131,133,150,DM_atp_c0,25,18,optimal,8.25,True,
GCF_000191545.1,110,108,79,DM_atp_c0,23,16,optimal,0.9999999999999998,True,
GCF_000191565.1,122,114,91,DM_atp_c0,21,14,optimal,0.0,False,
GCF_000191585.1,119,99,113,DM_atp_c0,21,14,optimal,0.9999999999999996,True,
GCF_000191905.1,140,137,127,DM_atp_c0,24,17,optimal,4.999999999999999,True,
GCF_000194785.1,131,133,150,DM_atp_c0,25,18,optimal,8.25,True,
GCF_000194805.1,170,197,268,DM_atp_c0,29,22,optimal,14.693181818181818,True,
GCF_000195065.1,166,177,171,DM_atp_c0,30,21,optimal,9.500000000000028,True,
GCF_000195085.1,127,118,96,DM_atp_c0,22,15,optimal,0.12500000000000014,True,
GCF_000195335.1,144,151,135,DM_atp_c0,24,17,optimal,1.0000000000000002,True,
GCF_000195395.5,136,141,160,DM_atp_c0,25,18,optimal,7.9999999999999964,True,
GCF_000195435.3,136,141,157,DM_atp_c0,25,18,optimal,7.9999999999999964,True,
GCF_000195515.1,162,184,171,DM_atp_c0,29,22,optimal,10.500000000000002,True,
GCF_000191465.1,139,141,127,DM_atp_c0,23,16,optimal,6.250000000000007,True,
GCF_000191485.1,139,140,123,DM_atp_c0,23,16,optimal,6.250000000000007,True,
GCF_000191505.1,138,139,124,DM_atp_c0,23,16,optimal,6.2499999999999964,True,
GCF_000191525.1,139,141,127,DM_atp_c0,23,16,optimal,6.250000000000007,True,
GCF_000195535.1,139,144,127,DM_atp_c0,24,17,optimal,5.416666666666668,True,
GCF_000195555.1,139,140,124,DM_atp_c0,24,17,optimal,5.999999999999998,True,
GCF_000195575.1,138,138,141,DM_atp_c0,25,18,optimal,4.499999999999999,True,
GCF_000195675.1,163,180,267,DM_atp_c0,27,20,optimal,8.375000000000007,True,
GCF_000195695.1,160,176,225,DM_atp_c0,27,20,optimal,8.375,True,
GCF_000195715.1,153,166,189,DM_atp_c0,24,17,optimal,6.187499999999993,True,
GCF_000195735.1,114,94,67,DM_atp_c0,19,12,optimal,4.53125,True,
GCF_000195755.1,147,154,183,DM_atp_c0,28,21,optimal,11.874999999999995,True,
GCF_000195835.2,154,173,207,DM_atp_c0,25,18,optimal,7.375000000000001,True,
GCF_000195855.1,137,139,108,DM_atp_c0,22,15,optimal,0.1666666666666663,True,
GCF_000195875.1,95,83,52,DM_atp_c0,22,15,optimal,0.0,False,
GCF_000195895.1,121,111,144,DM_atp_c0,22,15,optimal,1.4799999999999986,True,
GCF_000195915.1,128,114,87,DM_atp_c0,20,13,optimal,0.0,False,
GCF_000195935.2,103,91,83,DM_atp_c0,20,13,optimal,1.0000000000000004,True,
GCF_000195955.2,154,173,204,DM_atp_c0,25,18,optimal,7.375000000000001,True,
GCF_000195975.1,130,120,95,DM_atp_c0,25,18,optimal,0.0,False,
GCF_000195775.1,162,190,229,DM_atp_c0,26,19,optimal,9.374999999999975,True,
GCF_000195795.1,136,140,159,DM_atp_c0,25,18,optimal,7.9999999999999964,True,
GCF_000195815.1,151,160,127,DM_atp_c0,27,20,optimal,10.750000000000002,True,
GCF_000195835.1,154,173,205,DM_atp_c0,25,18,optimal,7.375000000000001,True,
GCF_000196535.1,129,130,116,DM_atp_c0,25,16,optimal,5.468749999999998,True,
GCF_000196555.1,118,112,83,DM_atp_c0,23,16,optimal,3.499999999999999,True,
GCF_000196575.1,118,113,84,DM_atp_c0,23,16,optimal,3.4999999999999987,True,
GCF_000196595.1,114,107,97,DM_atp_c0,23,16,optimal,3.9999999999999973,True,
GCF_000196075.1,95,81,57,DM_atp_c0,20,13,optimal,0.0,False,
GCF_000196095.1,174,200,232,DM_atp_c0,32,21,optimal,14.999999999999998,True,
GCF_000196115.1,167,175,149,DM_atp_c0,27,20,optimal,12.421875000000002,True,
GCF_000196135.1,122,126,123,DM_atp_c0,29,18,optimal,3.624999999999999,True,
GCF_000196335.1,141,155,131,DM_atp_c0,26,19,optimal,7.749999999999997,True,
GCF_000196355.1,136,128,132,DM_atp_c0,22,15,optimal,2.5000000000000018,True,
GCF_000196395.1,167,188,215,DM_atp_c0,28,19,optimal,14.937500000000007,True,
GCF_000196435.1,119,120,101,DM_atp_c0,22,15,optimal,5.6875000000000036,True,
GCF_000196255.1,170,193,258,DM_atp_c0,32,21,optimal,13.999999999999998,True,
GCF_000196275.1,157,169,153,DM_atp_c0,27,20,optimal,3.500000000000003,True,
GCF_000196295.1,139,142,128,DM_atp_c0,24,17,optimal,6.250000000000012,True,
GCF_000196315.1,135,129,103,DM_atp_c0,23,16,optimal,0.0,False,
GCF_000196455.1,136,131,119,DM_atp_c0,24,17,optimal,0.0,False,
GCF_000196475.1,166,181,183,DM_atp_c0,26,17,optimal,10.000000000000009,True,
GCF_000196495.1,168,188,182,DM_atp_c0,29,20,optimal,14.0,True,
GCF_000196515.1,133,125,112,DM_atp_c0,23,16,optimal,3.2499999999999996,True,
GCF_000195995.1,171,201,259,DM_atp_c0,30,21,optimal,17.124999999999993,True,
GCF_000196015.1,171,201,307,DM_atp_c0,30,21,optimal,11.49999999999999,True,
GCF_000196035.1,137,142,163,DM_atp_c0,25,18,optimal,7.999999999999998,True,
GCF_000196055.1,127,123,103,DM_atp_c0,23,16,optimal,8.000000000000004,True,
GCF_000200735.1,79,66,30,DM_atp_c0,20,13,optimal,0.0,False,
GCF_000202635.1,155,171,164,DM_atp_c0,27,20,optimal,10.607142857142845,True,
GCF_000202835.1,164,174,197,DM_atp_c0,25,18,optimal,11.946428571428584,True,
GCF_000203195.1,117,110,93,DM_atp_c0,23,16,optimal,2.999999999999998,True,
GCF_000198775.1,152,151,132,DM_atp_c0,24,17,optimal,5.79166666666667,True,
GCF_000199675.1,125,127,128,DM_atp_c0,23,16,optimal,5.249999999999999,True,
GCF_000200475.1,138,150,116,DM_atp_c0,30,19,optimal,9.5,True,
GCF_000200595.1,133,133,99,DM_atp_c0,28,21,optimal,6.625000000000006,True,
GCF_000196735.1,162,182,163,DM_atp_c0,29,22,optimal,10.500000000000002,True,
GCF_000196755.1,127,119,96,DM_atp_c0,27,20,optimal,2.4999999999999964,True,
GCF_000196795.1,164,185,185,DM_atp_c0,28,21,optimal,8.000000000000004,True,
GCF_000196815.1,133,136,151,DM_atp_c0,23,16,optimal,4.83928571428571,True,
GCF_000197735.1,153,170,165,DM_atp_c0,28,21,optimal,7.574999999999993,True,
GCF_000197755.2,136,140,160,DM_atp_c0,25,18,optimal,7.9999999999999964,True,
GCF_000197875.1,136,147,114,DM_atp_c0,28,19,optimal,9.5,True,
GCF_000198515.1,150,162,191,DM_atp_c0,23,16,optimal,6.267857142857144,True,
GCF_000196835.1,161,186,321,DM_atp_c0,29,22,optimal,13.750000000000004,True,
GCF_000196855.1,115,115,93,DM_atp_c0,24,17,optimal,4.499999999999999,True,
GCF_000196875.2,164,182,209,DM_atp_c0,26,19,optimal,5.874999999999999,True,
GCF_000196895.1,146,155,159,DM_atp_c0,25,18,optimal,0.499999999999999,True,
GCF_000196615.1,171,203,238,DM_atp_c0,28,21,optimal,17.62499999999999,True,
GCF_000196655.1,106,90,86,DM_atp_c0,21,14,optimal,0.0,False,
GCF_000196675.1,159,179,303,DM_atp_c0,26,19,optimal,9.374999999999991,True,
GCF_000196695.1,161,186,243,DM_atp_c0,28,21,optimal,13.187499999999996,True,
GCF_000196155.1,165,181,177,DM_atp_c0,25,18,optimal,10.250000000000002,True,
GCF_000196175.1,136,125,115,DM_atp_c0,21,14,optimal,1.4999999999999998,True,
GCF_000196215.1,96,87,38,DM_atp_c0,22,15,optimal,0.0,False,
GCF_000196235.1,158,187,234,DM_atp_c0,28,21,optimal,14.437499999999993,True,
GCF_000204075.1,148,147,182,DM_atp_c0,24,17,optimal,2.9999999999999987,True,
GCF_000204115.1,167,188,224,DM_atp_c0,28,19,optimal,14.937499999999998,True,
GCF_000204135.1,113,100,50,DM_atp_c0,24,17,optimal,0.0,False,
GCF_000204155.1,152,164,206,DM_atp_c0,25,18,optimal,5.8928571428571415,True,
GCF_000204255.1,112,99,48,DM_atp_c0,24,17,optimal,0.0,False,
GCF_000204275.1,162,184,170,DM_atp_c0,29,22,optimal,10.500000000000002,True,
GCF_000204295.1,165,193,245,DM_atp_c0,27,20,optimal,11.125000000000012,True,
GCF_000204415.1,117,92,102,DM_atp_c0,21,14,optimal,0.0,False,
GCF_000211035.1,114,106,98,DM_atp_c0,23,16,optimal,3.9999999999999973,True,
GCF_000211055.1,114,106,98,DM_atp_c0,23,16,optimal,3.9999999999999973,True,
GCF_000211295.1,93,81,46,DM_atp_c0,21,14,optimal,0.0,False,
GCF_000211375.1,122,120,116,DM_atp_c0,24,17,optimal,4.999999999999998,True,
GCF_000204565.1,125,117,109,DM_atp_c0,25,18,optimal,1.0,True,
GCF_000204625.1,119,110,88,DM_atp_c0,23,16,optimal,3.0000000000000018,True,
GCF_000204645.1,165,190,265,DM_atp_c0,27,20,optimal,13.062499999999996,True,
GCF_000204665.1,148,174,153,DM_atp_c0,26,19,optimal,12.249999999999995,True,
GCF_000209655.1,153,172,230,DM_atp_c0,26,19,optimal,8.375000000000004,True,
GCF_000209675.1,167,177,154,DM_atp_c0,30,21,optimal,11.5,True,
GCF_000209755.1,137,142,157,DM_atp_c0,25,18,optimal,7.999999999999998,True,
GCF_000209795.2,165,185,173,DM_atp_c0,29,22,optimal,10.500000000000005,True,
GCF_000211475.1,101,94,87,DM_atp_c0,21,14,optimal,0.9999999999999999,True,
GCF_000211545.4,92,82,47,DM_atp_c0,21,14,optimal,0.0,False,
GCF_000211855.2,137,136,107,DM_atp_c0,22,15,optimal,2.8333333333333304,True,
GCF_000212335.1,160,178,188,DM_atp_c0,26,19,optimal,6.875000000000006,True,
GCF_000203215.1,77,64,26,DM_atp_c0,20,13,optimal,0.0,False,
GCF_000203835.1,161,184,296,DM_atp_c0,28,21,optimal,14.352272727272725,True,
GCF_000203855.3,134,142,141,DM_atp_c0,27,20,optimal,9.500000000000009,True,
GCF_000203875.1,173,199,350,DM_atp_c0,28,21,optimal,11.499999999999993,True,
GCF_000204925.1,128,114,100,DM_atp_c0,21,14,optimal,0.0,False,
GCF_000204985.1,111,106,75,DM_atp_c0,23,16,optimal,4.0,True,
GCF_000208385.1,117,106,79,DM_atp_c0,23,16,optimal,3.0000000000000013,True,
GCF_000208405.1,127,126,106,DM_atp_c0,27,20,optimal,7.187499999999998,True,
GCF_000212975.1,153,166,189,DM_atp_c0,24,17,optimal,6.187499999999993,True,
GCF_000213135.1,124,117,94,DM_atp_c0,27,20,optimal,2.4999999999999964,True,
GCF_000213155.1,136,152,170,DM_atp_c0,28,19,optimal,8.826388888888879,True,
GCF_000213215.1,121,107,83,DM_atp_c0,21,14,optimal,0.0,False,
GCF_000210955.1,114,106,98,DM_atp_c0,23,16,optimal,3.9999999999999973,True,
GCF_000210975.1,114,106,97,DM_atp_c0,23,16,optimal,3.9999999999999973,True,
GCF_000210995.1,114,106,100,DM_atp_c0,23,16,optimal,3.9999999999999973,True,
GCF_000211015.1,114,106,98,DM_atp_c0,23,16,optimal,3.9999999999999973,True,
GCF_000203895.1,170,192,265,DM_atp_c0,27,20,optimal,10.66071428571429,True,
GCF_000203915.1,169,196,255,DM_atp_c0,28,21,optimal,12.232142857142865,True,
GCF_000203935.1,166,185,203,DM_atp_c0,29,20,optimal,10.0,True,
GCF_000203955.1,169,199,255,DM_atp_c0,28,21,optimal,12.875,True,
GCF_000212675.2,144,152,192,DM_atp_c0,26,19,optimal,11.430555555555623,True,
GCF_000212695.1,156,173,164,DM_atp_c0,27,20,optimal,15.9375,True,
GCF_000212715.2,180,214,276,DM_atp_c0,32,21,optimal,17.124999999999996,True,
GCF_000212735.1,158,169,174,DM_atp_c0,26,19,optimal,9.017857142857146,True,
GCF_000210515.1,119,122,89,DM_atp_c0,25,18,optimal,7.499999999999999,True,
GCF_000210815.2,137,142,163,DM_atp_c0,25,18,optimal,7.999999999999998,True,
GCF_000210835.1,139,138,137,DM_atp_c0,26,19,optimal,5.624999999999994,True,
GCF_000210855.2,177,209,283,DM_atp_c0,32,21,optimal,17.12499999999999,True,
GCF_000210875.1,143,155,123,DM_atp_c0,29,20,optimal,9.750000000000007,True,
GCF_000210895.1,137,144,116,DM_atp_c0,26,19,optimal,9.000000000000004,True,
GCF_000210915.2,138,132,126,DM_atp_c0,24,17,optimal,4.0625,True,
GCF_000210935.1,114,106,93,DM_atp_c0,23,16,optimal,3.9999999999999973,True,
GCF_000212355.1,141,140,118,DM_atp_c0,22,15,optimal,2.8333333333333313,True,
GCF_000212375.1,129,111,80,DM_atp_c0,22,15,optimal,0.0,False,
GCF_000212395.1,124,119,129,DM_atp_c0,24,17,optimal,5.375000000000002,True,
GCF_000212415.1,125,118,85,DM_atp_c0,26,19,optimal,2.999999999999992,True,
GCF_000210155.1,138,141,150,DM_atp_c0,25,18,optimal,6.326923076923078,True,
GCF_000210315.1,148,174,152,DM_atp_c0,26,19,optimal,12.249999999999995,True,
GCF_000210475.1,180,215,276,DM_atp_c0,32,21,optimal,17.124999999999993,True,
GCF_000210495.1,112,99,48,DM_atp_c0,24,17,optimal,0.0,False,
GCF_000214725.1,119,96,107,DM_atp_c0,22,15,optimal,1.0,True,
GCF_000214785.1,108,106,75,DM_atp_c0,23,16,optimal,3.9999999999999982,True,
GCF_000214805.1,174,205,261,DM_atp_c0,29,20,optimal,17.124999999999996,True,
GCF_000214825.1,131,131,101,DM_atp_c0,24,17,optimal,0.0,False,
GCF_000214845.1,140,153,132,DM_atp_c0,23,16,optimal,0.3333333333333321,True,
GCF_000215085.1,154,158,186,DM_atp_c0,27,20,optimal,7.312499999999999,True,
GCF_000215105.1,154,168,153,DM_atp_c0,26,19,optimal,12.10227272727274,True,
GCF_000215325.1,171,190,210,DM_atp_c0,26,19,optimal,11.017857142857142,True,
GCF_000217615.1,137,150,165,DM_atp_c0,28,19,optimal,7.951388888888887,True,
GCF_000217635.1,91,73,35,DM_atp_c0,18,11,optimal,0.0,False,
GCF_000217655.1,94,85,33,DM_atp_c0,23,16,optimal,0.0,False,
GCF_000217675.1,168,187,175,DM_atp_c0,30,21,optimal,13.25000000000002,True,
GCF_000215345.2,136,137,121,DM_atp_c0,26,19,optimal,7.375000000000001,True,
GCF_000215645.1,148,149,121,DM_atp_c0,24,17,optimal,8.749999999999996,True,
GCF_000215665.1,148,148,122,DM_atp_c0,24,17,optimal,7.749999999999997,True,
GCF_000215705.1,157,171,178,DM_atp_c0,25,18,optimal,8.375000000000002,True,
GCF_000213235.1,135,130,136,DM_atp_c0,23,16,optimal,1.0,True,
GCF_000213255.1,123,118,115,DM_atp_c0,23,16,optimal,0.9999999999999993,True,
GCF_000213635.1,177,209,284,DM_atp_c0,32,21,optimal,17.12499999999999,True,
GCF_000213655.1,162,176,169,DM_atp_c0,26,19,optimal,8.656249999999996,True,
GCF_000213805.1,165,185,212,DM_atp_c0,28,21,optimal,12.500000000000007,True,
GCF_000213825.1,125,118,93,DM_atp_c0,24,17,optimal,3.5000000000000018,True,
GCF_000213865.1,113,110,90,DM_atp_c0,23,16,optimal,3.5,True,
GCF_000213955.1,102,97,68,DM_atp_c0,22,15,optimal,3.2499999999999996,True,
GCF_000215745.1,176,211,282,DM_atp_c0,33,22,optimal,17.12499999999999,True,
GCF_000215895.1,168,186,187,DM_atp_c0,29,20,optimal,9.999999999999998,True,
GCF_000215975.1,115,108,102,DM_atp_c0,22,15,optimal,3.375000000000002,True,
GCF_000215995.1,93,84,74,DM_atp_c0,21,14,optimal,0.9999999999999999,True,
GCF_000217715.1,137,140,163,DM_atp_c0,23,16,optimal,0.0,False,
GCF_000217795.1,114,112,101,DM_atp_c0,23,16,optimal,5.374999999999998,True,
GCF_000217815.1,131,123,100,DM_atp_c0,24,17,optimal,1.6250000000000002,True,
GCF_000217835.1,155,172,146,DM_atp_c0,25,18,optimal,8.749999999999998,True,
GCF_000219105.1,165,167,188,DM_atp_c0,27,20,optimal,10.374999999999995,True,
GCF_000219175.1,93,78,43,DM_atp_c0,20,13,optimal,0.0,False,
GCF_000219195.1,59,41,3,DM_atp_c0,18,11,optimal,0.0,False,
GCF_000219215.1,170,196,416,DM_atp_c0,28,21,optimal,11.499999999999996,True,
GCF_000219355.1,107,93,66,DM_atp_c0,20,13,optimal,1.5000000000000002,True,
GCF_000219375.1,93,86,51,DM_atp_c0,21,14,optimal,1.0000000000000004,True,
GCF_000219455.1,118,114,83,DM_atp_c0,23,16,optimal,3.499999999999999,True,
GCF_000219535.2,154,175,178,DM_atp_c0,27,20,optimal,10.875000000000021,True,
GCF_000214395.1,170,196,246,DM_atp_c0,28,21,optimal,16.125000000000004,True,
GCF_000214415.1,101,85,94,DM_atp_c0,21,14,optimal,0.0,False,
GCF_000214435.1,136,146,155,DM_atp_c0,28,21,optimal,13.031250000000005,True,
GCF_000214665.1,158,162,165,DM_atp_c0,25,18,optimal,8.375,True,
GCF_000218875.1,131,123,98,DM_atp_c0,23,16,optimal,3.5000000000000013,True,
GCF_000218895.1,153,161,179,DM_atp_c0,26,19,optimal,7.574999999999996,True,
GCF_000218915.1,157,182,224,DM_atp_c0,28,21,optimal,9.912500000000003,True,
GCF_000219045.1,134,132,115,DM_atp_c0,23,16,optimal,5.500000000000001,True,
GCF_000214095.2,139,137,163,DM_atp_c0,26,19,optimal,7.562499999999999,True,
GCF_000214155.1,148,169,236,DM_atp_c0,23,16,optimal,2.7386363636363575,True,
GCF_000214175.1,156,177,234,DM_atp_c0,26,19,optimal,12.687499999999998,True,
GCF_000214195.1,174,205,261,DM_atp_c0,29,20,optimal,17.124999999999996,True,
GCF_000218565.1,155,179,197,DM_atp_c0,26,19,optimal,8.375000000000012,True,
GCF_000218585.1,155,178,191,DM_atp_c0,26,19,optimal,8.375000000000012,True,
GCF_000218625.1,140,139,125,DM_atp_c0,27,18,optimal,7.374999999999998,True,
GCF_000218855.1,140,137,127,DM_atp_c0,24,17,optimal,4.999999999999999,True,
GCF_000219765.1,112,106,96,DM_atp_c0,23,16,optimal,3.0000000000000013,True,
GCF_000219785.1,113,110,84,DM_atp_c0,23,16,optimal,4.5,True,
GCF_000219805.1,109,101,75,DM_atp_c0,24,17,optimal,2.0000000000000013,True,
GCF_000219875.1,144,154,144,DM_atp_c0,23,16,optimal,4.833333333333331,True,
GCF_000214215.1,160,177,153,DM_atp_c0,27,20,optimal,5.750000000000002,True,
GCF_000214235.1,174,205,261,DM_atp_c0,29,20,optimal,17.124999999999996,True,
GCF_000214355.1,135,129,118,DM_atp_c0,23,16,optimal,0.9999999999999998,True,
GCF_000214375.1,133,119,120,DM_atp_c0,25,16,optimal,3.0000000000000004,True,
GCF_000221185.1,100,90,84,DM_atp_c0,21,14,optimal,0.9999999999999999,True,
GCF_000221205.1,112,93,68,DM_atp_c0,20,13,optimal,3.8,True,
GCF_000221625.1,146,149,120,DM_atp_c0,24,17,optimal,8.749999999999991,True,
GCF_000221645.1,162,184,171,DM_atp_c0,29,22,optimal,10.500000000000002,True,
GCF_000220625.1,120,112,83,DM_atp_c0,22,15,optimal,0.0,False,
GCF_000220645.1,111,94,116,DM_atp_c0,22,15,optimal,0.0,False,
GCF_000220885.1,110,103,82,DM_atp_c0,22,15,optimal,1.0,True,
GCF_000220945.1,161,186,321,DM_atp_c0,29,22,optimal,13.750000000000004,True,
GCF_000221965.1,154,169,165,DM_atp_c0,26,19,optimal,9.08653846153846,True,
GCF_000221985.1,110,100,86,DM_atp_c0,23,16,optimal,3.999999999999995,True,
GCF_000222305.1,96,87,38,DM_atp_c0,22,15,optimal,0.0,False,
GCF_000222485.1,163,165,165,DM_atp_c0,27,20,optimal,5.428571428571429,True,
GCF_000219915.2,157,145,153,DM_atp_c0,26,19,optimal,1.499999999999999,True,
GCF_000220105.1,112,98,49,DM_atp_c0,24,17,optimal,0.0,False,
GCF_000220135.1,112,109,88,DM_atp_c0,23,16,optimal,3.5,True,
GCF_000220485.1,176,211,299,DM_atp_c0,31,22,optimal,17.12499999999999,True,
GCF_000220965.1,59,41,3,DM_atp_c0,18,11,optimal,0.0,False,
GCF_000221005.1,159,182,182,DM_atp_c0,24,17,optimal,7.125000000000003,True,
GCF_000221025.1,137,131,160,DM_atp_c0,25,18,optimal,7.375000000000001,True,
GCF_000221045.1,161,184,179,DM_atp_c0,26,19,optimal,10.086538461538458,True,
GCF_000222835.1,96,87,39,DM_atp_c0,22,15,optimal,0.0,False,
GCF_000222975.1,169,191,205,DM_atp_c0,28,19,optimal,14.874999999999998,True,
GCF_000223195.1,159,181,180,DM_atp_c0,24,17,optimal,5.791666666666669,True,
GCF_000223215.1,131,120,103,DM_atp_c0,23,16,optimal,2.9999999999999996,True,
GCF_000224475.1,137,132,124,DM_atp_c0,23,16,optimal,0.0,False,
GCF_000224535.1,128,120,96,DM_atp_c0,27,20,optimal,2.5000000000000058,True,
GCF_000224555.1,128,121,97,DM_atp_c0,27,20,optimal,2.500000000000007,True,
GCF_000224575.1,124,117,95,DM_atp_c0,27,20,optimal,2.4999999999999964,True,
GCF_000225265.1,165,191,228,DM_atp_c0,28,21,optimal,9.874999999999964,True,
GCF_000225325.1,102,101,63,DM_atp_c0,22,15,optimal,3.4999999999999996,True,
GCF_000225345.1,132,126,128,DM_atp_c0,25,18,optimal,4.0,True,
GCF_000225445.1,109,94,76,DM_atp_c0,22,15,optimal,5.749999999999998,True,
GCF_000217995.1,107,93,95,DM_atp_c0,21,14,optimal,0.0,False,
GCF_000218265.1,163,190,270,DM_atp_c0,25,18,optimal,7.375000000000003,True,
GCF_000218305.1,137,142,157,DM_atp_c0,25,18,optimal,7.999999999999998,True,
GCF_000218545.1,152,168,153,DM_atp_c0,26,19,optimal,14.687500000000004,True,
GCF_000223375.1,137,141,127,DM_atp_c0,23,16,optimal,5.020833333333335,True,
GCF_000223395.1,119,102,67,DM_atp_c0,23,16,optimal,0.0,False,
GCF_000223885.1,156,179,176,DM_atp_c0,27,20,optimal,8.04166666666667,True,
GCF_000223905.1,148,157,168,DM_atp_c0,29,18,optimal,0.0,False,
GCF_000224005.2,157,168,190,DM_atp_c0,26,17,optimal,9.000000000000012,True,
GCF_000224085.1,150,161,138,DM_atp_c0,26,19,optimal,5.442307692307691,True,
GCF_000224105.1,96,89,58,DM_atp_c0,22,15,optimal,2.9999999999999996,True,
GCF_000224435.1,154,173,203,DM_atp_c0,25,18,optimal,7.375000000000001,True,
GCF_000224675.1,172,206,272,DM_atp_c0,31,22,optimal,17.12499999999999,True,
GCF_000224745.1,147,146,139,DM_atp_c0,23,16,optimal,0.0,False,
GCF_000224965.2,110,104,83,DM_atp_c0,22,15,optimal,1.0,True,
GCF_000224985.1,103,103,75,DM_atp_c0,23,16,optimal,2.9999999999999996,True,
GCF_000226605.1,112,98,48,DM_atp_c0,24,17,optimal,0.0,False,
GCF_000226625.1,122,112,95,DM_atp_c0,23,16,optimal,3.9687500000000004,True,
GCF_000226975.2,148,152,171,DM_atp_c0,29,18,optimal,0.0,False,
GCF_000227175.1,146,149,120,DM_atp_c0,24,17,optimal,8.749999999999991,True,
GCF_000225465.1,102,90,69,DM_atp_c0,21,14,optimal,5.749999999999998,True,
GCF_000225915.1,155,172,168,DM_atp_c0,26,19,optimal,9.086538461538462,True,
GCF_000225955.1,168,179,207,DM_atp_c0,27,18,optimal,8.749999999999996,True,
GCF_000226155.1,168,204,259,DM_atp_c0,28,21,optimal,14.437499999999988,True,
GCF_000226275.2,163,182,186,DM_atp_c0,27,20,optimal,7.732142857142856,True,
GCF_000226295.1,146,144,140,DM_atp_c0,23,16,optimal,1.3333333333333355,True,
GCF_000226315.1,128,127,102,DM_atp_c0,22,15,optimal,3.2500000000000013,True,
GCF_000226565.1,156,169,167,DM_atp_c0,23,16,optimal,4.437500000000003,True,
GCF_000219585.1,141,141,135,DM_atp_c0,24,17,optimal,4.437500000000001,True,
GCF_000219605.1,167,189,225,DM_atp_c0,28,21,optimal,11.812500000000004,True,
GCF_000219705.1,167,194,257,DM_atp_c0,28,21,optimal,9.624999999999996,True,
GCF_000219725.1,129,122,101,DM_atp_c0,24,17,optimal,2.999999999999996,True,
GCF_000230655.2,121,113,115,DM_atp_c0,22,15,optimal,0.0,False,
GCF_000230695.2,157,173,177,DM_atp_c0,25,18,optimal,10.874999999999998,True,
GCF_000230715.2,149,146,144,DM_atp_c0,28,17,optimal,0.0,False,
GCF_000230735.2,141,144,174,DM_atp_c0,23,16,optimal,0.0,False,
GCF_000231015.2,97,87,68,DM_atp_c0,21,14,optimal,0.0,False,
GCF_000231175.1,128,121,130,DM_atp_c0,23,16,optimal,3.0000000000000058,True,
GCF_000231215.1,137,151,165,DM_atp_c0,28,19,optimal,8.826388888888879,True,
GCF_000231385.2,151,160,236,DM_atp_c0,25,16,optimal,5.355769230769228,True,
GCF_000231405.2,153,149,163,DM_atp_c0,26,17,optimal,5.749999999999997,True,
GCF_000231865.1,117,109,87,DM_atp_c0,22,15,optimal,3.9999999999999982,True,
GCF_000231885.1,119,110,87,DM_atp_c0,23,16,optimal,3.0000000000000018,True,
GCF_000231905.1,119,111,87,DM_atp_c0,23,16,optimal,3.9999999999999982,True,
GCF_000227645.1,159,181,175,DM_atp_c0,24,17,optimal,8.041666666666602,True,
GCF_000227665.2,132,133,110,DM_atp_c0,24,17,optimal,2.930555555555545,True,
GCF_000227685.2,164,186,214,DM_atp_c0,26,19,optimal,14.562500000000007,True,
GCF_000227705.2,147,157,138,DM_atp_c0,25,18,optimal,7.229166666666661,True,
GCF_000231925.1,119,111,88,DM_atp_c0,23,16,optimal,3.9999999999999982,True,
GCF_000233435.1,111,97,61,DM_atp_c0,22,15,optimal,0.0,False,
GCF_000233575.1,117,109,87,DM_atp_c0,23,16,optimal,4.0000000000000036,True,
GCF_000233595.1,173,201,228,DM_atp_c0,29,22,optimal,17.124999999999996,True,
GCF_000227465.1,165,185,181,DM_atp_c0,29,22,optimal,10.500000000000005,True,
GCF_000227485.1,163,185,179,DM_atp_c0,29,22,optimal,10.500000000000005,True,
GCF_000227605.3,152,159,129,DM_atp_c0,26,19,optimal,10.750000000000002,True,
GCF_000227625.1,180,212,286,DM_atp_c0,32,21,optimal,17.124999999999996,True,
GCF_000230895.2,155,178,323,DM_atp_c0,26,19,optimal,12.465909090909085,True,
GCF_000230955.2,129,121,125,DM_atp_c0,23,16,optimal,0.0,False,
GCF_000230975.2,168,184,193,DM_atp_c0,25,18,optimal,8.238636363636363,True,
GCF_000230995.2,164,185,225,DM_atp_c0,26,19,optimal,7.240384615384614,True,
GCF_000234745.1,151,162,142,DM_atp_c0,31,20,optimal,11.5,True,
GCF_000234805.1,134,134,143,DM_atp_c0,24,15,optimal,0.0,False,
GCF_000234825.3,115,111,96,DM_atp_c0,24,17,optimal,4.499999999999997,True,
GCF_000235405.2,127,117,106,DM_atp_c0,21,14,optimal,0.0,False,
GCF_000233715.2,156,156,229,DM_atp_c0,27,18,optimal,7.374999999999978,True,
GCF_000233735.1,148,148,118,DM_atp_c0,24,17,optimal,8.749999999999991,True,
GCF_000233755.1,127,132,146,DM_atp_c0,23,16,optimal,7.999999999999998,True,
GCF_000233775.1,111,100,97,DM_atp_c0,22,15,optimal,1.0,True,
GCF_000235545.1,173,203,265,DM_atp_c0,30,21,optimal,17.12499999999999,True,
GCF_000235565.1,119,98,108,DM_atp_c0,21,14,optimal,0.0,False,
GCF_000235585.1,164,188,206,DM_atp_c0,27,20,optimal,9.583333333333321,True,
GCF_000235605.1,168,179,339,DM_atp_c0,30,19,optimal,7.946428571428559,True,
GCF_000227745.2,157,167,220,DM_atp_c0,28,19,optimal,13.937500000000014,True,
GCF_000230275.1,125,122,103,DM_atp_c0,23,16,optimal,1.0000000000000002,True,
GCF_000230295.1,118,111,90,DM_atp_c0,24,17,optimal,4.0000000000000036,True,
GCF_000230555.1,149,168,156,DM_atp_c0,25,18,optimal,5.855769230769232,True,
GCF_000237065.1,169,197,259,DM_atp_c0,29,22,optimal,10.875000000000002,True,
GCF_000237085.1,131,121,108,DM_atp_c0,24,17,optimal,4.500000000000001,True,
GCF_000237125.2,150,175,152,DM_atp_c0,27,20,optimal,12.249999999999995,True,
GCF_000237145.1,157,174,232,DM_atp_c0,27,20,optimal,12.031250000000021,True,
GCF_000238195.1,157,180,179,DM_atp_c0,24,17,optimal,5.791666666666666,True,
GCF_000238215.1,137,130,94,DM_atp_c0,26,19,optimal,4.750000000000002,True,
GCF_000238255.3,154,158,151,DM_atp_c0,22,15,optimal,3.499999999999998,True,
GCF_000238395.3,162,180,180,DM_atp_c0,26,19,optimal,10.43181818181818,True,
GCF_000235765.1,174,207,266,DM_atp_c0,31,22,optimal,17.124999999999993,True,
GCF_000236065.1,181,210,379,DM_atp_c0,28,21,optimal,13.437500000000002,True,
GCF_000236215.2,170,197,255,DM_atp_c0,28,21,optimal,11.341666666666672,True,
GCF_000236255.1,159,181,180,DM_atp_c0,24,17,optimal,5.791666666666669,True,
GCF_000236405.1,109,96,59,DM_atp_c0,22,15,optimal,0.0,False,
GCF_000236475.1,133,125,107,DM_atp_c0,25,18,optimal,8.0,True,
GCF_000236585.1,138,143,126,DM_atp_c0,23,16,optimal,0.9999999999999974,True,
GCF_000236605.1,157,179,176,DM_atp_c0,27,20,optimal,13.125000000000007,True,
GCF_000241915.1,153,161,127,DM_atp_c0,27,20,optimal,10.750000000000004,True,
GCF_000241935.1,151,160,123,DM_atp_c0,27,20,optimal,10.750000000000002,True,
GCF_000242255.2,152,160,155,DM_atp_c0,24,17,optimal,7.583333333333339,True,
GCF_000242335.1,119,109,88,DM_atp_c0,22,15,optimal,2.4999999999999996,True,
GCF_000233875.1,180,213,293,DM_atp_c0,32,21,optimal,17.124999999999993,True,
GCF_000233895.1,180,213,293,DM_atp_c0,32,21,optimal,17.124999999999993,True,
GCF_000233915.3,153,156,162,DM_atp_c0,23,16,optimal,7.7499999999999964,True,
GCF_000234725.1,154,173,206,DM_atp_c0,25,18,optimal,7.375000000000001,True,
GCF_000236665.1,161,172,191,DM_atp_c0,26,19,optimal,12.017857142857142,True,
GCF_000236685.1,140,140,130,DM_atp_c0,26,19,optimal,2.999999999999998,True,
GCF_000236705.1,138,130,113,DM_atp_c0,22,15,optimal,2.5,True,
GCF_000236925.1,148,174,152,DM_atp_c0,26,19,optimal,12.249999999999995,True,
GCF_000237845.1,111,92,72,DM_atp_c0,19,12,optimal,3.8,True,
GCF_000237865.1,138,134,102,DM_atp_c0,25,18,optimal,0.0,False,
GCF_000237995.1,122,121,91,DM_atp_c0,23,16,optimal,8.0,True,
GCF_000238175.1,158,182,178,DM_atp_c0,25,18,optimal,8.041666666666666,True,
GCF_000237205.1,129,130,84,DM_atp_c0,25,18,optimal,3.4999999999999996,True,
GCF_000237265.1,148,174,153,DM_atp_c0,26,19,optimal,12.249999999999995,True,
GCF_000237305.1,159,177,251,DM_atp_c0,25,18,optimal,12.784090909090926,True,
GCF_000237325.1,163,187,185,DM_atp_c0,26,19,optimal,8.999999999999991,True,
GCF_000242855.2,166,188,174,DM_atp_c0,29,22,optimal,10.499999999999979,True,
GCF_000242895.2,165,200,253,DM_atp_c0,30,21,optimal,13.937499999999996,True,
GCF_000242935.2,156,161,183,DM_atp_c0,27,20,optimal,9.16666666666667,True,
GCF_000243075.1,166,179,177,DM_atp_c0,29,20,optimal,7.750000000000001,True,
GCF_000240035.1,136,152,172,DM_atp_c0,28,19,optimal,8.826388888888879,True,
GCF_000240055.1,136,149,166,DM_atp_c0,28,19,optimal,7.951388888888887,True,
GCF_000240075.2,136,137,114,DM_atp_c0,24,17,optimal,6.374999999999995,True,
GCF_000240165.1,159,177,249,DM_atp_c0,25,18,optimal,12.784090909090926,True,
GCF_000239235.1,148,173,152,DM_atp_c0,26,19,optimal,12.249999999999995,True,
GCF_000239475.1,96,87,37,DM_atp_c0,22,15,optimal,0.0,False,
GCF_000239975.1,175,208,270,DM_atp_c0,31,22,optimal,17.12499999999999,True,
GCF_000240015.1,136,150,169,DM_atp_c0,28,19,optimal,7.951388888888887,True,
GCF_000238975.1,118,94,62,DM_atp_c0,21,14,optimal,4.0,True,
GCF_000238995.1,79,66,28,DM_atp_c0,20,13,optimal,0.0,False,
GCF_000239175.1,147,150,130,DM_atp_c0,24,17,optimal,7.1875,True,
GCF_000239195.1,163,188,215,DM_atp_c0,29,22,optimal,13.2565789473684,True,
GCF_000241385.1,173,205,270,DM_atp_c0,30,21,optimal,15.00000000000001,True,
GCF_000241855.1,146,149,120,DM_atp_c0,24,17,optimal,8.749999999999991,True,
GCF_000241875.1,151,160,124,DM_atp_c0,27,20,optimal,10.750000000000002,True,
GCF_000241895.1,151,160,126,DM_atp_c0,27,20,optimal,10.750000000000002,True,
GCF_000240185.1,176,212,307,DM_atp_c0,31,22,optimal,17.124999999999996,True,
GCF_000240325.1,177,214,312,DM_atp_c0,31,22,optimal,17.124999999999996,True,
GCF_000241025.1,151,157,120,DM_atp_c0,31,20,optimal,6.500000000000002,True,
GCF_000241125.1,95,83,47,DM_atp_c0,22,15,optimal,0.0,False,
GCF_000243115.2,160,167,158,DM_atp_c0,27,20,optimal,7.916666666666667,True,
GCF_000243135.2,149,160,196,DM_atp_c0,27,18,optimal,3.6250000000000036,True,
GCF_000243155.2,156,165,264,DM_atp_c0,28,19,optimal,5.375000000000008,True,
GCF_000244875.1,129,123,128,DM_atp_c0,21,14,optimal,0.9999999999999998,True,
GCF_000250945.1,124,120,106,DM_atp_c0,25,18,optimal,4.0,True,
GCF_000251085.2,114,107,98,DM_atp_c0,23,16,optimal,3.9999999999999973,True,
GCF_000251105.1,130,107,107,DM_atp_c0,21,14,optimal,1.0000000000000002,True,
GCF_000252365.1,114,93,72,DM_atp_c0,19,12,optimal,3.8,True,
GCF_000247605.1,134,129,167,DM_atp_c0,23,16,optimal,3.0000000000000004,True,
GCF_000247715.1,160,188,262,DM_atp_c0,27,20,optimal,13.352272727272728,True,
GCF_000248095.2,130,130,107,DM_atp_c0,24,17,optimal,6.499999999999998,True,
GCF_000248375.2,152,158,128,DM_atp_c0,26,19,optimal,10.750000000000002,True,
GCF_000248415.1,133,134,135,DM_atp_c0,23,16,optimal,5.416666666666666,True,
GCF_000248435.1,133,134,125,DM_atp_c0,23,16,optimal,5.416666666666666,True,
GCF_000250635.1,132,124,99,DM_atp_c0,22,15,optimal,2.8333333333333326,True,
GCF_000250655.1,157,181,224,DM_atp_c0,28,21,optimal,9.912500000000012,True,
GCF_000250675.2,163,189,287,DM_atp_c0,27,20,optimal,9.965909090909086,True,
GCF_000250855.1,168,189,195,DM_atp_c0,30,21,optimal,11.499999999999991,True,
GCF_000250905.1,118,113,91,DM_atp_c0,24,17,optimal,4.0000000000000036,True,
GCF_000250925.1,118,113,91,DM_atp_c0,24,17,optimal,4.0000000000000036,True,
GCF_000242455.2,168,182,196,DM_atp_c0,27,20,optimal,13.749999999999982,True,
GCF_000242595.2,131,126,106,DM_atp_c0,24,17,optimal,2.999999999999999,True,
GCF_000242635.2,158,173,193,DM_atp_c0,26,19,optimal,10.575000000000012,True,
GCF_000242775.1,152,161,128,DM_atp_c0,27,20,optimal,10.749999999999998,True,
GCF_000252995.1,176,208,278,DM_atp_c0,33,22,optimal,17.124999999999996,True,
GCF_000253015.1,115,107,82,DM_atp_c0,21,14,optimal,4.03125,True,
GCF_000253035.1,151,147,118,DM_atp_c0,25,18,optimal,8.000000000000002,True,
GCF_000253055.1,138,132,129,DM_atp_c0,24,15,optimal,0.0,False,
GCF_000253075.1,96,89,57,DM_atp_c0,22,15,optimal,0.0,False,
GCF_000253135.1,148,172,154,DM_atp_c0,26,19,optimal,12.249999999999995,True,
GCF_000253155.1,113,104,74,DM_atp_c0,23,16,optimal,3.9999999999999982,True,
GCF_000253175.1,175,201,228,DM_atp_c0,31,20,optimal,14.874999999999993,True,
GCF_000252445.1,156,171,152,DM_atp_c0,28,21,optimal,3.4999999999999942,True,
GCF_000252855.1,126,118,100,DM_atp_c0,21,14,optimal,3.8,True,
GCF_000252875.1,177,209,282,DM_atp_c0,32,21,optimal,17.12499999999999,True,
GCF_000252975.1,136,141,151,DM_atp_c0,25,18,optimal,7.9999999999999964,True,
GCF_000253295.1,168,185,201,DM_atp_c0,28,21,optimal,7.375000000000003,True,
GCF_000253315.1,116,106,83,DM_atp_c0,23,16,optimal,1.0,True,
GCF_000253335.1,117,106,82,DM_atp_c0,23,16,optimal,2.9999999999999996,True,
GCF_000253355.1,154,172,198,DM_atp_c0,25,18,optimal,7.375000000000003,True,
GCF_000253195.1,134,132,138,DM_atp_c0,25,18,optimal,4.000000000000003,True,
GCF_000253215.1,139,140,124,DM_atp_c0,23,16,optimal,6.250000000000007,True,
GCF_000253255.1,165,189,220,DM_atp_c0,26,19,optimal,12.298076923076932,True,
GCF_000253275.1,138,133,122,DM_atp_c0,21,14,optimal,3.8125000000000004,True,
GCF_000246835.1,109,100,79,DM_atp_c0,21,14,optimal,2.9999999999999987,True,
GCF_000246855.1,159,173,206,DM_atp_c0,27,20,optimal,7.916666666666672,True,
GCF_000246985.2,101,92,85,DM_atp_c0,21,14,optimal,1.0000000000000002,True,
GCF_000247565.1,109,99,54,DM_atp_c0,20,13,optimal,2.000000000000001,True,
GCF_000253375.1,154,173,205,DM_atp_c0,25,18,optimal,7.375000000000001,True,
GCF_000253395.1,115,105,83,DM_atp_c0,22,15,optimal,2.999999999999999,True,
GCF_000255115.2,158,164,242,DM_atp_c0,26,19,optimal,15.437500000000005,True,
GCF_000255135.1,129,117,99,DM_atp_c0,21,14,optimal,0.0,False,
GCF_000255155.1,147,158,124,DM_atp_c0,27,20,optimal,10.750000000000002,True,
GCF_000255175.1,157,164,130,DM_atp_c0,27,20,optimal,10.750000000000004,True,
GCF_000255195.1,152,161,126,DM_atp_c0,27,20,optimal,10.749999999999998,True,
GCF_000255215.1,153,161,124,DM_atp_c0,27,20,optimal,10.750000000000004,True,
GCF_000255235.1,151,160,126,DM_atp_c0,27,20,optimal,10.750000000000002,True,
GCF_000255255.1,152,161,127,DM_atp_c0,27,20,optimal,10.749999999999998,True,
GCF_000255275.1,143,155,118,DM_atp_c0,26,19,optimal,10.750000000000002,True,
GCF_000255295.1,160,163,201,DM_atp_c0,24,17,optimal,9.5,True,
GCF_000245355.1,162,187,318,DM_atp_c0,27,20,optimal,16.37499999999997,True,
GCF_000245495.1,148,173,152,DM_atp_c0,26,19,optimal,12.249999999999995,True,
GCF_000245515.1,179,212,275,DM_atp_c0,32,21,optimal,17.124999999999996,True,
GCF_000245535.1,173,204,259,DM_atp_c0,32,21,optimal,17.124999999999993,True,
GCF_000258245.1,143,155,134,DM_atp_c0,24,17,optimal,1.000000000000001,True,
GCF_000258365.1,177,209,282,DM_atp_c0,32,21,optimal,17.12499999999999,True,
GCF_000258385.1,146,150,122,DM_atp_c0,24,17,optimal,8.749999999999991,True,
GCF_000258405.1,145,145,156,DM_atp_c0,23,16,optimal,8.749999999999991,True,
GCF_000259155.4,152,159,128,DM_atp_c0,26,19,optimal,10.750000000000002,True,
GCF_000259175.1,164,192,221,DM_atp_c0,29,20,optimal,12.625000000000004,True,
GCF_000259235.1,127,119,96,DM_atp_c0,27,20,optimal,2.4999999999999964,True,
GCF_000259255.1,126,124,100,DM_atp_c0,27,20,optimal,4.5,True,
GCF_000259275.1,127,124,101,DM_atp_c0,28,21,optimal,4.499999999999999,True,
GCF_000259365.1,165,187,184,DM_atp_c0,29,22,optimal,10.50000000000001,True,
GCF_000259545.1,151,160,136,DM_atp_c0,31,20,optimal,7.5,True,
GCF_000260515.1,169,193,246,DM_atp_c0,28,21,optimal,12.875000000000004,True,
GCF_000257275.1,178,212,269,DM_atp_c0,32,21,optimal,17.124999999999996,True,
GCF_000257545.3,170,206,275,DM_atp_c0,29,22,optimal,14.812499999999966,True,
GCF_000258025.1,179,213,302,DM_atp_c0,32,21,optimal,17.12499999999999,True,
GCF_000258145.1,179,213,272,DM_atp_c0,32,21,optimal,17.124999999999996,True,
GCF_000260715.1,110,104,87,DM_atp_c0,22,15,optimal,1.0,True,
GCF_000260925.1,176,205,249,DM_atp_c0,28,21,optimal,17.124999999999996,True,
GCF_000260965.1,144,145,140,DM_atp_c0,24,17,optimal,6.4431818181818254,True,
GCF_000260985.3,151,157,175,DM_atp_c0,25,18,optimal,7.562500000000001,True,
GCF_000262675.1,115,105,80,DM_atp_c0,22,15,optimal,2.999999999999999,True,
GCF_000262695.1,170,190,250,DM_atp_c0,28,21,optimal,12.232142857142875,True,
GCF_000262715.1,109,96,61,DM_atp_c0,22,15,optimal,0.0,False,
GCF_000263195.1,153,154,169,DM_atp_c0,23,16,optimal,5.999999999999999,True,
GCF_000262125.1,178,209,268,DM_atp_c0,32,21,optimal,16.125,True,
GCF_000262145.1,110,104,89,DM_atp_c0,22,15,optimal,3.0,True,
GCF_000262165.1,153,176,300,DM_atp_c0,23,16,optimal,6.806818181818181,True,
GCF_000262205.1,130,124,92,DM_atp_c0,22,15,optimal,5.375,True,
GCF_000265095.1,113,109,83,DM_atp_c0,23,16,optimal,3.5,True,
GCF_000265295.1,130,141,154,DM_atp_c0,29,20,optimal,4.999999999999997,True,
GCF_000265365.1,122,110,96,DM_atp_c0,23,16,optimal,0.0,False,
GCF_000265385.1,137,132,113,DM_atp_c0,23,16,optimal,2.4,True,
GCF_000260985.4,151,156,176,DM_atp_c0,25,18,optimal,7.5624999999999964,True,
GCF_000261025.1,110,102,78,DM_atp_c0,24,17,optimal,5.624999999999998,True,
GCF_000261045.2,173,203,253,DM_atp_c0,29,20,optimal,17.124999999999996,True,
GCF_000261345.2,158,180,249,DM_atp_c0,27,20,optimal,13.232142857142843,True,
GCF_000265405.1,149,149,139,DM_atp_c0,26,19,optimal,5.076923076923077,True,
GCF_000265425.1,140,148,138,DM_atp_c0,26,19,optimal,8.708333333333336,True,
GCF_000265465.1,134,122,91,DM_atp_c0,21,14,optimal,3.5000000000000013,True,
GCF_000265505.1,133,127,117,DM_atp_c0,22,15,optimal,4.312499999999999,True,
GCF_000263215.1,174,206,237,DM_atp_c0,31,22,optimal,17.12499999999999,True,
GCF_000263735.1,107,97,80,DM_atp_c0,23,14,optimal,0.9999999999999999,True,
GCF_000263755.5,152,159,129,DM_atp_c0,26,19,optimal,10.750000000000002,True,
GCF_000263795.2,158,181,236,DM_atp_c0,25,18,optimal,12.147727272727273,True,
GCF_000262305.1,176,208,256,DM_atp_c0,30,21,optimal,17.12499999999999,True,
GCF_000262325.2,166,189,210,DM_atp_c0,29,22,optimal,11.34166666666665,True,
GCF_000262385.1,166,187,178,DM_atp_c0,29,22,optimal,10.499999999999979,True,
GCF_000262655.1,125,111,89,DM_atp_c0,27,20,optimal,0.0,False,
GCF_000264455.2,165,182,276,DM_atp_c0,29,20,optimal,8.375000000000004,True,
GCF_000264495.1,91,80,59,DM_atp_c0,19,12,optimal,0.0,False,
GCF_000264765.2,160,185,222,DM_atp_c0,30,19,optimal,12.375000000000005,True,
GCF_000264945.2,153,163,182,DM_atp_c0,26,19,optimal,10.767857142857144,True,
GCF_000265525.1,95,84,75,DM_atp_c0,21,14,optimal,0.9999999999999997,True,
GCF_000265545.3,152,156,126,DM_atp_c0,26,19,optimal,9.750000000000002,True,
GCF_000266885.1,143,147,163,DM_atp_c0,23,16,optimal,5.083333333333341,True,
GCF_000266905.1,163,186,292,DM_atp_c0,26,19,optimal,12.465909090909108,True,
GCF_000255535.1,173,206,248,DM_atp_c0,29,20,optimal,17.124999999999996,True,
GCF_000255915.1,150,161,138,DM_atp_c0,31,20,optimal,11.499999999999993,True,
GCF_000255935.1,146,148,119,DM_atp_c0,24,17,optimal,8.749999999999991,True,
GCF_000255955.1,122,115,96,DM_atp_c0,27,20,optimal,2.499999999999998,True,
GCF_000269945.1,128,126,102,DM_atp_c0,26,19,optimal,8.499999999999998,True,
GCF_000269965.1,115,111,96,DM_atp_c0,23,16,optimal,3.4999999999999996,True,
GCF_000269985.1,161,183,249,DM_atp_c0,25,18,optimal,13.624999999999991,True,
GCF_000270005.1,124,117,95,DM_atp_c0,26,19,optimal,2.500000000000003,True,
GCF_000270025.1,128,121,97,DM_atp_c0,27,20,optimal,2.500000000000007,True,
GCF_000270045.1,127,119,98,DM_atp_c0,27,20,optimal,2.4999999999999964,True,
GCF_000270065.1,128,121,96,DM_atp_c0,27,20,optimal,2.500000000000007,True,
GCF_000270085.1,112,109,92,DM_atp_c0,22,15,optimal,3.000000000000002,True,
GCF_000258425.1,93,80,52,DM_atp_c0,21,14,optimal,0.0,False,
GCF_000258535.2,158,184,227,DM_atp_c0,28,21,optimal,9.912500000000005,True,
GCF_000258885.1,167,194,217,DM_atp_c0,29,22,optimal,16.12499999999995,True,
GCF_000258905.1,136,141,159,DM_atp_c0,25,18,optimal,7.9999999999999964,True,
GCF_000270425.1,112,99,48,DM_atp_c0,24,17,optimal,0.0,False,
GCF_000270445.1,112,98,47,DM_atp_c0,24,17,optimal,0.0,False,
GCF_000270465.1,148,173,148,DM_atp_c0,26,19,optimal,14.471153846153836,True,
GCF_000270525.1,93,86,51,DM_atp_c0,21,14,optimal,1.0000000000000004,True,
GCF_000270305.1,151,156,154,DM_atp_c0,30,19,optimal,5.999999999999999,True,
GCF_000270365.1,154,173,204,DM_atp_c0,25,18,optimal,7.375000000000001,True,
GCF_000270385.1,112,99,48,DM_atp_c0,24,17,optimal,0.0,False,
GCF_000270405.1,112,99,48,DM_atp_c0,24,17,optimal,0.0,False,
GCF_000277185.1,114,94,67,DM_atp_c0,19,12,optimal,4.53125,True,
GCF_000277205.1,114,94,67,DM_atp_c0,19,12,optimal,4.53125,True,
GCF_000277245.1,113,93,66,DM_atp_c0,19,12,optimal,4.531250000000001,True,
GCF_000277265.1,113,93,66,DM_atp_c0,19,12,optimal,4.531250000000001,True,
GCF_000277285.1,113,93,66,DM_atp_c0,19,12,optimal,4.531250000000001,True,
GCF_000277305.1,113,93,66,DM_atp_c0,19,12,optimal,4.531250000000001,True,
GCF_000277325.1,110,104,81,DM_atp_c0,22,15,optimal,1.0,True,
GCF_000277345.1,110,104,81,DM_atp_c0,22,15,optimal,1.0,True,
GCF_000277365.1,128,120,96,DM_atp_c0,27,20,optimal,2.5000000000000058,True,
GCF_000277385.1,127,119,96,DM_atp_c0,27,20,optimal,2.4999999999999964,True,
GCF_000277405.1,127,119,96,DM_atp_c0,27,20,optimal,2.4999999999999964,True,
GCF_000277425.1,128,120,95,DM_atp_c0,27,20,optimal,2.5000000000000058,True,
GCF_000271325.1,138,145,164,DM_atp_c0,23,16,optimal,3.687500000000001,True,
GCF_000271365.1,167,203,259,DM_atp_c0,28,21,optimal,14.437499999999988,True,
GCF_000271405.2,124,115,99,DM_atp_c0,25,18,optimal,4.0000000000000036,True,
GCF_000271665.2,169,187,290,DM_atp_c0,31,22,optimal,12.124999999999998,True,
GCF_000266925.1,131,122,115,DM_atp_c0,25,18,optimal,4.0,True,
GCF_000266945.1,172,170,295,DM_atp_c0,28,21,optimal,7.1875000000000036,True,
GCF_000267545.1,166,189,223,DM_atp_c0,28,21,optimal,11.812500000000002,True,
GCF_000269925.1,128,126,101,DM_atp_c0,26,19,optimal,8.499999999999998,True,
GCF_000277795.1,77,64,26,DM_atp_c0,20,13,optimal,0.0,False,
GCF_000279145.1,148,148,157,DM_atp_c0,22,15,optimal,8.749999999999995,True,
GCF_000279165.1,162,186,220,DM_atp_c0,26,19,optimal,8.374999999999995,True,
GCF_000280925.3,161,165,189,DM_atp_c0,26,19,optimal,10.374999999999996,True,
GCF_000277715.1,144,148,154,DM_atp_c0,27,20,optimal,12.125000000000002,True,
GCF_000277735.2,154,173,206,DM_atp_c0,25,18,optimal,7.375000000000001,True,
GCF_000277755.1,130,123,94,DM_atp_c0,23,16,optimal,3.4999999999999987,True,
GCF_000277775.2,157,174,205,DM_atp_c0,26,19,optimal,7.375000000000002,True,
GCF_000283555.1,98,91,54,DM_atp_c0,22,15,optimal,3.0000000000000013,True,
GCF_000283575.1,136,127,130,DM_atp_c0,22,15,optimal,1.0000000000000002,True,
GCF_000283595.1,116,97,69,DM_atp_c0,20,13,optimal,4.531250000000001,True,
GCF_000283615.1,131,131,116,DM_atp_c0,25,18,optimal,7.9999999999999964,True,
GCF_000270105.1,179,213,272,DM_atp_c0,32,21,optimal,17.124999999999996,True,
GCF_000270145.1,118,112,96,DM_atp_c0,24,17,optimal,2.999999999999998,True,
GCF_000270165.1,115,107,93,DM_atp_c0,23,16,optimal,3.000000000000003,True,
GCF_000270205.1,98,92,55,DM_atp_c0,22,15,optimal,3.000000000000002,True,
GCF_000283815.1,109,89,68,DM_atp_c0,19,12,optimal,3.8,True,
GCF_000283875.1,173,201,228,DM_atp_c0,29,22,optimal,17.124999999999996,True,
GCF_000283915.1,93,76,56,DM_atp_c0,19,12,optimal,1.4999999999999993,True,
GCF_000283935.1,109,89,67,DM_atp_c0,19,12,optimal,3.8,True,
GCF_000283735.1,177,209,282,DM_atp_c0,32,21,optimal,17.12499999999999,True,
GCF_000283755.1,93,82,45,DM_atp_c0,21,14,optimal,0.0,False,
GCF_000283775.1,109,89,68,DM_atp_c0,19,12,optimal,3.8,True,
GCF_000283795.1,109,89,68,DM_atp_c0,19,12,optimal,3.8,True,
GCF_000270225.1,126,110,74,DM_atp_c0,24,17,optimal,0.0,False,
GCF_000270245.1,158,181,216,DM_atp_c0,29,20,optimal,13.913461538461517,True,
GCF_000270265.1,144,151,142,DM_atp_c0,26,19,optimal,8.363636363636358,True,
GCF_000270285.1,128,129,180,DM_atp_c0,26,17,optimal,4.999999999999997,True,
GCF_000271865.1,114,105,92,DM_atp_c0,21,14,optimal,3.0000000000000004,True,
GCF_000275605.1,103,97,86,DM_atp_c0,21,14,optimal,0.9999999999999999,True,
GCF_000276685.1,122,112,95,DM_atp_c0,23,16,optimal,3.9687500000000004,True,
GCF_000276705.2,177,213,316,DM_atp_c0,31,22,optimal,15.874999999999991,True,
GCF_000283295.1,168,194,333,DM_atp_c0,28,21,optimal,14.328124999999996,True,
GCF_000283475.1,172,196,217,DM_atp_c0,27,20,optimal,11.500000000000007,True,
GCF_000283515.1,155,163,186,DM_atp_c0,25,18,optimal,8.375000000000002,True,
GCF_000283535.1,165,182,222,DM_atp_c0,27,20,optimal,11.124999999999996,True,
GCF_000284115.1,128,138,115,DM_atp_c0,25,18,optimal,2.0113636363636345,True,
GCF_000284135.1,144,151,142,DM_atp_c0,26,19,optimal,8.363636363636358,True,
GCF_000284155.1,115,96,70,DM_atp_c0,20,13,optimal,4.53125,True,
GCF_000284175.1,111,92,67,DM_atp_c0,20,13,optimal,3.8,True,
GCF_000276825.1,153,175,305,DM_atp_c0,23,16,optimal,6.806818181818181,True,
GCF_000277125.1,152,174,293,DM_atp_c0,23,16,optimal,6.80681818181818,True,
GCF_000277145.1,153,174,292,DM_atp_c0,23,16,optimal,6.806818181818179,True,
GCF_000277165.1,114,94,67,DM_atp_c0,19,12,optimal,4.53125,True,
GCF_000281175.1,152,160,179,DM_atp_c0,26,19,optimal,2.375,True,
GCF_000281195.1,134,134,127,DM_atp_c0,25,18,optimal,7.99999999999999,True,
GCF_000281215.1,164,192,247,DM_atp_c0,28,21,optimal,10.238636363636363,True,
GCF_000281235.1,78,65,25,DM_atp_c0,20,13,optimal,0.0,False,
GCF_000286715.1,92,83,48,DM_atp_c0,21,14,optimal,0.0,False,
GCF_000286735.1,92,83,49,DM_atp_c0,21,14,optimal,0.0,False,
GCF_000286755.1,92,82,48,DM_atp_c0,21,14,optimal,0.0,False,
GCF_000286775.1,92,83,49,DM_atp_c0,21,14,optimal,0.0,False,
GCF_000284195.1,111,90,67,DM_atp_c0,19,12,optimal,3.8000000000000003,True,
GCF_000284215.1,144,151,142,DM_atp_c0,26,19,optimal,8.363636363636358,True,
GCF_000284235.1,148,152,164,DM_atp_c0,26,19,optimal,7.375000000000022,True,
GCF_000284255.1,178,194,259,DM_atp_c0,27,18,optimal,9.692307692307685,True,
GCF_000287255.1,74,52,17,DM_atp_c0,18,11,optimal,0.0,False,
GCF_000287275.1,72,50,15,DM_atp_c0,18,11,optimal,0.0,False,
GCF_000287295.1,72,50,15,DM_atp_c0,18,11,optimal,0.0,False,
GCF_000287315.1,72,50,16,DM_atp_c0,18,11,optimal,0.0,False,
GCF_000284435.1,98,92,56,DM_atp_c0,22,15,optimal,3.000000000000002,True,
GCF_000284455.1,144,151,142,DM_atp_c0,26,19,optimal,8.363636363636358,True,
GCF_000284475.1,112,98,47,DM_atp_c0,24,17,optimal,0.0,False,
GCF_000284495.1,181,213,294,DM_atp_c0,32,21,optimal,17.124999999999996,True,
GCF_000286275.1,174,208,260,DM_atp_c0,31,22,optimal,17.12499999999999,True,
GCF_000286435.2,167,197,218,DM_atp_c0,30,21,optimal,17.125,True,
GCF_000286675.1,92,83,49,DM_atp_c0,21,14,optimal,0.0,False,
GCF_000286695.1,92,83,49,DM_atp_c0,21,14,optimal,0.0,False,
GCF_000281435.2,176,212,294,DM_atp_c0,31,22,optimal,17.124999999999996,True,
GCF_000281695.1,137,140,147,DM_atp_c0,25,14,optimal,0.0,False,
GCF_000282715.1,161,186,320,DM_atp_c0,29,22,optimal,13.750000000000004,True,
GCF_000283275.1,165,190,204,DM_atp_c0,29,20,optimal,10.55681818181818,True,
GCF_000286795.1,92,83,49,DM_atp_c0,21,14,optimal,0.0,False,
GCF_000286815.1,92,83,49,DM_atp_c0,21,14,optimal,0.0,False,
GCF_000287215.2,173,194,225,DM_atp_c0,30,21,optimal,14.9375,True,
GCF_000287235.1,74,51,16,DM_atp_c0,18,11,optimal,0.0,False,
GCF_000283635.1,110,99,82,DM_atp_c0,22,15,optimal,3.0000000000000027,True,
GCF_000283655.1,183,205,279,DM_atp_c0,27,20,optimal,13.937499999999998,True,
GCF_000283675.1,164,195,215,DM_atp_c0,29,22,optimal,16.124999999999996,True,
GCF_000283695.1,166,188,175,DM_atp_c0,29,22,optimal,10.499999999999979,True,
GCF_000284035.1,156,174,242,DM_atp_c0,26,19,optimal,13.056818181818212,True,
GCF_000284055.1,111,91,64,DM_atp_c0,19,12,optimal,3.8,True,
GCF_000284075.1,102,87,67,DM_atp_c0,20,13,optimal,3.8,True,
GCF_000284095.1,136,147,134,DM_atp_c0,29,20,optimal,7.624999999999998,True,
GCF_000292445.1,92,79,42,DM_atp_c0,21,14,optimal,0.0,False,
GCF_000292455.1,164,191,203,DM_atp_c0,29,22,optimal,16.12499999999999,True,
GCF_000292485.1,93,81,44,DM_atp_c0,21,14,optimal,0.0,False,
GCF_000292505.1,93,82,46,DM_atp_c0,21,14,optimal,0.0,False,
GCF_000287335.1,115,98,70,DM_atp_c0,21,14,optimal,5.75,True,
GCF_000287355.1,102,90,38,DM_atp_c0,20,13,optimal,0.0,False,
GCF_000292405.1,93,81,43,DM_atp_c0,21,14,optimal,0.0,False,
GCF_000292415.1,165,193,213,DM_atp_c0,29,22,optimal,16.125000000000036,True,
GCF_000283955.1,98,83,66,DM_atp_c0,19,12,optimal,3.8,True,
GCF_000283975.1,119,113,99,DM_atp_c0,22,15,optimal,2.000000000000003,True,
GCF_000283995.1,112,91,69,DM_atp_c0,19,12,optimal,3.8,True,
GCF_000284015.1,144,157,204,DM_atp_c0,25,18,optimal,3.410714285714284,True,
GCF_000284275.1,167,198,271,DM_atp_c0,27,20,optimal,8.625000000000007,True,
GCF_000284295.1,159,181,282,DM_atp_c0,28,21,optimal,16.14423076923075,True,
GCF_000284315.1,130,127,128,DM_atp_c0,25,18,optimal,7.25,True,
GCF_000284335.1,113,100,80,DM_atp_c0,25,18,optimal,0.0,False,
GCF_000298375.2,103,88,40,DM_atp_c0,22,15,optimal,0.0,False,
GCF_000298385.1,76,56,38,DM_atp_c0,19,12,optimal,0.0,False,
GCF_000298415.1,112,99,48,DM_atp_c0,24,17,optimal,0.0,False,
GCF_000298435.2,110,98,47,DM_atp_c0,24,17,optimal,0.0,False,
GCF_000292685.1,76,56,38,DM_atp_c0,19,12,optimal,0.0,False,
GCF_000292705.1,164,192,209,DM_atp_c0,29,22,optimal,16.125000000000036,True,
GCF_000292915.1,166,191,251,DM_atp_c0,28,21,optimal,12.874999999999996,True,
GCF_000293765.1,163,185,175,DM_atp_c0,29,22,optimal,10.500000000000005,True,
GCF_000298455.2,112,97,46,DM_atp_c0,24,17,optimal,0.0,False,
GCF_000298475.2,112,99,48,DM_atp_c0,24,17,optimal,0.0,False,
GCF_000298495.2,110,98,47,DM_atp_c0,24,17,optimal,0.0,False,
GCF_000298515.2,110,97,46,DM_atp_c0,24,17,optimal,0.0,False,
GCF_000284355.1,134,135,119,DM_atp_c0,26,19,optimal,7.375000000000001,True,
GCF_000284375.1,172,209,301,DM_atp_c0,27,20,optimal,8.625000000000002,True,
GCF_000284395.1,166,187,178,DM_atp_c0,29,22,optimal,10.499999999999979,True,
GCF_000284415.1,152,147,147,DM_atp_c0,23,16,optimal,7.249999999999995,True,
GCF_000298535.2,110,95,44,DM_atp_c0,23,16,optimal,0.0,False,
GCF_000298555.2,110,97,47,DM_atp_c0,23,16,optimal,0.0,False,
GCF_000298875.1,117,117,94,DM_atp_c0,24,17,optimal,4.499999999999999,True,
GCF_000299015.1,114,106,98,DM_atp_c0,23,16,optimal,3.9999999999999973,True,
GCF_000295655.1,126,117,95,DM_atp_c0,21,14,optimal,3.799999999999997,True,
GCF_000296215.2,167,202,289,DM_atp_c0,27,20,optimal,8.624999999999998,True,
GCF_000296575.1,137,130,105,DM_atp_c0,26,19,optimal,4.083333333333334,True,
GCF_000296595.1,148,175,152,DM_atp_c0,26,19,optimal,12.249999999999995,True,
GCF_000284515.1,153,172,188,DM_atp_c0,26,19,optimal,8.750000000000002,True,
GCF_000284535.1,148,175,153,DM_atp_c0,26,19,optimal,12.249999999999995,True,
GCF_000284555.1,168,204,262,DM_atp_c0,28,21,optimal,14.437499999999988,True,
GCF_000284575.1,114,106,94,DM_atp_c0,21,14,optimal,2.999999999999997,True,
GCF_000294635.1,169,193,240,DM_atp_c0,28,21,optimal,12.875000000000004,True,
GCF_000294695.2,156,179,204,DM_atp_c0,27,20,optimal,10.203124999999993,True,
GCF_000294715.1,113,107,84,DM_atp_c0,22,15,optimal,0.0,False,
GCF_000294775.2,166,192,238,DM_atp_c0,28,21,optimal,13.125000000000005,True,
GCF_000299095.1,136,125,101,DM_atp_c0,21,14,optimal,0.12500000000000022,True,
GCF_000299115.1,128,124,102,DM_atp_c0,20,13,optimal,0.16666666666666619,True,
GCF_000299135.1,127,125,107,DM_atp_c0,23,16,optimal,8.0,True,
GCF_000299235.1,123,108,114,DM_atp_c0,22,15,optimal,4.375000000000001,True,
GCF_000297055.2,148,153,171,DM_atp_c0,28,19,optimal,8.132812499999998,True,
GCF_000297075.2,165,186,209,DM_atp_c0,27,20,optimal,13.0625,True,
GCF_000298095.1,153,176,295,DM_atp_c0,23,16,optimal,6.806818181818181,True,
GCF_000298115.2,125,122,125,DM_atp_c0,24,17,optimal,4.999999999999998,True,
GCF_000299255.1,178,213,277,DM_atp_c0,32,21,optimal,17.124999999999993,True,
GCF_000299335.2,151,156,151,DM_atp_c0,25,18,optimal,4.250000000000002,True,
GCF_000299355.1,119,99,86,DM_atp_c0,21,14,optimal,0.0,False,
GCF_000299365.1,108,89,70,DM_atp_c0,20,13,optimal,0.0,False,
GCF_000300035.1,76,56,38,DM_atp_c0,19,12,optimal,0.0,False,
GCF_000300045.1,96,87,37,DM_atp_c0,22,15,optimal,0.0,False,
GCF_000300075.1,76,56,38,DM_atp_c0,19,12,optimal,0.0,False,
GCF_000300095.1,180,206,280,DM_atp_c0,30,21,optimal,14.812500000000004,True,
GCF_000284595.1,150,168,171,DM_atp_c0,24,17,optimal,6.000000000000002,True,
GCF_000284615.1,164,185,184,DM_atp_c0,27,20,optimal,10.437499999999991,True,
GCF_000284635.1,127,128,116,DM_atp_c0,25,18,optimal,4.624999999999997,True,
GCF_000285655.3,180,213,298,DM_atp_c0,32,21,optimal,17.124999999999993,True,
GCF_000304515.1,112,99,48,DM_atp_c0,24,17,optimal,0.0,False,
GCF_000304535.1,112,99,48,DM_atp_c0,24,17,optimal,0.0,False,
GCF_000304735.1,95,85,34,DM_atp_c0,22,15,optimal,0.0,False,
GCF_000305775.1,113,109,118,DM_atp_c0,21,14,optimal,0.0,False,
GCF_000299395.1,112,93,73,DM_atp_c0,20,13,optimal,0.0,False,
GCF_000299435.1,152,161,128,DM_atp_c0,25,18,optimal,7.999999999999985,True,
GCF_000299455.1,178,213,279,DM_atp_c0,32,21,optimal,17.124999999999993,True,
GCF_000299475.1,178,213,276,DM_atp_c0,32,21,optimal,17.124999999999993,True,
GCF_000300135.1,105,103,80,DM_atp_c0,24,17,optimal,4.4999999999999964,True,
GCF_000300175.1,165,186,171,DM_atp_c0,28,21,optimal,7.749999999999996,True,
GCF_000300235.2,168,190,207,DM_atp_c0,27,20,optimal,11.660714285714283,True,
GCF_000300255.2,101,84,61,DM_atp_c0,20,13,optimal,0.0,False,
GCF_000299955.1,165,187,180,DM_atp_c0,28,21,optimal,10.874999999999977,True,
GCF_000299965.1,149,144,120,DM_atp_c0,26,17,optimal,3.6666666666666656,True,
GCF_000299995.1,164,183,174,DM_atp_c0,27,20,optimal,9.499999999999993,True,
GCF_000300005.1,157,172,213,DM_atp_c0,26,19,optimal,5.285714285714286,True,
GCF_000304375.1,128,130,111,DM_atp_c0,26,19,optimal,4.999999999999996,True,
GCF_000304415.1,163,193,296,DM_atp_c0,25,18,optimal,7.375000000000003,True,
GCF_000304455.1,78,63,26,DM_atp_c0,19,12,optimal,0.0,False,
GCF_000304495.1,112,99,48,DM_atp_c0,24,17,optimal,0.0,False,
GCF_000303155.1,113,97,82,DM_atp_c0,21,14,optimal,0.0,False,
GCF_000304215.1,135,131,115,DM_atp_c0,25,18,optimal,7.000000000000001,True,
GCF_000304315.1,167,180,175,DM_atp_c0,26,19,optimal,12.017857142857135,True,
GCF_000304355.2,120,99,122,DM_atp_c0,22,15,optimal,0.0,False,
GCF_000305785.2,162,177,187,DM_atp_c0,28,19,optimal,5.625000000000002,True,
GCF_000305815.1,113,109,121,DM_atp_c0,21,14,optimal,0.0,False,
GCF_000305935.1,125,120,105,DM_atp_c0,24,15,optimal,0.9999999999999998,True,
GCF_000306725.1,115,97,102,DM_atp_c0,22,15,optimal,0.0,False,
GCF_000306825.1,148,149,123,DM_atp_c0,24,17,optimal,8.749999999999996,True,
GCF_000306845.1,147,149,135,DM_atp_c0,24,17,optimal,7.1875,True,
GCF_000306865.1,148,152,136,DM_atp_c0,24,17,optimal,7.1875,True,
GCF_000306885.1,101,89,69,DM_atp_c0,19,12,optimal,0.0,False,
GCF_000306745.1,163,190,207,DM_atp_c0,28,21,optimal,16.125000000000007,True,
GCF_000306765.2,153,160,163,DM_atp_c0,30,19,optimal,0.0,False,
GCF_000306785.1,154,172,228,DM_atp_c0,28,21,optimal,10.062499999999993,True,
GCF_000306805.1,112,106,88,DM_atp_c0,22,15,optimal,3.0000000000000004,True,
GCF_000294365.1,176,211,291,DM_atp_c0,31,22,optimal,17.12499999999999,True,
GCF_000294495.1,119,111,87,DM_atp_c0,23,16,optimal,3.9999999999999982,True,
GCF_000294515.1,160,175,200,DM_atp_c0,28,21,optimal,8.875000000000002,True,
GCF_000294535.1,172,201,236,DM_atp_c0,28,21,optimal,17.124999999999993,True,
GCF_000307105.1,150,152,218,DM_atp_c0,26,17,optimal,10.049999999999997,True,
GCF_000307165.1,130,122,94,DM_atp_c0,23,16,optimal,3.0000000000000013,True,
GCF_000307185.1,130,121,98,DM_atp_c0,24,17,optimal,4.999999999999999,True,
GCF_000307535.1,118,113,92,DM_atp_c0,24,17,optimal,4.0000000000000036,True,
GCF_000307025.1,136,141,159,DM_atp_c0,25,18,optimal,7.9999999999999964,True,
GCF_000307045.1,136,140,158,DM_atp_c0,25,18,optimal,7.9999999999999964,True,
GCF_000307065.1,136,141,159,DM_atp_c0,25,18,optimal,7.9999999999999964,True,
GCF_000307085.1,136,141,159,DM_atp_c0,25,18,optimal,7.9999999999999964,True,
GCF_000307615.1,136,141,161,DM_atp_c0,25,18,optimal,7.9999999999999964,True,
GCF_000307795.1,124,117,94,DM_atp_c0,27,20,optimal,2.4999999999999964,True,
GCF_000307815.1,124,117,94,DM_atp_c0,27,20,optimal,2.4999999999999964,True,
GCF_000307835.1,124,117,94,DM_atp_c0,27,20,optimal,2.4999999999999964,True,
GCF_000313175.2,133,124,131,DM_atp_c0,23,16,optimal,6.791666666666656,True,
GCF_000313385.1,128,128,113,DM_atp_c0,23,16,optimal,5.416666666666668,True,
GCF_000313635.1,95,83,48,DM_atp_c0,22,15,optimal,0.0,False,
GCF_000315955.1,128,120,97,DM_atp_c0,27,20,optimal,2.5000000000000058,True,
GCF_000309565.2,132,135,144,DM_atp_c0,24,17,optimal,7.999999999999998,True,
GCF_000309885.1,144,156,139,DM_atp_c0,25,18,optimal,1.500000000000002,True,
GCF_000310065.1,139,156,186,DM_atp_c0,26,19,optimal,13.124999999999996,True,
GCF_000310085.1,162,184,200,DM_atp_c0,27,20,optimal,11.125000000000007,True,
GCF_000317025.1,146,154,162,DM_atp_c0,25,18,optimal,5.750000000000002,True,
GCF_000317045.1,142,149,139,DM_atp_c0,24,17,optimal,7.488636363636366,True,
GCF_000317065.1,134,133,109,DM_atp_c0,24,17,optimal,1.5000000000000002,True,
GCF_000317085.1,134,136,106,DM_atp_c0,24,17,optimal,4.791666666666667,True,
GCF_000316625.1,148,142,171,DM_atp_c0,24,17,optimal,3.749999999999999,True,
GCF_000316645.1,161,154,175,DM_atp_c0,24,17,optimal,2.9999999999999987,True,
GCF_000316665.1,148,149,170,DM_atp_c0,25,18,optimal,5.174999999999997,True,
GCF_000316685.1,137,134,123,DM_atp_c0,24,17,optimal,2.750000000000001,True,
GCF_000300295.3,132,122,116,DM_atp_c0,23,16,optimal,4.749999999999999,True,
GCF_000300295.4,134,123,105,DM_atp_c0,23,16,optimal,4.749999999999999,True,
GCF_000300455.3,179,214,267,DM_atp_c0,31,22,optimal,17.62499999999997,True,
GCF_000300475.1,167,196,220,DM_atp_c0,29,22,optimal,16.125000000000036,True,
GCF_000316175.1,168,192,253,DM_atp_c0,29,22,optimal,9.975,True,
GCF_000316515.1,134,136,125,DM_atp_c0,24,17,optimal,0.5500000000000004,True,
GCF_000316575.1,152,149,160,DM_atp_c0,24,17,optimal,4.791666666666671,True,
GCF_000316605.1,145,144,130,DM_atp_c0,25,18,optimal,1.4250000000000005,True,
GCF_000302475.2,120,117,91,DM_atp_c0,23,16,optimal,7.000000000000003,True,
GCF_000302515.1,136,150,168,DM_atp_c0,28,19,optimal,7.951388888888887,True,
GCF_000302535.1,163,181,225,DM_atp_c0,27,20,optimal,6.375000000000003,True,
GCF_000302575.1,161,180,186,DM_atp_c0,27,20,optimal,7.732142857142854,True,
GCF_000318765.1,112,99,50,DM_atp_c0,24,17,optimal,0.0,False,
GCF_000318785.1,112,99,50,DM_atp_c0,24,17,optimal,0.0,False,
GCF_000318825.1,112,98,48,DM_atp_c0,24,17,optimal,0.0,False,
GCF_000318845.1,112,98,49,DM_atp_c0,24,17,optimal,0.0,False,
GCF_000317105.1,149,157,162,DM_atp_c0,26,19,optimal,13.875000000000032,True,
GCF_000317125.1,145,152,179,DM_atp_c0,24,17,optimal,6.806818181818176,True,
GCF_000317305.3,164,190,252,DM_atp_c0,27,20,optimal,14.352272727272709,True,
GCF_000317435.1,138,141,144,DM_atp_c0,25,18,optimal,4.791666666666669,True,
GCF_000317475.1,144,150,153,DM_atp_c0,24,17,optimal,8.374999999999966,True,
GCF_000317495.1,137,139,124,DM_atp_c0,25,18,optimal,3.5000000000000084,True,
GCF_000317515.1,155,156,158,DM_atp_c0,25,18,optimal,8.874999999999968,True,
GCF_000317555.1,149,148,156,DM_atp_c0,24,17,optimal,3.250000000000001,True,
GCF_000318055.1,136,141,159,DM_atp_c0,25,18,optimal,7.9999999999999964,True,
GCF_000318525.1,112,98,47,DM_atp_c0,24,17,optimal,0.0,False,
GCF_000318565.1,112,98,47,DM_atp_c0,24,17,optimal,0.0,False,
GCF_000318645.1,112,99,48,DM_atp_c0,24,17,optimal,0.0,False,
GCF_000317695.1,139,135,149,DM_atp_c0,23,16,optimal,4.750000000000001,True,
GCF_000317795.1,124,110,97,DM_atp_c0,21,14,optimal,0.0,False,
GCF_000317835.1,149,151,138,DM_atp_c0,24,17,optimal,0.16666666666666705,True,
GCF_000317855.1,131,126,102,DM_atp_c0,24,17,optimal,8.0,True,
GCF_000306905.1,136,141,159,DM_atp_c0,25,18,optimal,7.9999999999999964,True,
GCF_000306945.1,152,163,183,DM_atp_c0,23,16,optimal,5.4375000000000036,True,
GCF_000306985.1,137,142,161,DM_atp_c0,25,18,optimal,7.999999999999998,True,
GCF_000307005.1,137,142,162,DM_atp_c0,25,18,optimal,7.999999999999998,True,
GCF_000317875.1,124,117,94,DM_atp_c0,26,19,optimal,2.500000000000003,True,
GCF_000317895.1,136,126,116,DM_atp_c0,21,14,optimal,1.4999999999999998,True,
GCF_000317915.1,131,135,132,DM_atp_c0,25,18,optimal,7.99999999999999,True,
GCF_000317935.1,160,178,217,DM_atp_c0,27,20,optimal,8.375,True,
GCF_000318985.1,112,98,49,DM_atp_c0,24,17,optimal,0.0,False,
GCF_000319105.1,112,98,48,DM_atp_c0,24,17,optimal,0.0,False,
GCF_000319225.1,104,90,65,DM_atp_c0,20,13,optimal,1.4999999999999993,True,
GCF_000319245.1,104,89,64,DM_atp_c0,21,14,optimal,1.5,True,
GCF_000317955.1,163,182,258,DM_atp_c0,27,20,optimal,10.875000000000009,True,
GCF_000317975.2,136,136,135,DM_atp_c0,25,18,optimal,5.500000000000002,True,
GCF_000318015.1,163,180,258,DM_atp_c0,27,20,optimal,8.375000000000007,True,
GCF_000318035.1,130,131,145,DM_atp_c0,24,17,optimal,7.9999999999999964,True,
GCF_000310105.2,159,177,175,DM_atp_c0,27,20,optimal,8.392857142857157,True,
GCF_000311765.1,143,162,147,DM_atp_c0,28,21,optimal,10.304687499999998,True,
GCF_000312685.1,135,126,108,DM_atp_c0,24,17,optimal,8.0,True,
GCF_000312705.1,147,140,132,DM_atp_c0,25,18,optimal,2.738636363636363,True,
GCF_000321395.1,164,183,175,DM_atp_c0,29,22,optimal,10.5,True,
GCF_000321415.2,158,181,214,DM_atp_c0,26,19,optimal,11.766666666666655,True,
GCF_000325665.1,136,126,100,DM_atp_c0,25,18,optimal,0.0,False,
GCF_000325705.1,161,163,164,DM_atp_c0,27,20,optimal,5.333333333333332,True,
GCF_000327485.1,119,101,133,DM_atp_c0,22,15,optimal,1.0000000000000004,True,
GCF_000327505.1,102,90,68,DM_atp_c0,21,14,optimal,1.0,True,
GCF_000328405.1,174,200,229,DM_atp_c0,32,21,optimal,14.999999999999998,True,
GCF_000328525.1,128,119,123,DM_atp_c0,21,14,optimal,0.0,False,
GCF_000331975.1,82,62,22,DM_atp_c0,18,11,optimal,0.0,False,
GCF_000331995.1,133,121,87,DM_atp_c0,23,16,optimal,0.9999999999999998,True,
GCF_000332115.1,143,136,117,DM_atp_c0,24,17,optimal,4.437500000000003,True,
GCF_000332735.1,156,179,152,DM_atp_c0,28,21,optimal,16.124999999999993,True,
GCF_000317575.1,146,156,155,DM_atp_c0,25,18,optimal,10.625000000000083,True,
GCF_000317615.1,141,142,127,DM_atp_c0,25,18,optimal,5.625000000000001,True,
GCF_000317635.1,141,148,138,DM_atp_c0,25,18,optimal,10.624999999999995,True,
GCF_000317675.1,148,150,139,DM_atp_c0,25,18,optimal,8.499999999999845,True,
GCF_000331445.1,154,173,204,DM_atp_c0,25,18,optimal,7.375000000000001,True,
GCF_000331695.1,126,118,100,DM_atp_c0,21,14,optimal,3.8,True,
GCF_000331715.1,109,97,64,DM_atp_c0,22,15,optimal,2.7499999999999996,True,
GCF_000331735.1,154,159,206,DM_atp_c0,23,16,optimal,7.249999999999995,True,
GCF_000318865.1,112,98,49,DM_atp_c0,24,17,optimal,0.0,False,
GCF_000318885.1,112,98,49,DM_atp_c0,24,17,optimal,0.0,False,
GCF_000318905.1,112,98,49,DM_atp_c0,24,17,optimal,0.0,False,
GCF_000318925.1,112,98,49,DM_atp_c0,24,17,optimal,0.0,False,
GCF_000332755.1,180,214,277,DM_atp_c0,32,21,optimal,17.124999999999996,True,
GCF_000334405.1,104,88,56,DM_atp_c0,21,14,optimal,0.0,False,
GCF_000334515.1,174,209,280,DM_atp_c0,33,22,optimal,17.12499999999999,True,
GCF_000336405.1,126,125,113,DM_atp_c0,25,18,optimal,4.500000000000001,True,
GCF_000338115.2,128,134,132,DM_atp_c0,25,18,optimal,8.500000000000002,True,
GCF_000338695.1,106,93,44,DM_atp_c0,22,15,optimal,0.0,False,
GCF_000338715.2,154,173,208,DM_atp_c0,25,18,optimal,7.375000000000001,True,
GCF_000338735.1,165,185,178,DM_atp_c0,29,22,optimal,10.500000000000005,True,
GCF_000340435.2,149,172,195,DM_atp_c0,24,17,optimal,6.806818181818186,True,
GCF_000340785.1,144,151,142,DM_atp_c0,26,19,optimal,8.363636363636358,True,
GCF_000340795.1,106,93,65,DM_atp_c0,21,14,optimal,1.5000000000000009,True,
GCF_000340825.1,105,91,66,DM_atp_c0,20,13,optimal,1.5000000000000009,True,
GCF_000319385.1,120,106,90,DM_atp_c0,20,13,optimal,3.800000000000002,True,
GCF_000319475.1,165,187,175,DM_atp_c0,29,22,optimal,10.499999999999979,True,
GCF_000319575.2,139,143,121,DM_atp_c0,23,16,optimal,7.1666666666666625,True,
GCF_000320385.2,163,193,278,DM_atp_c0,25,18,optimal,7.375000000000003,True,
GCF_000340925.1,104,89,64,DM_atp_c0,21,14,optimal,1.5,True,
GCF_000341345.1,152,164,151,DM_atp_c0,27,20,optimal,9.5,True,
GCF_000341355.1,113,110,87,DM_atp_c0,21,14,optimal,4.687500000000003,True,
GCF_000341385.1,117,116,92,DM_atp_c0,21,14,optimal,4.687499999999999,True,
GCF_000340845.1,162,187,311,DM_atp_c0,27,20,optimal,16.37499999999997,True,
GCF_000340865.1,100,87,62,DM_atp_c0,20,13,optimal,1.5,True,
GCF_000340885.1,154,165,210,DM_atp_c0,28,19,optimal,11.333333333333323,True,
GCF_000340905.1,100,87,62,DM_atp_c0,20,13,optimal,1.5,True,
GCF_000328685.1,144,144,175,DM_atp_c0,24,17,optimal,0.0,False,
GCF_000328705.1,163,175,242,DM_atp_c0,27,20,optimal,11.374999999999993,True,
GCF_000328725.1,93,84,46,DM_atp_c0,23,16,optimal,0.0,False,
GCF_000328765.2,135,131,137,DM_atp_c0,23,16,optimal,2.9999999999999996,True,
GCF_000328545.1,132,124,121,DM_atp_c0,23,16,optimal,3.000000000000001,True,
GCF_000328565.1,162,188,298,DM_atp_c0,29,20,optimal,14.437499999999975,True,
GCF_000328625.1,133,130,117,DM_atp_c0,27,20,optimal,7.749999999999999,True,
GCF_000328665.1,118,99,96,DM_atp_c0,22,15,optimal,0.0,False,
GCF_000341695.1,100,89,86,DM_atp_c0,21,14,optimal,1.0,True,
GCF_000341855.1,119,115,112,DM_atp_c0,22,15,optimal,3.7916666666666687,True,
GCF_000341875.1,166,188,178,DM_atp_c0,29,22,optimal,10.499999999999979,True,
GCF_000342265.1,148,151,139,DM_atp_c0,24,17,optimal,5.222222222222223,True,
GCF_000344575.1,138,135,118,DM_atp_c0,25,18,optimal,7.999999999999998,True,
GCF_000344745.1,163,185,178,DM_atp_c0,29,22,optimal,10.500000000000005,True,
GCF_000344765.1,119,111,88,DM_atp_c0,23,16,optimal,3.9999999999999982,True,
GCF_000344785.1,136,141,118,DM_atp_c0,24,17,optimal,6.4375000000000036,True,
GCF_000341395.1,136,139,153,DM_atp_c0,24,17,optimal,3.375,True,
GCF_000341425.1,175,206,278,DM_atp_c0,32,21,optimal,17.12499999999999,True,
GCF_000341655.1,100,89,83,DM_atp_c0,21,14,optimal,1.0,True,
GCF_000341665.1,163,190,213,DM_atp_c0,28,21,optimal,16.125000000000007,True,
GCF_000330845.1,172,206,267,DM_atp_c0,31,22,optimal,17.124999999999996,True,
GCF_000330865.1,172,203,264,DM_atp_c0,30,21,optimal,17.12499999999999,True,
GCF_000330885.1,158,179,222,DM_atp_c0,25,18,optimal,8.788461538461537,True,
GCF_000331065.1,108,98,74,DM_atp_c0,20,13,optimal,5.750000000000002,True,
GCF_000348765.2,119,115,111,DM_atp_c0,22,15,optimal,3.7916666666666687,True,
GCF_000348785.1,144,148,191,DM_atp_c0,23,16,optimal,7.249999999999993,True,
GCF_000348805.1,109,96,60,DM_atp_c0,22,15,optimal,0.0,False,
GCF_000348865.1,124,117,94,DM_atp_c0,27,20,optimal,2.4999999999999964,True,
GCF_000325725.1,165,194,240,DM_atp_c0,28,21,optimal,12.5,True,
GCF_000325745.1,118,108,82,DM_atp_c0,22,15,optimal,3.999999999999997,True,
GCF_000327045.1,148,157,207,DM_atp_c0,24,17,optimal,13.937499999999996,True,
GCF_000327065.1,167,189,231,DM_atp_c0,28,21,optimal,11.812500000000004,True,
GCF_000344805.1,166,200,278,DM_atp_c0,28,21,optimal,13.437500000000043,True,
GCF_000346065.1,163,193,272,DM_atp_c0,25,18,optimal,7.375000000000003,True,
GCF_000346595.1,108,98,77,DM_atp_c0,22,15,optimal,3.968750000000001,True,
GCF_000347595.1,165,172,128,DM_atp_c0,31,20,optimal,11.499999999999991,True,
GCF_000336425.1,173,204,258,DM_atp_c0,30,21,optimal,17.12499999999999,True,
GCF_000336445.1,163,186,186,DM_atp_c0,28,21,optimal,13.124999999999998,True,
GCF_000336465.1,165,187,197,DM_atp_c0,28,21,optimal,9.975000000000003,True,
GCF_000338095.1,144,141,115,DM_atp_c0,24,15,optimal,2.749999999999999,True,
GCF_000347615.1,147,150,138,DM_atp_c0,24,17,optimal,7.1875,True,
GCF_000347635.1,161,176,165,DM_atp_c0,26,19,optimal,5.750000000000005,True,
GCF_000347675.2,157,171,204,DM_atp_c0,25,18,optimal,6.5625,True,
GCF_000347695.1,115,111,77,DM_atp_c0,23,16,optimal,3.4999999999999996,True,
GCF_000338755.1,163,191,201,DM_atp_c0,28,21,optimal,16.125000000000007,True,
GCF_000338775.1,136,123,113,DM_atp_c0,24,15,optimal,0.0,False,
GCF_000339015.1,174,205,234,DM_atp_c0,31,22,optimal,17.125,True,
GCF_000340315.1,135,122,109,DM_atp_c0,23,14,optimal,0.0,False,
GCF_000348885.1,126,119,95,DM_atp_c0,27,20,optimal,2.500000000000003,True,
GCF_000349225.1,151,161,160,DM_atp_c0,24,17,optimal,5.500000000000002,True,
GCF_000349765.2,151,161,127,DM_atp_c0,29,20,optimal,11.500000000000004,True,
GCF_000349785.2,151,158,127,DM_atp_c0,29,20,optimal,11.500000000000002,True,
GCF_000363905.1,114,94,63,DM_atp_c0,19,12,optimal,4.53125,True,
GCF_000364445.2,178,199,252,DM_atp_c0,28,21,optimal,14.437500000000004,True,
GCF_000364725.1,93,78,43,DM_atp_c0,20,13,optimal,0.0,False,
GCF_000364745.1,138,129,118,DM_atp_c0,25,18,optimal,0.0,False,
GCF_000376585.1,103,91,71,DM_atp_c0,19,12,optimal,0.0,False,
GCF_000376605.1,107,97,74,DM_atp_c0,20,13,optimal,3.800000000000002,True,
GCF_000376625.1,97,86,53,DM_atp_c0,22,15,optimal,0.0,False,
GCF_000376645.1,151,161,128,DM_atp_c0,29,20,optimal,11.500000000000004,True,
GCF_000350305.1,102,85,57,DM_atp_c0,20,13,optimal,0.0,False,
GCF_000354175.2,173,199,230,DM_atp_c0,30,21,optimal,14.999999999999995,True,
GCF_000355675.1,157,169,152,DM_atp_c0,26,19,optimal,8.965909090909092,True,
GCF_000355695.1,150,159,122,DM_atp_c0,27,20,optimal,9.000000000000009,True,
GCF_000349795.1,165,186,180,DM_atp_c0,29,22,optimal,10.500000000000005,True,
GCF_000349845.1,167,198,256,DM_atp_c0,27,20,optimal,13.062499999999986,True,
GCF_000349885.2,133,121,88,DM_atp_c0,23,16,optimal,0.9999999999999998,True,
GCF_000349925.2,117,113,92,DM_atp_c0,24,17,optimal,4.0000000000000036,True,
GCF_000355765.4,139,140,142,DM_atp_c0,24,17,optimal,4.437499999999997,True,
GCF_000359505.1,168,204,263,DM_atp_c0,28,21,optimal,14.437499999999988,True,
GCF_000359525.1,162,178,239,DM_atp_c0,28,21,optimal,11.375000000000002,True,
GCF_000359625.1,126,124,105,DM_atp_c0,23,16,optimal,6.499999999999998,True,
GCF_000392435.1,90,76,35,DM_atp_c0,20,13,optimal,1.5,True,
GCF_000392455.3,128,121,97,DM_atp_c0,27,20,optimal,2.500000000000007,True,
GCF_000392475.3,128,121,97,DM_atp_c0,27,20,optimal,2.500000000000007,True,
GCF_000392515.3,124,117,94,DM_atp_c0,27,20,optimal,2.4999999999999964,True,
GCF_000349945.1,183,202,332,DM_atp_c0,30,21,optimal,15.312500000000016,True,
GCF_000349975.1,125,125,114,DM_atp_c0,25,18,optimal,3.6249999999999973,True,
GCF_000350185.1,176,209,259,DM_atp_c0,32,21,optimal,17.124999999999996,True,
GCF_000350205.1,154,173,204,DM_atp_c0,25,18,optimal,7.375000000000001,True,
GCF_000348565.1,161,186,222,DM_atp_c0,31,20,optimal,12.625,True,
GCF_000348585.1,151,162,166,DM_atp_c0,24,17,optimal,6.99999999999999,True,
GCF_000348725.1,127,111,92,DM_atp_c0,20,13,optimal,0.0,False,
GCF_000348745.1,130,134,108,DM_atp_c0,23,16,optimal,5.79166666666666,True,
GCF_000389965.1,159,181,257,DM_atp_c0,28,21,optimal,16.875000000000007,True,
GCF_000390085.1,147,172,234,DM_atp_c0,23,16,optimal,6.806818181818173,True,
GCF_000390245.1,117,109,84,DM_atp_c0,22,15,optimal,3.9999999999999982,True,
GCF_000390265.1,121,113,115,DM_atp_c0,22,15,optimal,0.0,False,
GCF_000382905.1,141,155,132,DM_atp_c0,26,19,optimal,7.749999999999997,True,
GCF_000382965.1,148,173,154,DM_atp_c0,26,19,optimal,12.249999999999995,True,
GCF_000382985.1,148,173,154,DM_atp_c0,26,19,optimal,12.249999999999995,True,
GCF_000383005.1,148,173,154,DM_atp_c0,26,19,optimal,12.249999999999995,True,
GCF_000385945.1,155,175,249,DM_atp_c0,27,20,optimal,14.352272727272732,True,
GCF_000389635.1,149,154,186,DM_atp_c0,28,19,optimal,6.374999999999999,True,
GCF_000389675.2,110,111,83,DM_atp_c0,23,16,optimal,1.0,True,
GCF_000389945.1,154,173,201,DM_atp_c0,25,18,optimal,7.375000000000001,True,
GCF_000385525.1,169,191,235,DM_atp_c0,28,21,optimal,10.874999999999993,True,
GCF_000385565.1,141,126,142,DM_atp_c0,22,15,optimal,1.0,True,
GCF_000385905.1,173,204,256,DM_atp_c0,32,21,optimal,17.124999999999993,True,
GCF_000385925.1,116,107,78,DM_atp_c0,23,16,optimal,2.999999999999998,True,
GCF_000392535.3,126,119,96,DM_atp_c0,27,20,optimal,2.500000000000003,True,
GCF_000397165.1,130,134,112,DM_atp_c0,26,19,optimal,7.499999999999999,True,
GCF_000397185.1,90,70,26,DM_atp_c0,19,12,optimal,0.0,False,
GCF_000397205.1,169,196,255,DM_atp_c0,28,21,optimal,12.232142857142865,True,
GCF_000376705.1,136,150,172,DM_atp_c0,28,19,optimal,7.951388888888887,True,
GCF_000380325.1,177,209,284,DM_atp_c0,32,21,optimal,17.12499999999999,True,
GCF_000380335.1,172,199,272,DM_atp_c0,29,22,optimal,14.812500000000039,True,
GCF_000380365.1,172,199,270,DM_atp_c0,29,22,optimal,14.812500000000039,True,
GCF_000400615.1,154,173,204,DM_atp_c0,25,18,optimal,7.375000000000001,True,
GCF_000400635.2,160,179,274,DM_atp_c0,28,21,optimal,13.750000000000025,True,
GCF_000400855.1,95,82,60,DM_atp_c0,21,14,optimal,0.0,False,
GCF_000400875.1,119,114,81,DM_atp_c0,24,17,optimal,4.000000000000001,True,
GCF_000400935.1,105,99,59,DM_atp_c0,22,15,optimal,4.0,True,
GCF_000400955.1,101,93,54,DM_atp_c0,22,15,optimal,0.0,False,
GCF_000401175.1,147,146,125,DM_atp_c0,25,18,optimal,4.833333333333335,True,
GCF_000401555.1,174,195,242,DM_atp_c0,29,20,optimal,14.937500000000007,True,
GCF_000402035.1,178,205,306,DM_atp_c0,28,21,optimal,13.437500000000007,True,
GCF_000403645.1,132,132,127,DM_atp_c0,22,15,optimal,1.5000000000000009,True,
GCF_000404145.1,151,160,142,DM_atp_c0,26,19,optimal,7.749999999999997,True,
GCF_000404165.1,116,90,79,DM_atp_c0,21,14,optimal,0.0,False,
GCF_000422165.1,107,101,70,DM_atp_c0,23,16,optimal,1.000000000000001,True,
GCF_000427035.1,127,125,108,DM_atp_c0,23,16,optimal,8.0,True,
GCF_000427075.1,127,124,105,DM_atp_c0,23,16,optimal,8.0,True,
GCF_000427215.1,93,79,59,DM_atp_c0,21,14,optimal,0.0,False,
GCF_000364765.1,112,98,49,DM_atp_c0,24,17,optimal,0.0,False,
GCF_000364785.1,112,98,49,DM_atp_c0,24,17,optimal,0.0,False,
GCF_000364805.1,160,183,243,DM_atp_c0,28,21,optimal,11.37499999999999,True,
GCF_000364825.1,154,173,205,DM_atp_c0,25,18,optimal,7.375000000000001,True,
GCF_000412205.1,127,133,136,DM_atp_c0,25,18,optimal,8.500000000000002,True,
GCF_000412265.2,158,178,258,DM_atp_c0,27,20,optimal,14.352272727272707,True,
GCF_000412675.1,166,196,253,DM_atp_c0,29,22,optimal,12.874999999999996,True,
GCF_000412695.1,165,190,275,DM_atp_c0,27,20,optimal,11.12500000000002,True,
GCF_000408885.1,164,189,194,DM_atp_c0,28,21,optimal,13.999999999999956,True,
GCF_000410515.1,178,214,263,DM_atp_c0,31,22,optimal,17.624999999999996,True,
GCF_000410575.1,165,193,265,DM_atp_c0,28,21,optimal,9.624999999999996,True,
GCF_000410995.1,135,134,109,DM_atp_c0,26,19,optimal,6.000000000000001,True,
GCF_000418305.1,153,165,165,DM_atp_c0,25,18,optimal,7.2159090909090935,True,
GCF_000418325.1,156,175,240,DM_atp_c0,28,19,optimal,9.028846153846148,True,
GCF_000418345.1,148,173,152,DM_atp_c0,26,19,optimal,12.249999999999995,True,
GCF_000418365.1,149,151,127,DM_atp_c0,24,17,optimal,6.437500000000001,True,
GCF_000367205.1,131,139,148,DM_atp_c0,24,17,optimal,7.430555555555542,True,
GCF_000367405.1,113,92,65,DM_atp_c0,19,12,optimal,4.374999999999999,True,
GCF_000367425.1,176,212,302,DM_atp_c0,31,22,optimal,17.124999999999996,True,
GCF_000376545.2,150,161,199,DM_atp_c0,23,16,optimal,4.250000000000005,True,
GCF_000419385.1,163,182,183,DM_atp_c0,27,20,optimal,7.732142857142856,True,
GCF_000419405.1,163,182,175,DM_atp_c0,27,20,optimal,7.732142857142856,True,
GCF_000419425.1,163,182,185,DM_atp_c0,27,20,optimal,7.732142857142856,True,
GCF_000422045.1,116,109,90,DM_atp_c0,23,16,optimal,4.0000000000000036,True,
GCF_000422085.1,175,208,261,DM_atp_c0,32,21,optimal,17.12499999999999,True,
GCF_000422095.1,151,159,127,DM_atp_c0,29,20,optimal,11.500000000000004,True,
GCF_000422125.1,154,173,205,DM_atp_c0,25,18,optimal,7.375000000000001,True,
GCF_000422145.1,151,161,130,DM_atp_c0,29,20,optimal,11.500000000000004,True,
GCF_000439295.2,128,121,97,DM_atp_c0,27,20,optimal,2.500000000000007,True,
GCF_000439415.1,175,207,284,DM_atp_c0,32,21,optimal,17.12499999999999,True,
GCF_000439435.1,96,90,48,DM_atp_c0,22,15,optimal,3.0000000000000013,True,
GCF_000439455.1,93,84,44,DM_atp_c0,21,14,optimal,0.0,False,
GCF_000439755.1,120,101,79,DM_atp_c0,20,13,optimal,0.0,False,
GCF_000439775.1,120,101,79,DM_atp_c0,20,13,optimal,0.0,False,
GCF_000441535.1,112,104,83,DM_atp_c0,23,16,optimal,2.9999999999999987,True,
GCF_000441555.1,90,70,50,DM_atp_c0,18,11,optimal,0.0,False,
GCF_000441575.1,72,50,14,DM_atp_c0,18,11,optimal,0.0,False,
GCF_000441585.1,112,98,47,DM_atp_c0,24,17,optimal,0.0,False,
GCF_000441615.1,112,98,49,DM_atp_c0,24,17,optimal,0.0,False,
GCF_000441635.1,112,99,48,DM_atp_c0,24,17,optimal,0.0,False,
GCF_000441655.1,112,98,49,DM_atp_c0,24,17,optimal,0.0,False,
GCF_000441675.1,112,98,49,DM_atp_c0,24,17,optimal,0.0,False,
GCF_000441695.1,112,98,49,DM_atp_c0,24,17,optimal,0.0,False,
GCF_000441715.1,112,99,48,DM_atp_c0,24,17,optimal,0.0,False,
GCF_000404185.1,151,160,142,DM_atp_c0,26,19,optimal,7.749999999999997,True,
GCF_000404205.1,111,105,81,DM_atp_c0,22,15,optimal,0.9999999999999998,True,
GCF_000404225.1,110,94,87,DM_atp_c0,21,14,optimal,1.0000000000000004,True,
GCF_000404245.1,147,150,132,DM_atp_c0,24,17,optimal,7.1875,True,
GCF_000441735.1,112,98,49,DM_atp_c0,24,17,optimal,0.0,False,
GCF_000441755.1,112,98,49,DM_atp_c0,24,17,optimal,0.0,False,
GCF_000441775.1,112,99,50,DM_atp_c0,24,17,optimal,0.0,False,
GCF_000441795.1,112,98,49,DM_atp_c0,24,17,optimal,0.0,False,
GCF_000439475.1,159,169,159,DM_atp_c0,26,19,optimal,6.874999999999998,True,
GCF_000439495.1,164,180,185,DM_atp_c0,27,20,optimal,7.000000000000005,True,
GCF_000439535.1,161,182,177,DM_atp_c0,27,20,optimal,10.60714285714284,True,
GCF_000439555.1,164,184,178,DM_atp_c0,28,21,optimal,10.874999999999973,True,
GCF_000412775.1,148,173,156,DM_atp_c0,26,19,optimal,12.249999999999995,True,
GCF_000414035.1,168,204,259,DM_atp_c0,28,21,optimal,14.437499999999988,True,
GCF_000414215.1,110,104,83,DM_atp_c0,22,15,optimal,1.0,True,
GCF_000416365.2,162,184,291,DM_atp_c0,26,19,optimal,12.465909090909088,True,
GCF_000418475.1,129,134,152,DM_atp_c0,23,16,optimal,7.999999999999998,True,
GCF_000418495.1,128,133,149,DM_atp_c0,23,16,optimal,7.999999999999998,True,
GCF_000418515.1,132,135,153,DM_atp_c0,24,17,optimal,7.999999999999998,True,
GCF_000418535.1,153,176,289,DM_atp_c0,23,16,optimal,6.806818181818181,True,
GCF_000442605.1,59,41,3,DM_atp_c0,18,11,optimal,0.0,False,
GCF_000442645.1,150,156,135,DM_atp_c0,29,20,optimal,7.749999999999999,True,
GCF_000444405.1,125,123,112,DM_atp_c0,25,18,optimal,4.0,True,
GCF_000444425.1,170,195,223,DM_atp_c0,29,20,optimal,17.124999999999993,True,
GCF_000444465.1,96,87,37,DM_atp_c0,22,15,optimal,0.0,False,
GCF_000444875.1,157,173,261,DM_atp_c0,26,19,optimal,13.232142857142833,True,
GCF_000444995.1,161,180,203,DM_atp_c0,26,19,optimal,9.375000000000005,True,
GCF_000445015.1,141,155,131,DM_atp_c0,26,19,optimal,7.749999999999997,True,
GCF_000441815.1,112,98,49,DM_atp_c0,24,17,optimal,0.0,False,
GCF_000442415.1,175,207,283,DM_atp_c0,32,21,optimal,17.12499999999999,True,
GCF_000442435.1,162,188,265,DM_atp_c0,24,17,optimal,5.855769230769237,True,
GCF_000442595.1,151,148,125,DM_atp_c0,26,17,optimal,3.666666666666665,True,
GCF_000446015.1,103,95,90,DM_atp_c0,21,14,optimal,0.0,False,
GCF_000447675.1,109,100,76,DM_atp_c0,23,16,optimal,1.0000000000000002,True,
GCF_000448685.2,117,108,85,DM_atp_c0,23,16,optimal,3.000000000000003,True,
GCF_000452705.1,163,183,204,DM_atp_c0,28,21,optimal,9.975000000000001,True,
GCF_000463385.1,112,107,83,DM_atp_c0,23,16,optimal,4.0,True,
GCF_000463395.1,123,117,89,DM_atp_c0,24,17,optimal,4.000000000000001,True,
GCF_000463425.1,121,115,87,DM_atp_c0,23,16,optimal,4.000000000000001,True,
GCF_000463445.1,123,117,89,DM_atp_c0,24,17,optimal,4.000000000000001,True,
GCF_000430145.2,177,209,284,DM_atp_c0,32,21,optimal,17.12499999999999,True,
GCF_000430165.1,175,207,281,DM_atp_c0,32,21,optimal,17.12499999999999,True,
GCF_000430385.1,128,130,113,DM_atp_c0,26,19,optimal,4.999999999999996,True,
GCF_000430405.1,174,200,231,DM_atp_c0,32,21,optimal,14.999999999999998,True,
GCF_000427275.1,152,157,128,DM_atp_c0,30,21,optimal,11.500000000000009,True,
GCF_000430085.2,177,209,285,DM_atp_c0,32,21,optimal,17.12499999999999,True,
GCF_000430105.1,177,208,283,DM_atp_c0,32,21,optimal,17.125000000000004,True,
GCF_000430125.1,175,206,284,DM_atp_c0,32,21,optimal,17.12499999999999,True,
GCF_000445035.1,157,176,210,DM_atp_c0,26,19,optimal,9.01785714285715,True,
GCF_000445405.1,176,211,286,DM_atp_c0,31,22,optimal,17.12499999999999,True,
GCF_000445425.4,95,86,37,DM_atp_c0,22,15,optimal,0.0,False,
GCF_000445995.2,163,190,208,DM_atp_c0,28,21,optimal,13.12499999999999,True,
GCF_000430425.1,174,201,231,DM_atp_c0,32,21,optimal,14.99999999999998,True,
GCF_000438825.1,173,206,264,DM_atp_c0,29,20,optimal,17.124999999999996,True,
GCF_000439255.1,176,207,280,DM_atp_c0,33,22,optimal,17.124999999999996,True,
GCF_000439275.1,135,134,111,DM_atp_c0,26,19,optimal,6.000000000000001,True,
GCF_000465255.1,147,160,128,DM_atp_c0,31,20,optimal,9.750000000000004,True,
GCF_000466065.2,130,131,112,DM_atp_c0,26,19,optimal,4.999999999999996,True,
GCF_000466075.2,130,131,112,DM_atp_c0,26,19,optimal,4.999999999999996,True,
GCF_000466105.2,129,129,111,DM_atp_c0,26,19,optimal,4.999999999999993,True,
GCF_000470655.1,128,126,114,DM_atp_c0,22,15,optimal,0.0,False,
GCF_000470765.1,113,100,50,DM_atp_c0,24,17,optimal,0.0,False,
GCF_000470775.1,138,139,101,DM_atp_c0,23,16,optimal,5.999999999999997,True,
GCF_000470805.1,113,100,50,DM_atp_c0,24,17,optimal,0.0,False,
GCF_000463015.1,169,192,284,DM_atp_c0,26,19,optimal,12.296874999999945,True,
GCF_000463055.1,148,173,152,DM_atp_c0,26,19,optimal,12.249999999999995,True,
GCF_000463345.2,177,206,244,DM_atp_c0,31,22,optimal,17.124999999999996,True,
GCF_000463355.1,112,106,82,DM_atp_c0,22,15,optimal,3.0000000000000004,True,
GCF_000439575.1,162,184,200,DM_atp_c0,27,20,optimal,11.125000000000007,True,
GCF_000439595.1,157,179,187,DM_atp_c0,26,19,optimal,9.499999999999979,True,
GCF_000439695.1,169,194,244,DM_atp_c0,28,21,optimal,12.875000000000007,True,
GCF_000439735.1,151,158,127,DM_atp_c0,29,20,optimal,11.500000000000007,True,
GCF_000468515.1,179,213,272,DM_atp_c0,32,21,optimal,17.12499999999999,True,
GCF_000468615.2,153,168,149,DM_atp_c0,25,18,optimal,5.749999999999995,True,
GCF_000468915.2,130,131,112,DM_atp_c0,26,19,optimal,4.999999999999996,True,
GCF_000468955.1,138,132,118,DM_atp_c0,25,18,optimal,7.9999999999999964,True,
GCF_000471945.1,110,103,84,DM_atp_c0,22,15,optimal,1.0,True,
GCF_000471965.1,105,91,58,DM_atp_c0,21,14,optimal,0.0,False,
GCF_000471985.1,119,110,88,DM_atp_c0,23,16,optimal,3.0000000000000018,True,
GCF_000473245.1,157,175,197,DM_atp_c0,25,18,optimal,7.500000000000003,True,
GCF_000477035.2,153,167,146,DM_atp_c0,25,18,optimal,5.749999999999995,True,
GCF_000477415.1,77,63,25,DM_atp_c0,20,13,optimal,0.0,False,
GCF_000477435.1,133,120,94,DM_atp_c0,22,15,optimal,5.749999999999999,True,
GCF_000478255.1,138,135,120,DM_atp_c0,25,18,optimal,7.999999999999998,True,
GCF_000479335.1,111,103,82,DM_atp_c0,23,16,optimal,4.000000000000003,True,
GCF_000479355.1,92,82,46,DM_atp_c0,21,14,optimal,0.0,False,
GCF_000479375.3,138,138,119,DM_atp_c0,25,18,optimal,8.0,True,
GCF_000484505.1,135,131,149,DM_atp_c0,26,19,optimal,2.124999999999999,True,
GCF_000478825.2,144,151,139,DM_atp_c0,26,19,optimal,8.363636363636363,True,
GCF_000478885.1,123,121,155,DM_atp_c0,26,17,optimal,5.0,True,
GCF_000478905.1,118,108,87,DM_atp_c0,22,15,optimal,5.749999999999998,True,
GCF_000479315.1,111,105,84,DM_atp_c0,23,16,optimal,4.0,True,
GCF_000473275.1,175,207,282,DM_atp_c0,32,21,optimal,17.12499999999999,True,
GCF_000473305.1,137,126,98,DM_atp_c0,24,17,optimal,5.5,True,
GCF_000473995.1,144,150,153,DM_atp_c0,29,20,optimal,7.750000000000001,True,
GCF_000474015.1,176,211,288,DM_atp_c0,31,22,optimal,17.12499999999999,True,
GCF_000463465.1,124,119,88,DM_atp_c0,24,17,optimal,4.0,True,
GCF_000463505.1,126,122,95,DM_atp_c0,24,17,optimal,4.0,True,
GCF_000464435.1,173,195,219,DM_atp_c0,31,20,optimal,14.000000000000007,True,
GCF_000465235.1,126,129,108,DM_atp_c0,26,19,optimal,5.000000000000002,True,
GCF_000454025.1,161,186,325,DM_atp_c0,29,22,optimal,13.750000000000004,True,
GCF_000454045.1,163,185,278,DM_atp_c0,28,21,optimal,14.693181818181822,True,
GCF_000455565.1,166,188,179,DM_atp_c0,29,22,optimal,10.499999999999979,True,
GCF_000455585.1,166,188,178,DM_atp_c0,29,22,optimal,10.499999999999979,True,
GCF_000455605.1,132,128,110,DM_atp_c0,22,15,optimal,3.8125000000000013,True,
GCF_000462955.1,148,173,151,DM_atp_c0,26,19,optimal,12.249999999999995,True,
GCF_000462975.1,169,189,184,DM_atp_c0,30,21,optimal,14.249999999999993,True,
GCF_000462995.1,173,203,269,DM_atp_c0,30,21,optimal,17.12499999999999,True,
GCF_000493735.1,125,119,106,DM_atp_c0,25,18,optimal,4.0000000000000036,True,
GCF_000493755.1,180,213,302,DM_atp_c0,32,21,optimal,17.124999999999993,True,
GCF_000493775.1,128,117,89,DM_atp_c0,23,16,optimal,3.5000000000000004,True,
GCF_000494755.1,159,179,259,DM_atp_c0,27,20,optimal,14.352272727272727,True,
GCF_000493375.1,166,188,179,DM_atp_c0,29,22,optimal,10.499999999999979,True,
GCF_000493495.1,128,131,112,DM_atp_c0,28,19,optimal,4.999999999999998,True,
GCF_000493535.2,177,209,281,DM_atp_c0,32,21,optimal,17.12499999999999,True,
GCF_000493675.1,177,209,285,DM_atp_c0,32,21,optimal,17.12499999999999,True,
GCF_000496265.1,112,114,82,DM_atp_c0,25,18,optimal,7.750000000000007,True,
GCF_000496285.1,165,192,205,DM_atp_c0,29,22,optimal,14.937499999999998,True,
GCF_000496595.1,112,101,76,DM_atp_c0,22,15,optimal,3.968749999999999,True,
GCF_000496605.2,168,204,258,DM_atp_c0,28,21,optimal,14.437499999999988,True,
GCF_000494895.1,118,109,89,DM_atp_c0,23,16,optimal,3.999999999999999,True,
GCF_000494915.1,166,195,224,DM_atp_c0,28,21,optimal,10.124999999999984,True,
GCF_000495505.1,128,123,110,DM_atp_c0,26,19,optimal,2.7499999999999996,True,
GCF_000495935.2,155,160,169,DM_atp_c0,26,19,optimal,7.750000000000003,True,
GCF_000470825.1,113,100,50,DM_atp_c0,24,17,optimal,0.0,False,
GCF_000470845.1,148,173,151,DM_atp_c0,26,19,optimal,12.249999999999995,True,
GCF_000470865.1,148,173,150,DM_atp_c0,26,19,optimal,12.249999999999995,True,
GCF_000471025.2,112,99,48,DM_atp_c0,24,17,optimal,0.0,False,
GCF_000499365.1,98,88,82,DM_atp_c0,21,14,optimal,1.0,True,
GCF_000499645.1,161,190,218,DM_atp_c0,26,19,optimal,5.891666666666667,True,
GCF_000499665.2,102,85,66,DM_atp_c0,19,12,optimal,3.8,True,
GCF_000499765.1,123,100,107,DM_atp_c0,21,14,optimal,0.9999999999999996,True,
GCF_000496635.1,155,163,134,DM_atp_c0,25,18,optimal,7.999999999999985,True,
GCF_000496645.1,167,203,257,DM_atp_c0,28,21,optimal,14.437499999999988,True,
GCF_000496815.1,95,83,47,DM_atp_c0,22,15,optimal,0.0,False,
GCF_000497265.2,157,177,225,DM_atp_c0,27,20,optimal,7.375,True,
GCF_000497485.1,163,184,177,DM_atp_c0,29,22,optimal,10.500000000000005,True,
GCF_000497505.1,170,188,192,DM_atp_c0,30,21,optimal,17.124999999999986,True,
GCF_000497525.1,163,191,212,DM_atp_c0,28,21,optimal,16.125000000000007,True,
GCF_000498315.1,124,117,95,DM_atp_c0,27,20,optimal,2.4999999999999964,True,
GCF_000500935.1,101,97,55,DM_atp_c0,22,15,optimal,3.9999999999999982,True,
GCF_000503845.1,176,208,280,DM_atp_c0,32,21,optimal,17.12499999999999,True,
GCF_000503895.1,160,169,171,DM_atp_c0,25,18,optimal,6.374999999999997,True,
GCF_000504045.1,168,204,261,DM_atp_c0,28,21,optimal,14.437499999999988,True,
GCF_000505685.1,163,182,183,DM_atp_c0,27,20,optimal,7.732142857142856,True,
GCF_000505725.1,131,127,97,DM_atp_c0,22,15,optimal,5.416666666666668,True,
GCF_000507225.1,112,99,50,DM_atp_c0,24,17,optimal,0.0,False,
GCF_000507245.1,145,141,116,DM_atp_c0,24,17,optimal,3.000000000000001,True,
GCF_000508205.1,169,200,263,DM_atp_c0,29,22,optimal,14.812500000000043,True,
GCF_000508225.1,116,97,70,DM_atp_c0,19,12,optimal,0.0,False,
GCF_000508245.1,77,64,30,DM_atp_c0,20,13,optimal,0.0,False,
GCF_000508265.1,166,188,175,DM_atp_c0,29,22,optimal,10.499999999999979,True,
GCF_000513295.1,160,166,197,DM_atp_c0,27,18,optimal,12.017857142857132,True,
GCF_000513475.1,69,52,17,DM_atp_c0,19,12,optimal,0.0,False,
GCF_000517305.1,168,189,214,DM_atp_c0,29,22,optimal,9.974999999999998,True,
GCF_000517365.1,95,83,47,DM_atp_c0,21,14,optimal,0.0,False,
GCF_000512355.1,143,134,111,DM_atp_c0,23,16,optimal,4.75,True,
GCF_000512735.1,118,116,111,DM_atp_c0,24,17,optimal,1.3750000000000004,True,
GCF_000512745.2,127,120,108,DM_atp_c0,25,18,optimal,2.125000000000003,True,
GCF_000512775.2,167,194,218,DM_atp_c0,29,22,optimal,16.12499999999995,True,
GCF_000498335.1,124,117,95,DM_atp_c0,27,20,optimal,2.4999999999999964,True,
GCF_000498655.1,132,125,97,DM_atp_c0,23,16,optimal,3.4999999999999987,True,
GCF_000498675.1,111,106,71,DM_atp_c0,23,16,optimal,4.0,True,
GCF_000498975.2,164,191,238,DM_atp_c0,28,21,optimal,9.625000000000002,True,
GCF_000508765.1,168,203,262,DM_atp_c0,28,21,optimal,14.437499999999988,True,
GCF_000510265.1,120,106,91,DM_atp_c0,20,13,optimal,3.800000000000002,True,
GCF_000510285.1,166,194,254,DM_atp_c0,28,21,optimal,9.624999999999996,True,
GCF_000510305.1,168,204,265,DM_atp_c0,28,21,optimal,14.437499999999988,True,
GCF_000512895.1,106,105,111,DM_atp_c0,21,14,optimal,0.0,False,
GCF_000512915.1,130,122,100,DM_atp_c0,26,19,optimal,3.6250000000000058,True,
GCF_000512955.1,113,108,90,DM_atp_c0,24,17,optimal,4.499999999999997,True,
GCF_000513215.1,173,204,256,DM_atp_c0,30,21,optimal,17.12499999999999,True,
GCF_000517405.1,152,150,131,DM_atp_c0,26,19,optimal,10.62499999999999,True,
GCF_000517425.1,167,196,233,DM_atp_c0,30,21,optimal,16.375000000000004,True,
GCF_000517445.1,104,95,92,DM_atp_c0,22,15,optimal,1.0,True,
GCF_000517565.1,140,150,149,DM_atp_c0,24,17,optimal,5.750000000000005,True,
GCF_000511405.1,152,165,165,DM_atp_c0,26,19,optimal,14.912500000000016,True,
GCF_000512125.1,178,211,280,DM_atp_c0,32,21,optimal,17.124999999999996,True,
GCF_000512145.1,96,87,38,DM_atp_c0,22,15,optimal,0.0,False,
GCF_000512205.2,167,195,252,DM_atp_c0,28,21,optimal,14.693181818181817,True,
GCF_000521525.1,109,94,76,DM_atp_c0,22,15,optimal,5.749999999999998,True,
GCF_000521545.1,109,94,76,DM_atp_c0,22,15,optimal,5.749999999999998,True,
GCF_000521565.1,109,94,76,DM_atp_c0,22,15,optimal,5.749999999999998,True,
GCF_000521585.1,109,94,76,DM_atp_c0,22,15,optimal,5.749999999999998,True,
GCF_000510325.1,166,194,254,DM_atp_c0,28,21,optimal,9.624999999999996,True,
GCF_000511305.1,161,185,252,DM_atp_c0,27,20,optimal,13.062499999999963,True,
GCF_000511355.1,156,168,212,DM_atp_c0,25,18,optimal,6.375000000000001,True,
GCF_000511385.1,155,170,202,DM_atp_c0,24,17,optimal,5.437500000000001,True,
GCF_000484535.1,141,134,139,DM_atp_c0,24,17,optimal,1.4249999999999998,True,
GCF_000485885.1,148,173,152,DM_atp_c0,26,19,optimal,12.249999999999995,True,
GCF_000485905.1,145,153,127,DM_atp_c0,24,17,optimal,5.250000000000001,True,
GCF_000486405.2,175,207,285,DM_atp_c0,32,21,optimal,17.12499999999999,True,
GCF_000494775.2,128,131,109,DM_atp_c0,26,19,optimal,4.9999999999999964,True,
GCF_000494835.1,166,188,178,DM_atp_c0,29,22,optimal,10.499999999999979,True,
GCF_000494855.1,169,194,242,DM_atp_c0,28,21,optimal,12.875000000000007,True,
GCF_000494875.1,154,178,143,DM_atp_c0,28,21,optimal,16.124999999999993,True,
GCF_000517605.1,164,189,232,DM_atp_c0,26,19,optimal,9.038461538461542,True,
GCF_000517625.1,144,147,168,DM_atp_c0,24,17,optimal,0.0,False,
GCF_000520015.2,172,198,246,DM_atp_c0,30,21,optimal,12.625000000000002,True,
GCF_000520035.1,177,210,274,DM_atp_c0,31,20,optimal,15.874999999999993,True,
GCF_000521605.1,158,166,138,DM_atp_c0,29,20,optimal,11.000000000000004,True,
GCF_000521645.1,169,194,247,DM_atp_c0,28,21,optimal,12.875000000000007,True,
GCF_000521655.1,166,171,147,DM_atp_c0,32,21,optimal,11.000000000000004,True,
GCF_000521685.1,159,167,144,DM_atp_c0,31,20,optimal,11.000000000000004,True,
GCF_000521695.1,161,169,145,DM_atp_c0,31,20,optimal,11.000000000000002,True,
GCF_000521725.1,165,172,129,DM_atp_c0,31,20,optimal,11.499999999999991,True,
GCF_000521745.1,161,167,126,DM_atp_c0,30,19,optimal,11.499999999999991,True,
GCF_000521765.1,165,172,127,DM_atp_c0,31,20,optimal,11.499999999999991,True,
GCF_000569015.1,113,109,87,DM_atp_c0,23,16,optimal,3.5000000000000004,True,
GCF_000569035.1,112,109,94,DM_atp_c0,23,16,optimal,3.5,True,
GCF_000569055.1,113,110,90,DM_atp_c0,23,16,optimal,3.5,True,
GCF_000569075.1,114,111,90,DM_atp_c0,23,16,optimal,3.5,True,
GCF_000525675.1,135,120,108,DM_atp_c0,21,14,optimal,1.5000000000000002,True,
GCF_000525715.1,105,98,64,DM_atp_c0,23,16,optimal,1.0,True,
GCF_000550745.1,131,133,130,DM_atp_c0,25,18,optimal,7.99999999999999,True,
GCF_000550765.1,146,163,187,DM_atp_c0,25,18,optimal,9.458333333333332,True,
GCF_000550785.1,158,164,138,DM_atp_c0,26,19,optimal,6.75,True,
GCF_000550805.1,157,163,146,DM_atp_c0,27,20,optimal,8.0,True,
GCF_000565155.1,136,140,149,DM_atp_c0,25,18,optimal,7.9999999999999964,True,
GCF_000565175.1,105,94,55,DM_atp_c0,23,16,optimal,1.0,True,
GCF_000522545.2,180,210,370,DM_atp_c0,28,21,optimal,13.437500000000002,True,
GCF_000522985.1,157,163,177,DM_atp_c0,26,19,optimal,9.5,True,
GCF_000523235.1,156,177,381,DM_atp_c0,24,17,optimal,6.806818181818195,True,
GCF_000524555.1,91,80,40,DM_atp_c0,22,15,optimal,0.0,False,
GCF_000504125.1,134,132,113,DM_atp_c0,25,18,optimal,4.500000000000001,True,
GCF_000504545.1,174,206,239,DM_atp_c0,31,22,optimal,17.12499999999999,True,
GCF_000504565.1,148,157,168,DM_atp_c0,29,18,optimal,0.0,False,
GCF_000504585.2,163,183,245,DM_atp_c0,27,20,optimal,8.441666666666661,True,
GCF_000576145.2,152,162,147,DM_atp_c0,26,19,optimal,8.028846153846152,True,
GCF_000576165.1,132,125,96,DM_atp_c0,23,16,optimal,3.4999999999999987,True,
GCF_000576555.1,154,154,157,DM_atp_c0,24,17,optimal,5.4375,True,
GCF_000577745.1,137,142,161,DM_atp_c0,25,18,optimal,7.999999999999998,True,
GCF_000567945.1,171,196,246,DM_atp_c0,28,21,optimal,12.874999999999996,True,
GCF_000568455.1,148,173,156,DM_atp_c0,26,19,optimal,12.249999999999995,True,
GCF_000568475.1,136,140,159,DM_atp_c0,25,18,optimal,7.9999999999999964,True,
GCF_000568495.1,174,200,232,DM_atp_c0,32,21,optimal,14.999999999999998,True,
GCF_000577895.1,127,118,106,DM_atp_c0,23,16,optimal,2.9999999999999996,True,
GCF_000582515.1,168,192,218,DM_atp_c0,29,20,optimal,17.124999999999996,True,
GCF_000582535.1,94,79,34,DM_atp_c0,22,15,optimal,0.0,False,
GCF_000582555.1,156,166,147,DM_atp_c0,26,19,optimal,8.965909090909092,True,
GCF_000583855.1,144,149,122,DM_atp_c0,26,19,optimal,5.750000000000001,True,
GCF_000583875.1,112,98,47,DM_atp_c0,24,17,optimal,0.0,False,
GCF_000585495.1,94,86,75,DM_atp_c0,21,14,optimal,0.9999999999999997,True,
GCF_000585995.1,169,191,248,DM_atp_c0,29,22,optimal,8.291666666666673,True,
GCF_000583755.1,126,128,107,DM_atp_c0,26,19,optimal,4.999999999999998,True,
GCF_000583775.1,126,129,108,DM_atp_c0,26,19,optimal,5.000000000000002,True,
GCF_000583795.1,126,128,108,DM_atp_c0,26,19,optimal,4.999999999999998,True,
GCF_000583835.1,169,193,242,DM_atp_c0,28,21,optimal,10.875000000000005,True,
GCF_000590635.1,112,99,48,DM_atp_c0,24,17,optimal,0.0,False,
GCF_000590775.1,124,115,92,DM_atp_c0,26,19,optimal,2.5000000000000004,True,
GCF_000590795.1,160,182,176,DM_atp_c0,25,18,optimal,7.5416666666666465,True,
GCF_000590815.1,151,159,135,DM_atp_c0,24,17,optimal,3.750000000000001,True,
GCF_000568815.1,140,154,181,DM_atp_c0,31,20,optimal,4.999999999999999,True,
GCF_000568935.1,136,141,161,DM_atp_c0,25,18,optimal,7.9999999999999964,True,
GCF_000568955.1,114,110,87,DM_atp_c0,23,16,optimal,3.4999999999999996,True,
GCF_000568975.1,114,110,91,DM_atp_c0,23,16,optimal,3.4999999999999996,True,
GCF_000590925.1,152,155,167,DM_atp_c0,23,16,optimal,4.2499999999999964,True,
GCF_000591035.1,132,117,82,DM_atp_c0,23,16,optimal,0.0,False,
GCF_000591055.1,133,128,120,DM_atp_c0,22,15,optimal,0.0,False,
GCF_000597785.2,175,209,261,DM_atp_c0,33,22,optimal,17.12499999999999,True,
GCF_000520055.1,175,209,270,DM_atp_c0,31,20,optimal,15.874999999999993,True,
GCF_000520875.1,161,187,234,DM_atp_c0,26,19,optimal,9.03846153846154,True,
GCF_000520895.1,169,194,246,DM_atp_c0,28,21,optimal,12.875000000000007,True,
GCF_000521505.1,160,174,232,DM_atp_c0,27,20,optimal,8.375000000000005,True,
GCF_000600145.1,128,120,96,DM_atp_c0,27,20,optimal,2.5000000000000058,True,
GCF_000600165.1,124,117,95,DM_atp_c0,27,20,optimal,2.4999999999999964,True,
GCF_000600185.1,128,120,96,DM_atp_c0,27,20,optimal,2.5000000000000058,True,
GCF_000600205.1,128,120,96,DM_atp_c0,27,20,optimal,2.5000000000000058,True,
GCF_000524575.1,129,129,109,DM_atp_c0,22,15,optimal,5.375,True,
GCF_000524595.1,168,204,258,DM_atp_c0,28,21,optimal,14.437499999999988,True,
GCF_000525635.1,162,184,268,DM_atp_c0,28,21,optimal,11.091666666666665,True,
GCF_000525655.1,149,150,127,DM_atp_c0,23,16,optimal,4.4375,True,
GCF_000599985.1,140,149,116,DM_atp_c0,26,17,optimal,10.149999999999999,True,
GCF_000600005.1,146,153,124,DM_atp_c0,27,20,optimal,7.375000000000001,True,
GCF_000600015.1,136,141,159,DM_atp_c0,25,18,optimal,7.9999999999999964,True,
GCF_000600045.1,124,117,96,DM_atp_c0,27,20,optimal,2.4999999999999964,True,
GCF_000572125.1,154,173,205,DM_atp_c0,25,18,optimal,7.375000000000001,True,
GCF_000572155.1,154,172,203,DM_atp_c0,25,18,optimal,7.375000000000003,True,
GCF_000572175.1,154,173,204,DM_atp_c0,25,18,optimal,7.375000000000001,True,
GCF_000576125.1,132,125,97,DM_atp_c0,23,16,optimal,3.4999999999999987,True,
GCF_000597865.1,121,122,126,DM_atp_c0,22,15,optimal,1.0000000000000002,True,
GCF_000597885.1,157,168,168,DM_atp_c0,26,19,optimal,12.425,True,
GCF_000597905.1,176,212,291,DM_atp_c0,31,22,optimal,17.124999999999996,True,
GCF_000597945.1,171,193,220,DM_atp_c0,29,20,optimal,17.124999999999993,True,
GCF_000565195.1,92,80,45,DM_atp_c0,21,14,optimal,0.0,False,
GCF_000565215.1,97,90,50,DM_atp_c0,22,15,optimal,0.0,False,
GCF_000567905.1,171,196,247,DM_atp_c0,28,21,optimal,12.874999999999996,True,
GCF_000567925.1,171,196,250,DM_atp_c0,28,21,optimal,12.874999999999996,True,
GCF_000600225.1,128,121,97,DM_atp_c0,27,20,optimal,2.500000000000007,True,
GCF_000604045.1,152,163,120,DM_atp_c0,31,20,optimal,9.5,True,
GCF_000604125.1,94,85,33,DM_atp_c0,23,16,optimal,0.0,False,
GCF_000612055.1,136,141,124,DM_atp_c0,27,18,optimal,9.75,True,
GCF_000582665.1,132,133,133,DM_atp_c0,24,17,optimal,7.999999999999998,True,
GCF_000582845.1,136,140,159,DM_atp_c0,25,18,optimal,7.9999999999999964,True,
GCF_000583065.1,166,187,176,DM_atp_c0,29,22,optimal,9.124999999999988,True,
GCF_000583105.1,167,193,218,DM_atp_c0,29,22,optimal,16.12499999999995,True,
GCF_000597965.1,148,173,154,DM_atp_c0,26,19,optimal,12.249999999999995,True,
GCF_000597985.1,163,187,188,DM_atp_c0,26,19,optimal,8.999999999999991,True,
GCF_000598005.1,176,211,291,DM_atp_c0,31,22,optimal,17.12499999999999,True,
GCF_000599545.1,169,197,456,DM_atp_c0,27,20,optimal,11.374999999999952,True,
GCF_000612965.1,117,118,95,DM_atp_c0,22,15,optimal,5.6875,True,
GCF_000613085.1,137,142,166,DM_atp_c0,25,18,optimal,7.999999999999998,True,
GCF_000619905.2,141,134,148,DM_atp_c0,23,16,optimal,3.7500000000000018,True,
GCF_000626595.1,139,140,125,DM_atp_c0,23,16,optimal,6.250000000000007,True,
GCF_000632815.1,116,98,72,DM_atp_c0,19,12,optimal,0.0,False,
GCF_000632845.1,116,98,72,DM_atp_c0,19,12,optimal,0.0,False,
GCF_000632865.1,116,98,73,DM_atp_c0,19,12,optimal,0.0,False,
GCF_000632885.1,116,98,74,DM_atp_c0,19,12,optimal,0.0,False,
GCF_000632905.1,116,98,72,DM_atp_c0,19,12,optimal,0.0,False,
GCF_000632925.1,116,98,72,DM_atp_c0,19,12,optimal,0.0,False,
GCF_000632945.1,116,98,74,DM_atp_c0,19,12,optimal,0.0,False,
GCF_000632965.1,116,98,72,DM_atp_c0,19,12,optimal,0.0,False,
GCF_000590455.1,161,178,167,DM_atp_c0,28,21,optimal,8.875000000000016,True,
GCF_000590475.1,164,190,219,DM_atp_c0,28,21,optimal,14.437499999999998,True,
GCF_000590495.2,163,183,244,DM_atp_c0,27,20,optimal,8.441666666666661,True,
GCF_000590555.1,144,138,95,DM_atp_c0,24,17,optimal,2.6250000000000004,True,
GCF_000626615.2,148,173,152,DM_atp_c0,26,19,optimal,12.249999999999995,True,
GCF_000626635.1,146,148,145,DM_atp_c0,24,17,optimal,8.0,True,
GCF_000626675.1,154,158,153,DM_atp_c0,26,19,optimal,3.2499999999999996,True,
GCF_000632395.1,174,208,251,DM_atp_c0,31,22,optimal,17.12499999999999,True,
GCF_000632985.1,105,92,67,DM_atp_c0,19,12,optimal,0.0,False,
GCF_000633175.1,174,195,240,DM_atp_c0,29,20,optimal,14.937500000000007,True,
GCF_000635915.2,148,143,135,DM_atp_c0,22,15,optimal,3.8124999999999964,True,
GCF_000635955.1,174,195,241,DM_atp_c0,29,20,optimal,14.937500000000007,True,
GCF_000600055.1,159,181,181,DM_atp_c0,24,17,optimal,5.791666666666669,True,
GCF_000600085.1,127,119,96,DM_atp_c0,27,20,optimal,2.4999999999999964,True,
GCF_000600105.1,152,160,160,DM_atp_c0,25,18,optimal,3.6874999999999996,True,
GCF_000600125.1,127,117,95,DM_atp_c0,26,19,optimal,1.875000000000001,True,
GCF_000636135.1,177,209,283,DM_atp_c0,32,21,optimal,17.12499999999999,True,
GCF_000648235.2,112,101,54,DM_atp_c0,24,17,optimal,2.4999999999999996,True,
GCF_000648515.1,180,217,302,DM_atp_c0,33,22,optimal,17.124999999999996,True,
GCF_000661895.1,151,164,178,DM_atp_c0,27,20,optimal,12.59375,True,
GCF_000661915.1,166,188,232,DM_atp_c0,28,21,optimal,11.812500000000004,True,
GCF_000685725.1,166,188,180,DM_atp_c0,29,22,optimal,10.499999999999979,True,
GCF_000688795.1,163,189,201,DM_atp_c0,28,21,optimal,16.124999999999964,True,
GCF_000689235.1,127,125,103,DM_atp_c0,23,16,optimal,8.0,True,
GCF_000691585.1,157,177,177,DM_atp_c0,24,17,optimal,5.791666666666667,True,
GCF_000691605.1,136,126,116,DM_atp_c0,21,14,optimal,1.4999999999999998,True,
GCF_000695095.2,149,151,170,DM_atp_c0,25,18,optimal,6.37499999999999,True,
GCF_000695235.1,162,187,278,DM_atp_c0,29,22,optimal,14.352272727272778,True,
GCF_000695975.1,125,113,118,DM_atp_c0,23,16,optimal,5.999999999999999,True,
GCF_000695995.1,173,204,254,DM_atp_c0,30,21,optimal,17.12499999999999,True,
GCF_000696015.1,93,86,51,DM_atp_c0,21,14,optimal,1.0000000000000004,True,
GCF_000696465.1,176,206,245,DM_atp_c0,28,21,optimal,17.125,True,
GCF_000698885.1,115,105,82,DM_atp_c0,22,15,optimal,2.999999999999999,True,
GCF_000699025.1,159,181,179,DM_atp_c0,24,17,optimal,5.791666666666666,True,
GCF_000699465.1,163,184,176,DM_atp_c0,29,22,optimal,10.500000000000005,True,
GCF_000699505.1,130,127,86,DM_atp_c0,23,16,optimal,0.1666666666666665,True,
GCF_000696485.1,170,191,214,DM_atp_c0,28,21,optimal,8.874999999999998,True,
GCF_000696505.1,112,106,96,DM_atp_c0,23,16,optimal,3.0000000000000013,True,
GCF_000697965.2,167,195,256,DM_atp_c0,25,18,optimal,7.374999999999999,True,
GCF_000698245.1,159,180,178,DM_atp_c0,24,17,optimal,5.791666666666666,True,
GCF_000698805.1,131,127,106,DM_atp_c0,23,16,optimal,6.083333333333311,True,
GCF_000698825.1,131,127,109,DM_atp_c0,23,16,optimal,6.083333333333311,True,
GCF_000698845.1,162,186,261,DM_atp_c0,24,17,optimal,6.375000000000003,True,
GCF_000698865.1,169,199,257,DM_atp_c0,29,22,optimal,14.69318181818182,True,
GCF_000612485.1,148,157,160,DM_atp_c0,24,17,optimal,4.625000000000001,True,
GCF_000612505.1,163,178,182,DM_atp_c0,26,19,optimal,7.824999999999994,True,
GCF_000612685.1,158,181,215,DM_atp_c0,26,19,optimal,11.017857142857142,True,
GCF_000612765.1,123,121,98,DM_atp_c0,22,15,optimal,5.6875,True,
GCF_000709435.1,98,92,56,DM_atp_c0,22,15,optimal,3.000000000000002,True,
GCF_000709455.1,112,99,49,DM_atp_c0,24,17,optimal,0.0,False,
GCF_000709495.1,136,151,170,DM_atp_c0,28,19,optimal,8.826388888888879,True,
GCF_000709535.1,176,204,268,DM_atp_c0,33,22,optimal,15.874999999999993,True,
GCF_000699525.1,163,184,177,DM_atp_c0,29,22,optimal,10.500000000000005,True,
GCF_000702925.2,154,160,168,DM_atp_c0,26,19,optimal,8.374999999999996,True,
GCF_000706685.1,155,176,165,DM_atp_c0,28,21,optimal,13.749999999999988,True,
GCF_000706705.1,165,186,180,DM_atp_c0,29,22,optimal,10.500000000000005,True,
GCF_000706725.1,148,157,161,DM_atp_c0,24,17,optimal,6.12499999999999,True,
GCF_000706745.1,171,196,248,DM_atp_c0,28,21,optimal,12.874999999999996,True,
GCF_000706765.1,121,115,78,DM_atp_c0,23,16,optimal,3.250000000000001,True,
GCF_000709415.1,155,177,163,DM_atp_c0,28,21,optimal,13.749999999999998,True,
GCF_000689355.1,119,120,101,DM_atp_c0,22,15,optimal,5.6875000000000036,True,
GCF_000689415.1,169,199,272,DM_atp_c0,28,21,optimal,13.4375,True,
GCF_000691545.1,96,87,37,DM_atp_c0,22,15,optimal,0.0,False,
GCF_000691565.1,166,196,277,DM_atp_c0,28,21,optimal,10.124999999999984,True,
GCF_000632415.1,178,213,315,DM_atp_c0,31,22,optimal,17.125000000000032,True,
GCF_000632435.1,125,126,110,DM_atp_c0,25,18,optimal,3.7499999999999987,True,
GCF_000632475.1,189,212,310,DM_atp_c0,28,19,optimal,15.416666666666698,True,
GCF_000632805.1,165,186,226,DM_atp_c0,26,19,optimal,12.132812500000004,True,
GCF_000723465.1,105,101,94,DM_atp_c0,22,15,optimal,2.0000000000000004,True,
GCF_000723505.1,114,105,78,DM_atp_c0,21,14,optimal,1.999999999999998,True,
GCF_000723785.2,146,157,150,DM_atp_c0,25,18,optimal,5.875000000000003,True,
GCF_000724485.1,147,161,159,DM_atp_c0,22,15,optimal,8.750000000000002,True,
GCF_000695835.1,90,80,43,DM_atp_c0,20,13,optimal,0.5,True,
GCF_000695855.3,163,182,183,DM_atp_c0,27,20,optimal,7.732142857142856,True,
GCF_000695895.1,110,104,83,DM_atp_c0,22,15,optimal,1.0,True,
GCF_000695935.1,176,212,299,DM_atp_c0,31,22,optimal,17.12499999999999,True,
GCF_000709555.1,87,61,18,DM_atp_c0,19,12,optimal,0.0,False,
GCF_000714655.1,177,214,315,DM_atp_c0,31,22,optimal,17.124999999999996,True,
GCF_000714675.1,176,212,290,DM_atp_c0,31,22,optimal,17.124999999999996,True,
GCF_000715175.2,161,178,284,DM_atp_c0,26,19,optimal,9.374999999999996,True,
GCF_000698285.1,159,181,179,DM_atp_c0,24,17,optimal,5.791666666666666,True,
GCF_000698325.1,159,180,178,DM_atp_c0,24,17,optimal,5.791666666666669,True,
GCF_000698365.1,141,154,121,DM_atp_c0,31,20,optimal,9.749999999999993,True,
GCF_000698785.1,114,96,73,DM_atp_c0,21,14,optimal,0.0,False,
GCF_000730255.1,127,125,105,DM_atp_c0,23,16,optimal,8.0,True,
GCF_000730285.1,115,99,86,DM_atp_c0,21,14,optimal,0.0,False,
GCF_000730365.1,146,149,118,DM_atp_c0,24,17,optimal,8.749999999999991,True,
GCF_000730385.1,162,179,172,DM_atp_c0,26,19,optimal,9.392857142857139,True,
GCF_000724775.3,153,160,168,DM_atp_c0,25,18,optimal,3.6666666666666656,True,
GCF_000725285.1,154,173,164,DM_atp_c0,28,21,optimal,10.607142857142856,True,
GCF_000725325.1,167,194,217,DM_atp_c0,29,22,optimal,16.12499999999995,True,
GCF_000725345.1,164,180,269,DM_atp_c0,31,22,optimal,11.87499999999999,True,
GCF_000724505.1,174,208,274,DM_atp_c0,31,22,optimal,17.12499999999999,True,
GCF_000724525.1,179,216,321,DM_atp_c0,31,22,optimal,17.124999999999996,True,
GCF_000724605.1,124,119,82,DM_atp_c0,24,17,optimal,7.250000000000001,True,
GCF_000724625.1,133,138,122,DM_atp_c0,24,17,optimal,4.750000000000002,True,
GCF_000730405.1,146,149,118,DM_atp_c0,24,17,optimal,8.749999999999991,True,
GCF_000730425.1,166,190,235,DM_atp_c0,29,22,optimal,11.341666666666665,True,
GCF_000730445.1,146,149,120,DM_atp_c0,24,17,optimal,8.749999999999991,True,
GCF_000731295.1,162,183,225,DM_atp_c0,24,17,optimal,7.3750000000000036,True,
GCF_000734015.1,118,117,122,DM_atp_c0,22,15,optimal,5.749999999999995,True,
GCF_000734035.1,140,122,152,DM_atp_c0,22,15,optimal,1.0,True,
GCF_000734055.1,126,117,94,DM_atp_c0,21,14,optimal,3.799999999999997,True,
GCF_000734895.2,154,150,157,DM_atp_c0,25,18,optimal,8.374999999999998,True,
GCF_000737515.1,152,148,149,DM_atp_c0,24,17,optimal,5.4375,True,
GCF_000737535.1,132,125,104,DM_atp_c0,25,18,optimal,0.24999999999999994,True,
GCF_000737555.1,122,118,109,DM_atp_c0,25,18,optimal,4.000000000000001,True,
GCF_000737575.1,130,123,97,DM_atp_c0,25,18,optimal,0.2500000000000008,True,
GCF_000737595.1,132,130,102,DM_atp_c0,25,18,optimal,0.6249999999999994,True,
GCF_000737615.1,148,173,151,DM_atp_c0,26,19,optimal,12.249999999999995,True,
GCF_000737865.1,122,116,80,DM_atp_c0,23,16,optimal,3.250000000000001,True,
GCF_000737885.1,112,107,78,DM_atp_c0,23,16,optimal,3.5000000000000004,True,
GCF_000731315.1,162,183,224,DM_atp_c0,25,18,optimal,7.374999999999999,True,
GCF_000732905.1,108,105,74,DM_atp_c0,23,16,optimal,4.499999999999998,True,
GCF_000732925.1,162,180,276,DM_atp_c0,29,22,optimal,12.124999999999996,True,
GCF_000732945.1,142,145,107,DM_atp_c0,26,19,optimal,8.624999999999995,True,
GCF_000734975.2,170,191,256,DM_atp_c0,28,21,optimal,11.5,True,
GCF_000736415.1,125,123,103,DM_atp_c0,26,19,optimal,2.749999999999999,True,
GCF_000737085.1,130,133,111,DM_atp_c0,28,19,optimal,4.999999999999996,True,
GCF_000737325.1,153,160,194,DM_atp_c0,25,18,optimal,7.500000000000002,True,
GCF_000738435.1,149,157,170,DM_atp_c0,24,17,optimal,1.1666666666666625,True,
GCF_000739065.1,105,91,92,DM_atp_c0,20,13,optimal,1.0000000000000002,True,
GCF_000739085.1,171,194,336,DM_atp_c0,28,21,optimal,13.750000000000021,True,
GCF_000739105.1,161,183,270,DM_atp_c0,28,21,optimal,14.35227272727272,True,
GCF_000739375.1,163,186,229,DM_atp_c0,28,21,optimal,12.500000000000004,True,
GCF_000739395.1,129,122,112,DM_atp_c0,21,14,optimal,3.812499999999997,True,
GCF_000739435.1,164,178,146,DM_atp_c0,29,20,optimal,9.750000000000002,True,
GCF_000739455.1,148,153,116,DM_atp_c0,27,20,optimal,9.749999999999995,True,
GCF_000739475.1,96,87,39,DM_atp_c0,22,15,optimal,0.0,False,
GCF_000739495.1,176,213,295,DM_atp_c0,31,22,optimal,17.124999999999996,True,
GCF_000740135.1,158,180,175,DM_atp_c0,25,18,optimal,8.041666666666696,True,
GCF_000740155.1,158,179,179,DM_atp_c0,25,18,optimal,8.041666666666666,True,
GCF_000740175.1,158,182,174,DM_atp_c0,25,18,optimal,8.041666666666666,True,
GCF_000740195.1,158,182,179,DM_atp_c0,25,18,optimal,8.041666666666666,True,
GCF_000740215.1,158,182,174,DM_atp_c0,25,18,optimal,8.041666666666666,True,
GCF_000740255.1,159,182,177,DM_atp_c0,24,17,optimal,5.791666666666666,True,
GCF_000740985.1,159,161,119,DM_atp_c0,28,19,optimal,9.000000000000002,True,
GCF_000741005.1,96,87,38,DM_atp_c0,22,15,optimal,0.0,False,
GCF_000742715.1,147,157,130,DM_atp_c0,26,19,optimal,7.750000000000004,True,
GCF_000742735.1,147,158,130,DM_atp_c0,26,19,optimal,7.750000000000004,True,
GCF_000730165.1,171,187,239,DM_atp_c0,27,20,optimal,12.124999999999998,True,
GCF_000730205.1,122,116,90,DM_atp_c0,23,16,optimal,3.4999999999999996,True,
GCF_000730215.1,127,125,107,DM_atp_c0,23,16,optimal,8.0,True,
GCF_000730245.1,112,103,70,DM_atp_c0,21,14,optimal,4.0,True,
GCF_000725365.1,138,153,146,DM_atp_c0,27,20,optimal,6.499999999999994,True,
GCF_000725385.1,160,177,194,DM_atp_c0,24,17,optimal,7.499999999999995,True,
GCF_000725405.1,153,167,153,DM_atp_c0,26,19,optimal,9.749999999999995,True,
GCF_000725425.1,94,85,85,DM_atp_c0,21,14,optimal,0.9999999999999997,True,
GCF_000742755.1,176,211,299,DM_atp_c0,31,22,optimal,17.12499999999999,True,
GCF_000742795.1,158,160,118,DM_atp_c0,28,19,optimal,9.000000000000002,True,
GCF_000742835.1,127,118,96,DM_atp_c0,22,15,optimal,4.031250000000001,True,
GCF_000742855.1,164,191,215,DM_atp_c0,29,22,optimal,16.124999999999968,True,
GCF_000742895.1,167,194,219,DM_atp_c0,29,22,optimal,16.12499999999995,True,
GCF_000742955.1,166,194,214,DM_atp_c0,27,20,optimal,9.874999999999993,True,
GCF_000742975.1,131,133,127,DM_atp_c0,25,18,optimal,7.99999999999999,True,
GCF_000743945.1,131,145,114,DM_atp_c0,27,20,optimal,6.624999999999997,True,
GCF_000747295.1,163,193,282,DM_atp_c0,25,18,optimal,7.375000000000003,True,
GCF_000747315.1,140,138,108,DM_atp_c0,25,18,optimal,2.9999999999999996,True,
GCF_000747345.1,152,174,165,DM_atp_c0,26,19,optimal,9.762500000000015,True,
GCF_000747525.1,149,147,179,DM_atp_c0,24,17,optimal,6.000000000000001,True,
GCF_000717515.1,176,212,289,DM_atp_c0,31,22,optimal,17.124999999999996,True,
GCF_000717535.1,163,192,206,DM_atp_c0,28,21,optimal,16.125,True,
GCF_000723165.1,164,187,201,DM_atp_c0,27,20,optimal,8.37500000000002,True,
GCF_000723425.2,158,182,258,DM_atp_c0,25,18,optimal,8.374999999999993,True,
GCF_000746605.1,163,182,177,DM_atp_c0,27,20,optimal,7.732142857142856,True,
GCF_000746625.1,137,142,161,DM_atp_c0,25,18,optimal,7.999999999999998,True,
GCF_000746645.1,163,182,182,DM_atp_c0,27,20,optimal,7.732142857142856,True,
GCF_000746665.1,171,195,219,DM_atp_c0,30,21,optimal,14.999999999999998,True,
GCF_000743955.1,175,205,246,DM_atp_c0,31,20,optimal,16.124999999999993,True,
GCF_000743995.1,175,204,245,DM_atp_c0,31,20,optimal,14.499999999999991,True,
GCF_000746525.1,164,194,260,DM_atp_c0,28,21,optimal,14.437499999999996,True,
GCF_000746585.1,119,112,80,DM_atp_c0,22,15,optimal,4.000000000000002,True,
GCF_000751035.1,148,173,148,DM_atp_c0,26,19,optimal,14.471153846153854,True,
GCF_000754265.1,106,94,67,DM_atp_c0,20,13,optimal,5.75,True,
GCF_000754275.1,148,152,134,DM_atp_c0,30,19,optimal,9.5,True,
GCF_000754345.1,164,193,221,DM_atp_c0,29,20,optimal,12.624999999999993,True,
GCF_000754365.1,129,122,112,DM_atp_c0,21,14,optimal,3.812499999999997,True,
GCF_000754405.1,129,122,113,DM_atp_c0,21,14,optimal,3.812499999999997,True,
GCF_000755105.1,156,173,182,DM_atp_c0,22,15,optimal,4.250000000000002,True,
GCF_000755145.1,109,102,69,DM_atp_c0,24,17,optimal,0.0,False,
GCF_000755185.1,151,154,128,DM_atp_c0,25,18,optimal,6.624999999999977,True,
GCF_000755585.2,152,168,176,DM_atp_c0,28,21,optimal,8.399999999999997,True,
GCF_000755705.1,117,115,88,DM_atp_c0,24,17,optimal,8.749999999999998,True,
GCF_000755725.1,171,204,305,DM_atp_c0,31,22,optimal,12.875000000000004,True,
GCF_000740375.1,158,182,179,DM_atp_c0,25,18,optimal,8.041666666666666,True,
GCF_000740415.1,158,180,172,DM_atp_c0,24,17,optimal,8.041666666666602,True,
GCF_000740455.1,153,148,114,DM_atp_c0,26,19,optimal,7.125,True,
GCF_000740965.1,176,205,244,DM_atp_c0,28,21,optimal,17.124999999999993,True,
GCF_000740275.1,159,181,178,DM_atp_c0,24,17,optimal,5.7916666666666705,True,
GCF_000740295.1,158,182,178,DM_atp_c0,25,18,optimal,8.041666666666666,True,
GCF_000740335.1,157,180,179,DM_atp_c0,24,17,optimal,5.791666666666666,True,
GCF_000740355.1,158,181,175,DM_atp_c0,24,17,optimal,8.041666666666664,True,
GCF_000756025.1,167,192,218,DM_atp_c0,28,21,optimal,12.875000000000004,True,
GCF_000756045.1,177,203,383,DM_atp_c0,28,21,optimal,14.8125,True,
GCF_000756505.1,134,122,91,DM_atp_c0,21,14,optimal,3.5000000000000013,True,
GCF_000756615.1,166,178,182,DM_atp_c0,26,19,optimal,8.329545454545453,True,
GCF_000757785.1,180,213,280,DM_atp_c0,33,22,optimal,17.124999999999996,True,
GCF_000757795.1,176,199,236,DM_atp_c0,28,21,optimal,14.187500000000002,True,
GCF_000757825.1,173,207,259,DM_atp_c0,31,22,optimal,17.12499999999999,True,
GCF_000757845.1,124,113,80,DM_atp_c0,24,17,optimal,0.0,False,
GCF_000759475.1,170,198,220,DM_atp_c0,29,22,optimal,17.124999999999993,True,
GCF_000759485.1,127,121,108,DM_atp_c0,25,18,optimal,2.125000000000003,True,
GCF_000759515.1,127,121,109,DM_atp_c0,25,18,optimal,2.125000000000003,True,
GCF_000759535.1,158,177,195,DM_atp_c0,26,19,optimal,7.333333333333331,True,
GCF_000755885.1,168,189,213,DM_atp_c0,27,20,optimal,12.232142857142858,True,
GCF_000755925.1,169,193,244,DM_atp_c0,28,21,optimal,12.875000000000004,True,
GCF_000755985.1,170,196,240,DM_atp_c0,28,21,optimal,16.187500000000004,True,
GCF_000756005.1,170,194,272,DM_atp_c0,27,20,optimal,12.500000000000004,True,
GCF_000759555.1,148,173,152,DM_atp_c0,26,19,optimal,14.471153846153854,True,
GCF_000761115.1,138,135,118,DM_atp_c0,25,18,optimal,7.999999999999998,True,
GCF_000761135.1,114,114,90,DM_atp_c0,24,17,optimal,2.0000000000000004,True,
GCF_000761155.1,163,189,192,DM_atp_c0,29,22,optimal,11.341666666666669,True,
GCF_000750315.1,169,192,208,DM_atp_c0,28,19,optimal,14.874999999999998,True,
GCF_000750475.1,175,207,280,DM_atp_c0,32,21,optimal,17.12499999999999,True,
GCF_000750515.1,108,105,74,DM_atp_c0,23,16,optimal,4.499999999999998,True,
GCF_000750535.1,108,105,70,DM_atp_c0,23,16,optimal,4.499999999999998,True,
GCF_000758585.1,161,170,186,DM_atp_c0,25,18,optimal,7.715909090909091,True,
GCF_000758605.1,160,172,192,DM_atp_c0,25,18,optimal,7.715909090909122,True,
GCF_000758625.1,160,168,192,DM_atp_c0,25,18,optimal,7.715909090909067,True,
GCF_000758645.1,160,170,192,DM_atp_c0,25,18,optimal,7.715909090909067,True,
GCF_000747565.1,173,204,245,DM_atp_c0,30,21,optimal,17.12499999999999,True,
GCF_000750195.1,144,143,120,DM_atp_c0,25,18,optimal,4.65384615384616,True,
GCF_000750225.1,174,209,263,DM_atp_c0,31,22,optimal,17.12499999999999,True,
GCF_000750275.1,174,209,260,DM_atp_c0,31,22,optimal,17.12499999999999,True,
GCF_000763515.1,136,141,150,DM_atp_c0,25,18,optimal,7.9999999999999964,True,
GCF_000763535.1,174,198,224,DM_atp_c0,30,21,optimal,14.999999999999998,True,
GCF_000763575.1,129,118,92,DM_atp_c0,22,15,optimal,3.0000000000000013,True,
GCF_000764535.1,154,174,170,DM_atp_c0,25,18,optimal,9.826923076923071,True,
GCF_000762285.1,169,192,216,DM_atp_c0,28,21,optimal,12.875000000000004,True,
GCF_000763325.2,161,187,235,DM_atp_c0,27,20,optimal,13.06249999999999,True,
GCF_000763475.1,136,140,149,DM_atp_c0,25,18,optimal,7.9999999999999964,True,
GCF_000763495.1,136,141,151,DM_atp_c0,25,18,optimal,7.9999999999999964,True,
GCF_000767275.2,128,117,109,DM_atp_c0,21,14,optimal,0.0,False,
GCF_000767405.1,112,99,49,DM_atp_c0,24,17,optimal,0.0,False,
GCF_000767415.1,148,149,121,DM_atp_c0,24,17,optimal,8.749999999999996,True,
GCF_000767445.1,112,99,49,DM_atp_c0,24,17,optimal,0.0,False,
GCF_000757865.1,113,102,83,DM_atp_c0,22,15,optimal,0.0,False,
GCF_000758305.1,174,208,259,DM_atp_c0,31,22,optimal,17.12499999999999,True,
GCF_000758325.1,173,207,256,DM_atp_c0,31,22,optimal,17.12499999999999,True,
GCF_000758345.1,173,199,237,DM_atp_c0,27,20,optimal,17.12499999999999,True,
GCF_000758365.1,124,124,93,DM_atp_c0,24,17,optimal,8.0,True,
GCF_000758525.1,158,173,191,DM_atp_c0,25,18,optimal,7.715909090909081,True,
GCF_000758545.1,161,167,185,DM_atp_c0,25,18,optimal,7.238636363636368,True,
GCF_000758565.1,162,173,201,DM_atp_c0,25,18,optimal,7.7159090909090775,True,
GCF_000755785.1,167,192,215,DM_atp_c0,28,21,optimal,12.875000000000004,True,
GCF_000755805.1,171,199,275,DM_atp_c0,28,21,optimal,12.875000000000005,True,
GCF_000755845.1,166,190,218,DM_atp_c0,28,21,optimal,11.341666666666677,True,
GCF_000755865.1,168,189,213,DM_atp_c0,27,20,optimal,12.232142857142858,True,
GCF_000761175.1,163,182,182,DM_atp_c0,27,20,optimal,7.732142857142856,True,
GCF_000761195.1,170,193,236,DM_atp_c0,29,22,optimal,9.975000000000005,True,
GCF_000761215.1,158,173,219,DM_atp_c0,26,19,optimal,13.232142857142856,True,
GCF_000762265.1,115,94,109,DM_atp_c0,22,15,optimal,1.0,True,
GCF_000764555.1,140,140,123,DM_atp_c0,24,17,optimal,5.416666666666665,True,
GCF_000764575.1,169,193,242,DM_atp_c0,28,21,optimal,12.875000000000004,True,
GCF_000764595.1,171,196,249,DM_atp_c0,28,21,optimal,12.874999999999996,True,
GCF_000764615.1,176,210,302,DM_atp_c0,31,22,optimal,17.12499999999999,True,
GCF_000767745.1,145,151,205,DM_atp_c0,26,19,optimal,6.375000000000002,True,
GCF_000769535.1,170,198,222,DM_atp_c0,27,20,optimal,17.12499999999999,True,
GCF_000769555.1,166,188,180,DM_atp_c0,29,22,optimal,10.499999999999979,True,
GCF_000769635.1,148,149,122,DM_atp_c0,24,17,optimal,8.749999999999996,True,
GCF_000764955.1,171,194,244,DM_atp_c0,28,21,optimal,12.232142857142861,True,
GCF_000765375.1,171,196,249,DM_atp_c0,28,21,optimal,12.874999999999996,True,
GCF_000765395.1,150,154,158,DM_atp_c0,24,17,optimal,6.187500000000002,True,
GCF_000765415.1,166,188,194,DM_atp_c0,30,21,optimal,11.500000000000004,True,
GCF_000767465.1,164,192,267,DM_atp_c0,27,20,optimal,11.124999999999996,True,
GCF_000767605.1,167,195,333,DM_atp_c0,28,21,optimal,14.352272727272725,True,
GCF_000767615.3,162,181,244,DM_atp_c0,26,19,optimal,8.441666666666661,True,
GCF_000767645.1,148,149,122,DM_atp_c0,24,17,optimal,8.749999999999996,True,
GCF_000769655.1,90,81,80,DM_atp_c0,20,13,optimal,0.9999999999999997,True,
GCF_000770155.1,174,208,264,DM_atp_c0,31,22,optimal,17.12499999999999,True,
GCF_000770535.1,169,194,246,DM_atp_c0,28,21,optimal,12.875000000000007,True,
GCF_000770565.1,169,194,252,DM_atp_c0,28,21,optimal,12.875000000000007,True,
GCF_000758665.1,162,173,197,DM_atp_c0,25,18,optimal,7.715909090909087,True,
GCF_000758685.1,156,168,167,DM_atp_c0,25,18,optimal,6.535714285714283,True,
GCF_000758705.1,168,180,199,DM_atp_c0,25,18,optimal,7.715909090909094,True,
GCF_000758725.1,161,172,189,DM_atp_c0,25,18,optimal,7.715909090909126,True,
GCF_000772045.1,163,193,277,DM_atp_c0,28,21,optimal,16.87499999999999,True,
GCF_000772065.1,174,198,227,DM_atp_c0,30,21,optimal,14.999999999999998,True,
GCF_000772085.1,155,159,135,DM_atp_c0,25,18,optimal,7.749999999999997,True,
GCF_000772105.1,167,192,225,DM_atp_c0,29,20,optimal,12.999999999999984,True,
GCF_000772145.1,112,99,49,DM_atp_c0,24,17,optimal,0.0,False,
GCF_000772485.1,119,115,85,DM_atp_c0,23,16,optimal,3.4999999999999987,True,
GCF_000775395.1,176,212,293,DM_atp_c0,31,22,optimal,17.124999999999996,True,
GCF_000775975.1,165,192,214,DM_atp_c0,28,21,optimal,16.125000000000007,True,
GCF_000800295.1,106,97,73,DM_atp_c0,22,15,optimal,2.9999999999999996,True,
GCF_000800395.1,145,147,131,DM_atp_c0,22,15,optimal,0.4999999999999995,True,
GCF_000800455.1,110,104,83,DM_atp_c0,23,16,optimal,3.5000000000000004,True,
GCF_000800475.2,114,106,85,DM_atp_c0,23,16,optimal,3.4999999999999982,True,
GCF_000766665.1,151,144,112,DM_atp_c0,26,19,optimal,4.225000000000003,True,
GCF_000767055.1,150,153,125,DM_atp_c0,25,18,optimal,4.125000000000002,True,
GCF_000767075.1,147,160,124,DM_atp_c0,31,20,optimal,9.750000000000004,True,
GCF_000767095.1,129,122,112,DM_atp_c0,21,14,optimal,3.812499999999997,True,
GCF_000789335.1,120,114,118,DM_atp_c0,22,15,optimal,0.33333333333333326,True,
GCF_000789375.1,117,112,108,DM_atp_c0,21,14,optimal,1.0000000000000013,True,
GCF_000789395.1,135,133,113,DM_atp_c0,26,19,optimal,7.749999999999999,True,
GCF_000800255.1,158,178,197,DM_atp_c0,26,19,optimal,7.333333333333331,True,
GCF_000800725.1,157,181,216,DM_atp_c0,30,19,optimal,12.375000000000005,True,
GCF_000800785.1,96,89,58,DM_atp_c0,22,15,optimal,0.0,False,
GCF_000800805.1,102,81,58,DM_atp_c0,21,14,optimal,0.0,False,
GCF_000800825.1,159,173,162,DM_atp_c0,26,19,optimal,6.25,True,
GCF_000785005.1,176,212,295,DM_atp_c0,31,22,optimal,17.124999999999996,True,
GCF_000785105.2,118,117,106,DM_atp_c0,24,17,optimal,5.0000000000000036,True,
GCF_000785495.1,152,161,230,DM_atp_c0,24,17,optimal,7.3750000000000036,True,
GCF_000785515.1,118,108,85,DM_atp_c0,23,16,optimal,2.9999999999999996,True,
GCF_000767665.1,167,195,334,DM_atp_c0,28,21,optimal,14.352272727272725,True,
GCF_000767685.1,148,149,120,DM_atp_c0,24,17,optimal,8.749999999999996,True,
GCF_000767705.1,167,195,332,DM_atp_c0,28,21,optimal,14.352272727272725,True,
GCF_000767725.1,86,73,31,DM_atp_c0,20,13,optimal,0.0,False,
GCF_000785535.1,155,170,183,DM_atp_c0,27,20,optimal,8.749999999999988,True,
GCF_000785555.1,142,151,146,DM_atp_c0,25,18,optimal,5.666666666666665,True,
GCF_000785705.2,156,166,193,DM_atp_c0,27,18,optimal,8.374999999999993,True,
GCF_000786425.1,171,194,187,DM_atp_c0,30,21,optimal,14.250000000000004,True,
GCF_000786695.1,162,184,189,DM_atp_c0,26,19,optimal,10.086538461538462,True,
GCF_000786735.1,163,183,175,DM_atp_c0,27,20,optimal,7.732142857142856,True,
GCF_000788395.1,154,158,147,DM_atp_c0,22,15,optimal,3.499999999999998,True,
GCF_000789255.1,131,111,113,DM_atp_c0,21,14,optimal,1.0000000000000007,True,
GCF_000801755.2,174,208,255,DM_atp_c0,31,22,optimal,17.12499999999999,True,
GCF_000802205.1,119,106,89,DM_atp_c0,21,14,optimal,0.4999999999999999,True,
GCF_000802245.2,160,181,240,DM_atp_c0,27,20,optimal,16.374999999999957,True,
GCF_000803625.1,82,66,25,DM_atp_c0,20,13,optimal,0.0,False,
GCF_000801145.1,165,179,143,DM_atp_c0,29,20,optimal,11.500000000000007,True,
GCF_000801275.2,174,200,260,DM_atp_c0,29,20,optimal,12.99999999999999,True,
GCF_000801295.1,153,153,168,DM_atp_c0,30,19,optimal,5.812500000000003,True,
GCF_000801315.1,147,143,140,DM_atp_c0,22,15,optimal,4.749999999999999,True,
GCF_000807275.1,134,135,98,DM_atp_c0,23,16,optimal,10.15,True,
GCF_000807295.1,95,86,36,DM_atp_c0,22,15,optimal,0.0,False,
GCF_000807315.1,173,211,305,DM_atp_c0,28,21,optimal,13.43749999999999,True,
GCF_000807355.1,130,127,104,DM_atp_c0,26,19,optimal,5.000000000000005,True,
GCF_000775995.1,114,108,72,DM_atp_c0,23,16,optimal,3.0000000000000004,True,
GCF_000782855.1,127,125,107,DM_atp_c0,23,16,optimal,8.0,True,
GCF_000784865.1,174,207,263,DM_atp_c0,31,22,optimal,17.12499999999999,True,
GCF_000784875.1,166,187,195,DM_atp_c0,27,20,optimal,10.750000000000018,True,
GCF_000814825.1,125,122,108,DM_atp_c0,25,16,optimal,3.0000000000000013,True,
GCF_000814845.2,162,183,239,DM_atp_c0,26,19,optimal,8.028846153846159,True,
GCF_000815025.1,105,90,62,DM_atp_c0,19,12,optimal,3.800000000000001,True,
GCF_000815065.1,92,80,52,DM_atp_c0,21,14,optimal,0.0,False,
GCF_000808035.2,171,196,246,DM_atp_c0,28,21,optimal,12.874999999999996,True,
GCF_000812165.1,153,166,191,DM_atp_c0,24,17,optimal,6.187499999999993,True,
GCF_000812185.1,110,91,70,DM_atp_c0,20,13,optimal,0.0,False,
GCF_000812205.2,174,207,292,DM_atp_c0,31,22,optimal,17.124999999999996,True,
GCF_000807395.2,176,212,289,DM_atp_c0,31,22,optimal,17.124999999999996,True,
GCF_000807415.2,174,207,266,DM_atp_c0,31,22,optimal,17.12499999999999,True,
GCF_000807675.2,135,126,168,DM_atp_c0,25,18,optimal,2.9999999999999982,True,
GCF_000807775.2,161,183,248,DM_atp_c0,25,18,optimal,8.028846153846157,True,
GCF_000816225.1,119,113,97,DM_atp_c0,24,17,optimal,2.125000000000001,True,
GCF_000816245.1,115,106,92,DM_atp_c0,22,15,optimal,2.1249999999999996,True,
GCF_000816265.1,125,119,100,DM_atp_c0,27,18,optimal,2.125000000000001,True,
GCF_000816305.1,125,119,102,DM_atp_c0,27,18,optimal,2.125000000000001,True,
GCF_000816105.1,97,86,75,DM_atp_c0,20,13,optimal,0.9999999999999997,True,
GCF_000816125.1,160,185,254,DM_atp_c0,24,17,optimal,6.375000000000003,True,
GCF_000816145.1,119,114,90,DM_atp_c0,22,15,optimal,0.0,False,
GCF_000816185.1,123,114,94,DM_atp_c0,25,18,optimal,2.1249999999999996,True,
GCF_000816345.1,125,120,104,DM_atp_c0,25,18,optimal,3.625,True,
GCF_000816365.1,119,113,97,DM_atp_c0,24,17,optimal,2.125000000000001,True,
GCF_000816405.1,119,113,90,DM_atp_c0,24,17,optimal,2.125000000000001,True,
GCF_000816425.1,119,113,97,DM_atp_c0,24,17,optimal,2.125000000000001,True,
GCF_000812665.2,159,177,183,DM_atp_c0,26,19,optimal,10.303571428571427,True,
GCF_000813245.1,110,106,101,DM_atp_c0,24,17,optimal,0.0,False,
GCF_000814125.3,174,208,270,DM_atp_c0,31,22,optimal,17.12499999999999,True,
GCF_000814165.3,164,186,183,DM_atp_c0,27,20,optimal,8.375,True,
GCF_000815105.2,160,179,229,DM_atp_c0,25,18,optimal,8.028846153846155,True,
GCF_000815145.1,166,188,178,DM_atp_c0,29,22,optimal,10.499999999999979,True,
GCF_000815185.1,158,167,169,DM_atp_c0,25,18,optimal,5.500000000000001,True,
GCF_000815225.1,137,136,114,DM_atp_c0,24,17,optimal,5.416666666666668,True,
GCF_000814205.1,176,209,260,DM_atp_c0,31,22,optimal,17.124999999999996,True,
GCF_000814225.1,174,208,264,DM_atp_c0,31,22,optimal,17.12499999999999,True,
GCF_000814265.1,128,123,111,DM_atp_c0,26,19,optimal,2.7499999999999996,True,
GCF_000814305.1,176,212,291,DM_atp_c0,31,22,optimal,17.124999999999996,True,
GCF_000816025.1,162,185,271,DM_atp_c0,28,21,optimal,14.693181818181825,True,
GCF_000816045.1,177,201,224,DM_atp_c0,29,20,optimal,17.124999999999993,True,
GCF_000816065.1,136,141,124,DM_atp_c0,27,18,optimal,9.75,True,
GCF_000816085.1,148,169,136,DM_atp_c0,26,19,optimal,10.057692307692301,True,
GCF_000784905.1,174,209,262,DM_atp_c0,31,22,optimal,17.12499999999999,True,
GCF_000784945.1,176,211,289,DM_atp_c0,31,22,optimal,17.12499999999999,True,
GCF_000784965.1,173,204,238,DM_atp_c0,31,22,optimal,17.624999999999982,True,
GCF_000784985.1,176,212,289,DM_atp_c0,31,22,optimal,17.124999999999996,True,
GCF_000828515.1,116,102,82,DM_atp_c0,19,12,optimal,4.749999999999999,True,
GCF_000828535.1,111,95,129,DM_atp_c0,22,15,optimal,0.0,False,
GCF_000828555.1,111,94,115,DM_atp_c0,22,15,optimal,0.0,False,
GCF_000828575.1,113,92,104,DM_atp_c0,21,14,optimal,0.0,False,
GCF_000818015.1,168,190,242,DM_atp_c0,28,21,optimal,14.306818181818166,True,
GCF_000818035.1,146,145,128,DM_atp_c0,23,16,optimal,6.250000000000003,True,
GCF_000818095.1,154,171,167,DM_atp_c0,26,19,optimal,7.999999999999993,True,
GCF_000819445.1,152,154,134,DM_atp_c0,25,18,optimal,8.423076923076927,True,
GCF_000828615.1,160,160,172,DM_atp_c0,28,19,optimal,9.374999999999995,True,
GCF_000828635.1,166,181,233,DM_atp_c0,28,19,optimal,15.593749999999998,True,
GCF_000828655.1,121,116,90,DM_atp_c0,22,15,optimal,0.0,False,
GCF_000828675.1,120,112,105,DM_atp_c0,22,15,optimal,0.0,False,
GCF_000803645.1,153,168,203,DM_atp_c0,24,17,optimal,7.187499999999998,True,
GCF_000807175.1,144,157,163,DM_atp_c0,28,19,optimal,6.70833333333333,True,
GCF_000807225.1,145,143,139,DM_atp_c0,25,18,optimal,4.062499999999999,True,
GCF_000807255.1,144,157,163,DM_atp_c0,28,19,optimal,6.70833333333333,True,
GCF_000828695.1,169,198,254,DM_atp_c0,28,21,optimal,12.5,True,
GCF_000828715.1,138,125,104,DM_atp_c0,21,14,optimal,0.0,False,
GCF_000828735.1,82,72,40,DM_atp_c0,21,14,optimal,0.0,False,
GCF_000828775.1,174,207,258,DM_atp_c0,31,22,optimal,17.124999999999996,True,
GCF_000819505.1,174,195,243,DM_atp_c0,29,20,optimal,14.937500000000007,True,
GCF_000819525.2,152,156,126,DM_atp_c0,29,20,optimal,10.999999999999996,True,
GCF_000819565.1,165,182,241,DM_atp_c0,25,18,optimal,8.375000000000009,True,
GCF_000819665.1,163,188,184,DM_atp_c0,26,19,optimal,8.999999999999991,True,
GCF_000827005.1,159,180,260,DM_atp_c0,26,19,optimal,14.352272727272688,True,
GCF_000827045.1,166,188,180,DM_atp_c0,29,22,optimal,10.499999999999979,True,
GCF_000827125.1,155,160,154,DM_atp_c0,27,20,optimal,9.662500000000001,True,
GCF_000827835.1,147,156,166,DM_atp_c0,29,18,optimal,0.0,False,
GCF_000829235.1,121,109,82,DM_atp_c0,23,16,optimal,0.0,False,
GCF_000829275.1,168,204,266,DM_atp_c0,28,21,optimal,14.437499999999988,True,
GCF_000829315.1,103,94,72,DM_atp_c0,19,12,optimal,0.0,False,
GCF_000829335.1,90,80,41,DM_atp_c0,20,13,optimal,0.5,True,
GCF_000828815.1,106,94,69,DM_atp_c0,21,14,optimal,5.750000000000003,True,
GCF_000828835.1,154,158,178,DM_atp_c0,27,18,optimal,9.395833333333334,True,
GCF_000828855.1,85,72,30,DM_atp_c0,19,12,optimal,0.0,False,
GCF_000828875.1,179,209,377,DM_atp_c0,28,21,optimal,13.437500000000002,True,
GCF_000829965.1,174,208,286,DM_atp_c0,31,22,optimal,17.124999999999993,True,
GCF_000830005.1,156,180,267,DM_atp_c0,27,20,optimal,13.232142857142867,True,
GCF_000830885.1,98,88,84,DM_atp_c0,21,14,optimal,1.0,True,
GCF_000830905.1,101,90,84,DM_atp_c0,21,14,optimal,1.0,True,
GCF_000831205.1,129,122,112,DM_atp_c0,21,14,optimal,3.812499999999997,True,
GCF_000831225.1,129,122,112,DM_atp_c0,21,14,optimal,3.812499999999997,True,
GCF_000831485.1,124,121,110,DM_atp_c0,24,17,optimal,7.999999999999993,True,
GCF_000831525.1,98,83,66,DM_atp_c0,19,12,optimal,3.8,True,
GCF_000831005.1,158,144,127,DM_atp_c0,26,19,optimal,2.0,True,
GCF_000831065.1,165,193,216,DM_atp_c0,28,21,optimal,16.12499999999999,True,
GCF_000831165.1,127,122,90,DM_atp_c0,23,16,optimal,4.0,True,
GCF_000831185.1,129,122,112,DM_atp_c0,21,14,optimal,3.812499999999997,True,
GCF_000816785.1,119,113,92,DM_atp_c0,24,17,optimal,2.125000000000001,True,
GCF_000816845.1,172,197,290,DM_atp_c0,26,19,optimal,9.038461538461544,True,
GCF_000816885.1,151,163,166,DM_atp_c0,24,17,optimal,7.000000000000006,True,
GCF_000817065.1,114,105,92,DM_atp_c0,21,14,optimal,3.0000000000000004,True,
GCF_000817325.1,138,134,119,DM_atp_c0,24,17,optimal,2.500000000000001,True,
GCF_000817955.1,147,148,182,DM_atp_c0,26,19,optimal,7.375,True,
GCF_000817975.1,167,190,237,DM_atp_c0,27,20,optimal,13.062499999999993,True,
GCF_000817995.1,111,106,79,DM_atp_c0,23,16,optimal,3.5,True,
GCF_000833195.1,134,133,117,DM_atp_c0,24,17,optimal,5.999999999999999,True,
GCF_000833215.1,134,133,118,DM_atp_c0,24,17,optimal,5.999999999999999,True,
GCF_000833235.1,131,132,117,DM_atp_c0,23,16,optimal,5.416666666666668,True,
GCF_000833255.1,134,133,114,DM_atp_c0,24,17,optimal,5.999999999999999,True,
GCF_000831545.1,109,89,68,DM_atp_c0,19,12,optimal,3.8,True,
GCF_000831585.1,166,195,279,DM_atp_c0,28,21,optimal,10.125000000000004,True,
GCF_000831645.3,126,127,117,DM_atp_c0,24,17,optimal,6.000000000000002,True,
GCF_000832145.1,122,116,115,DM_atp_c0,22,15,optimal,1.0000000000000013,True,
GCF_000827855.1,76,56,38,DM_atp_c0,19,12,optimal,0.0,False,
GCF_000828015.1,143,156,135,DM_atp_c0,26,19,optimal,7.749999999999997,True,
GCF_000828055.2,174,208,298,DM_atp_c0,31,22,optimal,17.12499999999999,True,
GCF_000828475.1,166,172,173,DM_atp_c0,23,16,optimal,6.170454545454541,True,
GCF_000833295.1,134,133,116,DM_atp_c0,24,17,optimal,5.999999999999999,True,
GCF_000833315.1,135,133,115,DM_atp_c0,24,17,optimal,6.0,True,
GCF_000833375.1,137,142,125,DM_atp_c0,24,17,optimal,5.416666666666667,True,
GCF_000833455.1,136,132,115,DM_atp_c0,24,17,optimal,4.999999999999998,True,
GCF_000832985.1,165,196,240,DM_atp_c0,29,22,optimal,11.249999999999945,True,
GCF_000833025.1,147,143,141,DM_atp_c0,25,18,optimal,4.062499999999999,True,
GCF_000833105.2,141,145,214,DM_atp_c0,24,17,optimal,4.0,True,
GCF_000833165.1,138,142,122,DM_atp_c0,24,17,optimal,5.416666666666665,True,
GCF_000830925.1,98,88,83,DM_atp_c0,21,14,optimal,1.0,True,
GCF_000830945.1,112,99,49,DM_atp_c0,24,17,optimal,0.0,False,
GCF_000830965.1,112,99,49,DM_atp_c0,24,17,optimal,0.0,False,
GCF_000830985.1,152,143,112,DM_atp_c0,25,18,optimal,0.0,False,
GCF_000829155.1,93,72,32,DM_atp_c0,19,12,optimal,2.75,True,
GCF_000829175.1,163,180,263,DM_atp_c0,27,20,optimal,8.375000000000007,True,
GCF_000829195.1,150,170,185,DM_atp_c0,25,18,optimal,4.749999999999995,True,
GCF_000829215.1,168,189,195,DM_atp_c0,30,21,optimal,11.499999999999991,True,
GCF_000829355.1,111,98,78,DM_atp_c0,22,15,optimal,3.96875,True,
GCF_000829375.1,150,153,168,DM_atp_c0,25,18,optimal,5.499999999999998,True,
GCF_000829395.1,125,126,118,DM_atp_c0,25,18,optimal,6.499999999999998,True,
GCF_000829415.1,169,193,227,DM_atp_c0,29,22,optimal,11.341666666666661,True,
GCF_000828895.1,161,173,168,DM_atp_c0,25,18,optimal,10.443181818181815,True,
GCF_000828915.1,161,173,170,DM_atp_c0,25,18,optimal,10.443181818181815,True,
GCF_000828975.1,142,151,140,DM_atp_c0,25,18,optimal,9.038461538461545,True,
GCF_000829035.1,132,135,139,DM_atp_c0,24,17,optimal,7.999999999999998,True,
GCF_000832305.1,172,193,375,DM_atp_c0,27,20,optimal,11.017857142857155,True,
GCF_000832485.1,166,193,223,DM_atp_c0,29,22,optimal,16.124999999999947,True,
GCF_000832605.1,161,181,210,DM_atp_c0,26,19,optimal,9.999999999999979,True,
GCF_000832905.1,157,176,147,DM_atp_c0,25,18,optimal,8.749999999999996,True,
GCF_000875675.1,138,136,93,DM_atp_c0,24,17,optimal,3.0000000000000004,True,
GCF_000875755.1,97,90,54,DM_atp_c0,22,15,optimal,2.999999999999997,True,
GCF_000875775.1,112,95,80,DM_atp_c0,20,13,optimal,0.0,False,
GCF_000876675.2,164,184,254,DM_atp_c0,26,19,optimal,8.028846153846168,True,
GCF_000834965.1,139,143,126,DM_atp_c0,24,17,optimal,5.416666666666667,True,
GCF_000835085.1,96,86,53,DM_atp_c0,22,15,optimal,0.0,False,
GCF_000835165.1,148,159,144,DM_atp_c0,27,20,optimal,6.187500000000001,True,
GCF_000835205.1,167,193,258,DM_atp_c0,29,22,optimal,11.341666666666665,True,
GCF_000834215.1,171,197,225,DM_atp_c0,30,21,optimal,17.124999999999993,True,
GCF_000834235.1,169,190,204,DM_atp_c0,28,19,optimal,14.874999999999998,True,
GCF_000834255.1,171,194,197,DM_atp_c0,29,20,optimal,15.875000000000004,True,
GCF_000834275.1,167,188,202,DM_atp_c0,28,19,optimal,14.874999999999998,True,
GCF_000931575.1,146,158,122,DM_atp_c0,30,19,optimal,9.500000000000004,True,
GCF_000931605.1,141,153,122,DM_atp_c0,30,19,optimal,9.5,True,
GCF_000931625.1,145,157,122,DM_atp_c0,29,20,optimal,9.750000000000004,True,
GCF_000934305.1,130,133,110,DM_atp_c0,28,19,optimal,4.999999999999996,True,
GCF_000834515.1,177,205,250,DM_atp_c0,31,20,optimal,17.125000000000004,True,
GCF_000834735.1,175,200,224,DM_atp_c0,31,20,optimal,14.875000000000002,True,
GCF_000834865.1,171,197,225,DM_atp_c0,30,21,optimal,17.124999999999993,True,
GCF_000834945.1,169,192,207,DM_atp_c0,28,19,optimal,14.874999999999998,True,
GCF_000934525.1,158,169,157,DM_atp_c0,26,19,optimal,4.250000000000003,True,
GCF_000934565.1,166,190,226,DM_atp_c0,29,22,optimal,11.341666666666665,True,
GCF_000934605.2,161,182,237,DM_atp_c0,25,18,optimal,8.028846153846162,True,
GCF_000934625.1,106,104,80,DM_atp_c0,23,16,optimal,1.0,True,
GCF_000877815.1,163,184,177,DM_atp_c0,29,22,optimal,10.500000000000004,True,
GCF_000931425.2,136,142,138,DM_atp_c0,27,20,optimal,9.499999999999995,True,
GCF_000931445.1,155,174,239,DM_atp_c0,27,20,optimal,13.232142857142842,True,
GCF_000931465.1,168,192,236,DM_atp_c0,28,21,optimal,12.232142857142865,True,
GCF_000941075.1,98,85,55,DM_atp_c0,22,15,optimal,0.0,False,
GCF_000943805.1,156,171,237,DM_atp_c0,26,19,optimal,7.778846153846156,True,
GCF_000948075.1,150,153,152,DM_atp_c0,23,16,optimal,6.020833333333333,True,
GCF_000949425.1,152,157,161,DM_atp_c0,25,18,optimal,7.41666666666666,True,
GCF_000935025.1,161,181,199,DM_atp_c0,27,20,optimal,9.375000000000004,True,
GCF_000940805.1,166,181,192,DM_atp_c0,26,19,optimal,11.249999999999993,True,
GCF_000940825.1,148,151,150,DM_atp_c0,23,16,optimal,6.020833333333332,True,
GCF_000940845.1,143,152,149,DM_atp_c0,29,20,optimal,10.375000000000002,True,
GCF_000953115.1,121,97,106,DM_atp_c0,22,15,optimal,1.0,True,
GCF_000953135.1,151,155,153,DM_atp_c0,24,17,optimal,6.437499999999998,True,
GCF_000953195.1,114,102,60,DM_atp_c0,22,15,optimal,2.0,True,
GCF_000953215.1,114,101,70,DM_atp_c0,21,14,optimal,0.0,False,
GCF_000833495.1,131,132,117,DM_atp_c0,23,16,optimal,5.416666666666668,True,
GCF_000833515.1,131,131,117,DM_atp_c0,23,16,optimal,5.416666666666665,True,
GCF_000833575.1,151,154,126,DM_atp_c0,27,20,optimal,4.249999999999999,True,
GCF_000834195.1,173,199,224,DM_atp_c0,29,20,optimal,14.875000000000002,True,
GCF_000953235.1,96,86,53,DM_atp_c0,22,15,optimal,0.0,False,
GCF_000953275.1,138,133,162,DM_atp_c0,24,15,optimal,3.000000000000001,True,
GCF_000953355.1,167,187,176,DM_atp_c0,29,20,optimal,15.749999999999995,True,
GCF_000953375.1,97,85,53,DM_atp_c0,22,15,optimal,0.0,False,
GCF_000950575.1,153,157,146,DM_atp_c0,25,18,optimal,6.0000000000000036,True,
GCF_000952035.2,159,181,263,DM_atp_c0,27,20,optimal,14.693181818181802,True,
GCF_000952895.1,163,185,178,DM_atp_c0,29,22,optimal,10.500000000000005,True,
GCF_000952915.1,97,85,53,DM_atp_c0,22,15,optimal,0.0,False,
GCF_000940915.1,174,195,240,DM_atp_c0,29,20,optimal,14.937500000000007,True,
GCF_000940995.1,176,203,278,DM_atp_c0,32,21,optimal,13.999999999999993,True,
GCF_000941035.1,129,121,139,DM_atp_c0,23,16,optimal,3.0000000000000058,True,
GCF_000941055.1,150,146,121,DM_atp_c0,24,17,optimal,4.068181818181812,True,
GCF_000835225.1,145,169,232,DM_atp_c0,22,15,optimal,6.806818181818176,True,
GCF_000835265.1,145,170,231,DM_atp_c0,22,15,optimal,6.806818181818173,True,
GCF_000835285.1,126,127,107,DM_atp_c0,26,19,optimal,4.999999999999998,True,
GCF_000835305.1,130,131,111,DM_atp_c0,26,19,optimal,4.999999999999996,True,
GCF_000834295.1,169,192,207,DM_atp_c0,28,19,optimal,14.874999999999998,True,
GCF_000834335.1,169,190,203,DM_atp_c0,28,19,optimal,12.875,True,
GCF_000834355.1,169,192,205,DM_atp_c0,28,19,optimal,14.874999999999998,True,
GCF_000834395.1,177,201,228,DM_atp_c0,32,21,optimal,17.124999999999996,True,
GCF_000953735.1,170,191,212,DM_atp_c0,30,21,optimal,13.999999999999995,True,
GCF_000954115.1,162,186,231,DM_atp_c0,27,20,optimal,14.352272727272734,True,
GCF_000954135.1,170,188,214,DM_atp_c0,27,20,optimal,9.075000000000006,True,
GCF_000954195.1,126,129,108,DM_atp_c0,26,19,optimal,5.000000000000002,True,
GCF_000960995.1,170,191,241,DM_atp_c0,28,21,optimal,12.232142857142867,True,
GCF_000961015.1,102,96,64,DM_atp_c0,23,16,optimal,1.0000000000000004,True,
GCF_000961095.1,164,180,203,DM_atp_c0,28,21,optimal,11.791666666666671,True,
GCF_000961155.1,151,163,166,DM_atp_c0,24,17,optimal,7.000000000000006,True,
GCF_000961255.1,151,163,166,DM_atp_c0,24,17,optimal,7.000000000000006,True,
GCF_000961275.1,151,163,166,DM_atp_c0,24,17,optimal,7.000000000000006,True,
GCF_000961515.1,172,204,342,DM_atp_c0,28,21,optimal,14.812500000000004,True,
GCF_000962775.1,96,87,39,DM_atp_c0,22,15,optimal,0.0,False,
GCF_000958465.1,150,157,123,DM_atp_c0,27,20,optimal,9.000000000000005,True,
GCF_000959025.1,162,182,178,DM_atp_c0,29,22,optimal,10.500000000000005,True,
GCF_000959165.1,163,187,212,DM_atp_c0,28,21,optimal,11.341666666666677,True,
GCF_000959245.1,170,201,243,DM_atp_c0,30,21,optimal,12.87499999999999,True,
GCF_000959505.1,172,196,226,DM_atp_c0,30,21,optimal,12.232142857142891,True,
GCF_000959525.1,167,191,228,DM_atp_c0,27,20,optimal,9.625000000000002,True,
GCF_000959725.1,168,195,284,DM_atp_c0,28,21,optimal,9.975000000000005,True,
GCF_000960975.1,161,186,188,DM_atp_c0,25,18,optimal,7.511363636363639,True,
GCF_000961175.1,151,163,166,DM_atp_c0,24,17,optimal,7.000000000000006,True,
GCF_000961195.1,151,163,166,DM_atp_c0,24,17,optimal,7.000000000000006,True,
GCF_000961215.1,151,163,166,DM_atp_c0,24,17,optimal,7.000000000000006,True,
GCF_000961235.1,151,163,166,DM_atp_c0,24,17,optimal,7.000000000000006,True,
GCF_000834415.1,169,192,207,DM_atp_c0,28,19,optimal,14.874999999999998,True,
GCF_000834435.1,169,192,207,DM_atp_c0,28,19,optimal,14.874999999999998,True,
GCF_000834455.1,172,201,234,DM_atp_c0,30,21,optimal,17.124999999999993,True,
GCF_000834495.1,169,190,203,DM_atp_c0,28,19,optimal,12.875,True,
GCF_000952935.1,112,99,48,DM_atp_c0,24,17,optimal,0.0,False,
GCF_000952975.1,115,103,69,DM_atp_c0,23,16,optimal,0.0,False,
GCF_000953015.1,134,116,107,DM_atp_c0,22,15,optimal,4.749999999999993,True,
GCF_000953035.1,176,207,249,DM_atp_c0,32,21,optimal,17.124999999999996,True,
GCF_000959325.1,169,192,247,DM_atp_c0,28,21,optimal,12.874999999999996,True,
GCF_000959365.1,170,195,243,DM_atp_c0,28,21,optimal,16.187500000000004,True,
GCF_000959425.1,171,196,249,DM_atp_c0,28,21,optimal,12.874999999999996,True,
GCF_000959445.1,171,191,261,DM_atp_c0,28,21,optimal,12.232142857142875,True,
GCF_000953435.1,90,74,51,DM_atp_c0,18,11,optimal,0.0,False,
GCF_000953475.1,131,140,132,DM_atp_c0,24,17,optimal,10.897727272727279,True,
GCF_000953535.1,132,130,119,DM_atp_c0,22,15,optimal,4.0,True,
GCF_000953575.1,155,177,165,DM_atp_c0,28,21,optimal,13.749999999999998,True,
GCF_000963495.1,166,190,230,DM_atp_c0,29,22,optimal,11.341666666666665,True,
GCF_000963515.1,163,190,283,DM_atp_c0,29,22,optimal,14.693181818181799,True,
GCF_000963555.1,166,186,187,DM_atp_c0,30,21,optimal,11.500000000000004,True,
GCF_000963575.1,174,209,268,DM_atp_c0,31,22,optimal,17.124999999999996,True,
GCF_000953635.1,146,151,129,DM_atp_c0,24,17,optimal,5.437500000000002,True,
GCF_000953655.1,150,151,134,DM_atp_c0,23,16,optimal,6.25,True,
GCF_000953695.1,164,183,181,DM_atp_c0,29,20,optimal,13.999999999999993,True,
GCF_000953715.1,124,115,100,DM_atp_c0,21,14,optimal,0.0,False,
GCF_000963865.1,145,150,119,DM_atp_c0,24,17,optimal,4.625000000000002,True,
GCF_000964565.1,171,195,206,DM_atp_c0,29,20,optimal,15.875000000000004,True,
GCF_000965785.1,141,141,135,DM_atp_c0,26,19,optimal,5.625,True,
GCF_000967115.2,131,123,98,DM_atp_c0,26,19,optimal,0.9999999999999998,True,
GCF_000963635.1,151,158,127,DM_atp_c0,29,20,optimal,11.500000000000002,True,
GCF_000963645.1,174,195,241,DM_atp_c0,29,20,optimal,14.937500000000007,True,
GCF_000963675.1,151,161,128,DM_atp_c0,29,20,optimal,11.500000000000004,True,
GCF_000963835.1,168,192,236,DM_atp_c0,28,21,optimal,12.232142857142865,True,
GCF_000955665.1,154,157,171,DM_atp_c0,25,18,optimal,5.999999999999992,True,
GCF_000955905.1,116,104,79,DM_atp_c0,21,14,optimal,0.0,False,
GCF_000956175.1,112,96,83,DM_atp_c0,20,13,optimal,0.0,False,
GCF_000956315.1,96,87,38,DM_atp_c0,22,15,optimal,0.0,False,
GCF_000967135.1,127,121,109,DM_atp_c0,25,18,optimal,2.125000000000003,True,
GCF_000967305.2,151,165,213,DM_atp_c0,25,18,optimal,6.499999999999999,True,
GCF_000967325.1,148,173,154,DM_atp_c0,26,19,optimal,12.249999999999995,True,
GCF_000967345.1,148,173,154,DM_atp_c0,26,19,optimal,12.249999999999995,True,
GCF_000969885.1,118,110,127,DM_atp_c0,21,14,optimal,1.48,True,
GCF_000969905.1,119,110,140,DM_atp_c0,22,15,optimal,1.4799999999999995,True,
GCF_000969925.1,118,110,127,DM_atp_c0,21,14,optimal,1.48,True,
GCF_000969945.1,123,112,143,DM_atp_c0,22,15,optimal,1.4799999999999995,True,
GCF_000969965.1,120,105,123,DM_atp_c0,22,15,optimal,0.0,False,
GCF_000969985.1,121,112,146,DM_atp_c0,22,15,optimal,1.4799999999999998,True,
GCF_000970005.1,122,109,123,DM_atp_c0,22,15,optimal,0.0,False,
GCF_000970025.1,123,113,149,DM_atp_c0,22,15,optimal,1.4799999999999998,True,
GCF_000970045.1,118,105,133,DM_atp_c0,21,14,optimal,0.0,False,
GCF_000970065.1,123,113,147,DM_atp_c0,22,15,optimal,1.4799999999999998,True,
GCF_000970085.1,121,112,139,DM_atp_c0,22,15,optimal,1.484848484848487,True,
GCF_000970125.1,121,111,142,DM_atp_c0,22,15,optimal,1.484848484848485,True,
GCF_000970145.1,121,108,145,DM_atp_c0,22,15,optimal,1.4848484848484869,True,
GCF_000970205.1,118,106,131,DM_atp_c0,21,14,optimal,1.4444444444444442,True,
GCF_000970245.1,116,105,129,DM_atp_c0,21,14,optimal,1.4444444444444442,True,
GCF_000970265.1,120,101,122,DM_atp_c0,22,15,optimal,1.0000000000000002,True,
GCF_000968435.2,137,124,121,DM_atp_c0,22,15,optimal,0.0,False,
GCF_000968535.2,160,164,180,DM_atp_c0,25,18,optimal,4.92857142857143,True,
GCF_000968945.1,148,149,119,DM_atp_c0,24,17,optimal,8.749999999999996,True,
GCF_000969235.1,167,186,188,DM_atp_c0,29,20,optimal,10.499999999999995,True,
GCF_000970285.1,122,112,146,DM_atp_c0,21,14,optimal,1.4848484848484846,True,
GCF_000970305.1,123,117,150,DM_atp_c0,23,16,optimal,1.4799999999999998,True,
GCF_000970325.1,122,103,107,DM_atp_c0,22,15,optimal,0.0,False,
GCF_000971565.1,160,184,205,DM_atp_c0,25,18,optimal,5.855769230769233,True,
GCF_000969265.1,167,188,190,DM_atp_c0,30,21,optimal,11.499999999999991,True,
GCF_000969645.2,157,172,175,DM_atp_c0,27,20,optimal,14.437499999999996,True,
GCF_000969685.2,151,163,165,DM_atp_c0,24,17,optimal,7.000000000000006,True,
GCF_000969765.1,90,79,45,DM_atp_c0,20,13,optimal,0.0,False,
GCF_000973125.1,163,178,171,DM_atp_c0,27,18,optimal,9.999999999999998,True,
GCF_000973505.1,111,101,72,DM_atp_c0,20,13,optimal,5.749999999999999,True,
GCF_000973545.1,107,95,67,DM_atp_c0,20,13,optimal,0.0,False,
GCF_000973625.1,148,144,129,DM_atp_c0,23,16,optimal,3.9687500000000027,True,
GCF_000972785.3,161,180,228,DM_atp_c0,26,19,optimal,8.028846153846159,True,
GCF_000972865.1,156,167,170,DM_atp_c0,26,19,optimal,8.458333333333334,True,
GCF_000973085.1,103,98,58,DM_atp_c0,22,15,optimal,3.0000000000000004,True,
GCF_000973105.1,157,169,162,DM_atp_c0,26,19,optimal,5.4423076923076925,True,
GCF_000971765.1,118,108,87,DM_atp_c0,22,15,optimal,5.749999999999998,True,
GCF_000972245.3,164,191,232,DM_atp_c0,29,22,optimal,10.499999999999986,True,
GCF_000972745.1,155,173,166,DM_atp_c0,26,19,optimal,9.086538461538453,True,
GCF_000972765.1,139,136,133,DM_atp_c0,23,16,optimal,4.25,True,
GCF_000975175.1,163,185,304,DM_atp_c0,28,21,optimal,14.693181818181822,True,
GCF_000978495.1,165,186,180,DM_atp_c0,29,22,optimal,10.500000000000005,True,
GCF_000978535.1,121,113,114,DM_atp_c0,22,15,optimal,0.0,False,
GCF_000978555.1,121,113,115,DM_atp_c0,22,15,optimal,0.0,False,
GCF_000973705.1,132,130,140,DM_atp_c0,24,17,optimal,4.000000000000002,True,
GCF_000973725.1,152,149,185,DM_atp_c0,24,17,optimal,0.8125000000000002,True,
GCF_000974425.1,161,163,174,DM_atp_c0,27,20,optimal,6.499999999999998,True,
GCF_000974685.2,144,144,142,DM_atp_c0,25,18,optimal,9.038461538461549,True,
GCF_000978575.1,121,113,115,DM_atp_c0,22,15,optimal,0.0,False,
GCF_000978785.2,133,133,115,DM_atp_c0,23,16,optimal,5.416666666666668,True,
GCF_000980815.1,153,155,135,DM_atp_c0,28,21,optimal,6.249999999999994,True,
GCF_000980835.1,147,146,101,DM_atp_c0,26,19,optimal,5.0,True,
GCF_000981505.1,118,106,97,DM_atp_c0,21,14,optimal,0.0,False,
GCF_000981525.1,128,120,106,DM_atp_c0,23,16,optimal,4.0,True,
GCF_000981545.1,167,174,202,DM_atp_c0,25,18,optimal,8.374999999999996,True,
GCF_000981565.1,167,174,202,DM_atp_c0,25,18,optimal,8.374999999999996,True,
GCF_000982825.1,173,205,239,DM_atp_c0,31,22,optimal,17.12499999999999,True,
GCF_000987835.1,143,145,146,DM_atp_c0,26,19,optimal,10.395833333333334,True,
GCF_000987925.1,175,202,233,DM_atp_c0,31,20,optimal,14.875000000000002,True,
GCF_000988065.1,85,75,38,DM_atp_c0,21,14,optimal,0.0,False,
GCF_000968355.2,137,124,121,DM_atp_c0,22,15,optimal,0.0,False,
GCF_000968375.1,147,152,231,DM_atp_c0,25,18,optimal,9.75000000000001,True,
GCF_000968395.2,137,124,121,DM_atp_c0,22,15,optimal,0.0,False,
GCF_000968415.1,169,193,229,DM_atp_c0,29,22,optimal,11.341666666666665,True,
GCF_001007875.1,169,182,256,DM_atp_c0,26,19,optimal,9.843750000000005,True,
GCF_001007935.1,136,141,139,DM_atp_c0,22,15,optimal,2.666666666666668,True,
GCF_001007995.1,144,141,117,DM_atp_c0,23,16,optimal,0.0,False,
GCF_001008165.2,152,161,176,DM_atp_c0,24,17,optimal,6.250000000000001,True,
GCF_000967365.1,148,173,154,DM_atp_c0,26,19,optimal,12.249999999999995,True,
GCF_000967385.1,148,173,154,DM_atp_c0,26,19,optimal,12.249999999999995,True,
GCF_000967405.1,148,173,154,DM_atp_c0,26,19,optimal,12.249999999999995,True,
GCF_000967425.1,159,185,224,DM_atp_c0,25,18,optimal,7.375000000000001,True,
GCF_001011035.1,158,181,264,DM_atp_c0,28,21,optimal,14.352272727272714,True,
GCF_001011115.1,117,109,93,DM_atp_c0,21,14,optimal,0.0,False,
GCF_001011155.1,161,183,240,DM_atp_c0,25,18,optimal,7.3750000000000036,True,
GCF_001011675.1,155,160,167,DM_atp_c0,26,19,optimal,7.750000000000003,True,
GCF_001020725.2,161,176,176,DM_atp_c0,26,19,optimal,8.249999999999991,True,
GCF_001020955.1,135,132,128,DM_atp_c0,26,19,optimal,5.250000000000001,True,
GCF_001020985.1,152,151,119,DM_atp_c0,24,17,optimal,7.749999999999999,True,
GCF_001021025.1,148,152,133,DM_atp_c0,24,17,optimal,7.499999999999997,True,
GCF_000967895.1,161,175,166,DM_atp_c0,27,18,optimal,5.829545454545455,True,
GCF_000967915.1,113,103,77,DM_atp_c0,23,16,optimal,2.0,True,
GCF_000968055.1,116,104,65,DM_atp_c0,23,16,optimal,2.0000000000000013,True,
GCF_000968115.1,174,200,232,DM_atp_c0,30,19,optimal,14.875000000000002,True,
GCF_001021045.1,150,158,131,DM_atp_c0,26,19,optimal,5.500000000000002,True,
GCF_001021065.1,138,156,131,DM_atp_c0,29,20,optimal,11.687500000000002,True,
GCF_001021085.1,112,101,77,DM_atp_c0,22,15,optimal,3.968749999999999,True,
GCF_001021385.1,163,185,295,DM_atp_c0,27,20,optimal,13.352272727272704,True,
GCF_001013905.1,157,178,240,DM_atp_c0,28,21,optimal,13.232142857142845,True,
GCF_001017435.1,166,184,208,DM_atp_c0,26,19,optimal,11.017857142857142,True,
GCF_001017655.1,126,115,84,DM_atp_c0,23,16,optimal,1.9999999999999976,True,
GCF_001017775.3,167,181,247,DM_atp_c0,27,20,optimal,13.352272727272716,True,
GCF_001023575.1,135,123,145,DM_atp_c0,22,15,optimal,0.0,False,
GCF_001025155.1,115,109,78,DM_atp_c0,23,16,optimal,3.4999999999999996,True,
GCF_001025175.1,119,112,90,DM_atp_c0,23,16,optimal,3.5000000000000004,True,
GCF_001025195.1,112,107,80,DM_atp_c0,23,16,optimal,3.5000000000000004,True,
GCF_000968135.1,162,165,193,DM_atp_c0,28,19,optimal,6.375000000000038,True,
GCF_000968155.1,176,212,301,DM_atp_c0,31,22,optimal,17.124999999999996,True,
GCF_000968175.1,164,178,177,DM_atp_c0,27,18,optimal,10.0,True,
GCF_000968195.1,163,178,173,DM_atp_c0,26,17,optimal,9.999999999999996,True,
GCF_001025215.1,118,110,83,DM_atp_c0,23,16,optimal,3.5000000000000004,True,
GCF_001026985.1,161,182,212,DM_atp_c0,31,20,optimal,12.625000000000004,True,
GCF_001027025.1,122,116,100,DM_atp_c0,22,15,optimal,0.1666666666666667,True,
GCF_001027285.1,161,173,208,DM_atp_c0,26,19,optimal,8.375000000000002,True,
GCF_001042595.1,122,115,92,DM_atp_c0,23,16,optimal,3.4999999999999987,True,
GCF_001042615.1,112,109,87,DM_atp_c0,23,16,optimal,3.499999999999999,True,
GCF_001042635.1,127,120,100,DM_atp_c0,23,16,optimal,3.499999999999999,True,
GCF_001042675.1,115,106,69,DM_atp_c0,23,16,optimal,3.4999999999999996,True,
GCF_001021935.1,159,177,170,DM_atp_c0,27,20,optimal,9.086538461538472,True,
GCF_001021975.1,147,153,162,DM_atp_c0,25,18,optimal,5.999999999999995,True,
GCF_001022135.1,175,209,292,DM_atp_c0,30,21,optimal,17.625,True,
GCF_001022195.1,179,216,313,DM_atp_c0,31,22,optimal,17.124999999999996,True,
GCF_000988605.1,154,148,120,DM_atp_c0,26,19,optimal,7.125,True,
GCF_000993785.2,155,171,200,DM_atp_c0,26,19,optimal,14.352272727272721,True,
GCF_000993785.3,155,171,200,DM_atp_c0,26,19,optimal,14.352272727272721,True,
GCF_000993805.1,109,101,83,DM_atp_c0,23,16,optimal,0.0,False,
GCF_001010285.1,164,177,173,DM_atp_c0,26,17,optimal,9.999999999999993,True,
GCF_001010485.1,98,88,84,DM_atp_c0,21,14,optimal,1.0,True,
GCF_001010505.1,152,157,153,DM_atp_c0,26,19,optimal,4.250000000000002,True,
GCF_001010805.1,160,167,160,DM_atp_c0,26,17,optimal,3.666666666666669,True,
GCF_001029265.1,107,100,69,DM_atp_c0,22,15,optimal,3.0,True,
GCF_001038625.1,147,151,214,DM_atp_c0,27,18,optimal,9.749999999999986,True,
GCF_001040945.1,163,185,205,DM_atp_c0,27,20,optimal,8.375000000000004,True,
GCF_001042405.1,110,109,76,DM_atp_c0,24,17,optimal,2.000000000000003,True,
GCF_001027545.1,110,100,69,DM_atp_c0,23,16,optimal,1.0,True,
GCF_001028625.1,144,155,153,DM_atp_c0,23,16,optimal,6.166666666666672,True,
GCF_001028645.1,146,174,143,DM_atp_c0,27,20,optimal,13.124999999999996,True,
GCF_001028665.1,168,196,258,DM_atp_c0,28,21,optimal,12.232142857142861,True,
GCF_000981585.1,171,183,218,DM_atp_c0,25,18,optimal,7.715909090909103,True,
GCF_000981765.1,139,127,112,DM_atp_c0,21,14,optimal,3.8124999999999942,True,
GCF_000981805.1,179,220,327,DM_atp_c0,33,22,optimal,17.187500000000007,True,
GCF_000982715.1,163,187,287,DM_atp_c0,27,20,optimal,13.062500000000004,True,
GCF_001050475.1,140,147,113,DM_atp_c0,27,20,optimal,7.000000000000003,True,
GCF_001051995.2,177,186,228,DM_atp_c0,29,20,optimal,8.37499999999999,True,
GCF_001077715.1,115,97,77,DM_atp_c0,20,13,optimal,3.800000000000001,True,
GCF_001077815.2,154,168,172,DM_atp_c0,26,19,optimal,10.53125,True,
GCF_001047675.1,170,191,197,DM_atp_c0,31,20,optimal,9.125000000000002,True,
GCF_001050115.1,149,162,139,DM_atp_c0,25,18,optimal,6.50000000000001,True,
GCF_001050135.1,158,155,149,DM_atp_c0,25,18,optimal,4.249999999999999,True,
GCF_001050435.1,132,133,115,DM_atp_c0,25,18,optimal,7.500000000000003,True,
GCF_001078055.1,156,159,173,DM_atp_c0,24,17,optimal,6.374999999999995,True,
GCF_001078275.1,162,181,243,DM_atp_c0,26,19,optimal,12.023437499999993,True,
GCF_001182745.1,158,177,242,DM_atp_c0,27,20,optimal,13.352272727272776,True,
GCF_001182765.1,125,116,93,DM_atp_c0,25,18,optimal,0.0,False,
GCF_001183865.1,147,152,143,DM_atp_c0,25,18,optimal,7.812500000000007,True,
GCF_001185205.1,155,171,165,DM_atp_c0,25,18,optimal,5.222222222222225,True,
GCF_001186155.3,145,159,157,DM_atp_c0,27,20,optimal,6.583333333333346,True,
GCF_001186215.1,158,181,205,DM_atp_c0,30,19,optimal,12.375000000000005,True,
GCF_001005905.1,157,173,163,DM_atp_c0,29,22,optimal,7.281249999999998,True,
GCF_001006005.1,174,207,273,DM_atp_c0,33,22,optimal,17.124999999999996,True,
GCF_001006045.1,139,117,111,DM_atp_c0,23,16,optimal,0.0,False,
GCF_001007005.1,164,191,226,DM_atp_c0,28,21,optimal,9.625000000000002,True,
GCF_001186335.1,167,193,230,DM_atp_c0,29,22,optimal,11.341666666666658,True,
GCF_001186405.1,123,110,117,DM_atp_c0,22,15,optimal,5.999999999999999,True,
GCF_001187505.1,167,199,333,DM_atp_c0,27,20,optimal,14.352272727272732,True,
GCF_001187595.1,154,169,153,DM_atp_c0,26,19,optimal,11.125,True,
GCF_001187615.2,152,165,154,DM_atp_c0,25,18,optimal,7.000000000000011,True,
GCF_001187785.1,146,138,135,DM_atp_c0,22,15,optimal,4.0,True,
GCF_001187845.1,155,167,170,DM_atp_c0,24,17,optimal,7.374999999999999,True,
GCF_001188855.1,153,176,146,DM_atp_c0,28,21,optimal,11.500000000000007,True,
GCF_001262015.1,109,110,85,DM_atp_c0,23,16,optimal,6.916666666666665,True,
GCF_001262035.1,152,160,133,DM_atp_c0,31,20,optimal,11.500000000000009,True,
GCF_001262055.1,125,121,95,DM_atp_c0,24,17,optimal,6.750000000000002,True,
GCF_001262075.1,141,139,117,DM_atp_c0,25,18,optimal,7.291666666666665,True,
GCF_001262715.1,102,99,54,DM_atp_c0,22,15,optimal,4.0,True,
GCF_001263175.1,143,143,142,DM_atp_c0,22,15,optimal,6.250000000000002,True,
GCF_001263205.1,155,162,234,DM_atp_c0,24,17,optimal,7.916666666666643,True,
GCF_001263395.1,130,121,82,DM_atp_c0,24,17,optimal,3.2500000000000004,True,
GCF_001267175.1,151,155,129,DM_atp_c0,23,16,optimal,4.437500000000001,True,
GCF_001267405.1,141,145,158,DM_atp_c0,27,18,optimal,11.208333333333325,True,
GCF_001267435.1,141,145,159,DM_atp_c0,27,18,optimal,11.208333333333325,True,
GCF_001267865.1,121,113,113,DM_atp_c0,25,18,optimal,2.9999999999999996,True,
GCF_001264245.1,138,138,137,DM_atp_c0,24,17,optimal,7.124999999999998,True,
GCF_001266755.1,153,168,161,DM_atp_c0,27,20,optimal,10.607142857142836,True,
GCF_001266795.1,166,185,231,DM_atp_c0,26,19,optimal,12.14772727272727,True,
GCF_001267155.1,100,92,53,DM_atp_c0,21,14,optimal,3.0000000000000013,True,
GCF_001272655.2,165,189,190,DM_atp_c0,26,19,optimal,9.000000000000002,True,
GCF_001273775.1,137,142,192,DM_atp_c0,24,17,optimal,4.839285714285717,True,
GCF_001273795.1,111,91,65,DM_atp_c0,19,12,optimal,3.8,True,
GCF_001274535.1,118,113,88,DM_atp_c0,23,16,optimal,2.999999999999999,True,
GCF_001190925.1,172,198,302,DM_atp_c0,32,21,optimal,11.500000000000004,True,
GCF_001190945.1,156,167,196,DM_atp_c0,26,19,optimal,14.352272727272721,True,
GCF_001190965.1,148,154,164,DM_atp_c0,26,19,optimal,0.0,False,
GCF_001191005.1,162,183,202,DM_atp_c0,27,20,optimal,8.375000000000004,True,
GCF_001267885.1,161,185,248,DM_atp_c0,28,21,optimal,14.437499999999995,True,
GCF_001267925.1,166,186,200,DM_atp_c0,27,20,optimal,11.125,True,
GCF_001269425.1,101,91,61,DM_atp_c0,20,13,optimal,5.749999999999998,True,
GCF_001271345.1,169,193,241,DM_atp_c0,26,19,optimal,11.147727272727272,True,
GCF_001042695.1,114,103,68,DM_atp_c0,22,15,optimal,1.0,True,
GCF_001042715.1,150,145,167,DM_atp_c0,28,19,optimal,2.9166666666666634,True,
GCF_001043175.1,170,194,199,DM_atp_c0,30,21,optimal,10.812500000000002,True,
GCF_001046955.1,165,184,266,DM_atp_c0,25,18,optimal,7.375000000000004,True,
GCF_001028705.1,155,166,179,DM_atp_c0,26,19,optimal,7.241666666666681,True,
GCF_001029105.3,160,177,224,DM_atp_c0,25,18,optimal,8.028846153846159,True,
GCF_001029145.1,171,196,282,DM_atp_c0,28,21,optimal,12.232142857142863,True,
GCF_001029245.1,95,83,47,DM_atp_c0,21,14,optimal,0.0,False,
GCF_001280225.1,107,91,72,DM_atp_c0,21,14,optimal,2.8750000000000004,True,
GCF_001280305.1,151,145,134,DM_atp_c0,23,16,optimal,5.437500000000003,True,
GCF_001281045.1,96,88,52,DM_atp_c0,22,15,optimal,0.0,False,
GCF_001281065.1,137,151,164,DM_atp_c0,28,19,optimal,8.826388888888879,True,
GCF_001278715.1,155,167,151,DM_atp_c0,26,19,optimal,7.732142857142857,True,
GCF_001278825.1,126,118,76,DM_atp_c0,24,17,optimal,3.6250000000000004,True,
GCF_001278845.1,142,136,122,DM_atp_c0,24,17,optimal,10.124999999999998,True,
GCF_001280205.1,152,163,130,DM_atp_c0,28,21,optimal,12.068181818181799,True,
GCF_001277235.1,174,207,238,DM_atp_c0,31,22,optimal,17.12499999999999,True,
GCF_001277255.1,174,206,237,DM_atp_c0,31,22,optimal,17.124999999999993,True,
GCF_001277295.1,150,146,136,DM_atp_c0,25,18,optimal,6.806818181818189,True,
GCF_001277995.1,140,149,129,DM_atp_c0,24,17,optimal,6.437499999999993,True,
GCF_001275365.1,122,118,94,DM_atp_c0,22,15,optimal,5.416666666666668,True,
GCF_001277175.1,173,206,241,DM_atp_c0,31,22,optimal,17.12499999999999,True,
GCF_001277195.1,174,207,243,DM_atp_c0,31,22,optimal,17.12499999999999,True,
GCF_001277215.2,174,206,238,DM_atp_c0,31,22,optimal,17.12499999999999,True,
GCF_001281115.1,154,171,167,DM_atp_c0,28,21,optimal,10.5,True,
GCF_001281315.1,157,175,176,DM_atp_c0,26,19,optimal,9.818181818181811,True,
GCF_001281385.1,148,141,119,DM_atp_c0,24,17,optimal,1.6249999999999956,True,
GCF_001281405.1,109,103,83,DM_atp_c0,22,15,optimal,4.031249999999999,True,
GCF_001188915.1,155,179,152,DM_atp_c0,28,21,optimal,13.749999999999993,True,
GCF_001189295.1,147,161,207,DM_atp_c0,24,17,optimal,7.166666666666669,True,
GCF_001189495.1,123,112,68,DM_atp_c0,23,16,optimal,0.0,False,
GCF_001189515.2,131,124,93,DM_atp_c0,25,18,optimal,3.5000000000000027,True,
GCF_001278035.1,157,177,205,DM_atp_c0,26,19,optimal,8.375000000000009,True,
GCF_001278055.1,161,167,192,DM_atp_c0,26,19,optimal,10.375000000000002,True,
GCF_001278075.1,158,177,276,DM_atp_c0,27,20,optimal,14.352272727272709,True,
GCF_001278095.1,156,181,265,DM_atp_c0,27,20,optimal,14.352272727272727,True,
GCF_001281465.1,162,172,186,DM_atp_c0,26,19,optimal,6.562499999999998,True,
GCF_001281485.1,152,166,165,DM_atp_c0,26,19,optimal,7.458333333333336,True,
GCF_001281505.1,130,124,103,DM_atp_c0,22,15,optimal,8.749999999999998,True,
GCF_001281565.1,170,192,221,DM_atp_c0,29,20,optimal,17.124999999999993,True,
GCF_001293045.1,180,206,290,DM_atp_c0,28,21,optimal,14.8125,True,
GCF_001293165.1,130,121,120,DM_atp_c0,25,18,optimal,2.1249999999999982,True,
GCF_001294425.1,162,182,296,DM_atp_c0,28,21,optimal,13.500000000000005,True,
GCF_001294575.1,162,179,199,DM_atp_c0,26,19,optimal,7.00000000000002,True,
GCF_001298465.1,126,122,108,DM_atp_c0,24,17,optimal,3.6249999999999996,True,
GCF_001298525.1,147,145,134,DM_atp_c0,23,16,optimal,5.093750000000001,True,
GCF_001299555.1,171,191,213,DM_atp_c0,26,19,optimal,11.017857142857142,True,
GCF_001302565.1,154,172,163,DM_atp_c0,28,21,optimal,9.675,True,
GCF_001294605.1,157,160,224,DM_atp_c0,27,20,optimal,4.999999999999998,True,
GCF_001294625.1,160,171,200,DM_atp_c0,27,20,optimal,8.950000000000006,True,
GCF_001294645.1,162,175,250,DM_atp_c0,28,21,optimal,11.166666666666663,True,
GCF_001295365.1,161,184,199,DM_atp_c0,27,20,optimal,12.124999999999995,True,
GCF_001274575.1,157,180,171,DM_atp_c0,27,20,optimal,13.12499999999999,True,
GCF_001274875.1,90,79,45,DM_atp_c0,21,14,optimal,0.0,False,
GCF_001274895.1,150,156,137,DM_atp_c0,25,18,optimal,7.250000000000004,True,
GCF_001275345.1,157,168,148,DM_atp_c0,29,22,optimal,10.499999999999995,True,
GCF_001305595.1,185,203,324,DM_atp_c0,29,20,optimal,13.812500000000009,True,
GCF_001305615.1,158,174,209,DM_atp_c0,25,18,optimal,7.375000000000001,True,
GCF_001305655.1,117,109,92,DM_atp_c0,21,14,optimal,0.0,False,
GCF_001305675.1,156,175,221,DM_atp_c0,25,18,optimal,10.44318181818183,True,
GCF_001189535.1,156,169,181,DM_atp_c0,26,19,optimal,10.124999999999998,True,
GCF_001189555.1,130,133,113,DM_atp_c0,28,19,optimal,7.375000000000003,True,
GCF_001190745.1,125,125,106,DM_atp_c0,28,17,optimal,3.625,True,
GCF_001190755.1,122,119,103,DM_atp_c0,25,18,optimal,6.6249999999999964,True,
GCF_001308105.1,160,162,176,DM_atp_c0,24,17,optimal,5.687499999999998,True,
GCF_001308145.2,122,117,99,DM_atp_c0,24,17,optimal,4.999999999999997,True,
GCF_001308265.1,159,173,169,DM_atp_c0,25,18,optimal,5.855769230769228,True,
GCF_001310085.1,152,150,146,DM_atp_c0,26,19,optimal,2.6250000000000004,True,
GCF_001314325.1,153,172,240,DM_atp_c0,26,19,optimal,6.374999999999995,True,
GCF_001314945.1,101,96,65,DM_atp_c0,23,16,optimal,0.5000000000000003,True,
GCF_001314975.1,133,133,140,DM_atp_c0,24,17,optimal,5.624999999999999,True,
GCF_001314995.1,140,139,142,DM_atp_c0,24,17,optimal,5.624999999999997,True,
GCF_001307195.1,155,162,146,DM_atp_c0,27,20,optimal,7.375000000000005,True,
GCF_001307295.1,156,173,216,DM_atp_c0,26,19,optimal,6.374999999999995,True,
GCF_001307545.1,160,181,289,DM_atp_c0,26,19,optimal,12.465909090909088,True,
GCF_001307805.1,158,171,187,DM_atp_c0,29,22,optimal,7.281249999999995,True,
GCF_001412575.1,156,165,166,DM_atp_c0,26,19,optimal,6.374999999999997,True,
GCF_001412595.1,167,192,234,DM_atp_c0,28,21,optimal,16.12499999999999,True,
GCF_001412615.1,119,107,80,DM_atp_c0,23,16,optimal,0.0,False,
GCF_001412655.1,152,159,171,DM_atp_c0,25,18,optimal,6.041666666666671,True,
GCF_001402875.1,158,154,166,DM_atp_c0,23,16,optimal,5.375000000000002,True,
GCF_001411495.1,169,199,279,DM_atp_c0,28,21,optimal,12.875000000000018,True,
GCF_001411805.1,167,193,267,DM_atp_c0,29,22,optimal,11.341666666666665,True,
GCF_001412535.1,158,163,178,DM_atp_c0,23,16,optimal,5.000000000000003,True,
GCF_001420995.1,162,184,330,DM_atp_c0,28,21,optimal,13.500000000000005,True,
GCF_001421015.1,163,178,175,DM_atp_c0,28,21,optimal,13.124999999999986,True,
GCF_001421015.2,163,178,174,DM_atp_c0,28,21,optimal,13.124999999999986,True,
GCF_001430825.1,142,143,127,DM_atp_c0,23,16,optimal,4.000000000000002,True,
GCF_001439585.2,156,166,177,DM_atp_c0,27,20,optimal,7.000000000000029,True,
GCF_001441165.1,140,158,186,DM_atp_c0,26,19,optimal,13.125000000000007,True,
GCF_001442535.1,159,173,168,DM_atp_c0,27,20,optimal,12.232142857142872,True,
GCF_001442745.1,163,179,174,DM_atp_c0,28,21,optimal,14.693181818181818,True,
GCF_001443605.1,148,147,132,DM_atp_c0,24,17,optimal,6.249999999999999,True,
GCF_001443645.1,130,135,138,DM_atp_c0,27,20,optimal,9.5,True,
GCF_001444365.1,155,158,164,DM_atp_c0,24,17,optimal,5.833333333333334,True,
GCF_001444405.1,156,164,153,DM_atp_c0,23,16,optimal,3.4999999999999973,True,
GCF_001302585.1,162,179,291,DM_atp_c0,26,19,optimal,13.328125,True,
GCF_001304615.2,120,110,125,DM_atp_c0,21,14,optimal,1.4444444444444438,True,
GCF_001304795.1,149,154,180,DM_atp_c0,22,15,optimal,4.250000000000002,True,
GCF_001305575.3,160,157,179,DM_atp_c0,25,18,optimal,8.375000000000007,True,
GCF_001444425.1,146,147,130,DM_atp_c0,22,15,optimal,2.833333333333332,True,
GCF_001444445.1,112,106,85,DM_atp_c0,23,16,optimal,8.500000000000002,True,
GCF_001447155.2,163,185,195,DM_atp_c0,27,20,optimal,10.437499999999995,True,
GCF_001447315.1,164,179,170,DM_atp_c0,26,19,optimal,8.166666666666668,True,
GCF_001447335.1,171,188,215,DM_atp_c0,29,20,optimal,14.937499999999993,True,
GCF_001454945.1,141,134,126,DM_atp_c0,24,17,optimal,1.0000000000000007,True,
GCF_001454985.1,152,169,167,DM_atp_c0,28,21,optimal,10.5,True,
GCF_001455145.1,118,113,84,DM_atp_c0,24,17,optimal,4.000000000000002,True,
GCF_001455205.1,139,138,128,DM_atp_c0,24,17,optimal,0.9999999999999988,True,
GCF_001455325.1,157,167,162,DM_atp_c0,23,16,optimal,5.5000000000000036,True,
GCF_001456065.2,138,138,148,DM_atp_c0,26,19,optimal,7.750000000000001,True,
GCF_001456115.1,158,172,193,DM_atp_c0,26,19,optimal,10.767857142857139,True,
GCF_001456155.1,147,146,141,DM_atp_c0,26,19,optimal,5.875000000000001,True,
GCF_001456215.1,148,171,143,DM_atp_c0,26,19,optimal,12.249999999999995,True,
GCF_001456255.1,172,201,252,DM_atp_c0,30,21,optimal,15.000000000000014,True,
GCF_001456315.1,131,128,112,DM_atp_c0,23,16,optimal,6.083333333333311,True,
GCF_001310225.1,159,155,129,DM_atp_c0,25,18,optimal,6.409090909090903,True,
GCF_001310255.1,156,158,154,DM_atp_c0,24,17,optimal,6.93749999999999,True,
GCF_001314225.1,153,169,218,DM_atp_c0,26,19,optimal,9.392857142857148,True,
GCF_001314305.1,160,173,178,DM_atp_c0,26,19,optimal,8.937500000000002,True,
GCF_001456355.1,157,176,208,DM_atp_c0,27,20,optimal,9.71590909090909,True,
GCF_001457455.1,153,161,130,DM_atp_c0,27,20,optimal,10.750000000000004,True,
GCF_001457475.1,168,197,284,DM_atp_c0,30,21,optimal,8.375000000000007,True,
GCF_001458475.1,132,133,111,DM_atp_c0,23,16,optimal,9.0,True,
GCF_001458695.1,133,132,142,DM_atp_c0,23,16,optimal,4.839285714285713,True,
GCF_001460635.1,123,121,102,DM_atp_c0,25,18,optimal,2.1249999999999987,True,
GCF_001461805.1,174,211,269,DM_atp_c0,31,22,optimal,17.124999999999996,True,
GCF_001465255.1,160,182,249,DM_atp_c0,27,20,optimal,9.028846153846144,True,
GCF_001465855.1,138,136,94,DM_atp_c0,24,17,optimal,3.0000000000000004,True,
GCF_001466725.1,155,167,163,DM_atp_c0,26,19,optimal,4.2500000000000036,True,
GCF_001477625.1,164,185,198,DM_atp_c0,28,21,optimal,9.589285714285712,True,
GCF_001477655.1,111,90,91,DM_atp_c0,23,16,optimal,0.0,False,
GCF_001481655.1,146,142,138,DM_atp_c0,25,18,optimal,4.0624999999999964,True,
GCF_001481685.1,114,101,62,DM_atp_c0,22,15,optimal,0.0,False,
GCF_001482365.1,156,172,188,DM_atp_c0,29,22,optimal,6.249999999999998,True,
GCF_001482385.1,155,158,148,DM_atp_c0,24,17,optimal,5.249999999999998,True,
GCF_001483385.1,139,135,99,DM_atp_c0,23,16,optimal,3.5,True,
GCF_001483845.1,126,129,109,DM_atp_c0,26,19,optimal,5.000000000000002,True,
GCF_001483865.1,165,184,190,DM_atp_c0,26,19,optimal,8.375000000000004,True,
GCF_001483945.1,166,189,211,DM_atp_c0,27,20,optimal,8.375000000000005,True,
GCF_001483965.1,129,132,128,DM_atp_c0,25,18,optimal,8.499999999999998,True,
GCF_001484045.1,87,81,37,DM_atp_c0,21,14,optimal,3.0000000000000004,True,
GCF_001484065.1,166,193,238,DM_atp_c0,26,19,optimal,7.374999999999998,True,
GCF_001484565.1,161,189,324,DM_atp_c0,28,21,optimal,16.374999999999986,True,
GCF_001430865.1,136,128,100,DM_atp_c0,23,16,optimal,2.5,True,
GCF_001431725.1,169,190,256,DM_atp_c0,28,21,optimal,12.500000000000012,True,
GCF_001432245.1,157,179,165,DM_atp_c0,29,22,optimal,10.499999999999998,True,
GCF_001433715.1,163,179,170,DM_atp_c0,27,20,optimal,9.392857142857135,True,
GCF_001488575.1,137,144,140,DM_atp_c0,23,16,optimal,0.0,False,
GCF_001499615.1,163,186,183,DM_atp_c0,29,22,optimal,9.750000000000004,True,
GCF_001499655.1,131,128,108,DM_atp_c0,23,16,optimal,7.750000000000003,True,
GCF_001507645.1,146,145,136,DM_atp_c0,25,18,optimal,1.6500000000000026,True,
GCF_001484605.1,155,175,229,DM_atp_c0,27,20,optimal,10.607142857142849,True,
GCF_001484685.1,98,91,81,DM_atp_c0,21,14,optimal,1.0,True,
GCF_001484705.1,160,181,260,DM_atp_c0,28,21,optimal,16.374999999999957,True,
GCF_001484935.1,160,177,171,DM_atp_c0,28,21,optimal,8.000000000000004,True,
GCF_001315015.1,182,205,288,DM_atp_c0,26,19,optimal,14.432692307692282,True,
GCF_001318295.1,110,99,59,DM_atp_c0,20,13,optimal,0.0,False,
GCF_001318345.1,145,144,137,DM_atp_c0,26,19,optimal,5.624999999999998,True,
GCF_001399775.1,134,135,119,DM_atp_c0,21,14,optimal,0.16666666666666757,True,
GCF_001414055.1,153,157,171,DM_atp_c0,23,16,optimal,6.020833333333334,True,
GCF_001420855.1,163,190,203,DM_atp_c0,28,21,optimal,16.125000000000007,True,
GCF_001420915.1,161,171,168,DM_atp_c0,26,19,optimal,11.074999999999994,True,
GCF_001420975.1,162,184,325,DM_atp_c0,28,21,optimal,13.500000000000005,True,
GCF_001534665.1,113,99,50,DM_atp_c0,22,15,optimal,0.0,False,
GCF_001534765.1,143,157,131,DM_atp_c0,26,19,optimal,4.250000000000009,True,
GCF_001535545.1,132,129,91,DM_atp_c0,23,16,optimal,0.0,False,
GCF_001542565.1,156,183,202,DM_atp_c0,27,20,optimal,11.812499999999995,True,
GCF_001442755.1,158,180,189,DM_atp_c0,27,20,optimal,8.298076923076922,True,
GCF_001442785.1,156,169,178,DM_atp_c0,25,18,optimal,9.91666666666665,True,
GCF_001442805.1,158,174,171,DM_atp_c0,28,21,optimal,12.232142857142872,True,
GCF_001442815.2,146,168,135,DM_atp_c0,26,19,optimal,12.249999999999993,True,
GCF_001514455.1,175,205,275,DM_atp_c0,32,21,optimal,17.12499999999999,True,
GCF_001517405.1,171,198,207,DM_atp_c0,28,21,optimal,17.624999999999996,True,
GCF_001518795.1,124,119,91,DM_atp_c0,22,15,optimal,4.0,True,
GCF_001518815.1,165,190,215,DM_atp_c0,28,21,optimal,12.232142857142858,True,
GCF_001518835.1,172,206,272,DM_atp_c0,31,22,optimal,17.124999999999996,True,
GCF_001518995.2,150,159,153,DM_atp_c0,25,18,optimal,8.374999999999998,True,
GCF_001521855.1,133,132,120,DM_atp_c0,25,18,optimal,2.3750000000000004,True,
GCF_001523745.2,168,191,225,DM_atp_c0,28,21,optimal,12.875000000000007,True,
GCF_001543285.1,131,122,94,DM_atp_c0,22,15,optimal,3.999999999999999,True,
GCF_001543325.1,145,144,142,DM_atp_c0,22,15,optimal,4.839285714285712,True,
GCF_001543345.1,110,105,78,DM_atp_c0,23,16,optimal,3.0000000000000004,True,
GCF_001544015.1,149,157,198,DM_atp_c0,25,16,optimal,6.9999999999999964,True,
GCF_001545095.1,117,112,100,DM_atp_c0,21,14,optimal,3.0000000000000013,True,
GCF_001545155.1,164,183,217,DM_atp_c0,26,19,optimal,4.928571428571428,True,
GCF_001547735.1,145,137,131,DM_atp_c0,23,16,optimal,1.5000000000000013,True,
GCF_001547755.1,125,115,106,DM_atp_c0,23,16,optimal,3.874999999999999,True,
GCF_001548275.1,117,108,107,DM_atp_c0,22,15,optimal,3.3750000000000018,True,
GCF_001548375.1,140,138,160,DM_atp_c0,24,17,optimal,1.099999999999999,True,
GCF_001548395.1,139,138,121,DM_atp_c0,25,18,optimal,4.0,True,
GCF_001548435.1,148,145,169,DM_atp_c0,24,17,optimal,1.4249999999999987,True,
GCF_001548455.1,150,150,165,DM_atp_c0,24,17,optimal,6.806818181818173,True,
GCF_001548675.1,116,93,91,DM_atp_c0,21,14,optimal,0.0,False,
GCF_001551895.1,158,187,212,DM_atp_c0,25,18,optimal,5.855769230769236,True,
GCF_001553195.1,85,75,38,DM_atp_c0,21,14,optimal,0.0,False,
GCF_001548055.1,136,148,154,DM_atp_c0,31,20,optimal,7.9999999999999964,True,
GCF_001548075.1,160,172,200,DM_atp_c0,25,16,optimal,5.999999999999999,True,
GCF_001548095.1,138,143,124,DM_atp_c0,25,18,optimal,11.125000000000004,True,
GCF_001548115.1,136,133,117,DM_atp_c0,24,17,optimal,0.550000000000001,True,
GCF_001547895.1,169,196,243,DM_atp_c0,29,22,optimal,14.693181818181829,True,
GCF_001547975.1,83,69,29,DM_atp_c0,19,12,optimal,0.0,False,
GCF_001547995.1,148,155,143,DM_atp_c0,26,19,optimal,9.500000000000002,True,
GCF_001548015.1,178,198,272,DM_atp_c0,27,20,optimal,8.37499999999998,True,
GCF_001553545.1,128,126,78,DM_atp_c0,25,18,optimal,5.113636363636364,True,
GCF_001553565.1,142,157,140,DM_atp_c0,27,20,optimal,15.125,True,
GCF_001553605.1,148,152,173,DM_atp_c0,28,19,optimal,9.499999999999973,True,
GCF_001553625.1,140,142,138,DM_atp_c0,27,20,optimal,9.464285714285708,True,
GCF_001553645.1,115,101,68,DM_atp_c0,23,16,optimal,3.000000000000001,True,
GCF_001553895.1,162,185,174,DM_atp_c0,29,22,optimal,10.500000000000002,True,
GCF_001553915.1,118,118,85,DM_atp_c0,24,17,optimal,8.499999999999998,True,
GCF_001553935.1,145,147,133,DM_atp_c0,27,20,optimal,12.12500000000001,True,
GCF_001465275.1,152,164,179,DM_atp_c0,24,17,optimal,8.149122807017541,True,
GCF_001465295.1,154,161,160,DM_atp_c0,23,16,optimal,3.833333333333331,True,
GCF_001465545.3,161,182,239,DM_atp_c0,25,18,optimal,8.028846153846157,True,
GCF_001465835.2,140,152,151,DM_atp_c0,25,18,optimal,5.666666666666669,True,
GCF_001507665.1,143,140,115,DM_atp_c0,22,15,optimal,0.5000000000000017,True,
GCF_001509405.1,151,165,171,DM_atp_c0,27,20,optimal,9.749999999999998,True,
GCF_001511815.1,160,184,271,DM_atp_c0,28,21,optimal,18.125000000000004,True,
GCF_001511835.1,164,178,242,DM_atp_c0,29,20,optimal,11.66071428571429,True,
GCF_001553955.1,153,153,139,DM_atp_c0,25,18,optimal,7.203124999999998,True,
GCF_001554015.1,130,131,120,DM_atp_c0,26,19,optimal,7.375000000000002,True,
GCF_001557535.2,165,192,294,DM_atp_c0,28,21,optimal,11.275000000000002,True,
GCF_001558255.1,168,185,196,DM_atp_c0,30,21,optimal,10.999999999999996,True,
GCF_001543145.1,123,117,83,DM_atp_c0,25,18,optimal,3.9999999999999982,True,
GCF_001543175.1,138,137,93,DM_atp_c0,25,18,optimal,3.5000000000000018,True,
GCF_001543245.1,123,119,89,DM_atp_c0,23,16,optimal,3.999999999999999,True,
GCF_001543265.1,160,170,188,DM_atp_c0,26,19,optimal,4.124999999999999,True,
GCF_001513675.1,155,164,151,DM_atp_c0,26,19,optimal,10.499999999999996,True,
GCF_001513745.1,169,192,246,DM_atp_c0,28,21,optimal,12.874999999999996,True,
GCF_001514355.1,167,193,246,DM_atp_c0,30,21,optimal,13.437499999999986,True,
GCF_001514435.1,113,102,78,DM_atp_c0,22,15,optimal,2.0000000000000004,True,
GCF_001559235.2,179,216,284,DM_atp_c0,33,22,optimal,17.187499999999993,True,
GCF_001559255.2,176,210,262,DM_atp_c0,32,21,optimal,17.12499999999999,True,
GCF_001560915.1,104,87,61,DM_atp_c0,22,15,optimal,0.0,False,
GCF_001561955.1,125,115,100,DM_atp_c0,23,16,optimal,1.0,True,
GCF_001562255.1,164,183,205,DM_atp_c0,27,20,optimal,13.352272727272728,True,
GCF_001562275.1,152,151,152,DM_atp_c0,24,17,optimal,6.000000000000001,True,
GCF_001563225.1,141,145,201,DM_atp_c0,30,21,optimal,6.625000000000003,True,
GCF_001563245.1,117,93,89,DM_atp_c0,21,14,optimal,0.9999999999999998,True,
GCF_001558935.2,175,212,292,DM_atp_c0,31,22,optimal,17.1875,True,
GCF_001558975.1,150,158,147,DM_atp_c0,26,19,optimal,5.999999999999989,True,
GCF_001559015.1,159,178,226,DM_atp_c0,26,19,optimal,8.375000000000004,True,
GCF_001559115.1,155,182,156,DM_atp_c0,27,20,optimal,14.471153846153843,True,
GCF_001542625.1,160,185,306,DM_atp_c0,28,21,optimal,13.749999999999998,True,
GCF_001542775.1,148,155,146,DM_atp_c0,24,17,optimal,3.4999999999999987,True,
GCF_001542815.1,177,201,202,DM_atp_c0,28,21,optimal,10.125000000000002,True,
GCF_001543105.1,113,107,67,DM_atp_c0,24,17,optimal,0.9999999999999998,True,
GCF_001558255.2,170,186,206,DM_atp_c0,30,21,optimal,10.999999999999996,True,
GCF_001558415.1,172,202,241,DM_atp_c0,30,21,optimal,14.999999999999982,True,
GCF_001558415.2,172,202,242,DM_atp_c0,30,21,optimal,14.999999999999982,True,
GCF_001558435.2,176,206,276,DM_atp_c0,32,21,optimal,14.999999999999982,True,
GCF_001577755.1,136,130,127,DM_atp_c0,22,15,optimal,4.000000000000002,True,
GCF_001577775.1,91,82,73,DM_atp_c0,20,13,optimal,0.9999999999999999,True,
GCF_001578105.1,165,191,219,DM_atp_c0,25,18,optimal,11.352272727272743,True,
GCF_001578185.1,161,184,218,DM_atp_c0,28,21,optimal,11.374999999999998,True,
GCF_001563265.1,162,186,299,DM_atp_c0,26,19,optimal,11.897727272727279,True,
GCF_001563285.1,161,170,205,DM_atp_c0,26,19,optimal,10.76785714285714,True,
GCF_001564455.1,124,118,99,DM_atp_c0,24,17,optimal,4.000000000000002,True,
GCF_001572725.1,173,205,264,DM_atp_c0,31,22,optimal,17.12499999999999,True,
GCF_001577265.1,162,178,209,DM_atp_c0,26,19,optimal,12.187500000000005,True,
GCF_001577305.1,160,183,231,DM_atp_c0,28,21,optimal,10.874999999999998,True,
GCF_001577365.1,150,159,171,DM_atp_c0,24,17,optimal,6.499999999999997,True,
GCF_001577465.1,159,187,252,DM_atp_c0,28,21,optimal,5.6000000000000005,True,
GCF_001579945.1,155,158,193,DM_atp_c0,24,17,optimal,6.267857142857148,True,
GCF_001580405.1,164,190,251,DM_atp_c0,27,20,optimal,14.352272727272709,True,
GCF_001581975.1,164,181,169,DM_atp_c0,27,20,optimal,7.732142857142859,True,
GCF_001582075.1,177,210,270,DM_atp_c0,30,21,optimal,17.124999999999993,True,
GCF_001583415.1,158,177,246,DM_atp_c0,26,19,optimal,8.375000000000002,True,
GCF_001584185.1,161,181,184,DM_atp_c0,26,19,optimal,10.086538461538451,True,
GCF_001586155.1,167,202,302,DM_atp_c0,27,20,optimal,13.062499999999986,True,
GCF_001586165.1,174,207,253,DM_atp_c0,32,21,optimal,17.12499999999999,True,
GCF_001587175.1,111,104,83,DM_atp_c0,23,16,optimal,4.000000000000003,True,
GCF_001590605.1,156,165,177,DM_atp_c0,26,19,optimal,6.041666666666678,True,
GCF_001590685.1,159,178,188,DM_atp_c0,27,20,optimal,9.812499999999995,True,
GCF_001592395.1,163,180,175,DM_atp_c0,28,21,optimal,9.375000000000004,True,
GCF_001586195.1,138,146,174,DM_atp_c0,23,16,optimal,4.124999999999995,True,
GCF_001586215.1,155,158,127,DM_atp_c0,28,21,optimal,4.749999999999992,True,
GCF_001586255.1,159,172,194,DM_atp_c0,26,17,optimal,3.666666666666658,True,
GCF_001586275.1,154,167,184,DM_atp_c0,25,18,optimal,8.240384615384608,True,
GCF_001592435.1,97,88,77,DM_atp_c0,21,14,optimal,0.9999999999999999,True,
GCF_001593245.1,166,187,224,DM_atp_c0,28,19,optimal,14.937500000000007,True,
GCF_001593285.1,154,163,170,DM_atp_c0,26,19,optimal,7.125000000000002,True,
GCF_001593305.1,154,163,174,DM_atp_c0,26,19,optimal,7.125000000000002,True,
GCF_001610975.1,150,165,186,DM_atp_c0,24,17,optimal,6.187500000000002,True,
GCF_001611135.1,108,103,76,DM_atp_c0,22,15,optimal,1.0000000000000002,True,
GCF_001611275.1,162,163,194,DM_atp_c0,26,19,optimal,8.375,True,
GCF_001611795.1,161,179,289,DM_atp_c0,27,20,optimal,14.352272727272702,True,
GCF_001610855.1,165,165,186,DM_atp_c0,26,19,optimal,9.593749999999998,True,
GCF_001610875.1,154,161,137,DM_atp_c0,26,19,optimal,10.096153846153847,True,
GCF_001610895.1,154,165,167,DM_atp_c0,26,19,optimal,12.593749999999998,True,
GCF_001610955.1,157,180,182,DM_atp_c0,27,20,optimal,13.125000000000007,True,
GCF_001596135.1,147,150,186,DM_atp_c0,25,18,optimal,8.109375000000002,True,
GCF_001596155.1,154,153,179,DM_atp_c0,24,17,optimal,4.062500000000003,True,
GCF_001597285.1,157,177,183,DM_atp_c0,26,19,optimal,8.374999999999998,True,
GCF_001605015.1,165,196,267,DM_atp_c0,26,19,optimal,12.296875000000002,True,
GCF_001611975.1,151,150,128,DM_atp_c0,24,17,optimal,8.749999999999995,True,
GCF_001612555.1,152,154,147,DM_atp_c0,25,18,optimal,7.375000000000004,True,
GCF_001612705.1,166,193,229,DM_atp_c0,29,22,optimal,11.341666666666658,True,
GCF_001617605.1,147,151,131,DM_atp_c0,24,17,optimal,4.000000000000005,True,
GCF_001562115.1,163,179,173,DM_atp_c0,27,20,optimal,9.392857142857135,True,
GCF_001562125.1,163,179,173,DM_atp_c0,27,20,optimal,9.392857142857135,True,
GCF_001562195.1,163,179,171,DM_atp_c0,27,20,optimal,9.392857142857135,True,
GCF_001562215.1,159,168,181,DM_atp_c0,25,18,optimal,7.562499999999992,True,
GCF_001558475.2,167,189,203,DM_atp_c0,30,21,optimal,11.500000000000007,True,
GCF_001558735.2,172,201,220,DM_atp_c0,29,22,optimal,17.624999999999993,True,
GCF_001558875.2,135,139,157,DM_atp_c0,24,17,optimal,7.9999999999999964,True,
GCF_001558935.1,175,211,284,DM_atp_c0,31,22,optimal,17.1875,True,
GCF_001620005.1,160,183,228,DM_atp_c0,27,20,optimal,14.352272727272723,True,
GCF_001620025.1,160,181,182,DM_atp_c0,27,20,optimal,14.352272727272732,True,
GCF_001620265.1,163,176,229,DM_atp_c0,26,19,optimal,4.517857142857147,True,
GCF_001620305.1,163,186,227,DM_atp_c0,27,20,optimal,14.35227272727272,True,
GCF_001578205.1,164,182,164,DM_atp_c0,28,21,optimal,10.499999999999977,True,
GCF_001579805.1,166,190,224,DM_atp_c0,29,22,optimal,9.875000000000004,True,
GCF_001579845.1,156,181,243,DM_atp_c0,27,18,optimal,7.732142857142857,True,
GCF_001579905.1,163,184,228,DM_atp_c0,25,18,optimal,7.375,True,
GCF_001620335.1,165,181,177,DM_atp_c0,25,18,optimal,10.250000000000002,True,
GCF_001623605.1,171,203,247,DM_atp_c0,31,22,optimal,15.874999999999993,True,
GCF_001628715.1,147,165,154,DM_atp_c0,27,20,optimal,8.714285714285717,True,
GCF_001628815.1,123,116,115,DM_atp_c0,21,14,optimal,1.5000000000000002,True,
GCF_001641005.1,143,148,111,DM_atp_c0,24,17,optimal,7.750000000000018,True,
GCF_001641285.1,161,168,183,DM_atp_c0,23,16,optimal,7.750000000000001,True,
GCF_001642085.1,112,104,94,DM_atp_c0,21,14,optimal,3.5000000000000013,True,
GCF_001642655.1,136,132,117,DM_atp_c0,25,18,optimal,7.749999999999996,True,
GCF_001629705.1,151,161,163,DM_atp_c0,25,18,optimal,5.749999999999995,True,
GCF_001632775.1,156,158,161,DM_atp_c0,26,19,optimal,6.375000000000002,True,
GCF_001632805.1,157,177,210,DM_atp_c0,27,20,optimal,9.71590909090909,True,
GCF_001632845.1,149,150,169,DM_atp_c0,23,16,optimal,5.000000000000002,True,
GCF_001636015.1,155,155,126,DM_atp_c0,27,20,optimal,7.125,True,
GCF_001636295.1,155,172,164,DM_atp_c0,26,19,optimal,14.68749999999999,True,
GCF_001636925.1,154,151,143,DM_atp_c0,25,18,optimal,5.062500000000002,True,
GCF_001638925.1,155,175,166,DM_atp_c0,27,20,optimal,8.441666666666665,True,
GCF_001634265.1,157,176,178,DM_atp_c0,26,19,optimal,7.9999999999999964,True,
GCF_001634285.1,159,178,167,DM_atp_c0,28,21,optimal,10.000000000000012,True,
GCF_001634305.1,157,176,177,DM_atp_c0,26,19,optimal,7.9999999999999964,True,
GCF_001634365.1,174,203,310,DM_atp_c0,32,21,optimal,14.812499999999996,True,
GCF_001644565.1,141,148,118,DM_atp_c0,21,14,optimal,0.4999999999999993,True,
GCF_001644605.1,152,166,155,DM_atp_c0,25,18,optimal,8.49166666666667,True,
GCF_001644645.1,153,153,171,DM_atp_c0,24,17,optimal,6.000000000000007,True,
GCF_001644685.1,155,164,173,DM_atp_c0,26,19,optimal,10.013888888888888,True,
GCF_001593605.1,152,150,129,DM_atp_c0,23,16,optimal,4.624999999999999,True,
GCF_001594265.1,152,163,124,DM_atp_c0,31,20,optimal,9.5,True,
GCF_001596075.2,174,208,294,DM_atp_c0,31,22,optimal,17.12499999999999,True,
GCF_001596115.1,180,212,274,DM_atp_c0,32,21,optimal,17.125,True,
GCF_001648155.1,150,157,157,DM_atp_c0,26,19,optimal,7.749999999999992,True,
GCF_001648175.1,171,194,202,DM_atp_c0,28,21,optimal,11.274999999999999,True,
GCF_001651805.1,168,193,262,DM_atp_c0,26,19,optimal,12.01785714285716,True,
GCF_001652465.1,147,152,126,DM_atp_c0,24,17,optimal,3.5,True,
GCF_001605965.1,170,195,241,DM_atp_c0,29,22,optimal,10.874999999999995,True,
GCF_001606005.1,152,168,174,DM_atp_c0,29,22,optimal,7.750000000000003,True,
GCF_001606025.1,157,165,170,DM_atp_c0,26,19,optimal,7.590909090909093,True,
GCF_001610835.1,167,165,180,DM_atp_c0,25,18,optimal,12.037500000000007,True,
GCF_001653755.1,140,134,111,DM_atp_c0,22,15,optimal,0.0,False,
GCF_001653795.1,157,165,179,DM_atp_c0,25,18,optimal,6.187500000000006,True,
GCF_001653935.1,173,200,236,DM_atp_c0,27,20,optimal,11.500000000000009,True,
GCF_001654455.1,159,170,167,DM_atp_c0,26,19,optimal,9.589285714285722,True,
GCF_001652485.1,167,192,208,DM_atp_c0,28,21,optimal,7.874999999999997,True,
GCF_001652505.2,174,207,266,DM_atp_c0,31,22,optimal,17.124999999999996,True,
GCF_001652565.1,167,195,283,DM_atp_c0,25,18,optimal,7.375000000000002,True,
GCF_001653335.1,157,166,215,DM_atp_c0,26,19,optimal,7.625000000000006,True,
GCF_001659705.1,133,130,124,DM_atp_c0,22,15,optimal,6.000000000000002,True,
GCF_001659785.1,160,175,180,DM_atp_c0,27,20,optimal,9.392857142857139,True,
GCF_001660045.1,160,187,262,DM_atp_c0,28,21,optimal,14.437500000000007,True,
GCF_001660485.1,158,176,166,DM_atp_c0,26,19,optimal,10.556818181818183,True,
GCF_001663815.1,136,138,124,DM_atp_c0,24,17,optimal,4.791666666666669,True,
GCF_001663835.1,121,121,87,DM_atp_c0,23,16,optimal,3.9999999999999982,True,
GCF_001664085.1,160,187,246,DM_atp_c0,25,18,optimal,9.038461538461544,True,
GCF_001664105.1,160,186,244,DM_atp_c0,25,18,optimal,5.855769230769238,True,
GCF_001661075.1,169,204,296,DM_atp_c0,29,22,optimal,14.812500000000004,True,
GCF_001661675.2,157,179,186,DM_atp_c0,27,20,optimal,11.125000000000014,True,
GCF_001663175.1,148,156,151,DM_atp_c0,23,16,optimal,5.2499999999999964,True,
GCF_001663655.1,123,131,105,DM_atp_c0,23,16,optimal,7.9999999999999964,True,
GCF_001664145.1,160,186,241,DM_atp_c0,25,18,optimal,9.038461538461542,True,
GCF_001664265.1,160,187,246,DM_atp_c0,25,18,optimal,9.038461538461544,True,
GCF_001672455.2,177,195,246,DM_atp_c0,26,19,optimal,9.038461538461531,True,
GCF_001676705.1,163,184,247,DM_atp_c0,26,19,optimal,12.147727272727272,True,
GCF_001642935.1,154,168,175,DM_atp_c0,25,18,optimal,7.874999999999997,True,
GCF_001643015.1,143,154,129,DM_atp_c0,26,19,optimal,7.749999999999997,True,
GCF_001643775.1,120,114,117,DM_atp_c0,27,18,optimal,4.999999999999999,True,
GCF_001643955.1,123,120,102,DM_atp_c0,25,18,optimal,3.1250000000000004,True,
GCF_001677275.1,169,194,215,DM_atp_c0,31,20,optimal,12.999999999999995,True,
GCF_001677435.1,157,158,168,DM_atp_c0,23,16,optimal,5.0,True,
GCF_001678905.1,136,149,105,DM_atp_c0,26,19,optimal,13.500000000000004,True,
GCF_001679665.1,156,159,169,DM_atp_c0,25,18,optimal,5.375,True,
GCF_001617625.1,156,172,180,DM_atp_c0,26,19,optimal,9.37500000000001,True,
GCF_001618685.1,161,183,191,DM_atp_c0,28,21,optimal,13.124999999999993,True,
GCF_001618865.1,167,183,196,DM_atp_c0,29,22,optimal,17.724999999999984,True,
GCF_001618885.1,153,179,149,DM_atp_c0,27,20,optimal,14.471153846153829,True,
GCF_001679725.1,157,177,187,DM_atp_c0,27,20,optimal,13.250000000000009,True,
GCF_001682135.1,111,101,92,DM_atp_c0,21,14,optimal,0.0,False,
GCF_001682195.2,161,165,175,DM_atp_c0,24,17,optimal,5.833333333333331,True,
GCF_001682295.1,163,187,327,DM_atp_c0,28,21,optimal,14.693181818181822,True,
GCF_001687065.1,126,117,114,DM_atp_c0,22,15,optimal,3.750000000000001,True,
GCF_001687105.1,164,181,236,DM_atp_c0,25,18,optimal,5.855769230769232,True,
GCF_001687475.2,136,136,115,DM_atp_c0,27,20,optimal,6.125000000000003,True,
GCF_001687545.1,143,147,133,DM_atp_c0,24,17,optimal,1.6250000000000002,True,
GCF_001688665.2,144,144,195,DM_atp_c0,26,19,optimal,4.0,True,
GCF_001688705.2,124,115,110,DM_atp_c0,24,17,optimal,2.500000000000001,True,
GCF_001688725.2,127,122,117,DM_atp_c0,23,16,optimal,5.624999999999998,True,
GCF_001688845.2,122,117,101,DM_atp_c0,23,16,optimal,6.749999999999999,True,
GCF_001682385.1,167,177,217,DM_atp_c0,29,20,optimal,8.37500000000001,True,
GCF_001683055.1,141,155,132,DM_atp_c0,26,19,optimal,7.749999999999941,True,
GCF_001685355.1,166,189,310,DM_atp_c0,28,21,optimal,16.37500000000001,True,
GCF_001685395.1,157,169,151,DM_atp_c0,25,18,optimal,5.583333333333335,True,
GCF_001687565.2,151,163,166,DM_atp_c0,27,20,optimal,6.583333333333334,True,
GCF_001687665.2,141,152,143,DM_atp_c0,25,18,optimal,5.666666666666665,True,
GCF_001688625.1,143,140,163,DM_atp_c0,22,15,optimal,1.0,True,
GCF_001688625.2,143,140,165,DM_atp_c0,22,15,optimal,1.0,True,
GCF_001688905.2,126,134,126,DM_atp_c0,31,20,optimal,5.750000000000002,True,
GCF_001688965.2,129,123,183,DM_atp_c0,23,16,optimal,2.9999999999999964,True,
GCF_001689125.2,128,129,171,DM_atp_c0,23,16,optimal,2.9999999999999987,True,
GCF_001691455.1,159,187,217,DM_atp_c0,24,17,optimal,7.375000000000005,True,
GCF_001693255.1,137,133,119,DM_atp_c0,25,18,optimal,2.425,True,
GCF_001693335.1,118,109,92,DM_atp_c0,25,18,optimal,2.1249999999999996,True,
GCF_001693385.1,167,200,292,DM_atp_c0,24,17,optimal,8.708333333333336,True,
GCF_001693675.1,153,162,224,DM_atp_c0,24,17,optimal,8.374999999999996,True,
GCF_001654495.1,158,179,254,DM_atp_c0,27,20,optimal,11.375000000000012,True,
GCF_001655245.1,161,189,285,DM_atp_c0,28,21,optimal,13.437499999999995,True,
GCF_001658005.1,152,166,179,DM_atp_c0,26,19,optimal,10.874999999999998,True,
GCF_001658025.1,181,213,275,DM_atp_c0,30,21,optimal,14.437500000000009,True,
GCF_001700965.1,159,168,183,DM_atp_c0,25,18,optimal,7.562499999999992,True,
GCF_001701025.1,157,174,250,DM_atp_c0,26,19,optimal,8.875000000000005,True,
GCF_001701045.1,138,128,168,DM_atp_c0,23,16,optimal,0.0,False,
GCF_001702135.1,109,107,76,DM_atp_c0,22,15,optimal,4.5,True,
GCF_001644705.1,171,195,230,DM_atp_c0,27,20,optimal,17.124999999999993,True,
GCF_001645685.2,160,183,220,DM_atp_c0,27,20,optimal,8.249999999999993,True,
GCF_001647085.1,89,79,76,DM_atp_c0,21,14,optimal,0.9999999999999997,True,
GCF_001647715.1,166,194,219,DM_atp_c0,28,21,optimal,14.437499999999984,True,
GCF_001715535.1,105,100,64,DM_atp_c0,23,16,optimal,3.0000000000000004,True,
GCF_001717505.1,90,80,39,DM_atp_c0,21,14,optimal,0.0,False,
GCF_001717525.1,126,120,87,DM_atp_c0,24,17,optimal,0.9999999999999996,True,
GCF_001717545.1,123,113,91,DM_atp_c0,21,14,optimal,0.9999999999999998,True,
GCF_001704275.1,159,186,264,DM_atp_c0,28,21,optimal,14.693181818181822,True,
GCF_001704295.1,162,179,235,DM_atp_c0,25,18,optimal,12.14772727272727,True,
GCF_001704615.3,148,160,153,DM_atp_c0,24,17,optimal,5.500000000000001,True,
GCF_001705175.1,156,166,167,DM_atp_c0,27,20,optimal,8.375,True,
GCF_001708505.1,164,188,262,DM_atp_c0,29,20,optimal,11.125000000000004,True,
GCF_001709315.1,173,204,231,DM_atp_c0,29,22,optimal,17.125000000000018,True,
GCF_001712875.1,80,65,21,DM_atp_c0,19,12,optimal,0.0,False,
GCF_001713355.1,171,186,202,DM_atp_c0,26,19,optimal,12.465909090909088,True,
GCF_001713375.1,161,177,228,DM_atp_c0,26,19,optimal,8.028846153846164,True,
GCF_001713395.1,163,186,237,DM_atp_c0,24,17,optimal,5.85576923076923,True,
GCF_001713415.1,158,160,190,DM_atp_c0,26,19,optimal,10.053571428571425,True,
GCF_001713435.1,163,181,222,DM_atp_c0,26,19,optimal,11.01785714285715,True,
GCF_001713455.1,164,185,206,DM_atp_c0,27,20,optimal,13.352272727272743,True,
GCF_001713475.1,165,185,210,DM_atp_c0,25,18,optimal,7.375000000000002,True,
GCF_001714725.1,159,176,195,DM_atp_c0,26,19,optimal,8.375000000000016,True,
GCF_001715385.1,158,182,179,DM_atp_c0,25,18,optimal,8.041666666666666,True,
GCF_001676725.1,161,180,248,DM_atp_c0,26,19,optimal,12.14772727272727,True,
GCF_001676765.1,169,192,270,DM_atp_c0,26,19,optimal,9.038461538461542,True,
GCF_001676785.2,125,120,106,DM_atp_c0,23,16,optimal,4.000000000000001,True,
GCF_001677135.1,158,177,234,DM_atp_c0,27,20,optimal,9.58928571428572,True,
GCF_001717565.1,139,155,174,DM_atp_c0,28,19,optimal,8.826388888888895,True,
GCF_001717585.1,132,135,127,DM_atp_c0,27,20,optimal,7.375000000000003,True,
GCF_001717955.1,161,186,248,DM_atp_c0,26,19,optimal,12.147727272727272,True,
GCF_001718315.1,171,197,251,DM_atp_c0,28,21,optimal,12.232142857142863,True,
GCF_001718795.1,171,194,240,DM_atp_c0,28,21,optimal,12.232142857142861,True,
GCF_001718955.1,173,200,260,DM_atp_c0,30,21,optimal,12.875000000000004,True,
GCF_001719125.1,136,129,124,DM_atp_c0,23,16,optimal,0.0,False,
GCF_001719165.1,150,156,164,DM_atp_c0,23,16,optimal,5.250000000000006,True,
GCF_001685415.1,149,159,188,DM_atp_c0,25,18,optimal,7.500000000000003,True,
GCF_001685435.2,148,163,144,DM_atp_c0,26,19,optimal,7.2500000000000036,True,
GCF_001685465.1,169,193,212,DM_atp_c0,31,20,optimal,14.000000000000002,True,
GCF_001686985.1,171,195,257,DM_atp_c0,26,19,optimal,12.147727272727275,True,
GCF_001719185.1,165,184,178,DM_atp_c0,29,22,optimal,10.500000000000009,True,
GCF_001720465.1,147,153,147,DM_atp_c0,23,16,optimal,6.166666666666659,True,
GCF_001720485.1,164,187,200,DM_atp_c0,28,21,optimal,9.875000000000005,True,
GCF_001721185.1,160,173,167,DM_atp_c0,26,17,optimal,9.999999999999995,True,
GCF_001721645.1,155,165,169,DM_atp_c0,27,20,optimal,7.916666666666668,True,
GCF_001721685.1,158,189,211,DM_atp_c0,31,22,optimal,15.125000000000014,True,
GCF_001723605.1,142,155,188,DM_atp_c0,31,20,optimal,4.999999999999999,True,
GCF_001729245.1,139,135,155,DM_atp_c0,25,18,optimal,8.625000000000002,True,
GCF_001729805.1,174,208,259,DM_atp_c0,31,22,optimal,17.12499999999999,True,
GCF_001735715.1,125,115,85,DM_atp_c0,22,15,optimal,0.0,False,
GCF_001735745.1,129,120,98,DM_atp_c0,23,16,optimal,0.0,False,
GCF_001735765.2,124,126,100,DM_atp_c0,24,17,optimal,4.0,True,
GCF_001702175.1,139,145,143,DM_atp_c0,26,19,optimal,7.499999999999995,True,
GCF_001703555.1,127,129,104,DM_atp_c0,24,17,optimal,7.999999999999993,True,
GCF_001704115.1,149,156,155,DM_atp_c0,24,17,optimal,5.500000000000003,True,
GCF_001704155.1,152,162,151,DM_atp_c0,24,17,optimal,6.166666666666676,True,
GCF_001698145.1,112,113,85,DM_atp_c0,24,17,optimal,4.500000000000002,True,
GCF_001698185.1,161,180,223,DM_atp_c0,26,19,optimal,12.0234375,True,
GCF_001698205.1,149,159,156,DM_atp_c0,23,16,optimal,6.166666666666671,True,
GCF_001698225.1,158,184,300,DM_atp_c0,26,19,optimal,12.017857142857146,True,
GCF_001696605.3,156,169,159,DM_atp_c0,27,20,optimal,7.999999999999998,True,
GCF_001697185.1,150,152,111,DM_atp_c0,25,18,optimal,5.749999999999995,True,
GCF_001697225.1,158,164,175,DM_atp_c0,24,17,optimal,6.267857142857144,True,
GCF_001698125.1,162,183,231,DM_atp_c0,29,22,optimal,12.341666666666669,True,
GCF_001705565.1,149,150,141,DM_atp_c0,24,17,optimal,7.000000000000014,True,
GCF_001708405.1,144,136,129,DM_atp_c0,22,15,optimal,3.8124999999999956,True,
GCF_001708425.1,168,194,240,DM_atp_c0,28,21,optimal,13.352272727272728,True,
GCF_001708485.1,166,189,215,DM_atp_c0,29,22,optimal,11.34166666666665,True,
GCF_001735805.1,159,184,289,DM_atp_c0,27,20,optimal,14.35227272727272,True,
GCF_001741865.1,169,194,235,DM_atp_c0,27,20,optimal,7.375000000000004,True,
GCF_001742145.1,176,205,247,DM_atp_c0,28,21,optimal,17.124999999999996,True,
GCF_001742165.1,170,200,278,DM_atp_c0,28,21,optimal,14.812500000000005,True,
GCF_001747425.1,159,176,196,DM_atp_c0,28,21,optimal,10.096153846153845,True,
GCF_001750105.1,154,163,191,DM_atp_c0,23,16,optimal,6.249999999999996,True,
GCF_001750115.1,155,163,137,DM_atp_c0,25,18,optimal,7.999999999999985,True,
GCF_001750145.1,162,183,209,DM_atp_c0,28,21,optimal,11.812500000000009,True,
GCF_001750165.1,154,155,165,DM_atp_c0,22,15,optimal,3.5000000000000004,True,
GCF_001750685.1,161,162,237,DM_atp_c0,26,19,optimal,5.249999999999997,True,
GCF_001750725.1,174,208,267,DM_atp_c0,31,22,optimal,17.12499999999999,True,
GCF_001750785.1,154,173,215,DM_atp_c0,27,20,optimal,14.352272727272556,True,
GCF_001761465.1,150,157,158,DM_atp_c0,26,19,optimal,8.375000000000004,True,
GCF_001761545.1,116,113,87,DM_atp_c0,24,17,optimal,5.000000000000005,True,
GCF_001766235.1,146,162,149,DM_atp_c0,27,20,optimal,9.017857142857144,True,
GCF_001767235.1,147,150,175,DM_atp_c0,26,19,optimal,7.125,True,
GCF_001767275.1,116,116,102,DM_atp_c0,23,16,optimal,3.4999999999999996,True,
GCF_001767295.1,160,169,166,DM_atp_c0,25,18,optimal,4.749999999999996,True,
GCF_001767315.1,119,122,91,DM_atp_c0,25,14,optimal,0.0,False,
GCF_001767395.1,164,185,202,DM_atp_c0,27,20,optimal,14.352272727272723,True,
GCF_001787335.1,149,159,156,DM_atp_c0,25,18,optimal,7.250000000000002,True,
GCF_001792795.1,105,98,65,DM_atp_c0,22,15,optimal,4.0,True,
GCF_001792815.1,155,168,142,DM_atp_c0,27,20,optimal,10.607142857142856,True,
GCF_001806305.1,151,167,169,DM_atp_c0,25,18,optimal,6.50000000000001,True,
GCF_001761345.1,148,160,176,DM_atp_c0,24,17,optimal,7.499999999999999,True,
GCF_001761365.1,152,161,131,DM_atp_c0,27,20,optimal,6.964285714285719,True,
GCF_001761385.1,164,182,234,DM_atp_c0,26,19,optimal,11.017857142857167,True,
GCF_001761405.1,161,187,226,DM_atp_c0,31,20,optimal,12.625,True,
GCF_001806325.1,148,156,145,DM_atp_c0,25,18,optimal,7.583333333333329,True,
GCF_001808185.1,159,172,177,DM_atp_c0,25,18,optimal,12.437500000000005,True,
GCF_001854065.1,152,158,153,DM_atp_c0,25,18,optimal,7.203125000000002,True,
GCF_001854125.1,167,183,189,DM_atp_c0,26,19,optimal,8.499999999999991,True,
GCF_001854185.1,147,152,175,DM_atp_c0,27,20,optimal,4.500000000000002,True,
GCF_001854225.1,122,127,81,DM_atp_c0,23,16,optimal,2.5000000000000004,True,
GCF_001854245.1,157,162,235,DM_atp_c0,27,20,optimal,4.9583333333333375,True,
GCF_001854285.1,172,194,314,DM_atp_c0,27,20,optimal,11.125000000000007,True,
GCF_001856665.1,165,178,195,DM_atp_c0,28,19,optimal,8.097222222222227,True,
GCF_001856685.1,125,121,92,DM_atp_c0,25,18,optimal,7.125000000000001,True,
GCF_001857925.1,161,180,161,DM_atp_c0,28,21,optimal,10.500000000000005,True,
GCF_001857945.1,153,164,165,DM_atp_c0,25,18,optimal,7.238636363636361,True,
GCF_001857965.1,153,157,148,DM_atp_c0,25,18,optimal,5.687499999999999,True,
GCF_001858005.1,129,118,111,DM_atp_c0,24,17,optimal,1.0,True,
GCF_001865575.1,173,196,292,DM_atp_c0,27,20,optimal,13.437499999999996,True,
GCF_001865655.1,157,170,142,DM_atp_c0,26,19,optimal,6.964285714285715,True,
GCF_001718335.1,172,198,250,DM_atp_c0,28,21,optimal,12.23214285714287,True,
GCF_001718415.1,171,198,285,DM_atp_c0,28,21,optimal,12.232142857142863,True,
GCF_001718535.1,170,198,250,DM_atp_c0,28,21,optimal,12.875000000000007,True,
GCF_001718555.1,168,194,245,DM_atp_c0,28,21,optimal,12.232142857142875,True,
GCF_001854305.1,171,194,335,DM_atp_c0,27,20,optimal,11.125000000000007,True,
GCF_001854325.1,170,193,303,DM_atp_c0,27,20,optimal,11.125000000000007,True,
GCF_001854365.1,160,184,203,DM_atp_c0,28,21,optimal,11.81249999999999,True,
GCF_001855275.1,170,184,203,DM_atp_c0,27,20,optimal,13.937500000000004,True,
GCF_001878675.1,152,174,174,DM_atp_c0,27,20,optimal,13.249999999999998,True,
GCF_001879645.1,136,141,121,DM_atp_c0,23,16,optimal,5.875000000000005,True,
GCF_001880225.1,139,142,116,DM_atp_c0,24,17,optimal,6.000000000000003,True,
GCF_001880285.1,150,146,110,DM_atp_c0,26,19,optimal,6.0,True,
GCF_001729485.1,159,183,260,DM_atp_c0,27,20,optimal,14.693181818181802,True,
GCF_001729525.1,149,163,170,DM_atp_c0,27,20,optimal,4.5,True,
GCF_001729765.1,172,205,256,DM_atp_c0,31,22,optimal,17.124999999999996,True,
GCF_001729785.1,174,208,265,DM_atp_c0,31,22,optimal,17.12499999999999,True,
GCF_001880325.1,141,149,121,DM_atp_c0,24,17,optimal,1.1666666666666665,True,
GCF_001885235.1,139,142,123,DM_atp_c0,24,17,optimal,5.416666666666668,True,
GCF_001886495.1,105,98,65,DM_atp_c0,22,15,optimal,4.0,True,
GCF_001886615.1,164,180,205,DM_atp_c0,26,19,optimal,5.749999999999999,True,
GCF_001742185.1,176,201,237,DM_atp_c0,28,21,optimal,14.803571428571406,True,
GCF_001742225.1,164,186,281,DM_atp_c0,26,19,optimal,11.017857142857117,True,
GCF_001746835.1,138,139,136,DM_atp_c0,26,19,optimal,6.784090909090909,True,
GCF_001747405.1,136,135,143,DM_atp_c0,23,16,optimal,8.0625,True,
GCF_001886815.1,154,160,177,DM_atp_c0,25,18,optimal,10.875,True,
GCF_001886855.1,98,88,48,DM_atp_c0,21,14,optimal,2.4999999999999996,True,
GCF_001886955.1,119,122,97,DM_atp_c0,25,14,optimal,0.0,False,
GCF_001887245.1,147,151,116,DM_atp_c0,24,17,optimal,3.7499999999999996,True,
GCF_001753185.1,177,215,332,DM_atp_c0,31,22,optimal,17.124999999999996,True,
GCF_001753225.1,169,194,247,DM_atp_c0,28,21,optimal,12.5,True,
GCF_001753245.1,159,162,181,DM_atp_c0,25,18,optimal,6.0625000000000036,True,
GCF_001761325.1,152,163,129,DM_atp_c0,26,19,optimal,6.964285714285722,True,
GCF_001887775.1,143,143,141,DM_atp_c0,26,19,optimal,11.799999999999995,True,
GCF_001888165.1,145,135,152,DM_atp_c0,24,17,optimal,2.1071428571428594,True,
GCF_001888185.1,154,168,189,DM_atp_c0,24,17,optimal,5.437500000000004,True,
GCF_001888205.1,164,193,222,DM_atp_c0,29,20,optimal,12.624999999999993,True,
GCF_001889005.1,135,128,104,DM_atp_c0,22,15,optimal,2.833333333333334,True,
GCF_001889025.1,153,164,150,DM_atp_c0,25,18,optimal,7.240384615384619,True,
GCF_001889045.1,141,143,112,DM_atp_c0,22,15,optimal,3.8124999999999996,True,
GCF_001889105.1,162,189,273,DM_atp_c0,25,18,optimal,7.375000000000008,True,
GCF_001889125.1,145,150,176,DM_atp_c0,24,17,optimal,4.958333333333336,True,
GCF_001889165.1,156,168,162,DM_atp_c0,24,17,optimal,4.250000000000001,True,
GCF_001889265.1,154,169,163,DM_atp_c0,27,20,optimal,10.607142857142836,True,
GCF_001889405.1,112,98,99,DM_atp_c0,21,14,optimal,0.0,False,
GCF_001936235.1,118,120,79,DM_atp_c0,25,18,optimal,5.500000000000005,True,
GCF_001936255.1,92,80,37,DM_atp_c0,21,14,optimal,0.0,False,
GCF_001936295.1,96,87,38,DM_atp_c0,22,15,optimal,0.0,False,
GCF_001936335.1,113,107,72,DM_atp_c0,23,16,optimal,3.0000000000000018,True,
GCF_001889605.1,158,174,233,DM_atp_c0,23,16,optimal,5.4374999999999964,True,
GCF_001890385.1,148,156,188,DM_atp_c0,23,16,optimal,4.312499999999998,True,
GCF_001891125.1,118,113,95,DM_atp_c0,24,17,optimal,4.5,True,
GCF_001895265.1,138,141,123,DM_atp_c0,24,17,optimal,6.000000000000003,True,
GCF_001900245.1,93,88,48,DM_atp_c0,21,14,optimal,3.0,True,
GCF_001902315.1,152,170,160,DM_atp_c0,27,20,optimal,6.25,True,
GCF_001908275.1,162,175,189,DM_atp_c0,26,19,optimal,8.329545454545457,True,
GCF_001908725.1,157,174,166,DM_atp_c0,27,20,optimal,9.086538461538462,True,
GCF_001922385.1,158,180,208,DM_atp_c0,25,18,optimal,11.017857142857148,True,
GCF_001922545.1,96,87,39,DM_atp_c0,22,15,optimal,0.0,False,
GCF_001931535.1,156,175,240,DM_atp_c0,26,19,optimal,8.153846153846157,True,
GCF_001931755.1,104,90,72,DM_atp_c0,19,12,optimal,0.0,False,
GCF_001895285.1,129,130,135,DM_atp_c0,24,17,optimal,4.5,True,
GCF_001895305.1,162,184,220,DM_atp_c0,30,21,optimal,10.125,True,
GCF_001895885.1,161,180,165,DM_atp_c0,28,21,optimal,10.500000000000005,True,
GCF_001895965.1,174,195,237,DM_atp_c0,29,20,optimal,14.937500000000007,True,
GCF_001932555.1,159,174,160,DM_atp_c0,27,20,optimal,8.017857142857144,True,
GCF_001932615.1,126,123,101,DM_atp_c0,24,17,optimal,4.500000000000001,True,
GCF_001932675.1,152,160,144,DM_atp_c0,27,20,optimal,6.964285714285728,True,
GCF_001936175.1,176,198,226,DM_atp_c0,28,21,optimal,14.187500000000016,True,
GCF_001865675.1,162,187,210,DM_atp_c0,27,20,optimal,8.375000000000004,True,
GCF_001865835.1,147,143,142,DM_atp_c0,25,18,optimal,4.062499999999999,True,
GCF_001865855.1,161,185,285,DM_atp_c0,27,20,optimal,16.374999999999996,True,
GCF_001870205.1,132,129,109,DM_atp_c0,25,18,optimal,6.500000000000001,True,
GCF_001908775.1,160,173,163,DM_atp_c0,28,21,optimal,9.624999999999998,True,
GCF_001908835.1,157,170,191,DM_atp_c0,25,18,optimal,7.375000000000002,True,
GCF_001908855.1,157,174,172,DM_atp_c0,27,20,optimal,9.086538461538462,True,
GCF_001913135.1,166,193,224,DM_atp_c0,28,21,optimal,9.62499999999998,True,
GCF_001913155.1,155,158,132,DM_atp_c0,24,17,optimal,4.25,True,
GCF_001922025.1,123,122,122,DM_atp_c0,24,17,optimal,4.999999999999992,True,
GCF_001922305.1,161,174,226,DM_atp_c0,30,19,optimal,7.374999999999997,True,
GCF_001922345.1,176,194,277,DM_atp_c0,28,21,optimal,13.352272727272728,True,
GCF_001870665.2,156,169,207,DM_atp_c0,25,18,optimal,5.791666666666671,True,
GCF_001874505.1,174,208,266,DM_atp_c0,31,22,optimal,17.12499999999999,True,
GCF_001874625.1,170,200,234,DM_atp_c0,30,21,optimal,12.624999999999996,True,
GCF_001877035.1,146,148,157,DM_atp_c0,26,19,optimal,7.750000000000001,True,
GCF_001940525.2,169,186,248,DM_atp_c0,25,18,optimal,7.374999999999997,True,
GCF_001941345.1,150,156,135,DM_atp_c0,26,19,optimal,6.750000000000002,True,
GCF_001941365.1,111,101,92,DM_atp_c0,21,14,optimal,0.0,False,
GCF_001941425.1,153,167,143,DM_atp_c0,26,19,optimal,7.249999999999997,True,
GCF_001941525.1,130,118,101,DM_atp_c0,21,14,optimal,0.0,False,
GCF_001941565.1,148,149,111,DM_atp_c0,24,17,optimal,3.25,True,
GCF_001941625.1,158,173,195,DM_atp_c0,28,21,optimal,11.375000000000004,True,
GCF_001941645.1,158,172,194,DM_atp_c0,28,21,optimal,11.374999999999996,True,
GCF_001886655.1,169,196,241,DM_atp_c0,28,21,optimal,12.500000000000014,True,
GCF_001886695.1,144,147,136,DM_atp_c0,23,16,optimal,1.3749999999999947,True,
GCF_001886715.1,156,171,276,DM_atp_c0,25,18,optimal,10.897727272727264,True,
GCF_001886735.1,151,162,220,DM_atp_c0,23,16,optimal,5.437499999999995,True,
GCF_001951175.1,127,125,114,DM_atp_c0,24,17,optimal,6.000000000000002,True,
GCF_001952815.1,157,165,184,DM_atp_c0,28,21,optimal,9.319444444444443,True,
GCF_001952935.1,170,202,254,DM_atp_c0,29,22,optimal,11.841666666666654,True,
GCF_001953175.1,125,110,91,DM_atp_c0,21,14,optimal,3.374999999999999,True,
GCF_001887265.1,160,178,197,DM_atp_c0,26,19,optimal,7.375000000000005,True,
GCF_001887285.1,155,170,140,DM_atp_c0,28,21,optimal,14.249999999999995,True,
GCF_001887595.1,155,165,179,DM_atp_c0,25,18,optimal,8.75,True,
GCF_001887675.1,181,220,293,DM_atp_c0,31,22,optimal,17.95833333333333,True,
GCF_001941805.1,156,172,153,DM_atp_c0,26,19,optimal,8.375,True,
GCF_001941825.1,159,176,274,DM_atp_c0,28,21,optimal,8.375000000000014,True,
GCF_001941945.1,163,190,214,DM_atp_c0,29,22,optimal,12.87500000000001,True,
GCF_001951155.1,143,150,140,DM_atp_c0,25,18,optimal,4.250000000000001,True,
GCF_001955735.1,157,159,176,DM_atp_c0,24,17,optimal,8.187499999999984,True,
GCF_001956695.1,139,153,165,DM_atp_c0,27,20,optimal,7.375,True,
GCF_001956985.1,166,174,176,DM_atp_c0,26,19,optimal,13.125000000000018,True,
GCF_001969265.1,160,185,216,DM_atp_c0,28,21,optimal,11.829545454545457,True,
GCF_001953195.1,161,182,178,DM_atp_c0,27,20,optimal,8.375000000000004,True,
GCF_001953215.1,163,178,190,DM_atp_c0,26,19,optimal,9.826923076923089,True,
GCF_001955695.1,168,188,220,DM_atp_c0,26,19,optimal,9.826923076923075,True,
GCF_001955715.1,158,173,184,DM_atp_c0,28,19,optimal,6.375000000000003,True,
GCF_001971585.1,144,140,117,DM_atp_c0,26,19,optimal,6.999999999999999,True,
GCF_001971605.1,154,177,177,DM_atp_c0,27,20,optimal,11.125,True,
GCF_001971625.1,160,181,177,DM_atp_c0,25,18,optimal,8.041666666666664,True,
GCF_001971645.1,164,182,277,DM_atp_c0,28,21,optimal,13.0625,True,
GCF_001971685.1,165,188,210,DM_atp_c0,27,20,optimal,11.124999999999996,True,
GCF_001971705.1,136,140,160,DM_atp_c0,24,17,optimal,0.0,False,
GCF_001971725.1,136,126,98,DM_atp_c0,22,15,optimal,2.3999999999999995,True,
GCF_001971745.1,141,142,115,DM_atp_c0,23,16,optimal,3.6666666666666665,True,
GCF_001969365.1,157,170,174,DM_atp_c0,25,18,optimal,7.375000000000002,True,
GCF_001969385.1,168,188,267,DM_atp_c0,25,18,optimal,7.375000000000003,True,
GCF_001969445.1,159,180,177,DM_atp_c0,29,22,optimal,14.81249999999999,True,
GCF_001971565.1,159,171,163,DM_atp_c0,27,20,optimal,7.732142857142866,True,
GCF_001997295.1,153,165,169,DM_atp_c0,30,21,optimal,14.750000000000007,True,
GCF_001997345.1,155,160,153,DM_atp_c0,28,21,optimal,11.125000000000004,True,
GCF_001997385.1,124,111,79,DM_atp_c0,23,16,optimal,1.0,True,
GCF_001998805.1,112,113,87,DM_atp_c0,24,17,optimal,4.5,True,
GCF_001971785.1,158,155,129,DM_atp_c0,25,18,optimal,5.40909090909091,True,
GCF_001974985.1,154,171,142,DM_atp_c0,26,19,optimal,12.749999999999998,True,
GCF_001975025.1,157,183,268,DM_atp_c0,28,21,optimal,14.437500000000027,True,
GCF_001975225.1,173,206,241,DM_atp_c0,31,22,optimal,17.624999999999993,True,
GCF_001984825.2,176,211,263,DM_atp_c0,31,22,optimal,17.12499999999999,True,
GCF_001988955.1,151,151,158,DM_atp_c0,26,19,optimal,6.4999999999999964,True,
GCF_001989575.1,137,152,114,DM_atp_c0,27,20,optimal,7.250000000000007,True,
GCF_001989615.1,140,150,159,DM_atp_c0,23,16,optimal,0.0,False,
GCF_001999905.1,159,177,187,DM_atp_c0,27,20,optimal,7.28124999999998,True,
GCF_001999945.1,158,173,178,DM_atp_c0,25,18,optimal,7.656250000000003,True,
GCF_001999965.1,118,108,85,DM_atp_c0,23,16,optimal,1.0,True,
GCF_001999985.1,116,109,98,DM_atp_c0,24,17,optimal,0.8750000000000003,True,
GCF_001983935.1,166,175,163,DM_atp_c0,28,21,optimal,13.124999999999972,True,
GCF_001983975.1,160,188,311,DM_atp_c0,28,21,optimal,14.812499999999993,True,
GCF_001983995.1,160,161,175,DM_atp_c0,25,18,optimal,3.125,True,
GCF_001984035.1,148,160,171,DM_atp_c0,23,16,optimal,6.187500000000001,True,
GCF_001998865.1,149,158,150,DM_atp_c0,27,20,optimal,11.374999999999993,True,
GCF_001998885.1,140,145,139,DM_atp_c0,25,18,optimal,7.999999999999995,True,
GCF_001999225.1,153,163,152,DM_atp_c0,23,16,optimal,4.499999999999995,True,
GCF_001999245.1,164,188,246,DM_atp_c0,25,18,optimal,7.3750000000000036,True,
GCF_002005405.1,127,125,99,DM_atp_c0,24,17,optimal,4.000000000000002,True,
GCF_002005425.1,143,147,106,DM_atp_c0,23,16,optimal,4.437499999999993,True,
GCF_002005445.1,155,172,157,DM_atp_c0,28,21,optimal,9.08653846153847,True,
GCF_002005465.1,143,155,142,DM_atp_c0,24,17,optimal,7.24999999999999,True,
GCF_002005145.1,133,142,176,DM_atp_c0,25,18,optimal,8.662037037037035,True,
GCF_002005165.1,147,158,154,DM_atp_c0,25,18,optimal,6.72222222222221,True,
GCF_002005305.1,165,184,213,DM_atp_c0,27,20,optimal,12.437500000000007,True,
GCF_002005365.1,149,140,119,DM_atp_c0,26,19,optimal,3.6250000000000004,True,
GCF_002007645.1,122,116,94,DM_atp_c0,23,16,optimal,3.5000000000000027,True,
GCF_002007745.1,159,172,242,DM_atp_c0,26,19,optimal,7.394230769230769,True,
GCF_002008305.4,149,155,129,DM_atp_c0,26,19,optimal,3.999999999999999,True,
GCF_002009175.1,159,176,239,DM_atp_c0,27,20,optimal,13.232142857142849,True,
GCF_002021985.1,137,132,90,DM_atp_c0,27,18,optimal,3.249999999999999,True,
GCF_002022045.1,155,160,167,DM_atp_c0,26,19,optimal,7.750000000000003,True,
GCF_002022105.1,154,154,158,DM_atp_c0,25,18,optimal,5.999999999999992,True,
GCF_002022125.1,158,161,168,DM_atp_c0,26,19,optimal,7.750000000000003,True,
GCF_002022605.1,115,111,84,DM_atp_c0,21,14,optimal,4.6875000000000036,True,
GCF_002022665.1,115,111,83,DM_atp_c0,21,14,optimal,4.6875000000000036,True,
GCF_002024265.1,168,188,181,DM_atp_c0,29,22,optimal,11.25000000000001,True,
GCF_002024805.1,158,161,173,DM_atp_c0,26,19,optimal,7.750000000000003,True,
GCF_001941445.1,146,147,116,DM_atp_c0,24,17,optimal,2.9999999999999987,True,
GCF_001941465.1,151,155,133,DM_atp_c0,27,20,optimal,8.749999999999996,True,
GCF_001941485.1,152,154,127,DM_atp_c0,25,18,optimal,6.999999999999999,True,
GCF_001941505.1,156,160,124,DM_atp_c0,26,19,optimal,5.749999999999998,True,
GCF_002073515.1,117,107,89,DM_atp_c0,23,16,optimal,2.9999999999999996,True,
GCF_002073635.2,160,183,230,DM_atp_c0,27,20,optimal,11.124999999999996,True,
GCF_002073715.1,145,156,143,DM_atp_c0,26,19,optimal,10.437499999999996,True,
GCF_002073715.2,145,156,143,DM_atp_c0,26,19,optimal,10.437499999999996,True,
GCF_002025255.2,139,136,136,DM_atp_c0,24,17,optimal,0.0,False,
GCF_002028325.1,170,201,265,DM_atp_c0,29,22,optimal,14.812500000000007,True,
GCF_002043005.1,161,186,253,DM_atp_c0,25,18,optimal,7.375000000000001,True,
GCF_002055515.1,165,186,194,DM_atp_c0,28,21,optimal,8.000000000000004,True,
GCF_002075285.2,146,152,141,DM_atp_c0,25,18,optimal,6.208333333333335,True,
GCF_002075285.3,146,152,142,DM_atp_c0,25,18,optimal,6.208333333333335,True,
GCF_002075795.1,162,178,183,DM_atp_c0,28,19,optimal,11.250000000000009,True,
GCF_002076895.1,157,171,192,DM_atp_c0,25,18,optimal,6.375000000000005,True,
GCF_002073755.2,179,217,299,DM_atp_c0,33,22,optimal,17.187500000000007,True,
GCF_002073975.1,160,171,188,DM_atp_c0,25,16,optimal,6.000000000000008,True,
GCF_002074155.1,136,135,145,DM_atp_c0,25,18,optimal,7.750000000000001,True,
GCF_002075105.1,105,100,68,DM_atp_c0,22,15,optimal,1.0,True,
GCF_002056725.1,160,185,180,DM_atp_c0,27,20,optimal,12.124999999999998,True,
GCF_002057455.1,164,192,376,DM_atp_c0,27,20,optimal,15.009615384615381,True,
GCF_002068115.1,172,201,232,DM_atp_c0,28,21,optimal,17.124999999999993,True,
GCF_002072815.1,159,170,218,DM_atp_c0,26,19,optimal,5.285714285714288,True,
GCF_002078355.1,131,116,105,DM_atp_c0,20,13,optimal,0.0,False,
GCF_002079305.1,161,178,194,DM_atp_c0,25,18,optimal,7.374999999999999,True,
GCF_002080395.1,127,124,100,DM_atp_c0,26,19,optimal,3.7499999999999982,True,
GCF_002080415.1,153,170,202,DM_atp_c0,24,17,optimal,7.375000000000006,True,
GCF_001975665.1,152,158,130,DM_atp_c0,25,18,optimal,6.409090909090912,True,
GCF_001975685.1,133,124,94,DM_atp_c0,24,17,optimal,4.0,True,
GCF_001975705.1,167,183,236,DM_atp_c0,29,18,optimal,6.499999999999999,True,
GCF_001975955.2,148,158,114,DM_atp_c0,26,19,optimal,9.39285714285714,True,
GCF_002082605.1,153,165,207,DM_atp_c0,24,17,optimal,9.50000000000004,True,
GCF_002082765.1,125,125,101,DM_atp_c0,26,19,optimal,8.749999999999998,True,
GCF_002090335.1,161,182,260,DM_atp_c0,27,20,optimal,13.749999999999943,True,
GCF_002096055.1,151,163,172,DM_atp_c0,25,18,optimal,7.750000000000001,True,
GCF_002005485.1,140,151,128,DM_atp_c0,28,21,optimal,5.750000000000007,True,
GCF_002006565.1,151,157,144,DM_atp_c0,27,20,optimal,4.750000000000003,True,
GCF_002007565.1,164,176,150,DM_atp_c0,31,22,optimal,9.125000000000012,True,
GCF_002007605.1,151,157,138,DM_atp_c0,24,17,optimal,5.086538461538467,True,
GCF_002097535.1,165,189,213,DM_atp_c0,28,21,optimal,14.249999999999995,True,
GCF_002101335.1,147,168,138,DM_atp_c0,26,19,optimal,12.249999999999996,True,
GCF_002101395.1,175,207,223,DM_atp_c0,31,22,optimal,17.62500000000001,True,
GCF_002104335.1,131,131,113,DM_atp_c0,27,20,optimal,6.125000000000001,True,
GCF_002113825.1,128,124,119,DM_atp_c0,23,16,optimal,4.03571428571428,True,
GCF_002116905.1,168,189,236,DM_atp_c0,28,21,optimal,11.50000000000001,True,
GCF_002117005.1,127,114,85,DM_atp_c0,23,16,optimal,1.0,True,
GCF_002117085.1,134,126,98,DM_atp_c0,23,16,optimal,2.5,True,
GCF_002105535.1,164,176,220,DM_atp_c0,29,20,optimal,15.468750000000005,True,
GCF_002105555.1,155,169,155,DM_atp_c0,27,20,optimal,7.971153846153855,True,
GCF_002105775.1,158,175,171,DM_atp_c0,26,19,optimal,14.687499999999972,True,
GCF_002108455.1,151,155,161,DM_atp_c0,26,19,optimal,6.499999999999993,True,
GCF_002119805.1,139,163,122,DM_atp_c0,27,20,optimal,11.999999999999964,True,
GCF_002127965.1,122,115,99,DM_atp_c0,22,15,optimal,2.5,True,
GCF_002139855.1,124,119,100,DM_atp_c0,24,17,optimal,2.1249999999999996,True,
GCF_002139875.1,125,121,102,DM_atp_c0,25,18,optimal,2.1249999999999996,True,
GCF_002109325.1,154,172,170,DM_atp_c0,28,21,optimal,5.281249999999988,True,
GCF_002109365.1,143,155,155,DM_atp_c0,24,17,optimal,4.428571428571426,True,
GCF_002109385.1,162,186,215,DM_atp_c0,29,22,optimal,15.891666666666664,True,
GCF_002113805.1,166,188,179,DM_atp_c0,29,22,optimal,10.499999999999979,True,
GCF_002022225.1,155,168,181,DM_atp_c0,28,21,optimal,16.625000000000014,True,
GCF_002022485.1,115,108,82,DM_atp_c0,21,14,optimal,0.0,False,
GCF_002022505.1,111,106,80,DM_atp_c0,21,14,optimal,4.687500000000002,True,
GCF_002022585.1,115,109,85,DM_atp_c0,21,14,optimal,4.031250000000001,True,
GCF_002139935.1,123,119,103,DM_atp_c0,25,18,optimal,2.125000000000001,True,
GCF_002142475.1,154,153,178,DM_atp_c0,24,17,optimal,3.5625000000000018,True,
GCF_002142615.1,172,192,216,DM_atp_c0,31,22,optimal,16.24999999999999,True,
GCF_002151445.1,155,173,203,DM_atp_c0,25,18,optimal,11.01785714285715,True,
GCF_002002865.1,154,158,140,DM_atp_c0,26,19,optimal,8.208333333333334,True,
GCF_002002885.1,165,191,214,DM_atp_c0,28,21,optimal,8.375,True,
GCF_002002905.1,157,162,179,DM_atp_c0,27,20,optimal,12.237500000000002,True,
GCF_002002925.1,156,168,162,DM_atp_c0,25,18,optimal,8.028846153846153,True,
GCF_002009235.1,142,154,159,DM_atp_c0,25,18,optimal,5.666666666666642,True,
GCF_002009295.1,148,164,168,DM_atp_c0,28,21,optimal,9.91666666666669,True,
GCF_002011925.2,173,196,384,DM_atp_c0,27,20,optimal,11.125000000000007,True,
GCF_002021755.1,176,204,265,DM_atp_c0,32,21,optimal,14.999999999999996,True,
GCF_002151545.1,161,171,153,DM_atp_c0,28,21,optimal,12.98214285714284,True,
GCF_002155145.1,162,183,184,DM_atp_c0,28,21,optimal,9.625000000000004,True,
GCF_002156705.1,140,136,165,DM_atp_c0,22,15,optimal,0.9999999999999993,True,
GCF_002156805.1,153,162,132,DM_atp_c0,28,21,optimal,6.500000000000001,True,
GCF_002157185.1,158,169,183,DM_atp_c0,25,18,optimal,3.8750000000000013,True,
GCF_002157205.1,157,179,182,DM_atp_c0,28,21,optimal,9.625000000000004,True,
GCF_002157835.1,169,194,356,DM_atp_c0,27,20,optimal,14.352272727272723,True,
GCF_002157855.1,152,162,170,DM_atp_c0,23,16,optimal,5.75,True,
GCF_002162035.1,142,142,144,DM_atp_c0,25,18,optimal,7.562500000000006,True,
GCF_002162135.1,157,171,156,DM_atp_c0,26,19,optimal,7.67307692307692,True,
GCF_002162315.1,137,152,163,DM_atp_c0,31,20,optimal,4.124999999999999,True,
GCF_002162335.1,155,173,180,DM_atp_c0,26,19,optimal,14.687499999999972,True,
GCF_002162355.1,141,147,136,DM_atp_c0,23,16,optimal,3.6250000000000018,True,
GCF_002162375.1,161,171,188,DM_atp_c0,24,17,optimal,4.428571428571427,True,
GCF_002163565.1,102,88,59,DM_atp_c0,22,15,optimal,0.0,False,
GCF_002163585.1,169,192,205,DM_atp_c0,28,21,optimal,17.124999999999996,True,
GCF_002076915.1,145,141,108,DM_atp_c0,26,19,optimal,9.124999999999998,True,
GCF_002076935.1,163,179,188,DM_atp_c0,27,20,optimal,5.891666666666665,True,
GCF_002077155.1,144,158,166,DM_atp_c0,25,18,optimal,4.750000000000002,True,
GCF_002077175.1,157,167,198,DM_atp_c0,25,18,optimal,6.249999999999998,True,
GCF_002082175.1,156,181,251,DM_atp_c0,27,20,optimal,14.352272727272712,True,
GCF_002082195.1,160,186,259,DM_atp_c0,28,21,optimal,14.693181818181813,True,
GCF_002082215.1,171,198,201,DM_atp_c0,29,22,optimal,17.624999999999996,True,
GCF_002082585.1,156,177,234,DM_atp_c0,27,20,optimal,13.232142857142845,True,
GCF_002197185.1,94,86,80,DM_atp_c0,21,14,optimal,0.9999999999999997,True,
GCF_002201795.1,144,136,119,DM_atp_c0,22,15,optimal,7.250000000000003,True,
GCF_002202015.1,164,189,198,DM_atp_c0,28,21,optimal,13.999999999999948,True,
GCF_002205495.1,156,176,179,DM_atp_c0,26,19,optimal,12.750000000000052,True,
GCF_002192255.1,154,178,172,DM_atp_c0,27,20,optimal,8.04166666666667,True,
GCF_002192415.1,161,168,191,DM_atp_c0,26,19,optimal,9.083333333333323,True,
GCF_002192455.1,164,184,256,DM_atp_c0,27,20,optimal,14.352272727272732,True,
GCF_002196515.1,168,182,201,DM_atp_c0,27,20,optimal,9.499999999999993,True,
GCF_002214365.1,96,87,79,DM_atp_c0,21,14,optimal,1.0,True,
GCF_002214385.1,95,87,72,DM_atp_c0,21,14,optimal,0.9999999999999999,True,
GCF_002214395.1,171,196,220,DM_atp_c0,30,21,optimal,14.999999999999998,True,
GCF_002214445.1,80,68,31,DM_atp_c0,19,12,optimal,0.0,False,
GCF_002211765.1,143,139,113,DM_atp_c0,23,16,optimal,4.833333333333339,True,
GCF_002211785.1,134,138,125,DM_atp_c0,23,16,optimal,5.416666666666668,True,
GCF_002214165.1,81,59,23,DM_atp_c0,20,13,optimal,0.0,False,
GCF_002214345.1,177,201,284,DM_atp_c0,31,20,optimal,11.937499999999998,True,
GCF_002208135.1,158,161,159,DM_atp_c0,23,16,optimal,5.250000000000001,True,
GCF_002208805.2,148,166,136,DM_atp_c0,25,18,optimal,12.687499999999996,True,
GCF_002208825.2,152,150,154,DM_atp_c0,24,17,optimal,5.770833333333337,True,
GCF_002208925.1,148,155,180,DM_atp_c0,25,18,optimal,6.0000000000000036,True,
GCF_002214465.1,100,90,81,DM_atp_c0,21,14,optimal,0.9999999999999999,True,
GCF_002214485.1,96,85,71,DM_atp_c0,21,14,optimal,0.9999999999999997,True,
GCF_002214505.1,92,82,74,DM_atp_c0,20,13,optimal,0.9999999999999999,True,
GCF_002214525.1,89,80,71,DM_atp_c0,21,14,optimal,1.0000000000000002,True,
GCF_002209165.2,154,181,165,DM_atp_c0,28,21,optimal,10.500000000000004,True,
GCF_002209245.2,168,188,204,DM_atp_c0,31,20,optimal,10.000000000000002,True,
GCF_002209385.1,150,154,141,DM_atp_c0,25,18,optimal,6.375000000000001,True,
GCF_002209445.1,130,125,82,DM_atp_c0,24,17,optimal,3.7499999999999996,True,
GCF_002117105.1,152,158,167,DM_atp_c0,24,17,optimal,3.2777777777777724,True,
GCF_002117145.1,125,115,87,DM_atp_c0,22,15,optimal,3.3749999999999996,True,
GCF_002117405.1,171,187,186,DM_atp_c0,26,19,optimal,12.465909090909092,True,
GCF_002117445.1,133,139,117,DM_atp_c0,26,17,optimal,4.750000000000003,True,
GCF_002214545.1,96,88,84,DM_atp_c0,22,15,optimal,0.9999999999999999,True,
GCF_002214565.1,96,88,82,DM_atp_c0,21,14,optimal,0.9999999999999999,True,
GCF_002214585.1,103,92,79,DM_atp_c0,20,13,optimal,1.0000000000000002,True,
GCF_002214625.1,105,93,72,DM_atp_c0,20,13,optimal,0.0,False,
GCF_002117815.1,174,195,200,DM_atp_c0,27,20,optimal,8.625000000000005,True,
GCF_002119605.1,119,111,77,DM_atp_c0,23,16,optimal,1.0000000000000002,True,
GCF_002119665.1,164,181,224,DM_atp_c0,27,20,optimal,8.374999999999996,True,
GCF_002119765.1,162,180,217,DM_atp_c0,25,18,optimal,8.375000000000004,True,
GCF_002156965.1,114,100,78,DM_atp_c0,20,13,optimal,0.0,False,
GCF_002157125.1,161,181,213,DM_atp_c0,25,18,optimal,12.147727272727273,True,
GCF_002157145.1,158,178,190,DM_atp_c0,25,18,optimal,9.826923076923078,True,
GCF_002157165.1,161,181,206,DM_atp_c0,25,18,optimal,12.147727272727273,True,
GCF_002215585.1,166,189,184,DM_atp_c0,31,20,optimal,11.37500000000001,True,
GCF_002216065.1,148,153,166,DM_atp_c0,25,18,optimal,6.000000000000001,True,
GCF_002216145.1,145,164,141,DM_atp_c0,26,19,optimal,10.437499999999984,True,
GCF_002216775.1,157,172,175,DM_atp_c0,29,22,optimal,5.499999999999997,True,
GCF_002214645.1,163,185,214,DM_atp_c0,26,19,optimal,12.125000000000007,True,
GCF_002214805.1,126,119,106,DM_atp_c0,23,16,optimal,4.000000000000001,True,
GCF_002215075.1,162,182,193,DM_atp_c0,29,22,optimal,8.75,True,
GCF_002215215.1,169,194,312,DM_atp_c0,26,19,optimal,11.14772727272728,True,
GCF_002237575.1,99,93,54,DM_atp_c0,21,14,optimal,2.999999999999999,True,
GCF_002237595.1,165,190,228,DM_atp_c0,25,18,optimal,7.375000000000005,True,
GCF_002237615.1,147,160,161,DM_atp_c0,24,17,optimal,6.166666666666674,True,
GCF_002238335.1,128,121,90,DM_atp_c0,26,19,optimal,1.2499999999999998,True,
GCF_002157875.1,155,169,140,DM_atp_c0,28,19,optimal,5.750000000000002,True,
GCF_002157895.1,159,174,162,DM_atp_c0,28,19,optimal,7.750000000000004,True,
GCF_002158865.1,155,158,196,DM_atp_c0,25,18,optimal,7.443181818181814,True,
GCF_002158905.1,159,173,170,DM_atp_c0,25,18,optimal,7.375000000000002,True,
GCF_002240035.1,147,143,123,DM_atp_c0,23,16,optimal,6.2499999999999964,True,
GCF_002240055.1,115,101,65,DM_atp_c0,22,15,optimal,2.9999999999999982,True,
GCF_002240205.1,141,134,141,DM_atp_c0,23,16,optimal,5.999999999999997,True,
GCF_002240355.1,160,183,289,DM_atp_c0,29,22,optimal,13.749999999999991,True,
GCF_002218195.1,152,168,183,DM_atp_c0,25,18,optimal,8.240384615384619,True,
GCF_002220735.1,132,130,115,DM_atp_c0,27,18,optimal,3.6249999999999973,True,
GCF_002221505.1,158,164,171,DM_atp_c0,24,17,optimal,4.6666666666666705,True,
GCF_002221525.1,160,174,169,DM_atp_c0,25,18,optimal,7.6562500000000115,True,
GCF_002216795.1,156,157,136,DM_atp_c0,26,19,optimal,5.875000000000001,True,
GCF_002216855.1,148,152,134,DM_atp_c0,24,17,optimal,5.999999999999999,True,
GCF_002216875.1,168,189,205,DM_atp_c0,31,20,optimal,10.000000000000004,True,
GCF_002217795.2,174,196,224,DM_atp_c0,29,22,optimal,16.52083333333334,True,
GCF_002234575.2,156,162,253,DM_atp_c0,26,19,optimal,3.999999999999999,True,
GCF_002237445.1,139,146,123,DM_atp_c0,26,19,optimal,7.125000000000002,True,
GCF_002237535.1,154,156,144,DM_atp_c0,23,16,optimal,2.8333333333333353,True,
GCF_002237555.1,159,174,233,DM_atp_c0,25,18,optimal,7.375000000000004,True,
GCF_002224285.1,154,174,185,DM_atp_c0,27,20,optimal,7.906249999999997,True,
GCF_002224365.1,156,167,203,DM_atp_c0,26,19,optimal,6.124999999999987,True,
GCF_002234495.1,152,169,167,DM_atp_c0,26,19,optimal,7.090909090909093,True,
GCF_002234535.1,159,170,181,DM_atp_c0,26,19,optimal,11.375000000000004,True,
GCF_002240375.1,119,121,90,DM_atp_c0,24,17,optimal,7.9999999999999964,True,
GCF_002240415.1,164,189,207,DM_atp_c0,27,20,optimal,9.583333333333321,True,
GCF_002240455.1,150,168,149,DM_atp_c0,26,19,optimal,14.68750000000002,True,
GCF_002242175.1,152,170,202,DM_atp_c0,25,18,optimal,6.500000000000001,True,
GCF_002243515.1,133,136,133,DM_atp_c0,21,14,optimal,0.0,False,
GCF_002243605.1,158,181,169,DM_atp_c0,28,21,optimal,13.125000000000007,True,
GCF_002243625.1,162,176,174,DM_atp_c0,26,19,optimal,6.500000000000002,True,
GCF_002243665.1,161,185,183,DM_atp_c0,28,21,optimal,13.125000000000002,True,
GCF_002163975.1,154,160,213,DM_atp_c0,25,18,optimal,6.80681818181818,True,
GCF_002173515.1,148,168,190,DM_atp_c0,28,21,optimal,10.078124999999973,True,
GCF_002180335.1,172,195,235,DM_atp_c0,29,20,optimal,14.937499999999998,True,
GCF_002189675.2,160,183,243,DM_atp_c0,27,20,optimal,15.87499999999998,True,
GCF_002288005.1,125,118,98,DM_atp_c0,21,14,optimal,0.0,False,
GCF_002288065.1,125,119,92,DM_atp_c0,21,14,optimal,0.0,False,
GCF_002288105.1,127,115,95,DM_atp_c0,21,14,optimal,0.0,False,
GCF_002288185.1,124,114,95,DM_atp_c0,21,14,optimal,0.0,False,
GCF_002257605.1,146,145,139,DM_atp_c0,26,19,optimal,6.750000000000006,True,
GCF_002263495.1,157,177,217,DM_atp_c0,28,21,optimal,13.721590909090922,True,
GCF_002263515.1,157,169,196,DM_atp_c0,27,20,optimal,8.298076923076929,True,
GCF_002266435.2,168,196,274,DM_atp_c0,27,20,optimal,8.625000000000014,True,
GCF_002302395.1,135,131,85,DM_atp_c0,26,19,optimal,3.7499999999999996,True,
GCF_002302415.1,133,122,83,DM_atp_c0,23,16,optimal,3.7499999999999996,True,
GCF_002302475.1,133,124,94,DM_atp_c0,23,16,optimal,4.249999999999999,True,
GCF_002302515.1,127,119,92,DM_atp_c0,23,16,optimal,1.0000000000000002,True,
GCF_002285935.1,174,194,232,DM_atp_c0,29,20,optimal,14.937500000000007,True,
GCF_002287505.1,148,149,109,DM_atp_c0,26,19,optimal,8.562499999999995,True,
GCF_002287925.1,127,117,101,DM_atp_c0,21,14,optimal,0.0,False,
GCF_002287965.1,126,120,95,DM_atp_c0,21,14,optimal,0.0,False,
GCF_002288525.1,158,184,240,DM_atp_c0,25,18,optimal,7.375000000000003,True,
GCF_002288545.1,172,201,230,DM_atp_c0,28,21,optimal,17.124999999999993,True,
GCF_002290025.1,131,128,108,DM_atp_c0,26,19,optimal,8.000000000000007,True,
GCF_002290085.1,95,86,47,DM_atp_c0,22,15,optimal,0.0,False,
GCF_002288285.1,157,169,200,DM_atp_c0,26,19,optimal,10.76785714285714,True,
GCF_002288305.1,120,110,88,DM_atp_c0,21,14,optimal,0.0,False,
GCF_002288365.1,128,118,98,DM_atp_c0,21,14,optimal,0.0,False,
GCF_002288505.1,162,186,251,DM_atp_c0,25,18,optimal,7.375000000000001,True,
GCF_002276165.1,157,176,222,DM_atp_c0,26,19,optimal,7.999999999999998,True,
GCF_002277895.1,162,182,234,DM_atp_c0,25,18,optimal,8.788461538461537,True,
GCF_002277955.1,137,132,116,DM_atp_c0,26,19,optimal,5.4375000000000195,True,
GCF_002278035.1,165,186,223,DM_atp_c0,26,19,optimal,6.333333333333325,True,
GCF_002302535.1,125,118,91,DM_atp_c0,23,16,optimal,1.0000000000000002,True,
GCF_002302615.1,130,133,85,DM_atp_c0,26,19,optimal,5.285714285714288,True,
GCF_002302635.1,134,126,95,DM_atp_c0,23,16,optimal,4.250000000000002,True,
GCF_002305855.1,156,154,188,DM_atp_c0,24,17,optimal,0.8124999999999977,True,
GCF_002266465.2,169,198,274,DM_atp_c0,27,20,optimal,8.625000000000018,True,
GCF_002269255.1,174,209,306,DM_atp_c0,31,22,optimal,17.12499999999999,True,
GCF_002269385.1,148,155,144,DM_atp_c0,25,18,optimal,6.041666666666664,True,
GCF_002271215.1,172,206,265,DM_atp_c0,31,22,optimal,17.12499999999999,True,
GCF_002305875.1,165,173,223,DM_atp_c0,26,19,optimal,12.147727272727273,True,
GCF_002305895.1,164,169,189,DM_atp_c0,26,19,optimal,10.375,True,
GCF_002309535.1,134,152,169,DM_atp_c0,31,20,optimal,4.124999999999999,True,
GCF_002310475.1,122,115,101,DM_atp_c0,23,16,optimal,4.000000000000004,True,
GCF_002222595.2,123,116,111,DM_atp_c0,23,16,optimal,0.0,False,
GCF_002222615.2,135,136,137,DM_atp_c0,25,18,optimal,8.5,True,
GCF_002222635.1,158,181,239,DM_atp_c0,25,18,optimal,7.375000000000001,True,
GCF_002222655.1,161,168,183,DM_atp_c0,25,18,optimal,8.625000000000004,True,
GCF_002291405.1,162,181,258,DM_atp_c0,27,20,optimal,8.375000000000005,True,
GCF_002291425.1,173,207,290,DM_atp_c0,27,20,optimal,17.124999999999993,True,
GCF_002291445.1,170,199,256,DM_atp_c0,29,20,optimal,17.67500000000001,True,
GCF_002291465.1,139,150,150,DM_atp_c0,21,14,optimal,5.321428571428567,True,
GCF_002310495.1,146,150,139,DM_atp_c0,26,19,optimal,8.624999999999998,True,
GCF_002310815.1,156,171,156,DM_atp_c0,24,17,optimal,5.5,True,
GCF_002310835.1,157,167,156,DM_atp_c0,23,16,optimal,5.499999999999997,True,
GCF_002310855.1,160,176,169,DM_atp_c0,25,18,optimal,7.656250000000032,True,
GCF_002355915.1,122,93,66,DM_atp_c0,22,15,optimal,0.0,False,
GCF_002355935.1,116,116,76,DM_atp_c0,26,19,optimal,4.499999999999999,True,
GCF_002355955.1,116,100,72,DM_atp_c0,22,15,optimal,2.9999999999999996,True,
GCF_002356075.1,91,79,39,DM_atp_c0,20,13,optimal,0.4999999999999998,True,
GCF_002313045.1,150,173,132,DM_atp_c0,27,20,optimal,12.624999999999938,True,
GCF_002327105.1,155,155,148,DM_atp_c0,23,16,optimal,7.5520833333333455,True,
GCF_002327145.1,166,192,212,DM_atp_c0,29,22,optimal,10.125,True,
GCF_002327205.1,123,124,96,DM_atp_c0,26,19,optimal,7.750000000000001,True,
GCF_002355735.1,156,158,164,DM_atp_c0,26,19,optimal,9.038461538461528,True,
GCF_002355835.1,103,90,64,DM_atp_c0,21,14,optimal,0.9999999999999998,True,
GCF_002355855.1,156,163,207,DM_atp_c0,24,17,optimal,6.187499999999994,True,
GCF_002355895.1,121,110,78,DM_atp_c0,23,16,optimal,3.9999999999999964,True,
GCF_002249995.1,176,215,316,DM_atp_c0,33,22,optimal,17.187500000000004,True,
GCF_002257545.1,169,187,182,DM_atp_c0,30,21,optimal,14.249999999999991,True,
GCF_002257565.1,161,178,200,DM_atp_c0,26,19,optimal,8.028846153846155,True,
GCF_002257585.1,153,156,184,DM_atp_c0,25,18,optimal,9.250000000000005,True,
GCF_002355435.1,159,169,192,DM_atp_c0,26,19,optimal,11.625000000000012,True,
GCF_002355455.1,144,152,155,DM_atp_c0,26,19,optimal,10.647727272727282,True,
GCF_002355535.1,133,127,93,DM_atp_c0,23,16,optimal,0.16666666666666666,True,
GCF_002355595.1,164,178,182,DM_atp_c0,27,20,optimal,10.062499999999993,True,
GCF_002355335.1,162,186,214,DM_atp_c0,26,19,optimal,8.375000000000007,True,
GCF_002355375.1,148,153,158,DM_atp_c0,26,19,optimal,4.999999999999998,True,
GCF_002355395.1,147,153,131,DM_atp_c0,25,18,optimal,3.0,True,
GCF_002355415.1,158,172,196,DM_atp_c0,26,19,optimal,10.375000000000002,True,
GCF_002356115.1,136,128,116,DM_atp_c0,23,16,optimal,1.499999999999998,True,
GCF_002356195.1,150,149,117,DM_atp_c0,29,20,optimal,9.625000000000004,True,
GCF_002356295.1,166,175,179,DM_atp_c0,26,19,optimal,13.5625,True,
GCF_002356315.1,153,177,243,DM_atp_c0,24,17,optimal,6.806818181818176,True,
GCF_002356335.1,156,175,213,DM_atp_c0,26,19,optimal,9.589285714285717,True,
GCF_002356355.1,152,151,161,DM_atp_c0,24,17,optimal,5.083333333333333,True,
GCF_002356455.1,124,121,150,DM_atp_c0,24,17,optimal,4.0,True,
GCF_002356555.2,149,140,143,DM_atp_c0,23,16,optimal,5.999999999999999,True,
GCF_002368355.1,138,144,150,DM_atp_c0,25,18,optimal,1.3749999999999993,True,
GCF_002369955.1,121,107,61,DM_atp_c0,22,15,optimal,0.0,False,
GCF_002370525.2,156,174,186,DM_atp_c0,27,20,optimal,8.000000000000004,True,
GCF_002381265.1,136,141,135,DM_atp_c0,25,18,optimal,8.500000000000007,True,
GCF_002334685.1,140,144,171,DM_atp_c0,28,19,optimal,10.750000000000002,True,
GCF_002354875.1,160,175,232,DM_atp_c0,27,20,optimal,11.375000000000005,True,
GCF_002354895.1,176,187,236,DM_atp_c0,28,21,optimal,11.687500000000004,True,
GCF_002355275.1,160,179,273,DM_atp_c0,29,20,optimal,12.017857142857158,True,
GCF_002285635.2,149,154,162,DM_atp_c0,25,18,optimal,5.999999999999997,True,
GCF_002285715.1,154,177,285,DM_atp_c0,24,17,optimal,8.693181818181824,True,
GCF_002285795.1,149,158,201,DM_atp_c0,25,18,optimal,7.0000000000000036,True,
GCF_002285905.1,98,82,62,DM_atp_c0,19,12,optimal,3.8,True,
GCF_002407485.1,169,188,217,DM_atp_c0,28,21,optimal,13.249999999999996,True,
GCF_002441855.2,127,117,150,DM_atp_c0,23,16,optimal,2.9999999999999982,True,
GCF_002441935.1,92,81,43,DM_atp_c0,22,15,optimal,0.0,False,
GCF_002441955.1,155,164,170,DM_atp_c0,26,19,optimal,10.013888888888888,True,
GCF_002407085.1,155,161,140,DM_atp_c0,25,18,optimal,7.656250000000006,True,
GCF_002407185.1,154,166,145,DM_atp_c0,26,19,optimal,5.25,True,
GCF_002407245.1,155,169,188,DM_atp_c0,25,16,optimal,5.437499999999997,True,
GCF_002407265.1,160,176,209,DM_atp_c0,25,18,optimal,7.375000000000002,True,
GCF_002386265.1,121,118,97,DM_atp_c0,24,17,optimal,4.4999999999999964,True,
GCF_002386385.1,179,216,286,DM_atp_c0,33,22,optimal,17.187499999999993,True,
GCF_002393505.1,164,191,212,DM_atp_c0,29,20,optimal,12.624999999999996,True,
GCF_002407065.1,155,168,140,DM_atp_c0,28,21,optimal,11.829545454545453,True,
GCF_002442575.1,167,191,208,DM_atp_c0,28,21,optimal,8.875,True,
GCF_002442895.1,155,177,164,DM_atp_c0,29,22,optimal,10.499999999999998,True,
GCF_002443015.2,162,182,171,DM_atp_c0,28,21,optimal,10.499999999999984,True,
GCF_002443115.1,139,145,99,DM_atp_c0,26,19,optimal,13.000000000000005,True,
GCF_002443175.1,148,143,121,DM_atp_c0,26,17,optimal,3.6666666666666656,True,
GCF_002456135.1,147,165,156,DM_atp_c0,27,20,optimal,8.714285714285717,True,
GCF_002499975.2,159,169,163,DM_atp_c0,25,18,optimal,4.249999999999999,True,
GCF_002504085.1,161,181,235,DM_atp_c0,26,19,optimal,8.028846153846152,True,
GCF_002761235.1,109,103,77,DM_atp_c0,22,15,optimal,1.0,True,
GCF_002763595.1,117,109,81,DM_atp_c0,24,17,optimal,1.0,True,
GCF_002764115.1,168,187,230,DM_atp_c0,26,19,optimal,7.240384615384614,True,
GCF_002776555.1,99,83,53,DM_atp_c0,20,13,optimal,0.0,False,
GCF_002706705.1,138,147,127,DM_atp_c0,25,18,optimal,8.999999999999998,True,
GCF_002706745.1,124,128,119,DM_atp_c0,24,17,optimal,6.000000000000002,True,
GCF_002717025.1,157,175,234,DM_atp_c0,27,20,optimal,14.43750000000001,True,
GCF_002736105.1,140,148,148,DM_atp_c0,24,17,optimal,5.499999999999998,True,
GCF_002803845.1,160,179,266,DM_atp_c0,26,19,optimal,14.352272727272727,True,
GCF_002803985.1,97,89,48,DM_atp_c0,22,15,optimal,0.0,False,
GCF_002804005.1,95,88,50,DM_atp_c0,22,15,optimal,0.0,False,
GCF_002804025.1,95,86,47,DM_atp_c0,22,15,optimal,0.0,False,
GCF_002591155.1,170,195,233,DM_atp_c0,29,20,optimal,17.624999999999996,True,
GCF_002591335.1,161,191,334,DM_atp_c0,28,21,optimal,18.241666666666642,True,
GCF_002688685.1,84,75,36,DM_atp_c0,22,15,optimal,0.0,False,
GCF_002706485.1,173,195,218,DM_atp_c0,27,20,optimal,17.124999999999993,True,
GCF_002278075.1,181,207,315,DM_atp_c0,29,22,optimal,14.812499999999993,True,
GCF_002278135.2,169,205,324,DM_atp_c0,27,20,optimal,8.624999999999991,True,
GCF_002285495.1,114,109,100,DM_atp_c0,22,15,optimal,3.0,True,
GCF_002285515.1,158,174,164,DM_atp_c0,27,20,optimal,9.624999999999998,True,
GCF_002804065.1,145,145,180,DM_atp_c0,22,15,optimal,3.9821428571428585,True,
GCF_002804105.1,93,83,46,DM_atp_c0,21,14,optimal,0.0,False,
GCF_002804205.1,97,92,50,DM_atp_c0,22,15,optimal,3.000000000000001,True,
GCF_002804245.1,94,85,45,DM_atp_c0,21,14,optimal,2.5,True,
GCF_002741725.1,164,187,288,DM_atp_c0,27,20,optimal,13.0625,True,
GCF_002742645.2,157,167,193,DM_atp_c0,25,18,optimal,7.625,True,
GCF_002749615.1,152,156,171,DM_atp_c0,23,16,optimal,5.249999999999995,True,
GCF_002749675.1,95,86,47,DM_atp_c0,22,15,optimal,0.0,False,
GCF_002776575.1,156,175,200,DM_atp_c0,26,19,optimal,9.02884615384615,True,
GCF_002788215.1,145,149,142,DM_atp_c0,25,18,optimal,0.0,False,
GCF_002795805.1,144,145,139,DM_atp_c0,23,16,optimal,5.321428571428574,True,
GCF_002795825.1,146,142,140,DM_atp_c0,23,16,optimal,5.321428571428572,True,
GCF_002752655.1,168,174,170,DM_atp_c0,24,17,optimal,8.374999999999995,True,
GCF_002752675.1,154,170,189,DM_atp_c0,26,19,optimal,6.250000000000003,True,
GCF_002754815.1,166,189,208,DM_atp_c0,29,22,optimal,10.125000000000004,True,
GCF_002754935.1,134,127,110,DM_atp_c0,25,18,optimal,3.5000000000000013,True,
GCF_002813045.1,161,179,181,DM_atp_c0,28,21,optimal,8.000000000000002,True,
GCF_002813555.1,98,90,51,DM_atp_c0,22,15,optimal,0.0,False,
GCF_002813575.1,151,152,174,DM_atp_c0,25,18,optimal,3.674999999999997,True,
GCF_002813635.1,143,146,129,DM_atp_c0,24,17,optimal,4.999999999999998,True,
GCF_002808045.1,147,150,125,DM_atp_c0,25,18,optimal,5.749999999999997,True,
GCF_002810325.1,115,108,83,DM_atp_c0,21,14,optimal,4.031250000000002,True,
GCF_002812485.1,173,199,233,DM_atp_c0,27,20,optimal,17.12499999999999,True,
GCF_002812705.1,166,182,262,DM_atp_c0,27,20,optimal,8.374999999999996,True,
GCF_002795845.1,161,179,165,DM_atp_c0,26,19,optimal,10.75,True,
GCF_002796545.1,158,180,289,DM_atp_c0,27,20,optimal,12.125000000000021,True,
GCF_002796605.1,158,175,182,DM_atp_c0,25,18,optimal,11.017857142857151,True,
GCF_002803025.2,163,182,178,DM_atp_c0,27,20,optimal,7.732142857142856,True,
GCF_002831665.1,146,148,126,DM_atp_c0,23,16,optimal,2.8333333333333393,True,
GCF_002831685.1,147,151,120,DM_atp_c0,23,16,optimal,3.4999999999999982,True,
GCF_002833405.1,143,143,142,DM_atp_c0,26,19,optimal,3.9999999999999982,True,
GCF_002838185.1,130,124,113,DM_atp_c0,23,16,optimal,2.9999999999999947,True,
GCF_002831565.1,160,164,177,DM_atp_c0,28,21,optimal,6.412499999999998,True,
GCF_002831585.1,165,188,290,DM_atp_c0,27,20,optimal,8.374999999999995,True,
GCF_002831625.1,138,133,106,DM_atp_c0,23,16,optimal,2.2500000000000013,True,
GCF_002831645.1,146,151,126,DM_atp_c0,24,17,optimal,3.596153846153847,True,
GCF_002843965.1,150,164,157,DM_atp_c0,25,18,optimal,9.25,True,
GCF_002844335.1,145,152,161,DM_atp_c0,29,18,optimal,0.0,False,
GCF_002844375.1,162,176,221,DM_atp_c0,25,18,optimal,6.500000000000001,True,
GCF_002844395.1,118,108,87,DM_atp_c0,22,15,optimal,3.0,True,
GCF_002849775.1,157,161,126,DM_atp_c0,29,20,optimal,11.000000000000002,True,
GCF_002849795.1,109,104,83,DM_atp_c0,22,15,optimal,5.624999999999998,True,
GCF_002849835.1,156,170,191,DM_atp_c0,25,18,optimal,8.5,True,
GCF_002849895.1,134,140,119,DM_atp_c0,26,19,optimal,10.499999999999993,True,
GCF_002850015.1,134,140,133,DM_atp_c0,27,20,optimal,9.5,True,
GCF_002850035.1,128,133,121,DM_atp_c0,24,17,optimal,8.0,True,
GCF_002850055.1,136,140,139,DM_atp_c0,24,17,optimal,8.000000000000002,True,
GCF_002850255.1,156,163,166,DM_atp_c0,23,16,optimal,5.250000000000001,True,
GCF_002848365.2,146,151,142,DM_atp_c0,24,17,optimal,7.1874999999999964,True,
GCF_002848445.1,154,168,207,DM_atp_c0,25,18,optimal,10.443181818181808,True,
GCF_002849715.1,155,176,215,DM_atp_c0,27,20,optimal,13.06249999999999,True,
GCF_002849735.1,157,173,258,DM_atp_c0,28,21,optimal,9.441666666666672,True,
GCF_002863865.1,154,165,181,DM_atp_c0,24,17,optimal,4.144230769230771,True,
GCF_002865545.1,92,83,42,DM_atp_c0,21,14,optimal,0.0,False,
GCF_002865605.1,156,163,199,DM_atp_c0,24,17,optimal,5.500000000000003,True,
GCF_002865995.1,126,122,131,DM_atp_c0,24,17,optimal,3.0000000000000004,True,
GCF_002847015.1,177,206,244,DM_atp_c0,31,22,optimal,17.124999999999996,True,
GCF_002847305.1,164,183,211,DM_atp_c0,27,20,optimal,7.041666666666669,True,
GCF_002847445.1,167,190,237,DM_atp_c0,27,20,optimal,11.125000000000005,True,
GCF_002848345.1,169,182,196,DM_atp_c0,26,19,optimal,13.93750000000001,True,
GCF_002504165.1,154,169,188,DM_atp_c0,26,19,optimal,10.303571428571425,True,
GCF_002531755.2,158,182,236,DM_atp_c0,25,18,optimal,5.85576923076923,True,
GCF_002549795.1,168,188,248,DM_atp_c0,26,19,optimal,12.147727272727273,True,
GCF_002549835.1,159,176,184,DM_atp_c0,27,20,optimal,7.000000000000014,True,
GCF_002886045.1,153,157,149,DM_atp_c0,26,19,optimal,13.298076923076925,True,
GCF_002892535.1,142,139,116,DM_atp_c0,23,16,optimal,7.374999999999986,True,
GCF_002893765.1,150,159,134,DM_atp_c0,25,18,optimal,6.40909090909091,True,
GCF_002893785.1,147,159,139,DM_atp_c0,25,18,optimal,6.999999999999997,True,
GCF_002556545.1,161,189,298,DM_atp_c0,28,21,optimal,16.874999999999982,True,
GCF_002557795.1,159,166,153,DM_atp_c0,27,20,optimal,5.7250000000000005,True,
GCF_002568625.1,157,185,261,DM_atp_c0,27,20,optimal,10.125000000000002,True,
GCF_002586745.1,170,190,223,DM_atp_c0,28,19,optimal,14.937500000000004,True,
GCF_002893965.1,165,186,275,DM_atp_c0,28,21,optimal,14.693181818181822,True,
GCF_002895405.1,156,173,204,DM_atp_c0,26,19,optimal,11.375000000000004,True,
GCF_002896375.1,154,160,166,DM_atp_c0,24,17,optimal,2.8333333333333313,True,
GCF_002896855.1,121,115,104,DM_atp_c0,21,14,optimal,0.9999999999999998,True,
GCF_002736145.1,113,116,96,DM_atp_c0,25,18,optimal,6.2500000000000036,True,
GCF_002736205.1,151,158,157,DM_atp_c0,27,20,optimal,8.625000000000005,True,
GCF_002741015.1,165,189,279,DM_atp_c0,27,20,optimal,9.625000000000004,True,
GCF_002741055.1,155,166,182,DM_atp_c0,25,18,optimal,7.238636363636367,True,
GCF_002935105.1,173,207,281,DM_atp_c0,31,22,optimal,17.124999999999996,True,
GCF_002943525.1,162,183,249,DM_atp_c0,29,20,optimal,16.374999999999982,True,
GCF_002945325.1,109,92,108,DM_atp_c0,21,14,optimal,0.0,False,
GCF_002946835.1,162,181,292,DM_atp_c0,28,21,optimal,14.352272727272727,True,
GCF_002951955.1,131,122,87,DM_atp_c0,23,16,optimal,3.3750000000000004,True,
GCF_002952055.1,135,122,115,DM_atp_c0,24,17,optimal,1.5,True,
GCF_002952215.1,150,158,156,DM_atp_c0,24,17,optimal,6.166666666666671,True,
GCF_002952735.2,174,208,269,DM_atp_c0,31,22,optimal,17.12499999999999,True,
GCF_002949085.1,149,170,161,DM_atp_c0,25,18,optimal,5.855769230769232,True,
GCF_002950575.1,143,146,100,DM_atp_c0,23,16,optimal,5.500000000000002,True,
GCF_002951615.1,173,202,233,DM_atp_c0,29,20,optimal,17.12499999999999,True,
GCF_002951835.1,143,146,122,DM_atp_c0,26,19,optimal,8.875000000000009,True,
GCF_002813675.1,118,96,111,DM_atp_c0,22,15,optimal,1.0,True,
GCF_002813695.1,119,97,112,DM_atp_c0,22,15,optimal,0.9999999999999996,True,
GCF_002813775.1,165,175,227,DM_atp_c0,24,17,optimal,14.06249999999999,True,
GCF_002814095.1,168,186,260,DM_atp_c0,25,18,optimal,7.375000000000004,True,
GCF_002902925.1,182,212,393,DM_atp_c0,30,21,optimal,13.437500000000002,True,
GCF_002902965.1,182,212,405,DM_atp_c0,30,21,optimal,13.437499999999993,True,
GCF_002902985.1,173,207,270,DM_atp_c0,31,22,optimal,17.124999999999996,True,
GCF_002903045.1,171,206,292,DM_atp_c0,30,21,optimal,17.624999999999996,True,
GCF_002838205.1,131,121,97,DM_atp_c0,22,15,optimal,2.0,True,
GCF_002838765.1,144,135,129,DM_atp_c0,22,15,optimal,3.8125000000000018,True,
GCF_002843235.3,169,200,242,DM_atp_c0,31,20,optimal,11.625,True,
GCF_002843565.1,96,88,47,DM_atp_c0,22,15,optimal,0.0,False,
GCF_002953335.1,174,201,234,DM_atp_c0,32,21,optimal,10.750000000000005,True,
GCF_002953575.2,154,163,152,DM_atp_c0,26,19,optimal,7.732142857142854,True,
GCF_002953935.1,157,180,191,DM_atp_c0,28,21,optimal,11.812500000000012,True,
GCF_002966125.1,136,132,107,DM_atp_c0,22,15,optimal,3.8124999999999964,True,
GCF_002952775.1,150,153,149,DM_atp_c0,26,17,optimal,0.0,False,
GCF_002953155.1,153,174,208,DM_atp_c0,26,19,optimal,8.375,True,
GCF_002953195.1,173,206,235,DM_atp_c0,31,22,optimal,17.62500000000001,True,
GCF_002953215.1,170,199,229,DM_atp_c0,30,21,optimal,15.375000000000002,True,
GCF_002995515.1,160,167,192,DM_atp_c0,27,18,optimal,12.017857142857139,True,
GCF_002998295.1,94,82,49,DM_atp_c0,22,15,optimal,0.0,False,
GCF_002998355.1,137,130,113,DM_atp_c0,26,19,optimal,4.500000000000005,True,
GCF_002998435.1,122,114,84,DM_atp_c0,23,16,optimal,4.749999999999998,True,
GCF_002966495.1,164,187,197,DM_atp_c0,27,20,optimal,8.500000000000004,True,
GCF_002966515.1,166,184,197,DM_atp_c0,27,20,optimal,10.000000000000002,True,
GCF_002966815.1,153,176,172,DM_atp_c0,27,20,optimal,8.041666666666663,True,
GCF_002966855.1,173,205,259,DM_atp_c0,30,21,optimal,17.124999999999993,True,
GCF_002868735.1,156,171,218,DM_atp_c0,25,18,optimal,9.028846153846152,True,
GCF_002869785.1,158,176,235,DM_atp_c0,26,19,optimal,12.465909090909093,True,
GCF_002872415.1,131,125,123,DM_atp_c0,21,14,optimal,3.291666666666667,True,
GCF_002872475.1,159,164,164,DM_atp_c0,26,19,optimal,5.7500000000000036,True,
GCF_002999035.1,128,119,92,DM_atp_c0,24,17,optimal,4.500000000000001,True,
GCF_002999155.1,150,167,162,DM_atp_c0,25,18,optimal,6.781250000000001,True,
GCF_002999235.1,135,131,111,DM_atp_c0,25,18,optimal,11.125,True,
GCF_003008415.2,133,130,102,DM_atp_c0,22,15,optimal,2.4999999999999947,True,
GCF_003008595.1,164,185,222,DM_atp_c0,26,19,optimal,8.375,True,
GCF_003012915.1,148,170,142,DM_atp_c0,26,19,optimal,12.249999999999988,True,
GCF_003013695.1,157,170,186,DM_atp_c0,26,19,optimal,6.375000000000003,True,
GCF_003015145.1,98,87,57,DM_atp_c0,19,12,optimal,3.7999999999999994,True,
GCF_003019695.1,115,110,89,DM_atp_c0,23,16,optimal,1.0,True,
GCF_003019735.1,141,145,140,DM_atp_c0,24,17,optimal,7.488636363636364,True,
GCF_003019755.1,116,106,79,DM_atp_c0,23,16,optimal,1.0,True,
GCF_003019815.1,168,193,274,DM_atp_c0,26,19,optimal,12.296874999999998,True,
GCF_003019255.1,151,171,155,DM_atp_c0,27,20,optimal,6.125000000000001,True,
GCF_003019275.1,151,169,127,DM_atp_c0,27,20,optimal,11.84615384615384,True,
GCF_003019315.1,130,130,120,DM_atp_c0,26,19,optimal,7.750000000000003,True,
GCF_003019675.1,129,131,144,DM_atp_c0,26,19,optimal,7.749999999999997,True,
GCF_002896875.1,142,146,176,DM_atp_c0,24,17,optimal,4.791666666666668,True,
GCF_002900365.1,179,211,271,DM_atp_c0,32,21,optimal,17.124999999999996,True,
GCF_002902865.1,172,195,228,DM_atp_c0,30,21,optimal,15.937499999999993,True,
GCF_002902905.1,167,191,273,DM_atp_c0,28,21,optimal,13.437499999999975,True,
GCF_002850435.1,157,172,208,DM_atp_c0,25,18,optimal,7.375000000000003,True,
GCF_002850535.1,162,185,173,DM_atp_c0,29,22,optimal,10.500000000000002,True,
GCF_002850575.1,175,209,273,DM_atp_c0,31,22,optimal,17.12499999999999,True,
GCF_002863805.1,159,165,178,DM_atp_c0,26,19,optimal,8.375000000000009,True,
GCF_003024155.1,152,158,173,DM_atp_c0,24,17,optimal,6.374999999999997,True,
GCF_003024525.3,156,164,150,DM_atp_c0,26,19,optimal,7.375000000000001,True,
GCF_003028315.1,145,155,143,DM_atp_c0,26,19,optimal,10.437500000000002,True,
GCF_003028855.1,157,174,186,DM_atp_c0,26,19,optimal,6.375000000000005,True,
GCF_003030345.1,156,170,221,DM_atp_c0,24,17,optimal,10.897727272727298,True,
GCF_003030385.1,157,172,225,DM_atp_c0,25,18,optimal,10.897727272727298,True,
GCF_003030465.1,161,175,227,DM_atp_c0,28,19,optimal,12.296875,True,
GCF_003032495.1,164,187,206,DM_atp_c0,28,21,optimal,9.875000000000005,True,
GCF_003047205.1,152,152,158,DM_atp_c0,25,18,optimal,12.812499999999993,True,
GCF_003048255.1,174,205,238,DM_atp_c0,31,20,optimal,17.187500000000007,True,
GCF_003051885.1,174,207,254,DM_atp_c0,31,22,optimal,17.12499999999999,True,
GCF_003052165.1,154,168,191,DM_atp_c0,25,18,optimal,8.240384615384617,True,
GCF_003054475.1,151,148,150,DM_atp_c0,25,18,optimal,6.806818181818183,True,
GCF_003054515.1,160,168,177,DM_atp_c0,26,19,optimal,8.375000000000005,True,
GCF_003054555.1,159,177,277,DM_atp_c0,27,20,optimal,16.375000000000007,True,
GCF_003055625.1,131,122,105,DM_atp_c0,22,15,optimal,5.0,True,
GCF_002906195.1,175,207,267,DM_atp_c0,30,21,optimal,13.874999999999998,True,
GCF_002906575.1,148,153,182,DM_atp_c0,25,18,optimal,0.0,False,
GCF_002934065.1,166,190,212,DM_atp_c0,29,22,optimal,11.341666666666658,True,
GCF_002934585.1,177,216,306,DM_atp_c0,33,22,optimal,17.187500000000007,True,
GCF_002903215.1,179,218,296,DM_atp_c0,33,22,optimal,17.187500000000007,True,
GCF_002903405.1,172,192,218,DM_atp_c0,30,21,optimal,14.9375,True,
GCF_002905685.2,162,180,200,DM_atp_c0,27,20,optimal,8.211538461538467,True,
GCF_002905795.2,164,182,198,DM_atp_c0,27,20,optimal,7.806818181818179,True,
GCF_003057965.1,120,114,124,DM_atp_c0,24,17,optimal,5.375000000000006,True,
GCF_003058365.1,135,129,106,DM_atp_c0,22,15,optimal,0.0,False,
GCF_003058465.1,159,170,214,DM_atp_c0,26,19,optimal,8.375000000000007,True,
GCF_003060865.1,155,154,156,DM_atp_c0,20,13,optimal,3.3750000000000004,True,
GCF_002968395.1,153,158,135,DM_atp_c0,25,18,optimal,5.75,True,
GCF_002982135.1,110,105,77,DM_atp_c0,23,16,optimal,1.0000000000000002,True,
GCF_002984485.1,151,152,143,DM_atp_c0,27,18,optimal,5.500000000000001,True,
GCF_002993285.1,152,170,195,DM_atp_c0,25,18,optimal,10.443181818181817,True,
GCF_003071665.1,162,186,216,DM_atp_c0,25,18,optimal,8.375,True,
GCF_003072465.1,98,84,59,DM_atp_c0,20,13,optimal,1.5000000000000002,True,
GCF_003072485.1,91,74,40,DM_atp_c0,19,12,optimal,1.5000000000000002,True,
GCF_003073375.1,141,151,145,DM_atp_c0,24,17,optimal,4.8333333333333295,True,
GCF_002998535.1,134,125,100,DM_atp_c0,24,17,optimal,4.749999999999998,True,
GCF_002998595.1,139,143,108,DM_atp_c0,29,20,optimal,9.000000000000005,True,
GCF_002998695.1,95,88,63,DM_atp_c0,22,15,optimal,0.0,False,
GCF_002998925.1,127,111,67,DM_atp_c0,25,18,optimal,0.9999999999999989,True,
GCF_003076475.1,142,142,137,DM_atp_c0,24,17,optimal,5.062500000000003,True,
GCF_003095655.1,139,136,115,DM_atp_c0,22,15,optimal,2.4999999999999987,True,
GCF_003096015.2,159,179,210,DM_atp_c0,31,20,optimal,12.625000000000004,True,
GCF_003096035.1,133,130,122,DM_atp_c0,23,16,optimal,5.000000000000002,True,
GCF_003073475.1,139,135,108,DM_atp_c0,26,19,optimal,5.749999999999998,True,
GCF_003074055.1,161,184,273,DM_atp_c0,28,21,optimal,16.374999999999964,True,
GCF_003076275.1,159,177,188,DM_atp_c0,25,18,optimal,9.943181818181817,True,
GCF_003076455.1,152,162,154,DM_atp_c0,25,18,optimal,8.274999999999997,True,
GCF_003061515.1,154,163,163,DM_atp_c0,24,17,optimal,3.666666666666666,True,
GCF_003063625.1,159,169,156,DM_atp_c0,25,18,optimal,5.749999999999996,True,
GCF_003063705.1,174,209,286,DM_atp_c0,31,22,optimal,17.12499999999999,True,
GCF_003065425.1,156,166,137,DM_atp_c0,26,19,optimal,10.556818181818178,True,
GCF_003096075.1,150,168,201,DM_atp_c0,25,18,optimal,6.781249999999999,True,
GCF_003096095.1,155,169,200,DM_atp_c0,25,18,optimal,10.656249999999995,True,
GCF_003096175.1,148,155,229,DM_atp_c0,25,18,optimal,9.750000000000005,True,
GCF_003096215.1,158,180,181,DM_atp_c0,25,18,optimal,12.749999999999995,True,
GCF_003097535.1,127,120,100,DM_atp_c0,22,15,optimal,0.6249999999999999,True,
GCF_003097575.1,136,141,126,DM_atp_c0,27,20,optimal,5.425000000000003,True,
GCF_003100395.1,169,182,211,DM_atp_c0,27,20,optimal,11.125000000000002,True,
GCF_003101015.1,163,170,131,DM_atp_c0,29,20,optimal,10.999999999999991,True,
GCF_003008515.1,156,171,190,DM_atp_c0,25,18,optimal,5.855769230769245,True,
GCF_003008535.1,156,175,182,DM_atp_c0,27,20,optimal,6.374999999999997,True,
GCF_003008555.2,158,174,200,DM_atp_c0,27,18,optimal,7.374999999999998,True,
GCF_003008575.1,159,171,197,DM_atp_c0,26,19,optimal,8.374999999999995,True,
GCF_003015165.1,167,186,219,DM_atp_c0,28,19,optimal,13.937499999999991,True,
GCF_003015185.1,156,159,155,DM_atp_c0,24,17,optimal,5.0,True,
GCF_003015225.1,144,151,142,DM_atp_c0,26,19,optimal,8.363636363636358,True,
GCF_003015715.1,151,164,159,DM_atp_c0,24,17,optimal,7.000000000000006,True,
GCF_003143535.1,145,134,122,DM_atp_c0,25,18,optimal,6.500000000000002,True,
GCF_003143555.1,151,154,133,DM_atp_c0,24,17,optimal,3.7499999999999973,True,
GCF_003148385.1,139,130,109,DM_atp_c0,22,15,optimal,2.250000000000001,True,
GCF_003149495.1,166,167,171,DM_atp_c0,26,19,optimal,8.447916666666668,True,
GCF_003149515.1,147,144,156,DM_atp_c0,24,17,optimal,5.4375,True,
GCF_003150835.1,152,152,167,DM_atp_c0,23,16,optimal,4.062500000000001,True,
GCF_003151025.1,112,109,98,DM_atp_c0,24,17,optimal,0.0,False,
GCF_003151255.1,153,165,179,DM_atp_c0,23,16,optimal,6.187500000000001,True,
GCF_003122385.1,159,172,177,DM_atp_c0,27,20,optimal,8.374999999999993,True,
GCF_003122425.1,126,119,92,DM_atp_c0,23,16,optimal,1.4999999999999991,True,
GCF_003130795.1,177,205,287,DM_atp_c0,29,20,optimal,11.6875,True,
GCF_003143515.1,162,183,200,DM_atp_c0,27,20,optimal,7.7321428571428585,True,
GCF_003173755.1,174,191,229,DM_atp_c0,27,20,optimal,8.375000000000004,True,
GCF_003176915.1,77,57,20,DM_atp_c0,20,13,optimal,0.0,False,
GCF_003177035.1,166,181,201,DM_atp_c0,28,19,optimal,10.874999999999995,True,
GCF_003184265.1,149,145,150,DM_atp_c0,26,17,optimal,6.170454545454547,True,
GCF_003185725.2,143,151,120,DM_atp_c0,23,16,optimal,4.428571428571423,True,
GCF_003194085.1,136,135,109,DM_atp_c0,23,16,optimal,4.833333333333337,True,
GCF_003201675.2,134,126,113,DM_atp_c0,24,17,optimal,0.0,False,
GCF_003201765.2,126,116,112,DM_atp_c0,22,15,optimal,0.0,False,
GCF_003172975.1,114,102,79,DM_atp_c0,21,14,optimal,2.9999999999999987,True,
GCF_003173015.1,142,146,121,DM_atp_c0,21,14,optimal,0.5000000000000003,True,
GCF_003173715.1,177,196,215,DM_atp_c0,28,21,optimal,12.107142857142856,True,
GCF_003173735.1,178,197,223,DM_atp_c0,28,21,optimal,9.625000000000005,True,
GCF_003111645.1,165,188,263,DM_atp_c0,29,20,optimal,13.352272727272725,True,
GCF_003111685.1,157,175,230,DM_atp_c0,25,18,optimal,5.855769230769233,True,
GCF_003111705.1,177,196,212,DM_atp_c0,28,21,optimal,11.346153846153852,True,
GCF_003119115.1,182,208,300,DM_atp_c0,26,19,optimal,14.432692307692307,True,
GCF_003264115.1,146,150,151,DM_atp_c0,23,16,optimal,6.25,True,
GCF_003265305.2,110,100,77,DM_atp_c0,22,15,optimal,3.6249999999999982,True,
GCF_003268005.1,124,97,81,DM_atp_c0,21,14,optimal,0.0,False,
GCF_003269425.1,143,145,120,DM_atp_c0,25,18,optimal,3.75,True,
GCF_003226855.1,111,97,62,DM_atp_c0,22,15,optimal,0.0,False,
GCF_003233655.1,184,202,275,DM_atp_c0,28,19,optimal,13.937499999999995,True,
GCF_003233695.1,151,151,141,DM_atp_c0,23,16,optimal,4.812499999999996,True,
GCF_003254375.1,176,198,240,DM_atp_c0,28,21,optimal,14.187500000000016,True,
GCF_003201835.2,128,122,118,DM_atp_c0,23,16,optimal,0.0,False,
GCF_003204265.1,179,214,303,DM_atp_c0,33,22,optimal,17.124999999999996,True,
GCF_003205815.1,167,187,229,DM_atp_c0,28,21,optimal,11.812499999999984,True,
GCF_003209315.1,154,166,154,DM_atp_c0,28,19,optimal,7.590909090909091,True,
GCF_003269445.1,81,70,30,DM_atp_c0,20,13,optimal,0.0,False,
GCF_003285265.1,146,142,119,DM_atp_c0,24,17,optimal,3.7500000000000018,True,
GCF_003286415.2,151,161,195,DM_atp_c0,27,20,optimal,9.749999999999986,True,
GCF_003286435.2,157,164,201,DM_atp_c0,26,19,optimal,12.98214285714285,True,
GCF_003255895.1,179,218,297,DM_atp_c0,33,22,optimal,17.187500000000007,True,
GCF_003258315.1,149,153,132,DM_atp_c0,24,17,optimal,5.687500000000003,True,
GCF_003258335.1,157,167,159,DM_atp_c0,26,19,optimal,7.7321428571428585,True,
GCF_003258605.2,158,176,253,DM_atp_c0,27,20,optimal,11.374999999999993,True,
GCF_003258705.1,157,162,173,DM_atp_c0,26,19,optimal,9.58928571428572,True,
GCF_003260975.1,158,160,151,DM_atp_c0,27,20,optimal,5.442307692307691,True,
GCF_003261295.1,136,133,107,DM_atp_c0,21,14,optimal,3.9687499999999996,True,
GCF_003261575.2,178,221,347,DM_atp_c0,31,22,optimal,17.725,True,
GCF_003065485.1,147,148,121,DM_atp_c0,23,16,optimal,5.500000000000007,True,
GCF_003065605.1,147,158,199,DM_atp_c0,26,19,optimal,9.624999999999996,True,
GCF_003070885.1,155,167,148,DM_atp_c0,26,19,optimal,10.556818181818121,True,
GCF_003071405.1,158,165,184,DM_atp_c0,24,17,optimal,6.437499999999996,True,
GCF_003287015.1,155,148,118,DM_atp_c0,27,20,optimal,7.125000000000002,True,
GCF_003287895.1,119,112,106,DM_atp_c0,23,16,optimal,2.2500000000000018,True,
GCF_003288095.1,160,185,237,DM_atp_c0,27,20,optimal,13.062499999999963,True,
GCF_003288315.1,153,171,199,DM_atp_c0,24,17,optimal,7.375000000000006,True,
GCF_003290445.1,138,147,121,DM_atp_c0,24,17,optimal,6.375000000000001,True,
GCF_003293695.1,140,130,121,DM_atp_c0,23,16,optimal,5.437500000000003,True,
GCF_003293715.1,157,178,193,DM_atp_c0,26,19,optimal,6.375000000000006,True,
GCF_003312875.1,162,184,291,DM_atp_c0,29,22,optimal,13.750000000000009,True,
GCF_003325495.1,171,186,205,DM_atp_c0,28,21,optimal,13.937500000000004,True,
GCF_003325955.1,137,135,96,DM_atp_c0,25,18,optimal,1.1363636363636396,True,
GCF_003326015.1,144,132,112,DM_atp_c0,25,16,optimal,0.12500000000000003,True,
GCF_003330725.1,145,155,168,DM_atp_c0,25,18,optimal,4.333333333333323,True,
GCF_003332325.1,84,71,28,DM_atp_c0,19,12,optimal,0.0,False,
GCF_003336325.1,172,205,265,DM_atp_c0,31,22,optimal,17.124999999999996,True,
GCF_003336365.1,142,146,172,DM_atp_c0,25,18,optimal,2.562499999999999,True,
GCF_003339525.1,161,169,153,DM_atp_c0,26,19,optimal,9.028846153846152,True,
GCF_003324675.1,156,164,163,DM_atp_c0,26,17,optimal,5.250000000000004,True,
GCF_003325355.1,158,170,179,DM_atp_c0,27,20,optimal,7.575000000000006,True,
GCF_003325455.1,141,155,180,DM_atp_c0,26,19,optimal,9.625000000000007,True,
GCF_003325475.1,171,186,206,DM_atp_c0,28,21,optimal,13.937500000000004,True,
GCF_003344865.1,153,169,226,DM_atp_c0,26,19,optimal,12.01785714285715,True,
GCF_003344925.1,134,129,113,DM_atp_c0,22,15,optimal,3.812499999999997,True,
GCF_003345215.1,149,160,136,DM_atp_c0,25,18,optimal,1.0000000000000016,True,
GCF_003346755.1,135,136,154,DM_atp_c0,28,19,optimal,7.375000000000002,True,
GCF_003314795.2,157,172,183,DM_atp_c0,26,19,optimal,11.017857142857148,True,
GCF_003315775.1,127,123,120,DM_atp_c0,23,16,optimal,2.9999999999999996,True,
GCF_003323795.1,147,164,152,DM_atp_c0,27,20,optimal,8.714285714285717,True,
GCF_003323835.1,176,212,303,DM_atp_c0,31,22,optimal,17.124999999999996,True,
GCF_003351905.1,80,64,26,DM_atp_c0,19,12,optimal,0.0,False,
GCF_003351945.1,118,118,84,DM_atp_c0,24,17,optimal,8.499999999999998,True,
GCF_003352005.1,149,165,160,DM_atp_c0,24,17,optimal,5.999999999999997,True,
GCF_003352045.1,151,162,196,DM_atp_c0,23,16,optimal,5.4375,True,
GCF_003330745.1,176,202,275,DM_atp_c0,31,22,optimal,14.693181818181811,True,
GCF_003330785.1,180,205,276,DM_atp_c0,28,21,optimal,14.8125,True,
GCF_003330825.1,177,202,266,DM_atp_c0,29,22,optimal,14.693181818181829,True,
GCF_003330885.1,147,154,186,DM_atp_c0,23,16,optimal,4.999999999999999,True,
GCF_003346775.1,145,144,163,DM_atp_c0,27,20,optimal,7.374999999999994,True,
GCF_003346815.1,132,136,147,DM_atp_c0,27,20,optimal,7.375000000000002,True,
GCF_003347035.1,149,158,155,DM_atp_c0,24,17,optimal,6.500000000000001,True,
GCF_003347135.1,136,141,118,DM_atp_c0,23,16,optimal,5.875000000000005,True,
GCF_003351745.1,154,163,156,DM_atp_c0,25,18,optimal,7.375000000000004,True,
GCF_003351765.1,154,176,186,DM_atp_c0,27,20,optimal,10.124999999999998,True,
GCF_003351785.1,148,167,156,DM_atp_c0,27,20,optimal,5.281249999999996,True,
GCF_003351865.1,99,84,76,DM_atp_c0,20,13,optimal,0.0,False,
GCF_003355515.1,126,127,115,DM_atp_c0,24,17,optimal,7.375000000000003,True,
GCF_003363675.2,143,142,131,DM_atp_c0,26,19,optimal,5.624999999999998,True,
GCF_003363775.1,106,94,53,DM_atp_c0,23,16,optimal,0.0,False,
GCF_003367355.1,153,148,139,DM_atp_c0,24,17,optimal,6.437500000000009,True,
GCF_003367705.1,153,165,144,DM_atp_c0,27,20,optimal,10.60714285714285,True,
GCF_003367905.1,147,141,137,DM_atp_c0,25,18,optimal,0.9999999999999998,True,
GCF_003368325.1,166,198,280,DM_atp_c0,28,21,optimal,11.341666666666669,True,
GCF_003383595.3,82,70,34,DM_atp_c0,19,12,optimal,0.0,False,
GCF_003353065.1,148,145,132,DM_atp_c0,25,18,optimal,9.749999999999996,True,
GCF_003355005.1,154,163,166,DM_atp_c0,25,18,optimal,8.028846153846153,True,
GCF_003355455.1,154,164,163,DM_atp_c0,25,18,optimal,6.791666666666669,True,
GCF_003355475.1,157,177,151,DM_atp_c0,28,21,optimal,16.25000000000003,True,
GCF_003391335.1,102,87,57,DM_atp_c0,22,15,optimal,3.8750000000000004,True,
GCF_003403095.1,163,183,208,DM_atp_c0,27,20,optimal,8.491666666666658,True,
GCF_003403315.2,140,138,134,DM_atp_c0,23,16,optimal,5.750000000000002,True,
GCF_003408515.1,154,170,225,DM_atp_c0,24,17,optimal,5.937500000000008,True,
GCF_003428925.1,160,185,256,DM_atp_c0,28,21,optimal,14.437500000000004,True,
GCF_003429285.1,159,175,154,DM_atp_c0,25,18,optimal,6.63461538461537,True,
GCF_003429505.1,131,123,129,DM_atp_c0,23,16,optimal,6.791666666666656,True,
GCF_003430805.1,142,139,147,DM_atp_c0,26,15,optimal,0.0,False,
GCF_003410315.1,137,135,106,DM_atp_c0,22,15,optimal,2.6999999999999984,True,
GCF_003425985.1,153,153,150,DM_atp_c0,25,18,optimal,3.6428571428571375,True,
GCF_003427415.1,163,180,171,DM_atp_c0,27,20,optimal,9.000000000000004,True,
GCF_003428335.1,153,161,216,DM_atp_c0,24,17,optimal,8.240384615384611,True,
GCF_003433515.1,149,165,183,DM_atp_c0,25,18,optimal,5.855769230769231,True,
GCF_003441595.1,164,182,230,DM_atp_c0,26,19,optimal,12.14772727272727,True,
GCF_003441615.1,160,164,186,DM_atp_c0,29,20,optimal,8.375,True,
GCF_003443515.1,170,186,214,DM_atp_c0,28,21,optimal,13.937499999999998,True,
GCF_003522965.1,122,121,96,DM_atp_c0,23,16,optimal,5.999999999999997,True,
GCF_003544855.1,133,136,153,DM_atp_c0,26,19,optimal,7.375000000000002,True,
GCF_003544875.1,168,191,200,DM_atp_c0,30,19,optimal,11.937499999999998,True,
GCF_003544915.1,141,143,154,DM_atp_c0,26,19,optimal,3.6249999999999947,True,
GCF_003443715.1,158,160,151,DM_atp_c0,26,19,optimal,8.375000000000025,True,
GCF_003443875.1,148,155,187,DM_atp_c0,25,18,optimal,7.760416666666671,True,
GCF_003444775.1,150,167,149,DM_atp_c0,25,18,optimal,5.000000000000003,True,
GCF_003454795.1,149,163,178,DM_atp_c0,24,17,optimal,5.750000000000005,True,
GCF_003485445.1,173,205,246,DM_atp_c0,29,22,optimal,17.624999999999993,True,
GCF_003491345.1,154,175,190,DM_atp_c0,25,18,optimal,5.855769230769231,True,
GCF_003515105.1,166,181,179,DM_atp_c0,27,20,optimal,9.142857142857153,True,
GCF_003515985.1,158,179,185,DM_atp_c0,26,19,optimal,9.249999999999996,True,
GCF_003589745.1,140,139,106,DM_atp_c0,26,19,optimal,4.75,True,
GCF_003589925.1,154,169,195,DM_atp_c0,27,20,optimal,9.750000000000007,True,
GCF_003590055.1,159,173,200,DM_atp_c0,26,19,optimal,8.329545454545448,True,
GCF_003595195.1,136,140,109,DM_atp_c0,22,15,optimal,3.5000000000000004,True,
GCF_003584645.1,163,169,207,DM_atp_c0,24,17,optimal,5.855769230769234,True,
GCF_003584685.1,112,108,74,DM_atp_c0,24,17,optimal,4.0,True,
GCF_003585765.1,154,161,185,DM_atp_c0,26,19,optimal,6.375000000000005,True,
GCF_003586445.1,166,190,211,DM_atp_c0,27,20,optimal,13.912500000000007,True,
GCF_003606345.3,119,120,105,DM_atp_c0,22,15,optimal,5.6875000000000036,True,
GCF_003609795.1,165,186,217,DM_atp_c0,27,20,optimal,11.98214285714288,True,
GCF_003609975.1,115,106,91,DM_atp_c0,23,16,optimal,3.000000000000006,True,
GCF_003609995.1,122,123,113,DM_atp_c0,30,19,optimal,5.166666666666662,True,
GCF_003339775.1,91,83,43,DM_atp_c0,21,14,optimal,0.0,False,
GCF_003342675.1,146,142,140,DM_atp_c0,24,17,optimal,0.0,False,
GCF_003342695.1,147,141,142,DM_atp_c0,24,17,optimal,0.0,False,
GCF_003343305.1,145,150,214,DM_atp_c0,25,18,optimal,7.9999999999999964,True,
GCF_003595235.1,163,183,302,DM_atp_c0,27,20,optimal,16.374999999999975,True,
GCF_003595305.1,166,185,222,DM_atp_c0,25,18,optimal,8.028846153846152,True,
GCF_003597675.1,168,196,232,DM_atp_c0,29,20,optimal,9.000000000000002,True,
GCF_003600625.1,153,159,143,DM_atp_c0,25,18,optimal,5.250000000000001,True,
GCF_003612895.1,137,132,103,DM_atp_c0,23,16,optimal,3.291666666666665,True,
GCF_003627055.1,146,155,138,DM_atp_c0,25,18,optimal,8.499999999999991,True,
GCF_003627075.1,151,162,133,DM_atp_c0,26,19,optimal,10.499999999999998,True,
GCF_003627095.1,137,134,106,DM_atp_c0,25,18,optimal,8.999999999999998,True,
GCF_003628755.1,140,137,133,DM_atp_c0,23,16,optimal,0.9999999999999993,True,
GCF_003640545.1,89,70,26,DM_atp_c0,21,14,optimal,0.0,False,
GCF_003660165.1,145,153,189,DM_atp_c0,23,16,optimal,4.6875,True,
GCF_003665575.1,179,216,283,DM_atp_c0,33,22,optimal,17.187499999999993,True,
GCF_003443535.1,156,171,211,DM_atp_c0,25,18,optimal,7.375000000000004,True,
GCF_003443595.1,153,168,183,DM_atp_c0,23,16,optimal,5.437500000000002,True,
GCF_003443675.1,157,164,147,DM_atp_c0,26,19,optimal,8.375000000000002,True,
GCF_003443695.1,155,159,142,DM_atp_c0,25,18,optimal,8.375000000000004,True,
GCF_003352085.1,162,181,223,DM_atp_c0,27,18,optimal,7.374999999999999,True,
GCF_003352185.1,169,192,235,DM_atp_c0,29,22,optimal,9.975,True,
GCF_003352465.1,137,132,115,DM_atp_c0,23,16,optimal,3.7999999999999936,True,
GCF_003352785.1,129,125,99,DM_atp_c0,23,16,optimal,4.249999999999999,True,
GCF_003687485.1,153,167,157,DM_atp_c0,26,19,optimal,5.442307692307694,True,
GCF_003688615.2,158,181,185,DM_atp_c0,27,20,optimal,11.124999999999991,True,
GCF_003691365.1,139,152,112,DM_atp_c0,26,19,optimal,7.625000000000002,True,
GCF_003692615.1,140,139,115,DM_atp_c0,25,18,optimal,3.1875000000000004,True,
GCF_003430825.1,142,139,146,DM_atp_c0,26,15,optimal,0.0,False,
GCF_003431325.1,120,103,77,DM_atp_c0,19,12,optimal,0.0,False,
GCF_003431825.1,163,175,203,DM_atp_c0,26,19,optimal,11.017857142857173,True,
GCF_003432385.1,158,170,192,DM_atp_c0,25,18,optimal,5.855769230769233,True,
GCF_003726095.1,155,173,189,DM_atp_c0,27,20,optimal,11.499999999999996,True,
GCF_003732505.1,115,113,95,DM_atp_c0,24,17,optimal,4.0,True,
GCF_003795125.1,133,132,116,DM_atp_c0,25,18,optimal,8.000000000000002,True,
GCF_003795145.1,131,132,133,DM_atp_c0,25,18,optimal,7.9999999999999964,True,
GCF_003711205.1,159,173,183,DM_atp_c0,26,19,optimal,6.375000000000035,True,
GCF_003711225.1,157,163,178,DM_atp_c0,26,19,optimal,7.574999999999998,True,
GCF_003713065.1,155,167,181,DM_atp_c0,25,18,optimal,7.708333333333338,True,
GCF_003721155.3,154,163,180,DM_atp_c0,26,19,optimal,6.416666666666668,True,
GCF_003721175.2,139,140,141,DM_atp_c0,24,17,optimal,0.0,False,
GCF_003721435.2,142,154,160,DM_atp_c0,30,19,optimal,0.9999999999999998,True,
GCF_003722295.1,135,126,150,DM_atp_c0,23,16,optimal,6.791666666666666,True,
GCF_003722335.1,156,170,182,DM_atp_c0,26,19,optimal,7.6250000000000036,True,
GCF_003544935.1,149,150,153,DM_atp_c0,29,20,optimal,7.375000000000001,True,
GCF_003546645.1,153,174,185,DM_atp_c0,28,21,optimal,14.693181818181833,True,
GCF_003546865.1,131,132,110,DM_atp_c0,24,17,optimal,7.499999999999989,True,
GCF_003555545.1,167,175,180,DM_atp_c0,27,20,optimal,9.22222222222222,True,
GCF_003600685.1,166,188,262,DM_atp_c0,28,21,optimal,8.37499999999999,True,
GCF_003606265.1,135,133,117,DM_atp_c0,26,19,optimal,7.749999999999999,True,
GCF_003606285.1,96,87,39,DM_atp_c0,22,15,optimal,0.0,False,
GCF_003606325.2,119,120,104,DM_atp_c0,22,15,optimal,5.6875000000000036,True,
GCF_003574215.1,157,159,156,DM_atp_c0,26,19,optimal,8.374999999999996,True,
GCF_003574965.1,149,148,126,DM_atp_c0,25,18,optimal,5.499999999999994,True,
GCF_003576455.2,151,161,189,DM_atp_c0,26,19,optimal,9.74999999999999,True,
GCF_003584565.2,163,179,175,DM_atp_c0,26,19,optimal,7.423076923076928,True,
GCF_003815735.1,148,154,181,DM_atp_c0,25,18,optimal,6.0000000000000036,True,
GCF_003815775.1,147,152,161,DM_atp_c0,26,19,optimal,7.749999999999987,True,
GCF_003815875.1,150,155,180,DM_atp_c0,25,18,optimal,6.0000000000000036,True,
GCF_003854895.1,159,175,256,DM_atp_c0,26,19,optimal,8.375,True,
GCF_003568585.1,141,138,130,DM_atp_c0,20,13,optimal,0.0,False,
GCF_003568625.1,157,182,280,DM_atp_c0,26,19,optimal,12.017857142857132,True,
GCF_003569745.1,157,163,182,DM_atp_c0,24,17,optimal,6.249999999999995,True,
GCF_003574135.1,121,111,84,DM_atp_c0,23,16,optimal,0.0,False,
GCF_003925915.1,175,208,288,DM_atp_c0,30,21,optimal,17.625,True,
GCF_003931795.1,109,105,78,DM_atp_c0,22,15,optimal,3.0,True,
GCF_003931855.1,149,163,148,DM_atp_c0,25,18,optimal,5.774999999999986,True,
GCF_003932735.1,115,105,75,DM_atp_c0,21,14,optimal,3.800000000000001,True,
GCF_003860565.1,141,141,132,DM_atp_c0,22,15,optimal,6.749999999999999,True,
GCF_003864115.1,173,207,249,DM_atp_c0,31,22,optimal,17.624999999999993,True,
GCF_003864155.1,146,155,119,DM_atp_c0,26,19,optimal,11.000000000000005,True,
GCF_003925875.1,127,116,96,DM_atp_c0,22,15,optimal,1.9999999999999996,True,
GCF_003856835.1,147,146,150,DM_atp_c0,24,17,optimal,0.5,True,
GCF_003856975.1,157,173,156,DM_atp_c0,27,20,optimal,10.556818181818185,True,
GCF_003860345.1,157,166,218,DM_atp_c0,22,15,optimal,6.250000000000002,True,
GCF_003860405.1,151,154,144,DM_atp_c0,25,18,optimal,7.624999999999997,True,
GCF_003854935.1,170,196,258,DM_atp_c0,26,19,optimal,11.124999999999996,True,
GCF_003855095.1,159,180,318,DM_atp_c0,26,19,optimal,12.017857142857132,True,
GCF_003855395.1,168,189,193,DM_atp_c0,29,20,optimal,11.374999999999966,True,
GCF_003855495.1,165,183,189,DM_atp_c0,26,19,optimal,12.017857142857153,True,
GCF_003627135.1,114,107,85,DM_atp_c0,23,16,optimal,4.000000000000001,True,
GCF_003627155.1,110,101,80,DM_atp_c0,23,16,optimal,4.0000000000000036,True,
GCF_003627755.1,168,199,281,DM_atp_c0,27,20,optimal,11.857142857142863,True,
GCF_003628555.1,169,183,299,DM_atp_c0,29,20,optimal,8.375000000000005,True,
GCF_003952665.1,164,181,211,DM_atp_c0,26,19,optimal,8.375000000000007,True,
GCF_003952725.1,156,162,189,DM_atp_c0,23,16,optimal,4.250000000000006,True,
GCF_003953885.1,147,146,188,DM_atp_c0,25,18,optimal,3.999999999999999,True,
GCF_003955735.1,161,182,191,DM_atp_c0,26,19,optimal,12.124999999999995,True,
GCF_003952225.1,161,175,192,DM_atp_c0,24,17,optimal,7.7750000000000075,True,
GCF_003952265.1,141,155,142,DM_atp_c0,28,19,optimal,11.9375,True,
GCF_003952345.1,162,170,171,DM_atp_c0,29,20,optimal,11.937499999999996,True,
GCF_003952365.1,174,191,236,DM_atp_c0,25,18,optimal,9.03846153846145,True,
GCF_003955755.1,132,127,116,DM_atp_c0,23,16,optimal,3.4999999999999996,True,
GCF_003963555.1,123,119,89,DM_atp_c0,23,16,optimal,4.000000000000003,True,
GCF_003966335.1,136,129,97,DM_atp_c0,23,16,optimal,0.5000000000000007,True,
GCF_003966365.1,142,156,139,DM_atp_c0,28,21,optimal,8.500000000000002,True,
GCF_003610015.1,138,126,117,DM_atp_c0,23,16,optimal,4.375,True,
GCF_003611275.1,155,168,195,DM_atp_c0,25,18,optimal,5.855769230769232,True,
GCF_003612775.1,153,169,222,DM_atp_c0,24,17,optimal,5.9375000000000115,True,
GCF_003612795.1,170,191,219,DM_atp_c0,28,21,optimal,8.874999999999998,True,
GCF_003669015.1,160,179,199,DM_atp_c0,27,20,optimal,6.375000000000003,True,
GCF_003669035.1,146,154,152,DM_atp_c0,25,18,optimal,6.375000000000039,True,
GCF_003671915.1,152,170,201,DM_atp_c0,25,18,optimal,6.500000000000001,True,
GCF_003675305.1,172,201,263,DM_atp_c0,31,22,optimal,17.12499999999999,True,
GCF_003966655.1,133,132,157,DM_atp_c0,24,17,optimal,4.458333333333331,True,
GCF_003966675.1,158,174,156,DM_atp_c0,28,21,optimal,7.732142857142859,True,
GCF_003966715.1,161,160,182,DM_atp_c0,26,19,optimal,8.374999999999986,True,
GCF_003966735.1,143,152,175,DM_atp_c0,27,20,optimal,11.77499999999998,True,
GCF_003966975.1,126,124,135,DM_atp_c0,23,16,optimal,4.000000000000002,True,
GCF_003967015.1,141,145,120,DM_atp_c0,24,17,optimal,4.4375000000000036,True,
GCF_003967035.1,153,162,158,DM_atp_c0,24,17,optimal,9.499999999999991,True,
GCF_003967095.1,156,170,195,DM_atp_c0,26,19,optimal,8.708333333333341,True,
GCF_003971195.1,151,158,145,DM_atp_c0,29,20,optimal,8.187499999999993,True,
GCF_003971255.1,160,173,169,DM_atp_c0,24,17,optimal,4.428571428571429,True,
GCF_003990395.1,124,124,133,DM_atp_c0,23,16,optimal,2.9999999999999987,True,
GCF_003990665.1,135,130,109,DM_atp_c0,23,16,optimal,6.299999999999986,True,
GCF_003967175.1,127,112,94,DM_atp_c0,19,12,optimal,0.0,False,
GCF_003970675.1,162,165,166,DM_atp_c0,24,17,optimal,5.6874999999999964,True,
GCF_003970695.1,151,154,125,DM_atp_c0,26,19,optimal,6.964285714285711,True,
GCF_003970735.1,152,167,200,DM_atp_c0,24,17,optimal,8.187499999999986,True,
GCF_003990725.2,137,140,133,DM_atp_c0,23,16,optimal,0.0,False,
GCF_003991075.1,140,145,133,DM_atp_c0,25,18,optimal,7.500000000000002,True,
GCF_003991135.1,119,114,97,DM_atp_c0,22,15,optimal,1.0000000000000002,True,
GCF_003991425.1,161,173,180,DM_atp_c0,27,20,optimal,8.249999999999995,True,
GCF_003798325.1,150,155,146,DM_atp_c0,28,21,optimal,12.124999999999998,True,
GCF_003812505.1,151,171,140,DM_atp_c0,27,20,optimal,13.12499999999999,True,
GCF_003812705.1,149,154,171,DM_atp_c0,26,19,optimal,7.749999999999992,True,
GCF_003815615.1,146,149,146,DM_atp_c0,24,17,optimal,5.062499999999998,True,
GCF_003991565.1,132,127,113,DM_atp_c0,24,17,optimal,3.6249999999999987,True,
GCF_003991855.1,152,164,152,DM_atp_c0,26,19,optimal,11.812500000000009,True,
GCF_003991875.1,146,154,147,DM_atp_c0,25,18,optimal,3.0000000000000036,True,
GCF_003994395.1,160,182,260,DM_atp_c0,28,21,optimal,11.375000000000016,True,
GCF_004010835.2,122,126,110,DM_atp_c0,24,17,optimal,4.499999999999999,True,
GCF_004011055.1,138,146,158,DM_atp_c0,25,18,optimal,7.750000000000003,True,
GCF_004011095.1,140,145,107,DM_atp_c0,24,17,optimal,7.74999999999999,True,
GCF_004011115.1,147,150,113,DM_atp_c0,24,17,optimal,7.749999999999997,True,
GCF_003999255.1,127,114,97,DM_atp_c0,24,17,optimal,5.249999999999997,True,
GCF_003999525.1,154,170,160,DM_atp_c0,26,19,optimal,9.086538461538462,True,
GCF_004000605.1,146,146,144,DM_atp_c0,22,15,optimal,5.437499999999999,True,
GCF_004006175.1,155,172,222,DM_atp_c0,25,18,optimal,7.375000000000001,True,
GCF_004006315.1,124,123,116,DM_atp_c0,25,18,optimal,7.375000000000003,True,
GCF_004006435.1,166,187,183,DM_atp_c0,29,22,optimal,10.500000000000005,True,
GCF_004010755.1,174,206,282,DM_atp_c0,32,21,optimal,17.12499999999999,True,
GCF_004010775.1,158,173,191,DM_atp_c0,27,20,optimal,7.491666666666659,True,
GCF_004011135.1,152,168,145,DM_atp_c0,27,20,optimal,11.812500000000005,True,
GCF_004011905.1,158,181,233,DM_atp_c0,26,19,optimal,12.017857142857135,True,
GCF_004014695.1,163,182,198,DM_atp_c0,26,19,optimal,8.39285714285714,True,
GCF_004014775.2,141,154,154,DM_atp_c0,25,18,optimal,6.375000000000001,True,
GCF_004014985.1,144,149,133,DM_atp_c0,25,18,optimal,8.499999999999993,True,
GCF_004022485.1,144,142,119,DM_atp_c0,24,17,optimal,3.6874999999999964,True,
GCF_004022565.1,155,167,208,DM_atp_c0,24,17,optimal,9.458333333333329,True,
GCF_004028235.1,145,153,112,DM_atp_c0,24,17,optimal,6.000000000000005,True,
GCF_003939045.1,124,122,102,DM_atp_c0,26,19,optimal,7.375000000000001,True,
GCF_003940805.1,159,164,185,DM_atp_c0,24,17,optimal,5.000000000000001,True,
GCF_003945305.1,142,148,145,DM_atp_c0,25,18,optimal,7.4886363636363695,True,
GCF_003945325.1,138,140,155,DM_atp_c0,22,15,optimal,5.25,True,
GCF_004102925.1,150,152,154,DM_atp_c0,21,14,optimal,3.8124999999999987,True,
GCF_004102945.1,105,89,71,DM_atp_c0,22,15,optimal,1.0,True,
GCF_004103715.1,132,126,139,DM_atp_c0,24,17,optimal,2.000000000000001,True,
GCF_004103735.1,131,126,115,DM_atp_c0,22,15,optimal,0.0,False,
GCF_004028275.1,139,145,125,DM_atp_c0,25,18,optimal,7.5,True,
GCF_004087915.1,147,146,161,DM_atp_c0,28,19,optimal,10.750000000000002,True,
GCF_004101865.1,152,169,201,DM_atp_c0,25,18,optimal,6.625000000000006,True,
GCF_004102045.2,110,110,86,DM_atp_c0,22,15,optimal,4.5,True,
GCF_003945345.1,157,178,211,DM_atp_c0,26,19,optimal,10.541666666666652,True,
GCF_003945365.1,127,111,89,DM_atp_c0,23,16,optimal,0.0,False,
GCF_003945385.1,159,183,359,DM_atp_c0,29,22,optimal,13.874999999999968,True,
GCF_003950215.1,169,192,224,DM_atp_c0,28,21,optimal,8.874999999999991,True,
GCF_004103755.1,148,146,163,DM_atp_c0,24,17,optimal,1.2499999999999998,True,
GCF_004114375.1,141,147,125,DM_atp_c0,25,18,optimal,0.9999999999999991,True,
GCF_004114615.1,151,147,133,DM_atp_c0,22,15,optimal,4.750000000000001,True,
GCF_004114795.1,156,170,180,DM_atp_c0,26,19,optimal,11.017857142857146,True,
GCF_004124235.1,171,196,229,DM_atp_c0,29,20,optimal,17.125000000000007,True,
GCF_004124255.1,127,107,75,DM_atp_c0,19,12,optimal,0.0,False,
GCF_004126515.1,137,136,139,DM_atp_c0,22,15,optimal,0.0,False,
GCF_004135085.1,112,108,77,DM_atp_c0,23,16,optimal,1.0,True,
GCF_003966755.1,127,109,74,DM_atp_c0,21,14,optimal,3.8000000000000003,True,
GCF_003966895.1,132,128,140,DM_atp_c0,27,18,optimal,5.583333333333331,True,
GCF_003966915.1,117,110,93,DM_atp_c0,20,13,optimal,3.800000000000001,True,
GCF_003966955.1,116,117,87,DM_atp_c0,25,18,optimal,6.000000000000001,True,
GCF_004135285.1,151,163,162,DM_atp_c0,26,19,optimal,5.968750000000001,True,
GCF_004135345.1,151,162,150,DM_atp_c0,25,18,optimal,9.999999999999996,True,
GCF_004135385.1,154,167,152,DM_atp_c0,26,19,optimal,13.187500000000004,True,
GCF_004135405.1,148,158,134,DM_atp_c0,26,19,optimal,8.249999999999998,True,
GCF_004117055.1,156,167,194,DM_atp_c0,26,19,optimal,6.999999999999985,True,
GCF_004117095.1,155,171,185,DM_atp_c0,25,18,optimal,9.085227272727264,True,
GCF_004118935.1,148,156,144,DM_atp_c0,24,17,optimal,6.000000000000002,True,
GCF_004123675.1,154,169,209,DM_atp_c0,25,18,optimal,6.375000000000003,True,
GCF_004136315.1,164,189,217,DM_atp_c0,27,20,optimal,13.352272727272728,True,
GCF_004139715.1,139,139,106,DM_atp_c0,23,16,optimal,3.3333333333333552,True,
GCF_004168365.1,161,162,165,DM_atp_c0,26,19,optimal,8.375000000000016,True,
GCF_004171285.1,104,92,72,DM_atp_c0,19,12,optimal,0.0,False,
GCF_004135585.1,158,175,195,DM_atp_c0,26,19,optimal,9.028846153846155,True,
GCF_004135935.1,158,166,151,DM_atp_c0,26,19,optimal,8.375,True,
GCF_004135975.1,148,151,201,DM_atp_c0,29,22,optimal,13.893518518518512,True,
GCF_004136295.1,163,172,195,DM_atp_c0,26,19,optimal,6.375000000000003,True,
GCF_004296475.1,62,44,5,DM_atp_c0,18,11,optimal,0.0,False,
GCF_004299785.2,125,121,104,DM_atp_c0,25,18,optimal,7.375000000000001,True,
GCF_004299845.1,145,150,117,DM_atp_c0,26,19,optimal,11.824999999999989,True,
GCF_004322755.1,164,183,213,DM_atp_c0,27,20,optimal,8.374999999999996,True,
GCF_004193915.1,164,177,229,DM_atp_c0,26,19,optimal,8.946428571428573,True,
GCF_004208415.1,154,174,242,DM_atp_c0,27,20,optimal,13.296875000000014,True,
GCF_004208635.1,141,145,134,DM_atp_c0,22,15,optimal,3.4999999999999982,True,
GCF_004210255.1,135,138,210,DM_atp_c0,23,16,optimal,3.0000000000000004,True,
GCF_004216475.1,161,177,192,DM_atp_c0,25,18,optimal,7.375000000000004,True,
GCF_004295125.1,133,131,139,DM_atp_c0,27,18,optimal,2.999999999999997,True,
GCF_004295345.1,163,179,182,DM_atp_c0,29,20,optimal,12.350000000000005,True,
GCF_004295485.1,147,155,196,DM_atp_c0,26,19,optimal,6.170454545454555,True,
GCF_004295585.1,157,171,181,DM_atp_c0,23,16,optimal,6.916666666666685,True,
GCF_004295645.1,163,185,240,DM_atp_c0,31,20,optimal,12.625000000000012,True,
GCF_004295665.1,158,167,153,DM_atp_c0,24,17,optimal,6.170454545454548,True,
GCF_004295685.1,143,144,118,DM_atp_c0,24,17,optimal,7.874999999999997,True,
GCF_004322855.1,142,149,175,DM_atp_c0,25,18,optimal,2.5,True,
GCF_004323735.1,156,172,214,DM_atp_c0,26,19,optimal,12.421874999999991,True,
GCF_004328495.1,155,183,207,DM_atp_c0,25,18,optimal,5.85576923076923,True,
GCF_004328535.1,158,171,150,DM_atp_c0,28,21,optimal,10.500000000000002,True,
GCF_004353865.1,161,180,239,DM_atp_c0,26,19,optimal,11.017857142857151,True,
GCF_004358325.1,116,118,86,DM_atp_c0,24,17,optimal,4.9999999999999885,True,
GCF_004359375.1,91,85,52,DM_atp_c0,21,14,optimal,0.0,False,
GCF_004367585.1,158,180,189,DM_atp_c0,28,21,optimal,7.499999999999993,True,
GCF_004337365.2,152,157,141,DM_atp_c0,25,18,optimal,7.083333333333326,True,
GCF_004345025.1,151,160,144,DM_atp_c0,24,17,optimal,3.6666666666666714,True,
GCF_004346925.1,157,180,178,DM_atp_c0,27,20,optimal,8.04166666666667,True,
GCF_004353225.1,164,182,175,DM_atp_c0,28,19,optimal,8.39285714285715,True,
GCF_004328555.1,155,174,196,DM_atp_c0,27,20,optimal,8.0,True,
GCF_004328865.1,161,177,174,DM_atp_c0,26,19,optimal,8.29545454545455,True,
GCF_004328945.1,173,194,212,DM_atp_c0,28,21,optimal,13.937499999999998,True,
GCF_004331955.1,159,169,179,DM_atp_c0,24,17,optimal,4.374999999999998,True,
GCF_004421105.1,159,155,187,DM_atp_c0,22,15,optimal,6.450000000000001,True,
GCF_004519465.1,153,167,187,DM_atp_c0,27,20,optimal,8.458333333333337,True,
GCF_004519515.1,159,165,136,DM_atp_c0,27,18,optimal,9.99999999999999,True,
GCF_004526235.1,143,140,152,DM_atp_c0,25,18,optimal,6.0,True,
GCF_004367745.1,163,184,213,DM_atp_c0,27,20,optimal,8.375000000000004,True,
GCF_004379295.1,150,162,160,DM_atp_c0,27,18,optimal,5.6875000000000115,True,
GCF_004421005.1,156,178,178,DM_atp_c0,26,19,optimal,5.499999999999997,True,
GCF_004421025.1,148,151,162,DM_atp_c0,25,18,optimal,6.000000000000001,True,
GCF_004551665.1,148,149,160,DM_atp_c0,25,18,optimal,5.500000000000004,True,
GCF_004564075.1,156,166,132,DM_atp_c0,28,21,optimal,10.499999999999996,True,
GCF_004564355.1,153,172,156,DM_atp_c0,27,20,optimal,7.749999999999999,True,
GCF_004564375.1,149,152,167,DM_atp_c0,24,17,optimal,7.3942307692307745,True,
GCF_004571175.1,147,146,129,DM_atp_c0,23,16,optimal,5.500000000000001,True,
GCF_004571195.1,142,141,107,DM_atp_c0,24,17,optimal,5.437499999999995,True,
GCF_004634385.1,138,134,130,DM_atp_c0,23,16,optimal,0.0,False,
GCF_004634405.1,160,182,263,DM_atp_c0,26,19,optimal,9.965909090909092,True,
GCF_004777465.1,135,129,119,DM_atp_c0,24,17,optimal,2.3750000000000004,True,
GCF_004792515.1,124,123,91,DM_atp_c0,24,17,optimal,7.9999999999999964,True,
GCF_004795735.1,147,153,120,DM_atp_c0,25,18,optimal,4.249999999999998,True,
GCF_004795775.1,157,165,167,DM_atp_c0,26,19,optimal,7.590909090909093,True,
GCF_004683885.1,143,144,127,DM_atp_c0,22,15,optimal,6.937499999999996,True,
GCF_004683965.1,144,154,172,DM_atp_c0,24,17,optimal,5.321428571428576,True,
GCF_004684265.1,175,209,260,DM_atp_c0,32,21,optimal,17.12499999999999,True,
GCF_004751985.1,163,172,181,DM_atp_c0,25,18,optimal,5.375,True,
GCF_004752005.1,162,170,177,DM_atp_c0,26,17,optimal,5.937499999999999,True,
GCF_004768525.1,154,169,149,DM_atp_c0,27,18,optimal,8.75,True,
GCF_004768545.1,185,211,395,DM_atp_c0,30,21,optimal,11.500000000000004,True,
GCF_004771075.1,126,120,93,DM_atp_c0,24,17,optimal,5.0,True,
GCF_004795855.1,169,190,235,DM_atp_c0,27,20,optimal,13.352272727272764,True,
GCF_004795895.1,161,176,190,DM_atp_c0,26,19,optimal,8.374999999999977,True,
GCF_004797125.1,135,126,117,DM_atp_c0,22,15,optimal,5.000000000000007,True,
GCF_004798685.1,149,170,149,DM_atp_c0,26,19,optimal,14.687500000000034,True,
GCF_004798705.1,154,174,218,DM_atp_c0,27,20,optimal,13.232142857142849,True,
GCF_004799645.1,139,139,180,DM_atp_c0,23,16,optimal,1.0000000000000004,True,
GCF_004799665.1,148,152,138,DM_atp_c0,27,16,optimal,0.0,False,
GCF_004799685.1,149,158,169,DM_atp_c0,25,18,optimal,0.0,False,
GCF_004802635.2,168,178,191,DM_atp_c0,26,19,optimal,12.017857142857142,True,
GCF_004803715.2,150,148,135,DM_atp_c0,23,16,optimal,6.020833333333338,True,
GCF_004803735.1,145,153,131,DM_atp_c0,28,17,optimal,0.9999999999999996,True,
GCF_004804395.1,174,208,266,DM_atp_c0,31,22,optimal,17.12499999999999,True,
GCF_004843725.1,143,143,120,DM_atp_c0,22,15,optimal,2.8333333333333317,True,
GCF_004851605.1,157,172,167,DM_atp_c0,25,18,optimal,5.750000000000002,True,
GCF_004916735.1,162,178,191,DM_atp_c0,26,19,optimal,8.749999999999998,True,
GCF_004924335.1,157,176,205,DM_atp_c0,27,20,optimal,9.71590909090909,True,
GCF_005166025.1,144,146,137,DM_atp_c0,25,18,optimal,6.833333333333334,True,
GCF_005221285.1,140,144,127,DM_atp_c0,24,17,optimal,8.000000000000005,True,
GCF_005221305.1,139,143,130,DM_atp_c0,23,16,optimal,7.750000000000003,True,
GCF_005221365.1,154,179,193,DM_atp_c0,24,17,optimal,5.85576923076923,True,
GCF_004114895.1,154,155,123,DM_atp_c0,27,20,optimal,4.499999999999996,True,
GCF_004114955.1,171,200,287,DM_atp_c0,27,20,optimal,13.437499999999996,True,
GCF_004114975.1,169,201,319,DM_atp_c0,27,20,optimal,8.625,True,
GCF_004116975.1,170,194,223,DM_atp_c0,29,20,optimal,17.124999999999996,True,
GCF_005145005.1,128,129,106,DM_atp_c0,24,17,optimal,7.999999999999993,True,
GCF_005145025.1,151,163,209,DM_atp_c0,24,17,optimal,6.937500000000008,True,
GCF_005145045.1,153,175,199,DM_atp_c0,25,18,optimal,5.855769230769233,True,
GCF_005155585.1,131,130,130,DM_atp_c0,22,15,optimal,0.0,False,
GCF_005083985.2,122,121,113,DM_atp_c0,25,18,optimal,7.375000000000003,True,
GCF_005121165.1,137,130,88,DM_atp_c0,24,17,optimal,1.0,True,
GCF_005144885.1,160,181,271,DM_atp_c0,25,18,optimal,8.375000000000004,True,
GCF_005144905.1,172,199,226,DM_atp_c0,32,21,optimal,14.999999999999984,True,
GCF_005222525.1,138,128,122,DM_atp_c0,23,16,optimal,0.0,False,
GCF_005234115.1,158,162,180,DM_atp_c0,26,19,optimal,7.750000000000003,True,
GCF_005234135.1,161,173,193,DM_atp_c0,24,17,optimal,6.437500000000008,True,
GCF_005239365.1,173,199,235,DM_atp_c0,30,21,optimal,14.999999999999995,True,
GCF_005280275.1,158,173,184,DM_atp_c0,26,19,optimal,8.749999999999998,True,
GCF_005280295.1,138,148,153,DM_atp_c0,23,16,optimal,3.1000000000000005,True,
GCF_005280315.1,166,192,223,DM_atp_c0,28,21,optimal,8.374999999999998,True,
GCF_005280655.1,135,129,218,DM_atp_c0,22,15,optimal,3.4999999999999996,True,
GCF_005281435.1,171,198,232,DM_atp_c0,28,21,optimal,17.125,True,
GCF_005304985.1,119,115,101,DM_atp_c0,22,15,optimal,5.625,True,
GCF_005347505.1,147,154,240,DM_atp_c0,27,20,optimal,12.749999999999996,True,
GCF_005377625.1,144,136,170,DM_atp_c0,24,17,optimal,11.067307692307688,True,
GCF_005484985.1,144,145,124,DM_atp_c0,24,17,optimal,6.0000000000000115,True,
GCF_005490785.1,156,172,138,DM_atp_c0,28,21,optimal,11.829545454545439,True,
GCF_005490985.1,155,159,133,DM_atp_c0,26,19,optimal,8.166666666666659,True,
GCF_005491425.1,149,163,156,DM_atp_c0,25,18,optimal,3.277777777777778,True,
GCF_005484585.1,152,151,142,DM_atp_c0,24,17,optimal,6.093749999999995,True,
GCF_005484925.1,153,172,163,DM_atp_c0,25,18,optimal,5.285714285714286,True,
GCF_005484945.1,168,183,203,DM_atp_c0,25,18,optimal,10.249999999999991,True,
GCF_005484965.1,172,198,237,DM_atp_c0,26,19,optimal,15.567307692307685,True,
GCF_005843885.1,180,211,268,DM_atp_c0,32,21,optimal,17.125,True,
GCF_005843985.1,113,112,106,DM_atp_c0,24,17,optimal,2.999999999999999,True,
GCF_005848555.1,131,132,125,DM_atp_c0,25,18,optimal,4.5,True,
GCF_005885815.1,136,134,117,DM_atp_c0,24,17,optimal,3.8749999999999987,True,
GCF_006542335.1,136,130,104,DM_atp_c0,25,18,optimal,4.749999999999999,True,
GCF_006542355.1,126,119,87,DM_atp_c0,22,15,optimal,1.4999999999999993,True,
GCF_006542375.1,125,121,85,DM_atp_c0,22,15,optimal,3.000000000000001,True,
GCF_006542395.2,123,124,81,DM_atp_c0,23,16,optimal,2.9999999999999996,True,
GCF_005954645.2,157,169,187,DM_atp_c0,27,20,optimal,13.328124999999996,True,
GCF_006007965.1,148,161,178,DM_atp_c0,25,18,optimal,10.390624999999995,True,
GCF_006016075.1,134,132,133,DM_atp_c0,26,19,optimal,4.000000000000003,True,
GCF_006065315.1,160,160,141,DM_atp_c0,27,20,optimal,6.964285714285711,True,
GCF_006542605.1,152,159,159,DM_atp_c0,24,17,optimal,6.166666666666661,True,
GCF_006542645.1,132,122,107,DM_atp_c0,27,20,optimal,0.0,False,
GCF_006542665.1,129,121,87,DM_atp_c0,25,18,optimal,0.0,False,
GCF_006542685.1,127,114,99,DM_atp_c0,23,16,optimal,1.5,True,
GCF_006088815.1,148,141,140,DM_atp_c0,23,16,optimal,4.718749999999999,True,
GCF_006094275.1,153,167,157,DM_atp_c0,28,21,optimal,7.658333333333329,True,
GCF_006094695.1,160,182,219,DM_atp_c0,28,21,optimal,14.437499999999996,True,
GCF_006159205.1,149,147,133,DM_atp_c0,25,18,optimal,3.5454545454545436,True,
GCF_006742785.1,142,144,124,DM_atp_c0,23,16,optimal,5.000000000000002,True,
GCF_006777025.1,128,123,98,DM_atp_c0,23,16,optimal,5.500000000000009,True,
GCF_006874625.1,134,129,120,DM_atp_c0,21,14,optimal,2.083333333333333,True,
GCF_006874645.1,135,127,123,DM_atp_c0,21,14,optimal,4.666666666666665,True,
GCF_006349365.1,150,166,154,DM_atp_c0,29,20,optimal,12.937499999999996,True,
GCF_006351965.1,159,172,194,DM_atp_c0,25,18,optimal,7.374999999999997,True,
GCF_006363875.1,164,175,232,DM_atp_c0,25,18,optimal,11.76785714285714,True,
GCF_006385135.1,157,173,201,DM_atp_c0,25,18,optimal,8.240384615384615,True,
GCF_006385555.1,163,186,192,DM_atp_c0,27,20,optimal,15.25,True,
GCF_006385595.1,156,167,168,DM_atp_c0,24,17,optimal,8.74999999999999,True,
GCF_006457285.1,165,191,213,DM_atp_c0,28,21,optimal,16.125000000000007,True,
GCF_006496635.1,173,192,255,DM_atp_c0,30,19,optimal,11.017857142857128,True,
GCF_006517215.1,154,178,213,DM_atp_c0,28,21,optimal,14.437499999999996,True,
GCF_006517255.1,166,193,218,DM_atp_c0,29,22,optimal,10.125,True,
GCF_006517275.1,164,191,251,DM_atp_c0,25,18,optimal,7.375,True,
GCF_006542275.1,159,167,158,DM_atp_c0,26,19,optimal,8.916666666666657,True,
GCF_006874745.1,133,122,132,DM_atp_c0,23,16,optimal,4.791666666666666,True,
GCF_006965445.1,129,122,90,DM_atp_c0,25,18,optimal,9.000000000000002,True,
GCF_006965485.1,164,171,202,DM_atp_c0,27,20,optimal,9.06250000000001,True,
GCF_006970865.1,165,184,242,DM_atp_c0,25,18,optimal,11.017857142857146,True,
GCF_006974105.1,163,178,181,DM_atp_c0,26,19,optimal,11.017857142857144,True,
GCF_007164725.1,115,106,76,DM_atp_c0,23,16,optimal,0.0,False,
GCF_007197575.1,153,169,187,DM_atp_c0,27,20,optimal,11.125000000000004,True,
GCF_007197715.1,122,112,83,DM_atp_c0,23,16,optimal,3.0000000000000004,True,
GCF_006547045.1,158,167,163,DM_atp_c0,26,19,optimal,7.625000000000005,True,
GCF_006575665.1,152,155,137,DM_atp_c0,27,20,optimal,5.442307692307691,True,
GCF_006711645.1,176,210,293,DM_atp_c0,31,22,optimal,17.124999999999996,True,
GCF_006738645.1,157,173,223,DM_atp_c0,25,18,optimal,8.499999999999993,True,
GCF_007752345.1,145,141,154,DM_atp_c0,22,15,optimal,7.249999999999998,True,
GCF_007795095.1,156,163,149,DM_atp_c0,25,18,optimal,5.892857142857146,True,
GCF_007814385.1,148,174,146,DM_atp_c0,27,20,optimal,13.125,True,
GCF_007833275.1,132,128,130,DM_atp_c0,21,14,optimal,0.0,False,
GCF_007362295.1,158,181,287,DM_atp_c0,27,20,optimal,14.352272727272732,True,
GCF_007362775.1,152,160,196,DM_atp_c0,24,17,optimal,5.3214285714285765,True,
GCF_007475525.1,133,138,119,DM_atp_c0,24,17,optimal,10.022727272727277,True,
GCF_007556815.1,165,188,224,DM_atp_c0,29,22,optimal,12.991666666666674,True,
GCF_005576615.1,143,147,181,DM_atp_c0,24,17,optimal,0.0,False,
GCF_005601135.1,115,105,82,DM_atp_c0,22,15,optimal,1.9999999999999996,True,
GCF_005671395.1,180,214,277,DM_atp_c0,33,22,optimal,17.124999999999996,True,
GCF_005696695.1,129,131,104,DM_atp_c0,26,19,optimal,9.125000000000002,True,
GCF_007833915.1,157,172,211,DM_atp_c0,25,18,optimal,8.759615384615385,True,
GCF_007855645.1,150,163,181,DM_atp_c0,26,19,optimal,5.891666666666665,True,
GCF_007859615.1,93,88,48,DM_atp_c0,22,15,optimal,2.999999999999993,True,
GCF_007859655.1,150,164,170,DM_atp_c0,25,18,optimal,6.500000000000001,True,
GCF_007971385.1,152,156,134,DM_atp_c0,27,20,optimal,9.499999999999998,True,
GCF_007971525.1,156,164,181,DM_atp_c0,27,20,optimal,11.25,True,
GCF_007989425.1,101,86,63,DM_atp_c0,20,13,optimal,3.8000000000000003,True,
GCF_007990505.1,118,112,98,DM_atp_c0,23,16,optimal,3.0,True,
GCF_007990525.1,126,113,91,DM_atp_c0,23,16,optimal,2.9999999999999987,True,
GCF_007993795.1,144,136,125,DM_atp_c0,22,15,optimal,3.0000000000000004,True,
GCF_008000755.1,155,171,164,DM_atp_c0,25,18,optimal,5.222222222222225,True,
GCF_008000775.1,133,120,102,DM_atp_c0,22,15,optimal,1.0,True,
GCF_008000795.1,156,170,176,DM_atp_c0,26,19,optimal,9.02884615384615,True,
GCF_008000815.1,157,166,185,DM_atp_c0,29,20,optimal,5.826923076923075,True,
GCF_008000835.1,134,138,149,DM_atp_c0,27,20,optimal,7.3749999999999964,True,
GCF_008001035.1,150,157,123,DM_atp_c0,26,19,optimal,6.035714285714286,True,
GCF_006228385.1,152,155,149,DM_atp_c0,23,16,optimal,4.583333333333334,True,
GCF_006337085.1,131,132,115,DM_atp_c0,30,19,optimal,5.250000000000003,True,
GCF_006337105.1,155,155,140,DM_atp_c0,25,18,optimal,7.447916666666672,True,
GCF_006337165.1,160,169,183,DM_atp_c0,27,20,optimal,9.017857142857132,True,
GCF_008151785.1,119,107,95,DM_atp_c0,23,16,optimal,0.0,False,
GCF_008152325.1,124,117,123,DM_atp_c0,22,15,optimal,2.250000000000001,True,
GCF_008152505.1,117,111,74,DM_atp_c0,24,17,optimal,4.000000000000008,True,
GCF_008195825.1,150,149,145,DM_atp_c0,27,20,optimal,7.7386363636363615,True,
GCF_005887635.2,163,181,212,DM_atp_c0,25,18,optimal,7.375000000000005,True,
GCF_005890195.1,140,148,153,DM_atp_c0,27,16,optimal,0.0,False,
GCF_005937995.2,158,178,169,DM_atp_c0,26,19,optimal,14.687499999999956,True,
GCF_005938645.2,158,172,163,DM_atp_c0,28,21,optimal,9.589285714285717,True,
GCF_008087665.1,161,165,134,DM_atp_c0,24,17,optimal,6.041666666666664,True,
GCF_008118345.1,139,151,139,DM_atp_c0,26,19,optimal,8.500000000000002,True,
GCF_008119665.1,162,185,228,DM_atp_c0,27,20,optimal,11.017857142857153,True,
GCF_008121535.1,143,135,135,DM_atp_c0,23,16,optimal,5.000000000000001,True,
GCF_008065135.1,167,177,163,DM_atp_c0,27,20,optimal,12.421875000000007,True,
GCF_008065155.1,156,168,190,DM_atp_c0,25,18,optimal,7.375000000000001,True,
GCF_008086345.1,156,166,170,DM_atp_c0,27,20,optimal,9.650000000000002,True,
GCF_008087625.1,170,181,212,DM_atp_c0,25,18,optimal,11.531250000000009,True,
GCF_008274805.1,161,165,184,DM_atp_c0,27,20,optimal,8.375,True,
GCF_008275125.1,175,190,210,DM_atp_c0,30,21,optimal,13.9375,True,
GCF_008298035.1,161,171,159,DM_atp_c0,26,19,optimal,11.303571428571427,True,
GCF_008326425.1,123,113,83,DM_atp_c0,23,16,optimal,0.0,False,
GCF_006740685.1,112,95,74,DM_atp_c0,20,13,optimal,0.0,False,
GCF_006740705.1,152,167,180,DM_atp_c0,27,20,optimal,4.928571428571428,True,
GCF_006740765.1,157,173,211,DM_atp_c0,25,18,optimal,6.375,True,
GCF_006742345.1,138,137,132,DM_atp_c0,26,19,optimal,10.312499999999998,True,
GCF_008329965.1,146,138,138,DM_atp_c0,26,17,optimal,2.500000000000001,True,
GCF_008330025.1,156,161,118,DM_atp_c0,28,19,optimal,10.500000000000005,True,
GCF_008330945.1,178,203,277,DM_atp_c0,28,21,optimal,14.437499999999996,True,
GCF_008365275.1,144,139,103,DM_atp_c0,23,16,optimal,0.0,False,
GCF_007197735.1,155,159,143,DM_atp_c0,24,17,optimal,4.136363636363636,True,
GCF_007197755.1,156,164,195,DM_atp_c0,25,18,optimal,7.374999999999995,True,
GCF_007197775.1,154,161,157,DM_atp_c0,24,17,optimal,5.892857142857139,True,
GCF_007301515.1,143,149,136,DM_atp_c0,25,18,optimal,6.250000000000002,True,
GCF_008369765.1,136,135,118,DM_atp_c0,24,17,optimal,6.000000000000001,True,
GCF_008370855.1,156,170,170,DM_atp_c0,28,21,optimal,7.574999999999993,True,
GCF_008386235.1,137,134,117,DM_atp_c0,25,18,optimal,6.300000000000002,True,
GCF_008630635.1,161,175,175,DM_atp_c0,26,19,optimal,9.392857142857133,True,
GCF_007559025.1,153,166,207,DM_atp_c0,24,17,optimal,2.7386363636363655,True,
GCF_007641235.1,148,144,118,DM_atp_c0,23,16,optimal,5.500000000000002,True,
GCF_007641255.1,158,161,247,DM_atp_c0,30,19,optimal,5.250000000000003,True,
GCF_007748115.1,161,164,181,DM_atp_c0,25,18,optimal,7.394230769230768,True,
GCF_007954405.1,156,169,173,DM_atp_c0,24,17,optimal,9.000000000000002,True,
GCF_007954425.1,145,153,176,DM_atp_c0,22,15,optimal,5.250000000000003,True,
GCF_007954585.1,165,179,224,DM_atp_c0,27,20,optimal,8.562499999999995,True,
GCF_007970185.1,158,166,172,DM_atp_c0,26,19,optimal,7.750000000000012,True,
GCF_008705155.1,141,142,138,DM_atp_c0,23,16,optimal,4.125000000000002,True,
GCF_008705175.1,142,146,205,DM_atp_c0,24,17,optimal,4.000000000000001,True,
GCF_008727795.1,162,179,180,DM_atp_c0,27,20,optimal,9.392857142857146,True,
GCF_008728195.1,156,173,304,DM_atp_c0,25,18,optimal,7.374999999999997,True,
GCF_008630935.1,115,113,120,DM_atp_c0,22,15,optimal,5.749999999999998,True,
GCF_008693605.1,179,218,294,DM_atp_c0,33,22,optimal,17.187500000000007,True,
GCF_008693785.1,166,189,211,DM_atp_c0,29,22,optimal,10.125000000000004,True,
GCF_008693965.1,162,191,226,DM_atp_c0,28,21,optimal,9.625000000000005,True,
GCF_007970665.1,154,164,271,DM_atp_c0,23,16,optimal,6.696428571428572,True,
GCF_007970805.1,155,157,158,DM_atp_c0,26,19,optimal,9.624999999999998,True,
GCF_007971025.1,156,165,180,DM_atp_c0,27,20,optimal,9.589285714285717,True,
GCF_007971225.1,158,170,185,DM_atp_c0,26,19,optimal,7.574999999999999,True,
GCF_008033175.1,123,117,93,DM_atp_c0,24,17,optimal,4.499999999999997,True,
GCF_008033235.1,149,146,156,DM_atp_c0,25,18,optimal,6.611111111111112,True,
GCF_008033705.1,116,96,107,DM_atp_c0,23,16,optimal,0.0,False,
GCF_008064995.1,159,174,259,DM_atp_c0,26,19,optimal,10.208333333333313,True,
GCF_008831385.1,117,107,76,DM_atp_c0,23,16,optimal,1.0,True,
GCF_008838325.1,137,136,166,DM_atp_c0,24,17,optimal,4.124999999999999,True,
GCF_008843165.1,155,163,171,DM_atp_c0,27,20,optimal,5.625,True,
GCF_008931805.1,168,189,210,DM_atp_c0,30,21,optimal,13.999999999999995,True,
GCF_008807035.1,143,150,156,DM_atp_c0,22,15,optimal,4.000000000000001,True,
GCF_008808075.1,170,196,238,DM_atp_c0,29,20,optimal,17.124999999999993,True,
GCF_008824145.1,162,179,315,DM_atp_c0,27,20,optimal,14.328125000000023,True,
GCF_008824185.1,169,191,244,DM_atp_c0,27,20,optimal,11.124999999999986,True,
GCF_009223885.1,165,181,208,DM_atp_c0,25,18,optimal,8.999999999999996,True,
GCF_009258045.1,125,127,128,DM_atp_c0,25,18,optimal,3.625,True,
GCF_009258225.1,126,133,148,DM_atp_c0,25,18,optimal,2.0,True,
GCF_009301415.1,171,194,236,DM_atp_c0,27,20,optimal,7.491666666666671,True,
GCF_008973485.1,140,147,146,DM_atp_c0,22,15,optimal,4.0,True,
GCF_009017495.1,149,162,146,DM_atp_c0,24,17,optimal,0.9999999999999923,True,
GCF_009036245.1,174,207,252,DM_atp_c0,31,22,optimal,17.12499999999999,True,
GCF_009177095.1,169,170,177,DM_atp_c0,26,19,optimal,5.115384615384634,True,
GCF_007859675.1,150,164,149,DM_atp_c0,25,18,optimal,10.897727272727261,True,
GCF_007874125.1,167,189,228,DM_atp_c0,27,20,optimal,12.12500000000001,True,
GCF_007904085.1,141,145,132,DM_atp_c0,25,18,optimal,8.374999999999979,True,
GCF_007922615.2,158,177,223,DM_atp_c0,25,18,optimal,7.375000000000001,True,
GCF_008327825.1,122,109,79,DM_atp_c0,23,16,optimal,3.000000000000001,True,
GCF_008329645.1,157,181,227,DM_atp_c0,25,18,optimal,12.465909090909047,True,
GCF_008329925.1,163,178,206,DM_atp_c0,25,18,optimal,12.017857142857151,True,
GCF_008329945.1,125,126,106,DM_atp_c0,23,16,optimal,2.9999999999999996,True,
GCF_009363615.1,160,177,219,DM_atp_c0,25,18,optimal,7.375000000000005,True,
GCF_009363635.1,146,153,149,DM_atp_c0,24,17,optimal,6.166666666666665,True,
GCF_009363655.1,155,164,211,DM_atp_c0,23,16,optimal,6.18749999999999,True,
GCF_009363795.1,154,163,179,DM_atp_c0,23,16,optimal,4.2499999999999964,True,
GCF_009362255.1,145,140,113,DM_atp_c0,22,15,optimal,3.4999999999999987,True,
GCF_009363255.1,153,162,191,DM_atp_c0,23,16,optimal,4.249999999999998,True,
GCF_009363535.1,158,173,187,DM_atp_c0,25,18,optimal,9.443181818181818,True,
GCF_009363595.1,164,189,251,DM_atp_c0,25,18,optimal,7.375000000000007,True,
GCF_008245145.1,158,169,206,DM_atp_c0,29,22,optimal,10.194444444444438,True,
GCF_008247605.1,162,182,194,DM_atp_c0,28,21,optimal,14.454545454545459,True,
GCF_008253865.1,173,201,287,DM_atp_c0,28,21,optimal,11.500000000000004,True,
GCF_008254045.1,162,162,179,DM_atp_c0,27,20,optimal,6.675000000000001,True,
GCF_009363855.1,155,162,168,DM_atp_c0,23,16,optimal,5.437500000000002,True,
GCF_009372195.1,143,153,178,DM_atp_c0,26,19,optimal,6.977272727272719,True,
GCF_009388985.1,160,165,211,DM_atp_c0,24,17,optimal,3.2777777777777737,True,
GCF_009392895.1,141,148,173,DM_atp_c0,25,18,optimal,0.0,False,
GCF_009498035.1,160,180,241,DM_atp_c0,27,20,optimal,11.374999999999988,True,
GCF_009498215.1,162,191,236,DM_atp_c0,28,19,optimal,10.897727272727273,True,
GCF_009498235.1,160,163,184,DM_atp_c0,25,18,optimal,6.374999999999999,True,
GCF_009498295.1,142,143,125,DM_atp_c0,24,17,optimal,6.75,True,
GCF_009429125.1,151,164,153,DM_atp_c0,24,17,optimal,7.999999999999993,True,
GCF_009429145.1,162,182,315,DM_atp_c0,28,21,optimal,13.75000000000002,True,
GCF_009497075.1,163,192,319,DM_atp_c0,27,20,optimal,14.328125000000004,True,
GCF_009498015.1,148,147,178,DM_atp_c0,24,17,optimal,2.9999999999999987,True,
GCF_009557455.1,133,126,103,DM_atp_c0,24,17,optimal,2.5,True,
GCF_009557615.1,145,146,157,DM_atp_c0,25,18,optimal,6.0,True,
GCF_009617995.1,141,146,127,DM_atp_c0,25,14,optimal,0.0,False,
GCF_009646095.1,152,159,165,DM_atp_c0,27,20,optimal,7.312500000000002,True,
GCF_009646115.1,172,202,216,DM_atp_c0,29,22,optimal,17.625,True,
GCF_009649075.1,140,148,191,DM_atp_c0,23,16,optimal,6.187499999999998,True,
GCF_009649955.1,135,143,133,DM_atp_c0,26,17,optimal,1.4624999999999997,True,
GCF_009650095.1,151,171,200,DM_atp_c0,27,20,optimal,13.249999999999986,True,
GCF_008728835.1,164,183,238,DM_atp_c0,26,19,optimal,10.374999999999993,True,
GCF_008728855.1,165,178,240,DM_atp_c0,25,18,optimal,9.125000000000002,True,
GCF_008803015.1,115,110,101,DM_atp_c0,21,14,optimal,3.0000000000000018,True,
GCF_008805035.1,127,112,72,DM_atp_c0,23,16,optimal,1.0000000000000004,True,
GCF_008806955.1,153,164,150,DM_atp_c0,25,18,optimal,5.391666666666668,True,
GCF_008806975.1,150,164,165,DM_atp_c0,24,17,optimal,7.240384615384617,True,
GCF_008806995.1,148,145,130,DM_atp_c0,24,17,optimal,6.25,True,
GCF_008807015.1,152,169,139,DM_atp_c0,29,20,optimal,8.124999999999998,True,
GCF_009676705.1,142,147,126,DM_atp_c0,23,16,optimal,4.999999999999997,True,
GCF_009684715.1,158,162,126,DM_atp_c0,28,19,optimal,9.5,True,
GCF_009685195.1,168,178,182,DM_atp_c0,26,19,optimal,12.017857142857139,True,
GCF_009688945.1,164,170,319,DM_atp_c0,27,20,optimal,8.875,True,
GCF_009688965.1,171,179,310,DM_atp_c0,28,19,optimal,5.000000000000002,True,
GCF_009688985.1,158,153,290,DM_atp_c0,24,17,optimal,8.750000000000002,True,
GCF_009690625.1,145,149,124,DM_atp_c0,28,17,optimal,0.0,False,
GCF_009707365.1,151,158,186,DM_atp_c0,25,18,optimal,5.500000000000006,True,
GCF_009664225.1,158,171,176,DM_atp_c0,26,19,optimal,6.375000000000016,True,
GCF_009664835.1,156,176,215,DM_atp_c0,27,20,optimal,10.325000000000001,True,
GCF_009671065.1,146,164,153,DM_atp_c0,26,19,optimal,10.125000000000002,True,
GCF_009671205.1,155,173,217,DM_atp_c0,26,19,optimal,8.375000000000004,True,
GCF_009729035.1,117,102,93,DM_atp_c0,21,14,optimal,0.0,False,
GCF_009729055.1,132,125,127,DM_atp_c0,23,16,optimal,0.0,False,
GCF_009730095.1,158,164,160,DM_atp_c0,27,20,optimal,7.732142857142859,True,
GCF_009730295.1,122,122,87,DM_atp_c0,25,18,optimal,8.499999999999996,True,
GCF_009707465.1,155,164,164,DM_atp_c0,26,19,optimal,7.697115384615388,True,
GCF_009707485.1,145,150,144,DM_atp_c0,23,16,optimal,1.767857142857144,True,
GCF_009720125.1,131,133,117,DM_atp_c0,25,18,optimal,7.9999999999999964,True,
GCF_009720185.1,158,179,238,DM_atp_c0,26,19,optimal,8.375,True,
GCF_009730375.1,130,133,84,DM_atp_c0,26,19,optimal,5.285714285714288,True,
GCF_009730475.1,153,153,133,DM_atp_c0,24,17,optimal,4.249999999999999,True,
GCF_009730555.1,155,179,144,DM_atp_c0,28,21,optimal,13.749999999999993,True,
GCF_009730595.1,99,92,52,DM_atp_c0,21,14,optimal,2.9999999999999996,True,
GCF_009720485.1,149,167,143,DM_atp_c0,26,19,optimal,10.079545454545457,True,
GCF_009720525.1,162,174,175,DM_atp_c0,26,19,optimal,9.425000000000002,True,
GCF_009728935.1,156,170,196,DM_atp_c0,25,18,optimal,9.458333333333355,True,
GCF_009729015.1,125,117,90,DM_atp_c0,23,16,optimal,0.0,False,
GCF_009734185.1,139,151,110,DM_atp_c0,26,19,optimal,7.625000000000002,True,
GCF_009734265.1,133,131,111,DM_atp_c0,25,18,optimal,4.541666666666666,True,
GCF_009734445.1,122,112,88,DM_atp_c0,21,14,optimal,1.0000000000000002,True,
GCF_009734465.1,172,206,264,DM_atp_c0,31,22,optimal,17.124999999999996,True,
GCF_008932115.1,167,195,277,DM_atp_c0,27,20,optimal,8.625000000000004,True,
GCF_008932245.1,167,200,259,DM_atp_c0,27,20,optimal,13.062500000000009,True,
GCF_008935055.1,124,114,102,DM_atp_c0,24,17,optimal,1.0000000000000002,True,
GCF_008935075.1,158,176,188,DM_atp_c0,25,18,optimal,11.000000000000014,True,
GCF_009755585.1,163,171,159,DM_atp_c0,27,20,optimal,6.8125,True,
GCF_009756665.1,156,167,178,DM_atp_c0,26,19,optimal,6.9903846153846185,True,
GCF_009762275.1,138,133,143,DM_atp_c0,22,15,optimal,0.0,False,
GCF_009762325.1,156,173,199,DM_atp_c0,25,18,optimal,7.375000000000002,True,
GCF_009738185.1,172,202,224,DM_atp_c0,29,22,optimal,17.124999999999996,True,
GCF_009740165.1,172,206,269,DM_atp_c0,31,22,optimal,17.124999999999996,True,
GCF_009740265.1,170,194,231,DM_atp_c0,29,20,optimal,17.124999999999996,True,
GCF_009740285.1,143,132,134,DM_atp_c0,21,14,optimal,3.6250000000000004,True,
GCF_009762795.1,142,148,200,DM_atp_c0,29,20,optimal,6.625000000000001,True,
GCF_009769165.1,160,173,175,DM_atp_c0,27,20,optimal,9.08653846153846,True,
GCF_009789575.1,162,178,225,DM_atp_c0,26,19,optimal,7.374999999999997,True,
GCF_009789595.1,160,188,212,DM_atp_c0,26,19,optimal,9.028846153846155,True,
GCF_009834165.1,147,155,126,DM_atp_c0,25,18,optimal,7.750000000000009,True,
GCF_009846525.1,166,188,196,DM_atp_c0,27,20,optimal,11.125000000000004,True,
GCF_009856525.1,105,95,72,DM_atp_c0,20,13,optimal,0.0,False,
GCF_009858175.1,155,176,179,DM_atp_c0,27,20,optimal,13.432692307692298,True,
GCF_009883795.1,107,91,66,DM_atp_c0,19,12,optimal,3.800000000000001,True,
GCF_009884975.1,156,176,168,DM_atp_c0,28,21,optimal,8.732142857142842,True,
GCF_009901525.1,140,138,126,DM_atp_c0,23,16,optimal,2.5000000000000004,True,
GCF_009906835.1,131,121,93,DM_atp_c0,22,15,optimal,3.0000000000000027,True,
GCF_009859475.1,162,179,351,DM_atp_c0,26,19,optimal,11.01785714285715,True,
GCF_009883735.1,148,158,151,DM_atp_c0,24,17,optimal,6.99999999999999,True,
GCF_009883755.1,103,94,62,DM_atp_c0,22,15,optimal,0.0,False,
GCF_009883775.1,125,127,128,DM_atp_c0,25,18,optimal,3.625,True,
GCF_009828705.1,153,161,128,DM_atp_c0,32,21,optimal,11.000000000000002,True,
GCF_009831415.1,177,205,236,DM_atp_c0,31,20,optimal,17.125,True,
GCF_009834025.1,147,157,196,DM_atp_c0,24,17,optimal,7.3942307692307585,True,
GCF_009834045.1,155,175,171,DM_atp_c0,26,19,optimal,7.99999999999998,True,
GCF_009914355.1,109,88,99,DM_atp_c0,21,14,optimal,0.0,False,
GCF_009914665.1,127,119,96,DM_atp_c0,21,14,optimal,4.531249999999997,True,
GCF_009930795.1,153,162,155,DM_atp_c0,25,18,optimal,7.750000000000003,True,
GCF_009930875.1,133,135,106,DM_atp_c0,26,19,optimal,12.125000000000002,True,
GCF_010120715.1,133,120,108,DM_atp_c0,21,14,optimal,0.0,False,
GCF_010365865.1,110,101,66,DM_atp_c0,23,16,optimal,0.0,False,
GCF_010448835.1,149,153,157,DM_atp_c0,24,17,optimal,8.250000000000002,True,
GCF_010537155.1,112,106,97,DM_atp_c0,23,16,optimal,2.9999999999999987,True,
GCF_009906855.1,158,175,194,DM_atp_c0,26,19,optimal,6.3749999999999964,True,
GCF_009906955.1,160,178,174,DM_atp_c0,26,19,optimal,6.875000000000006,True,
GCF_009911795.1,155,173,196,DM_atp_c0,27,20,optimal,7.096153846153839,True,
GCF_009913235.1,143,136,132,DM_atp_c0,23,16,optimal,3.9999999999999982,True,
GCF_009931115.1,162,175,175,DM_atp_c0,26,19,optimal,8.392857142857153,True,
GCF_009931695.1,144,137,147,DM_atp_c0,23,16,optimal,3.0,True,
GCF_009936215.1,126,112,97,DM_atp_c0,21,14,optimal,1.4999999999999993,True,
GCF_009936235.1,153,175,275,DM_atp_c0,24,17,optimal,6.806818181818181,True,
GCF_009650135.1,162,162,135,DM_atp_c0,25,18,optimal,5.749999999999998,True,
GCF_009660225.1,141,151,138,DM_atp_c0,27,20,optimal,4.625000000000002,True,
GCF_009662475.1,137,134,165,DM_atp_c0,26,19,optimal,5.5535714285714315,True,
GCF_009664085.1,145,140,157,DM_atp_c0,27,16,optimal,10.562499999999998,True,
GCF_009914055.1,177,210,251,DM_atp_c0,33,22,optimal,15.624999999999984,True,
GCF_009914075.1,177,211,251,DM_atp_c0,33,22,optimal,17.624999999999993,True,
GCF_009914315.1,143,147,154,DM_atp_c0,23,16,optimal,4.750000000000001,True,
GCF_009914335.1,170,195,228,DM_atp_c0,29,20,optimal,17.624999999999996,True,
GCF_009937995.1,142,145,146,DM_atp_c0,25,18,optimal,7.5625,True,
GCF_009938015.1,150,145,199,DM_atp_c0,25,18,optimal,6.1704545454545485,True,
GCF_010092425.1,147,149,151,DM_atp_c0,22,15,optimal,4.749999999999999,True,
GCF_010092505.1,153,177,192,DM_atp_c0,27,20,optimal,8.062500000000005,True,
GCF_010537335.1,113,106,94,DM_atp_c0,23,16,optimal,2.999999999999998,True,
GCF_010587025.1,155,165,135,DM_atp_c0,29,20,optimal,9.000000000000002,True,
GCF_010587385.1,172,197,227,DM_atp_c0,32,21,optimal,14.999999999999986,True,
GCF_010669085.1,114,108,98,DM_atp_c0,22,15,optimal,1.9999999999999987,True,
GCF_010093025.1,157,165,153,DM_atp_c0,30,21,optimal,14.050000000000011,True,
GCF_010093065.1,165,178,212,DM_atp_c0,27,20,optimal,7.916666666666666,True,
GCF_010119915.1,154,173,173,DM_atp_c0,26,19,optimal,14.687500000000039,True,
GCF_010119975.1,163,178,189,DM_atp_c0,27,20,optimal,9.750000000000004,True,
GCF_011047315.1,145,154,167,DM_atp_c0,24,17,optimal,6.166666666666671,True,
GCF_011064825.1,154,163,161,DM_atp_c0,26,19,optimal,7.375,True,
GCF_011100465.1,136,128,93,DM_atp_c0,25,18,optimal,5.5,True,
GCF_011207455.1,124,119,122,DM_atp_c0,24,17,optimal,7.125,True,
GCF_011299095.1,131,130,106,DM_atp_c0,25,18,optimal,4.0,True,
GCF_011397115.1,133,135,131,DM_atp_c0,25,18,optimal,8.999999999999998,True,
GCF_011405015.1,159,176,236,DM_atp_c0,25,18,optimal,8.375000000000007,True,
GCF_011455495.1,157,162,126,DM_atp_c0,26,19,optimal,10.5,True,
GCF_011040495.1,155,169,216,DM_atp_c0,25,18,optimal,7.375000000000002,True,
GCF_011044155.1,161,175,211,DM_atp_c0,26,19,optimal,7.374999999999996,True,
GCF_011044175.1,136,125,105,DM_atp_c0,23,16,optimal,2.4,True,
GCF_011044495.1,162,168,174,DM_atp_c0,28,21,optimal,13.500000000000004,True,
GCF_010692905.1,150,159,157,DM_atp_c0,29,18,optimal,0.0,False,
GCF_010726645.1,157,181,302,DM_atp_c0,26,19,optimal,12.465909090909095,True,
GCF_010727725.1,157,179,281,DM_atp_c0,25,18,optimal,6.267857142857143,True,
GCF_010728155.1,154,171,203,DM_atp_c0,25,18,optimal,6.806818181818185,True,
GCF_011455875.1,157,169,152,DM_atp_c0,32,21,optimal,11.666666666666666,True,
GCF_011462075.1,143,149,133,DM_atp_c0,23,16,optimal,2.7000000000000006,True,
GCF_011604685.1,161,173,207,DM_atp_c0,28,21,optimal,13.499999999999998,True,
GCF_011611525.1,149,168,177,DM_atp_c0,28,21,optimal,14.693181818181811,True,
GCF_010730355.1,155,184,330,DM_atp_c0,25,18,optimal,7.4886363636363615,True,
GCF_010731755.1,150,168,197,DM_atp_c0,23,16,optimal,6.806818181818183,True,
GCF_010731835.1,148,169,193,DM_atp_c0,23,16,optimal,6.806818181818167,True,
GCF_010748895.1,155,177,177,DM_atp_c0,27,20,optimal,10.875000000000007,True,
GCF_010748935.1,167,195,224,DM_atp_c0,29,20,optimal,12.625000000000007,True,
GCF_010983895.1,164,180,218,DM_atp_c0,26,19,optimal,8.375000000000002,True,
GCF_011039955.1,166,199,352,DM_atp_c0,27,20,optimal,14.437499999999993,True,
GCF_011040475.1,160,173,173,DM_atp_c0,25,18,optimal,7.375000000000001,True,
GCF_012222825.1,136,135,112,DM_atp_c0,24,17,optimal,5.41666666666667,True,
GCF_012271835.1,129,123,187,DM_atp_c0,23,16,optimal,2.9999999999999964,True,
GCF_012295525.1,154,162,140,DM_atp_c0,26,19,optimal,11.579545454545464,True,
GCF_012295595.1,158,174,210,DM_atp_c0,25,18,optimal,7.3750000000000036,True,
GCF_011745665.1,149,160,142,DM_atp_c0,24,17,optimal,10.374999999999991,True,
GCF_011764545.1,154,165,219,DM_atp_c0,24,17,optimal,9.3125,True,
GCF_011764565.1,156,179,274,DM_atp_c0,26,19,optimal,15.009615384615387,True,
GCF_011765565.1,160,176,190,DM_atp_c0,26,19,optimal,8.749999999999998,True,
GCF_012295615.1,156,164,139,DM_atp_c0,24,17,optimal,4.428571428571424,True,
GCF_012317585.1,120,116,100,DM_atp_c0,26,17,optimal,3.3749999999999996,True,
GCF_012427845.1,176,206,236,DM_atp_c0,28,21,optimal,17.125,True,
GCF_012516315.1,147,156,151,DM_atp_c0,25,18,optimal,8.87499999999995,True,
GCF_011769525.1,146,152,183,DM_atp_c0,26,19,optimal,8.125000000000005,True,
GCF_011769965.1,131,145,147,DM_atp_c0,31,20,optimal,4.124999999999997,True,
GCF_012044895.1,161,172,200,DM_atp_c0,28,21,optimal,13.232142857142856,True,
GCF_012109195.1,174,209,252,DM_atp_c0,33,22,optimal,17.124999999999996,True,
GCF_013201825.1,141,148,177,DM_atp_c0,28,19,optimal,7.375000000000001,True,
GCF_013265585.1,144,159,145,DM_atp_c0,26,19,optimal,7.08333333333333,True,
GCF_013267415.1,116,109,89,DM_atp_c0,23,16,optimal,2.9999999999999987,True,
GCF_013282215.1,146,160,161,DM_atp_c0,25,18,optimal,7.083333333333345,True,
GCF_012516395.1,149,144,139,DM_atp_c0,25,18,optimal,6.806818181818192,True,
GCF_012584515.1,163,175,173,DM_atp_c0,27,20,optimal,6.375000000000007,True,
GCF_012769535.1,154,159,187,DM_atp_c0,25,18,optimal,7.375000000000003,True,
GCF_012848855.1,152,158,179,DM_atp_c0,25,18,optimal,5.855769230769226,True,
GCF_013177635.1,140,134,137,DM_atp_c0,27,20,optimal,3.749999999999999,True,
GCF_013177675.1,148,157,174,DM_atp_c0,27,20,optimal,3.7500000000000044,True,
GCF_013200995.1,160,183,192,DM_atp_c0,27,20,optimal,12.812500000000023,True,
GCF_013201705.1,131,131,130,DM_atp_c0,25,18,optimal,3.374999999999999,True,
GCF_900036045.1,112,91,97,DM_atp_c0,22,15,optimal,0.0,False,
GCF_900039485.1,98,79,41,DM_atp_c0,19,12,optimal,0.0,False,
GCF_900044015.1,107,91,38,DM_atp_c0,20,13,optimal,0.0,False,
GCF_900048035.1,100,84,34,DM_atp_c0,20,13,optimal,0.0,False,
GCF_013283855.1,133,131,80,DM_atp_c0,23,16,optimal,0.1666666666666666,True,
GCF_013340765.1,127,111,90,DM_atp_c0,22,13,optimal,0.0,False,
GCF_013343295.1,128,114,109,DM_atp_c0,21,14,optimal,0.0,False,
GCF_013377195.1,149,156,116,DM_atp_c0,29,20,optimal,8.750000000000002,True,
GCF_012923785.1,175,208,290,DM_atp_c0,30,21,optimal,17.625,True,
GCF_012932215.1,155,164,183,DM_atp_c0,24,17,optimal,6.4374999999999885,True,
GCF_013046825.1,124,125,99,DM_atp_c0,25,18,optimal,5.250000000000002,True,
GCF_013168275.1,140,142,136,DM_atp_c0,24,17,optimal,8.0625,True,
GCF_900048045.1,72,50,10,DM_atp_c0,18,11,optimal,0.0,False,
GCF_900065925.1,113,98,76,DM_atp_c0,19,12,optimal,0.0,False,
GCF_900066015.1,143,153,168,DM_atp_c0,24,17,optimal,2.5000000000000013,True,
GCF_900070325.1,118,108,83,DM_atp_c0,22,15,optimal,3.0,True,
GCF_013377295.1,138,137,95,DM_atp_c0,26,17,optimal,7.750000000000001,True,
GCF_013378075.1,158,170,177,DM_atp_c0,25,18,optimal,9.124999999999995,True,
GCF_013388255.1,122,107,121,DM_atp_c0,22,15,optimal,0.0,False,
GCF_013388295.1,116,116,92,DM_atp_c0,22,15,optimal,4.687500000000002,True,
GCF_900090215.1,67,46,7,DM_atp_c0,18,11,optimal,0.0,False,
GCF_900093775.1,166,193,191,DM_atp_c0,29,22,optimal,14.124999999999954,True,
GCF_900095135.1,136,133,124,DM_atp_c0,22,15,optimal,4.0,True,
GCF_900095295.1,115,95,101,DM_atp_c0,22,15,optimal,1.0000000000000004,True,
GCF_900116045.1,136,138,147,DM_atp_c0,26,19,optimal,8.499999999999998,True,
GCF_900116935.1,137,146,109,DM_atp_c0,25,18,optimal,7.999999999999987,True,
GCF_900119795.1,142,144,111,DM_atp_c0,23,16,optimal,2.5,True,
GCF_900161835.1,107,98,46,DM_atp_c0,21,14,optimal,2.0000000000000013,True,
GCF_900087055.1,164,185,191,DM_atp_c0,28,19,optimal,12.437499999999998,True,
GCF_900088535.1,134,131,123,DM_atp_c0,25,18,optimal,0.4999999999999998,True,
GCF_900089455.2,160,184,208,DM_atp_c0,27,20,optimal,8.374999999999995,True,
GCF_900090055.1,124,112,83,DM_atp_c0,21,14,optimal,0.0,False,
GCF_900070345.1,167,191,239,DM_atp_c0,28,21,optimal,8.875,True,
GCF_900070365.1,154,164,216,DM_atp_c0,26,19,optimal,8.298076923076925,True,
GCF_900078695.1,164,182,231,DM_atp_c0,27,20,optimal,6.000000000000002,True,
GCF_900086555.1,139,142,123,DM_atp_c0,23,16,optimal,6.249999999999998,True,
GCF_900187095.1,152,157,137,DM_atp_c0,24,17,optimal,6.437499999999988,True,
GCF_900187105.1,140,136,115,DM_atp_c0,25,18,optimal,7.69642857142857,True,
GCF_900187125.1,151,160,170,DM_atp_c0,27,20,optimal,7.916666666666666,True,
GCF_900187145.1,152,172,240,DM_atp_c0,23,16,optimal,6.806818181818182,True,
GCF_900187185.1,137,130,126,DM_atp_c0,22,15,optimal,4.7187500000000036,True,
GCF_900187265.1,161,185,258,DM_atp_c0,27,20,optimal,13.062499999999963,True,
GCF_900187285.1,132,132,111,DM_atp_c0,27,20,optimal,8.750000000000002,True,
GCF_900187355.1,148,151,126,DM_atp_c0,23,16,optimal,6.249999999999999,True,
GCF_900168255.1,156,173,170,DM_atp_c0,28,19,optimal,7.3750000000000036,True,
GCF_900169565.1,141,144,157,DM_atp_c0,23,16,optimal,4.839285714285714,True,
GCF_900176205.1,165,197,259,DM_atp_c0,28,21,optimal,13.437500000000034,True,
GCF_900183405.1,126,130,166,DM_atp_c0,26,19,optimal,4.5,True,
GCF_900476045.1,122,122,89,DM_atp_c0,25,18,optimal,8.499999999999998,True,
GCF_900476255.1,122,108,73,DM_atp_c0,23,16,optimal,0.0,False,
GCF_900477945.1,135,141,110,DM_atp_c0,26,19,optimal,9.000000000000005,True,
GCF_900478045.1,149,154,124,DM_atp_c0,25,18,optimal,9.249999999999996,True,
GCF_900198195.1,148,148,121,DM_atp_c0,25,18,optimal,4.068181818181822,True,
GCF_900209925.1,131,132,134,DM_atp_c0,24,17,optimal,4.0,True,
GCF_900217235.1,147,154,197,DM_atp_c0,28,19,optimal,11.439814814814817,True,
GCF_900231165.1,171,187,232,DM_atp_c0,25,18,optimal,8.375000000000005,True,
GCF_900475325.1,168,190,211,DM_atp_c0,28,21,optimal,9.624999999999998,True,
GCF_900475855.1,165,194,238,DM_atp_c0,29,20,optimal,14.291666666666668,True,
GCF_900475885.1,136,147,117,DM_atp_c0,28,19,optimal,9.5,True,
GCF_900476035.1,142,148,118,DM_atp_c0,28,21,optimal,8.583333333333329,True,
GCF_900478115.1,159,181,243,DM_atp_c0,26,19,optimal,11.579545454545448,True,
GCF_900478135.1,165,182,234,DM_atp_c0,31,20,optimal,12.625000000000018,True,
GCF_900478715.1,147,160,132,DM_atp_c0,27,20,optimal,6.749999999999996,True,
GCF_900232105.1,144,144,200,DM_atp_c0,25,18,optimal,7.394230769230768,True,
GCF_900233005.1,166,187,213,DM_atp_c0,29,20,optimal,13.999999999999998,True,
GCF_900289045.1,152,173,166,DM_atp_c0,26,19,optimal,12.125,True,
GCF_900465055.1,170,188,212,DM_atp_c0,29,20,optimal,12.68749999999998,True,
GCF_010669125.1,169,184,213,DM_atp_c0,24,17,optimal,8.999999999999996,True,
GCF_010669225.1,137,137,112,DM_atp_c0,24,17,optimal,6.000000000000003,True,
GCF_010669285.1,158,171,190,DM_atp_c0,25,18,optimal,3.071428571428572,True,
GCF_010669305.1,144,135,140,DM_atp_c0,23,16,optimal,2.0,True,
GCF_900000005.1,160,181,173,DM_atp_c0,25,18,optimal,8.041666666666647,True,
GCF_900005615.1,163,180,195,DM_atp_c0,26,19,optimal,9.375000000000007,True,
GCF_900011245.1,169,202,275,DM_atp_c0,27,20,optimal,8.625,True,
GCF_900012635.1,100,93,80,DM_atp_c0,20,13,optimal,0.9999999999999999,True,
GCF_900184295.1,169,190,216,DM_atp_c0,29,22,optimal,9.975000000000005,True,
GCF_900184705.1,120,112,80,DM_atp_c0,23,16,optimal,0.9999999999999998,True,
GCF_900186835.1,156,163,127,DM_atp_c0,31,20,optimal,10.999999999999988,True,
GCF_900186975.1,129,130,116,DM_atp_c0,25,18,optimal,6.696428571428568,True,
GCF_900186995.1,155,166,135,DM_atp_c0,32,21,optimal,11.666666666666668,True,
GCF_900187015.1,172,204,258,DM_atp_c0,30,21,optimal,17.124999999999996,True,
GCF_900187045.1,140,153,140,DM_atp_c0,27,18,optimal,11.250000000000009,True,
GCF_900187065.1,153,170,284,DM_atp_c0,25,18,optimal,6.696428571428568,True,
GCF_900095795.1,133,129,104,DM_atp_c0,23,16,optimal,0.9999999999999996,True,
GCF_900095815.1,109,87,97,DM_atp_c0,21,14,optimal,0.0,False,
GCF_900095885.1,169,191,211,DM_atp_c0,27,20,optimal,17.125,True,
GCF_900097105.1,126,117,98,DM_atp_c0,23,16,optimal,2.500000000000001,True,
