rxn_id	Beber_2022	ln_RI
rxn00001	>	-9.033
rxn00002	>	-20.283
rxn00003	=	5.452
rxn00004	=	-0.805
rxn00006	>	-47.029
rxn00007	>	-7.687
rxn00009	=	2.388
rxn00010	=	-3.212
rxn00011	=	5.328
rxn00012	=	-1.165
rxn00013	=	-1.200
rxn00015	=	-0.997
rxn00016	>	-7.959
rxn00017	>	-8.599
rxn00018	=	-6.455
rxn00019	=	-1.938
rxn00020	>	-7.160
rxn00021	=	-1.283
rxn00022	>	-8.434
rxn00024	>	-82.382
rxn00025	>	-72.577
rxn00026	>	-22.553
rxn00028	>	-71.866
rxn00029	>	-23.246
rxn00030	=	1.283
rxn00031	=	0.065
rxn00032	>	-65.272
rxn00033	>	-79.252
rxn00034	>	-74.426
rxn00035	>	-77.425
rxn00036	>	-52.697
rxn00037	>	-53.232
rxn00038	>	-19.812
rxn00039	=	-2.234
rxn00040	>	-21.165
rxn00041	>	-21.421
rxn00042	>	-65.639
rxn00043	>	-45.465
rxn00044	=	-3.563
rxn00045	=	0.000
rxn00046	=	-0.999
rxn00047	>	-13.226
rxn00048	>	-19.545
rxn00050	<	81.874
rxn00051	>	-75.402
rxn00052	>	-34.672
rxn00053	=	2.763
rxn00054	>	-80.889
rxn00055	=	-2.267
rxn00056	=	-1.827
rxn00057	>	-52.717
rxn00060	>	-13.395
rxn00061	>	-18.939
rxn00062	>	-12.581
rxn00063	>	-16.219
rxn00064	>	-18.827
rxn00065	=	-4.476
rxn00066	>	-81.841
rxn00067	=	0.267
rxn00068	<	27.793
rxn00069	=	6.426
rxn00070	=	4.797
rxn00071	>	-7.130
rxn00075	>	-14.835
rxn00076	>	-15.378
rxn00077	=	-2.575
rxn00078	=	-2.574
rxn00083	=	-0.000
rxn00084	>	-81.841
rxn00085	=	6.426
rxn00086	=	4.797
rxn00087	=	1.176
rxn00088	>	-9.148
rxn00089	>	-12.083
rxn00090	>	-16.090
rxn00092	>	-12.671
rxn00093	>	-19.178
rxn00095	>	-16.402
rxn00096	=	2.865
rxn00097	=	0.067
rxn00098	>	-14.851
rxn00099	>	-11.734
rxn00100	=	0.544
rxn00101	>	-11.662
rxn00102	=	3.249
rxn00103	=	-2.908
rxn00104	=	-0.532
rxn00105	=	-0.631
rxn00106	>	-14.315
rxn00107	=	1.199
rxn00108	=	-0.945
rxn00109	>	-17.865
rxn00113	=	-0.882
rxn00114	=	6.138
rxn00116	>	-12.423
rxn00117	=	-0.085
rxn00118	=	0.152
rxn00119	=	-0.118
rxn00120	>	-12.468
rxn00121	>	-13.440
rxn00122	=	-2.084
rxn00123	>	-7.821
rxn00124	=	-3.570
rxn00125	<	8.422
rxn00126	>	-17.403
rxn00127	>	-10.004
rxn00128	>	-19.961
rxn00129	<	10.382
rxn00130	>	-12.529
rxn00131	>	-9.424
rxn00132	>	-8.526
rxn00133	>	-16.492
rxn00134	=	-3.041
rxn00135	>	-17.997
rxn00136	>	-17.997
rxn00137	=	-6.670
rxn00138	=	-3.177
rxn00139	=	4.411
rxn00140	>	-17.615
rxn00141	=	4.740
rxn00142	>	-10.006
rxn00143	>	-9.009
rxn00144	=	-6.133
rxn00147	=	-3.562
rxn00148	=	5.051
rxn00149	>	-7.430
rxn00150	>	-7.429
rxn00151	=	1.548
rxn00152	>	-20.844
rxn00153	>	-19.315
rxn00154	=	-4.605
rxn00155	=	-4.605
rxn00156	>	-22.011
rxn00157	=	3.999
rxn00158	>	-70.005
rxn00159	=	-0.809
rxn00160	=	0.467
rxn00161	=	-0.808
rxn00162	>	-8.479
rxn00163	<	28.031
rxn00164	<	10.027
rxn00165	>	-12.722
rxn00166	>	-12.342
rxn00168	>	-8.251
rxn00170	>	-14.012
rxn00171	=	-0.575
rxn00172	=	0.715
rxn00173	=	1.750
rxn00174	>	-7.967
rxn00175	=	-1.103
rxn00176	>	-239.309
rxn00177	=	-2.703
rxn00178	=	5.038
rxn00179	=	5.824
rxn00180	=	4.780
rxn00181	=	4.780
rxn00182	=	2.632
rxn00183	>	-10.268
rxn00184	=	2.632
rxn00185	>	-18.255
rxn00186	=	-3.866
rxn00187	=	-2.058
rxn00188	<	16.926
rxn00189	>	-8.465
rxn00190	=	-6.351
rxn00191	=	0.032
rxn00192	=	-5.191
rxn00193	=	0.225
rxn00194	>	-10.183
rxn00195	=	-2.832
rxn00196	>	-8.694
rxn00197	=	-3.796
rxn00198	=	-1.890
rxn00199	>	-7.377
rxn00200	=	-5.488
rxn00201	<	15.987
rxn00202	=	6.194
rxn00203	>	-8.431
rxn00204	>	-28.201
rxn00205	>	-55.385
rxn00206	<	17.933
rxn00207	<	35.993
rxn00208	>	-18.457
rxn00209	>	-23.081
rxn00210	>	-18.345
rxn00211	=	-3.836
rxn00212	>	-15.546
rxn00213	=	-0.234
rxn00214	=	1.178
rxn00215	>	-25.781
rxn00216	=	-4.117
rxn00217	=	-1.501
rxn00218	=	-2.820
rxn00219	>	-26.611
rxn00220	>	-7.092
rxn00221	>	-9.074
rxn00222	>	-8.048
rxn00223	=	-0.048
rxn00225	=	2.823
rxn00226	<	237.654
rxn00227	>	-16.345
rxn00228	>	-28.230
rxn00229	>	-100.120
rxn00230	=	5.484
rxn00231	>	-11.356
rxn00232	>	-333.091
rxn00233	>	-18.331
rxn00234	=	-3.974
rxn00235	>	-13.409
rxn00236	>	-12.592
rxn00237	=	-0.538
rxn00239	=	0.008
rxn00241	>	-11.863
rxn00242	>	-11.742
rxn00243	>	-11.266
rxn00244	>	-19.511
rxn00245	>	-13.688
rxn00247	=	-1.047
rxn00248	=	5.348
rxn00249	=	5.349
rxn00250	=	-0.968
rxn00251	<	8.127
rxn00252	=	1.082
rxn00253	>	-11.446
rxn00254	=	-6.811
rxn00255	=	0.035
rxn00256	<	7.822
rxn00257	=	-0.922
rxn00258	=	0.384
rxn00259	=	-0.556
rxn00260	=	0.572
rxn00262	>	-17.797
rxn00263	>	-18.636
rxn00264	>	-20.760
rxn00265	=	-3.582
rxn00266	=	2.321
rxn00268	=	4.011
rxn00269	>	-16.876
rxn00270	=	1.706
rxn00271	=	2.421
rxn00272	=	-1.693
rxn00273	=	6.622
rxn00274	=	6.622
rxn00275	=	1.724
rxn00276	=	1.152
rxn00278	=	2.657
rxn00279	>	-7.759
rxn00280	=	2.252
rxn00281	=	6.773
rxn00282	=	-0.541
rxn00283	=	-0.017
rxn00284	<	11.734
rxn00285	=	-0.163
rxn00286	=	-1.200
rxn00287	>	-12.254
rxn00288	<	8.605
rxn00289	=	-3.007
rxn00290	=	2.550
rxn00291	=	-5.213
rxn00292	>	-10.850
rxn00293	=	-1.615
rxn00295	=	0.616
rxn00297	=	0.619
rxn00298	=	-3.979
rxn00299	>	-26.163
rxn00300	>	-23.813
rxn00301	>	-15.422
rxn00302	=	3.290
rxn00303	=	-2.904
rxn00304	=	5.589
rxn00305	=	-0.616
rxn00306	=	0.196
rxn00307	=	-5.728
rxn00308	=	-6.283
rxn00309	=	2.684
rxn00310	>	-19.605
rxn00311	>	-34.818
rxn00312	>	-93.982
rxn00313	>	-8.774
rxn00314	=	3.131
rxn00315	=	0.034
rxn00316	=	-5.613
rxn00317	=	0.066
rxn00318	=	-6.528
rxn00319	>	-15.551
rxn00320	=	0.000
rxn00321	=	-1.859
rxn00322	>	-10.566
rxn00323	<	7.703
rxn00324	<	8.298
rxn00325	>	-32.685
rxn00326	=	-0.012
rxn00327	>	-11.296
rxn00328	=	0.207
rxn00330	<	7.800
rxn00331	=	-0.254
rxn00332	=	5.410
rxn00333	>	-17.811
rxn00334	=	0.158
rxn00335	=	-3.633
rxn00336	=	-2.039
rxn00337	=	4.409
rxn00338	>	-14.360
rxn00339	=	-1.635
rxn00340	=	-3.454
rxn00341	>	-12.573
rxn00342	>	-9.310
rxn00343	<	14.892
rxn00344	=	-4.687
rxn00345	>	-7.763
rxn00346	>	-9.150
rxn00347	=	-1.061
rxn00348	=	2.097
rxn00350	=	-5.124
rxn00351	=	-4.125
rxn00352	>	-13.951
rxn00354	=	-4.381
rxn00355	=	-0.413
rxn00356	=	-2.692
rxn00357	<	43.131
rxn00358	=	0.431
rxn00359	>	-29.961
rxn00360	>	-7.895
rxn00361	=	-3.514
rxn00362	>	-7.144
rxn00363	>	-8.355
rxn00364	=	0.366
rxn00365	=	-3.169
rxn00366	>	-13.069
rxn00367	>	-16.686
rxn00368	=	-3.084
rxn00369	=	-2.631
rxn00370	=	-3.041
rxn00371	=	-2.909
rxn00372	>	-7.137
rxn00373	>	-8.312
rxn00374	>	-12.524
rxn00375	>	-13.450
rxn00376	>	-13.000
rxn00377	>	-6.909
rxn00379	<	9.388
rxn00380	<	12.048
rxn00381	>	-28.736
rxn00382	<	20.784
rxn00383	>	-34.929
rxn00384	<	38.633
rxn00385	>	-57.976
rxn00386	>	-58.544
rxn00387	>	-58.544
rxn00391	>	-8.737
rxn00392	=	-2.883
rxn00393	=	-0.253
rxn00394	>	-13.731
rxn00395	>	-14.624
rxn00396	=	1.158
rxn00397	=	-5.274
rxn00399	>	-57.725
rxn00400	=	3.824
rxn00401	>	-89.915
rxn00402	=	1.813
rxn00403	=	-0.868
rxn00404	=	-0.078
rxn00405	=	-5.144
rxn00406	<	7.279
rxn00407	>	-10.800
rxn00408	>	-12.650
rxn00409	=	0.052
rxn00410	=	-0.891
rxn00411	=	4.999
rxn00412	=	-4.391
rxn00413	=	-6.318
rxn00414	=	-2.884
rxn00415	=	-2.265
rxn00416	=	-6.589
rxn00417	=	2.514
rxn00418	<	235.207
rxn00419	=	3.329
rxn00420	>	-7.395
rxn00421	=	-1.229
rxn00422	=	0.840
rxn00423	=	-1.291
rxn00424	=	-0.853
rxn00425	=	-0.570
rxn00426	=	-2.468
rxn00427	>	-73.627
rxn00428	>	-24.831
rxn00429	>	-10.442
rxn00430	=	6.160
rxn00432	>	-19.949
rxn00433	>	-14.150
rxn00434	>	-13.172
rxn00435	>	-16.601
rxn00436	=	0.721
rxn00437	=	1.545
rxn00438	>	-9.976
rxn00439	>	-14.641
rxn00440	=	-1.151
rxn00441	=	-5.002
rxn00444	>	-83.403
rxn00445	>	-26.944
rxn00448	>	-103.983
rxn00449	=	0.001
rxn00450	>	-19.934
rxn00451	=	-0.128
rxn00452	=	-0.360
rxn00453	>	-12.267
rxn00454	=	-3.823
rxn00455	>	-11.349
rxn00456	>	-8.700
rxn00457	=	-1.023
rxn00458	>	-10.245
rxn00459	=	-1.538
rxn00460	=	5.136
rxn00461	=	-2.982
rxn00462	<	7.234
rxn00463	>	-15.858
rxn00464	>	-9.975
rxn00465	>	-10.992
rxn00466	=	3.866
rxn00467	=	-0.861
rxn00468	>	-8.267
rxn00469	=	-6.527
rxn00470	>	-11.784
rxn00471	>	-10.728
rxn00472	=	-3.844
rxn00473	=	-2.770
rxn00474	>	-9.029
rxn00475	=	-3.696
rxn00476	=	-3.696
rxn00477	>	-24.583
rxn00478	>	-87.400
rxn00479	>	-96.518
rxn00480	>	-65.930
rxn00481	=	-3.858
rxn00482	=	-2.049
rxn00483	>	-7.910
rxn00484	>	-13.515
rxn00485	>	-10.813
rxn00486	<	160.660
rxn00487	=	2.619
rxn00488	>	-18.268
rxn00489	>	-94.907
rxn00490	>	-24.571
rxn00491	=	-0.047
rxn00492	=	-6.774
rxn00493	=	-0.015
rxn00494	=	0.588
rxn00495	=	-5.605
rxn00497	>	-11.367
rxn00498	>	-32.099
rxn00499	=	4.785
rxn00500	=	4.163
rxn00501	=	-3.409
rxn00502	=	-3.409
rxn00503	>	-8.771
rxn00504	>	-8.771
rxn00505	=	-1.891
rxn00506	>	-11.228
rxn00507	>	-11.228
rxn00508	>	-8.561
rxn00509	>	-8.561
rxn00510	=	2.665
rxn00511	=	2.665
rxn00512	<	8.298
rxn00513	>	-12.932
rxn00514	>	-9.920
rxn00515	=	0.263
rxn00516	>	-25.992
rxn00517	=	4.787
rxn00518	=	-4.381
rxn00519	=	-1.258
rxn00520	=	-0.339
rxn00521	>	-12.445
rxn00522	>	-18.194
rxn00523	>	-42.695
rxn00525	=	-6.107
rxn00526	=	-6.107
rxn00527	=	0.076
rxn00528	>	-10.443
rxn00529	>	-22.816
rxn00530	>	-15.322
rxn00531	>	-19.891
rxn00532	=	0.690
rxn00533	=	-1.224
rxn00534	=	-2.352
rxn00535	>	-78.344
rxn00536	=	3.646
rxn00537	>	-25.876
rxn00538	>	-15.101
rxn00539	>	-14.276
rxn00540	=	1.452
rxn00541	=	-1.916
rxn00542	=	2.007
rxn00543	=	3.645
rxn00544	=	1.147
rxn00545	=	-3.594
rxn00546	=	1.410
rxn00547	=	-3.561
rxn00548	>	-9.839
rxn00549	>	-7.789
rxn00550	>	-14.100
rxn00551	=	-0.933
rxn00552	=	-4.255
rxn00553	=	0.423
rxn00554	=	-3.646
rxn00555	=	-3.157
rxn00556	=	-3.509
rxn00557	=	-3.857
rxn00558	=	1.065
rxn00559	=	-0.474
rxn00560	=	3.920
rxn00561	>	-13.627
rxn00562	=	-3.278
rxn00563	>	-21.787
rxn00564	>	-28.851
rxn00565	>	-94.924
rxn00566	>	-8.411
rxn00568	<	38.214
rxn00569	<	38.215
rxn00570	=	-4.605
rxn00571	<	27.803
rxn00572	<	27.803
rxn00573	=	2.742
rxn00575	>	-11.245
rxn00577	=	-1.628
rxn00578	>	-9.349
rxn00579	=	-0.714
rxn00580	=	-3.448
rxn00581	=	-5.020
rxn00582	>	-7.946
rxn00583	>	-16.998
rxn00584	>	-17.483
rxn00585	>	-16.998
rxn00586	>	-68.233
rxn00587	>	-66.019
rxn00588	>	-80.259
rxn00589	>	-60.213
rxn00591	>	-17.483
rxn00592	=	-6.703
rxn00593	=	-6.688
rxn00594	>	-55.677
rxn00595	>	-55.677
rxn00596	=	-2.114
rxn00598	=	5.776
rxn00599	=	-0.069
rxn00600	=	6.062
rxn00601	=	-1.727
rxn00602	=	-3.373
rxn00603	=	1.779
rxn00604	=	-1.377
rxn00605	=	-3.771
rxn00606	>	-7.169
rxn00607	>	-10.102
rxn00608	>	-10.102
rxn00609	<	24.037
rxn00610	>	-8.100
rxn00611	=	4.566
rxn00612	=	4.567
rxn00613	=	5.700
rxn00614	>	-21.542
rxn00615	=	-3.361
rxn00616	=	1.437
rxn00617	=	-0.756
rxn00618	=	-2.656
rxn00619	=	-4.020
rxn00620	>	-16.189
rxn00621	=	-0.372
rxn00623	<	11.069
rxn00624	>	-71.910
rxn00625	=	0.976
rxn00627	=	-3.375
rxn00629	=	1.388
rxn00630	=	1.388
rxn00631	=	3.376
rxn00632	>	-15.001
rxn00633	=	-3.227
rxn00634	=	1.725
rxn00635	=	-3.824
rxn00636	=	-1.133
rxn00638	=	-2.680
rxn00639	>	-13.138
rxn00640	=	0.409
rxn00641	=	-1.713
rxn00642	>	-22.363
rxn00643	=	0.681
rxn00644	=	1.176
rxn00645	>	-21.269
rxn00646	=	-4.734
rxn00647	=	-3.437
rxn00649	>	-10.349
rxn00650	=	-2.321
rxn00651	>	-57.912
rxn00652	=	-3.705
rxn00653	<	9.397
rxn00654	>	-17.321
rxn00655	=	2.199
rxn00656	=	0.750
rxn00657	=	-0.718
rxn00658	>	-8.178
rxn00659	=	-5.826
rxn00660	=	-4.567
rxn00661	=	-3.111
rxn00662	>	-21.799
rxn00663	<	15.254
rxn00668	>	-11.605
rxn00669	=	1.665
rxn00670	=	4.168
rxn00671	=	-4.038
rxn00672	>	-9.063
rxn00673	<	8.476
rxn00674	=	-0.154
rxn00676	=	6.314
rxn00677	=	1.424
rxn00678	=	-0.438
rxn00679	<	8.152
rxn00680	<	8.557
rxn00682	=	0.553
rxn00684	=	4.480
rxn00686	=	4.481
rxn00688	>	-9.535
rxn00690	=	-0.283
rxn00691	>	-12.015
rxn00692	=	1.358
rxn00693	=	-0.652
rxn00695	=	-1.699
rxn00697	>	-13.954
rxn00698	=	0.770
rxn00699	=	0.602
rxn00700	=	-0.478
rxn00701	=	-0.179
rxn00702	=	-1.126
rxn00703	=	-5.828
rxn00704	=	-2.974
rxn00706	=	-6.021
rxn00707	=	-3.433
rxn00708	=	-6.821
rxn00709	=	-4.320
rxn00710	>	-10.713
rxn00711	=	4.284
rxn00712	=	-4.235
rxn00713	=	-3.781
rxn00714	>	-15.951
rxn00715	=	-4.583
rxn00716	>	-9.710
rxn00717	>	-12.422
rxn00718	>	-26.442
rxn00719	=	-0.333
rxn00720	=	-0.333
rxn00721	<	163.737
rxn00722	>	-61.605
rxn00723	=	-1.789
rxn00724	>	-91.287
rxn00725	=	-0.141
rxn00726	>	-19.118
rxn00727	>	-20.374
rxn00728	>	-19.684
rxn00729	>	-14.331
rxn00730	=	-3.605
rxn00731	=	-6.700
rxn00734	>	-38.403
rxn00735	=	3.204
rxn00736	<	9.544
rxn00737	>	-11.080
rxn00738	=	6.771
rxn00739	=	4.714
rxn00740	>	-19.358
rxn00741	=	3.152
rxn00742	=	-6.339
rxn00743	>	-8.569
rxn00744	=	-3.009
rxn00745	>	-8.060
rxn00746	=	0.602
rxn00747	=	-2.267
rxn00748	>	-20.642
rxn00749	>	-24.501
rxn00751	=	-4.274
rxn00752	>	-23.159
rxn00753	=	-2.002
rxn00754	>	-11.343
rxn00758	>	-73.822
rxn00762	=	4.214
rxn00763	<	7.283
rxn00764	=	4.215
rxn00765	<	7.284
rxn00766	>	-11.940
rxn00767	=	-0.700
rxn00768	>	-13.550
rxn00769	>	-15.322
rxn00770	=	-0.685
rxn00771	=	-2.840
rxn00772	=	-5.446
rxn00773	=	-0.356
rxn00774	=	-5.333
rxn00775	>	-12.196
rxn00776	=	-4.438
rxn00777	=	0.864
rxn00778	=	-4.631
rxn00779	>	-9.692
rxn00780	=	-4.944
rxn00781	=	2.951
rxn00782	=	2.951
rxn00783	=	-0.877
rxn00784	=	0.849
rxn00785	=	2.079
rxn00786	=	1.628
rxn00787	=	1.327
rxn00789	<	10.499
rxn00790	<	13.114
rxn00791	<	12.676
rxn00792	<	235.351
rxn00793	=	-1.789
rxn00794	>	-8.285
rxn00795	=	-3.520
rxn00796	>	-66.603
rxn00797	>	-8.091
rxn00798	=	1.082
rxn00799	=	1.382
rxn00800	=	-0.241
rxn00801	>	-17.491
rxn00802	=	-1.493
rxn00803	=	-3.055
rxn00804	=	2.684
rxn00805	=	-4.033
rxn00806	=	0.065
rxn00807	=	2.807
rxn00808	=	-3.285
rxn00810	=	-3.787
rxn00812	=	-4.787
rxn00813	=	-3.786
rxn00814	>	-35.250
rxn00815	>	-22.804
rxn00816	>	-7.495
rxn00817	>	-7.491
rxn00818	=	-4.005
rxn00819	=	-5.169
rxn00821	=	5.734
rxn00822	=	2.400
rxn00824	=	-0.575
rxn00826	=	3.018
rxn00827	<	45.798
rxn00829	>	-9.144
rxn00830	=	-1.955
rxn00831	=	-6.061
rxn00832	<	7.906
rxn00833	>	-7.080
rxn00834	=	3.325
rxn00835	=	-4.890
rxn00836	=	6.169
rxn00837	>	-38.973
rxn00838	=	-0.077
rxn00839	=	0.482
rxn00840	=	4.569
rxn00841	=	-4.599
rxn00842	=	-4.043
rxn00843	>	-57.685
rxn00844	>	-57.686
rxn00845	=	-5.529
rxn00846	<	43.084
rxn00847	>	-7.113
rxn00848	=	-0.292
rxn00849	=	0.153
rxn00850	=	-1.676
rxn00851	=	-3.762
rxn00852	>	-17.602
rxn00853	>	-16.505
rxn00854	=	0.904
rxn00855	=	-5.294
rxn00856	=	0.817
rxn00857	>	-6.953
rxn00858	>	-20.370
rxn00859	=	-2.315
rxn00860	=	-4.598
rxn00861	=	-6.384
rxn00862	=	-2.550
rxn00863	>	-7.342
rxn00864	=	-6.206
rxn00865	=	-3.807
rxn00866	>	-11.593
rxn00867	=	-2.686
rxn00868	<	10.218
rxn00869	=	1.064
rxn00870	=	1.064
rxn00871	=	4.509
rxn00872	<	7.089
rxn00873	=	-0.518
rxn00874	=	6.141
rxn00875	=	-0.878
rxn00876	<	7.746
rxn00877	=	-1.130
rxn00878	=	-1.364
rxn00879	=	-1.125
rxn00880	>	-103.772
rxn00881	>	-10.763
rxn00882	>	-10.763
rxn00883	>	-10.763
rxn00884	=	5.377
rxn00885	=	5.377
rxn00886	=	5.377
rxn00887	=	5.377
rxn00888	=	-4.253
rxn00889	>	-76.291
rxn00890	=	-5.414
rxn00891	>	-7.169
rxn00892	=	-2.441
rxn00893	>	-8.437
rxn00894	>	-34.546
rxn00895	=	-5.132
rxn00896	=	-3.553
rxn00897	=	1.503
rxn00898	>	-14.906
rxn00899	=	-3.002
rxn00900	=	-2.797
rxn00901	=	2.910
rxn00902	=	5.344
rxn00903	=	0.348
rxn00904	=	0.316
rxn00905	=	0.528
rxn00906	=	1.319
rxn00907	=	1.320
rxn00908	=	0.559
rxn00909	=	-5.039
rxn00910	<	8.168
rxn00911	=	0.729
rxn00912	=	1.271
rxn00913	=	-6.667
rxn00914	=	-4.436
rxn00915	=	6.495
rxn00916	>	-42.804
rxn00917	>	-40.317
rxn00918	>	-18.607
rxn00919	>	-14.784
rxn00920	>	-14.540
rxn00921	=	-6.687
rxn00922	=	-2.121
rxn00923	>	-10.873
rxn00924	<	7.432
rxn00925	<	48.096
rxn00926	>	-10.185
rxn00927	=	-6.217
rxn00928	=	4.109
rxn00929	<	8.978
rxn00930	=	4.109
rxn00931	<	8.979
rxn00932	>	-65.749
rxn00933	>	-11.686
rxn00934	=	-0.964
rxn00935	=	2.220
rxn00936	=	1.417
rxn00937	>	-36.304
rxn00938	=	-5.645
rxn00939	<	9.479
rxn00940	>	-11.654
rxn00941	=	2.739
rxn00942	>	-13.863
rxn00943	>	-12.579
rxn00944	=	0.027
rxn00945	<	11.897
rxn00946	<	8.768
rxn00947	=	-1.820
rxn00948	=	-1.370
rxn00949	>	-7.950
rxn00950	=	-6.800
rxn00952	>	-13.017
rxn00953	=	-3.655
rxn00955	<	7.533
rxn00956	=	-0.585
rxn00957	>	-8.221
rxn00958	>	-8.221
rxn00959	>	-68.233
rxn00960	>	-68.232
rxn00961	>	-60.199
rxn00962	>	-68.232
rxn00963	>	-60.199
rxn00964	=	-2.141
rxn00965	>	-11.938
rxn00966	<	34.995
rxn00967	>	-10.863
rxn00968	>	-93.507
rxn00970	<	10.683
rxn00971	=	-0.797
rxn00972	=	-2.269
rxn00973	=	2.763
rxn00974	=	3.418
rxn00975	=	-3.891
rxn00976	=	-4.154
rxn00977	=	-3.425
rxn00978	=	-4.372
rxn00979	>	-13.486
rxn00980	>	-13.043
rxn00981	>	-9.023
rxn00985	=	6.665
rxn00987	=	-4.192
rxn00988	=	-0.282
rxn00989	>	-15.654
rxn00990	=	-1.232
rxn00991	>	-10.323
rxn00992	=	1.607
rxn00993	<	25.114
rxn00994	=	0.353
rxn00995	>	-7.953
rxn00996	>	-46.124
rxn00997	=	6.075
rxn00998	=	6.076
rxn00999	>	-102.210
rxn01000	>	-22.022
rxn01001	=	-2.217
rxn01002	>	-7.894
rxn01003	>	-10.688
rxn01004	=	2.301
rxn01005	=	-1.498
rxn01006	=	-1.498
rxn01007	=	-6.486
rxn01008	=	-0.458
rxn01009	=	-6.593
rxn01010	=	-0.531
rxn01011	=	5.687
rxn01012	=	2.596
rxn01013	=	5.688
rxn01014	>	-9.333
rxn01015	=	0.636
rxn01016	=	3.396
rxn01017	=	-1.353
rxn01018	=	-4.534
rxn01019	=	-6.116
rxn01020	=	-0.603
rxn01021	>	-8.411
rxn01022	=	2.119
rxn01023	<	18.428
rxn01024	>	-33.083
rxn01025	>	-10.664
rxn01026	>	-59.451
rxn01027	=	0.149
rxn01028	=	0.149
rxn01029	>	-13.913
rxn01030	<	177.574
rxn01031	<	20.372
rxn01032	>	-8.892
rxn01033	>	-8.891
rxn01034	>	-18.529
rxn01035	=	-1.789
rxn01036	>	-330.021
rxn01037	=	-4.497
rxn01038	=	-4.536
rxn01039	<	9.636
rxn01041	=	-5.817
rxn01042	=	-5.817
rxn01043	=	2.575
rxn01044	=	1.480
rxn01045	=	2.910
rxn01046	>	-6.982
rxn01048	=	-3.627
rxn01049	=	-2.577
rxn01050	>	-29.446
rxn01051	>	-8.312
rxn01052	=	0.721
rxn01053	>	-10.562
rxn01054	=	-0.564
rxn01055	<	38.149
rxn01056	=	1.950
rxn01057	=	1.242
rxn01058	=	2.885
rxn01060	<	10.741
rxn01061	>	-61.508
rxn01062	=	2.886
rxn01063	<	10.685
rxn01064	>	-26.943
rxn01065	>	-8.085
rxn01067	>	-62.314
rxn01068	=	4.466
rxn01069	>	-12.509
rxn01070	=	4.054
rxn01071	=	-5.042
rxn01072	>	-19.140
rxn01073	>	-71.684
rxn01074	=	-1.879
rxn01075	=	-0.056
rxn01076	=	-2.007
rxn01077	=	-2.007
rxn01079	=	2.607
rxn01080	=	0.244
rxn01081	>	-11.697
rxn01082	>	-10.606
rxn01083	=	-0.366
rxn01093	<	235.331
rxn01094	>	-12.476
rxn01095	>	-81.938
rxn01096	>	-64.019
rxn01097	=	-5.248
rxn01098	>	-7.067
rxn01099	>	-8.449
rxn01100	=	3.945
rxn01101	=	6.224
rxn01102	=	-3.099
rxn01103	>	-17.841
rxn01104	>	-7.247
rxn01105	=	4.484
rxn01106	=	-1.806
rxn01107	>	-13.185
rxn01108	=	-1.834
rxn01109	=	-1.834
rxn01110	>	-27.943
rxn01111	=	-5.766
rxn01112	=	4.171
rxn01113	=	4.171
rxn01114	=	-5.555
rxn01115	=	-1.098
rxn01116	=	-1.368
rxn01117	=	0.985
rxn01118	>	-28.503
rxn01119	=	0.442
rxn01121	>	-13.199
rxn01122	>	-13.949
rxn01123	=	-4.569
rxn01124	=	1.850
rxn01125	=	2.254
rxn01126	>	-11.071
rxn01127	=	0.662
rxn01128	=	-3.651
rxn01129	=	-4.801
rxn01130	=	-0.743
rxn01131	<	34.590
rxn01132	=	2.369
rxn01133	=	-0.714
rxn01134	=	-1.120
rxn01135	=	-3.736
rxn01136	=	-2.630
rxn01137	>	-10.064
rxn01138	=	1.642
rxn01139	>	-9.437
rxn01140	>	-12.504
rxn01141	>	-10.244
rxn01142	>	-18.084
rxn01143	=	-4.157
rxn01144	=	-4.225
rxn01145	>	-7.038
rxn01146	=	1.269
rxn01147	=	-1.116
rxn01148	=	-4.976
rxn01149	=	-6.146
rxn01150	=	-6.146
rxn01151	=	1.375
rxn01152	=	2.144
rxn01153	>	-9.991
rxn01154	=	-0.140
rxn01156	=	1.449
rxn01157	=	-3.378
rxn01158	=	4.131
rxn01159	=	-4.472
rxn01160	=	-0.941
rxn01161	=	-1.632
rxn01162	>	-18.145
rxn01163	<	6.908
rxn01164	=	4.605
rxn01165	=	4.606
rxn01166	=	4.606
rxn01167	=	4.605
rxn01168	=	-1.725
rxn01169	=	-3.071
rxn01170	<	39.077
rxn01171	=	0.666
rxn01172	>	-7.295
rxn01173	>	-7.294
rxn01174	=	4.119
rxn01175	=	2.763
rxn01176	=	-3.703
rxn01177	>	-53.966
rxn01179	>	-16.088
rxn01180	>	-15.315
rxn01181	=	-0.386
rxn01182	=	-1.867
rxn01183	=	-6.088
rxn01184	>	-9.183
rxn01185	>	-17.574
rxn01186	>	-7.363
rxn01187	>	-11.918
rxn01188	>	-45.414
rxn01189	>	-68.228
rxn01190	>	-60.196
rxn01191	>	-60.197
rxn01192	>	-81.924
rxn01193	>	-64.880
rxn01194	>	-13.613
rxn01195	=	-6.274
rxn01196	=	-6.248
rxn01197	>	-23.211
rxn01199	=	-5.003
rxn01200	=	0.773
rxn01201	=	-0.693
rxn01202	=	-2.440
rxn01203	=	2.440
rxn01204	=	1.314
rxn01205	>	-15.904
rxn01206	>	-28.628
rxn01207	=	-3.174
rxn01208	<	8.360
rxn01209	<	15.618
rxn01210	=	-5.090
rxn01211	=	-2.166
rxn01212	>	-19.740
rxn01213	>	-16.115
rxn01214	>	-16.115
rxn01216	>	-15.892
rxn01217	>	-10.994
rxn01218	>	-9.015
rxn01219	=	0.308
rxn01220	=	-2.675
rxn01221	>	-12.992
rxn01222	>	-17.633
rxn01223	=	-1.577
rxn01224	>	-9.413
rxn01225	<	68.137
rxn01226	=	-5.299
rxn01228	>	-7.801
rxn01229	=	-4.611
rxn01230	>	-107.278
rxn01231	>	-9.042
rxn01232	=	3.048
rxn01233	=	0.178
rxn01236	=	6.460
rxn01237	<	13.343
rxn01238	>	-335.728
rxn01239	=	2.904
rxn01240	>	-23.205
rxn01241	=	0.319
rxn01242	=	-5.354
rxn01243	=	-4.424
rxn01244	=	-4.225
rxn01245	=	-4.483
rxn01246	>	-90.210
rxn01247	>	-9.400
rxn01248	=	-2.660
rxn01249	=	4.555
rxn01251	>	-18.176
rxn01252	>	-21.554
rxn01253	=	0.068
rxn01254	=	-0.473
rxn01255	>	-16.864
rxn01256	>	-19.644
rxn01257	=	-3.645
rxn01258	=	0.391
rxn01259	=	-6.873
rxn01261	=	4.725
rxn01262	<	7.897
rxn01263	=	-0.854
rxn01264	=	6.697
rxn01265	=	1.494
rxn01267	<	9.593
rxn01268	=	-4.504
rxn01269	=	-4.504
rxn01270	=	-2.500
rxn01271	>	-7.763
rxn01273	>	-8.773
rxn01274	>	-13.749
rxn01275	=	-2.522
rxn01276	=	3.527
rxn01277	=	2.948
rxn01278	=	3.527
rxn01279	=	-0.181
rxn01280	=	6.005
rxn01281	=	6.006
rxn01282	>	-9.653
rxn01283	<	8.123
rxn01284	<	8.123
rxn01285	>	-6.917
rxn01286	>	-11.538
rxn01287	=	-0.812
rxn01288	=	-3.436
rxn01289	=	-2.861
rxn01290	=	2.425
rxn01291	=	2.426
rxn01292	=	1.977
rxn01293	=	3.534
rxn01294	=	-6.791
rxn01295	=	-4.652
rxn01296	<	41.395
rxn01297	=	2.711
rxn01298	>	-23.397
rxn01299	=	-6.338
rxn01300	>	-7.953
rxn01301	=	3.923
rxn01302	=	3.923
rxn01303	=	-5.751
rxn01304	=	-6.041
rxn01305	=	4.166
rxn01306	=	0.666
rxn01307	=	0.666
rxn01308	=	-1.152
rxn01310	=	1.749
rxn01313	<	9.887
rxn01314	<	10.608
rxn01315	=	2.247
rxn01316	<	12.585
rxn01317	>	-8.039
rxn01318	=	1.264
rxn01319	=	0.759
rxn01320	=	-0.598
rxn01322	=	-2.535
rxn01323	=	-0.134
rxn01324	=	3.157
rxn01325	=	2.250
rxn01326	=	2.250
rxn01327	=	2.253
rxn01328	=	1.648
rxn01329	=	1.796
rxn01331	>	-10.503
rxn01332	>	-15.005
rxn01333	=	-0.189
rxn01334	=	1.042
rxn01336	=	-0.155
rxn01337	=	-0.495
rxn01338	=	-0.155
rxn01339	=	-0.495
rxn01340	>	-60.411
rxn01341	=	-5.784
rxn01343	=	-3.345
rxn01344	=	-3.828
rxn01345	>	-8.122
rxn01346	=	-3.396
rxn01347	=	-3.260
rxn01348	=	-3.608
rxn01349	=	0.086
rxn01350	>	-11.898
rxn01351	>	-17.983
rxn01352	>	-19.790
rxn01353	=	0.357
rxn01354	=	4.694
rxn01355	=	-0.676
rxn01356	=	-6.701
rxn01357	>	-56.562
rxn01358	=	1.552
rxn01359	=	1.334
rxn01360	>	-24.775
rxn01361	=	1.333
rxn01362	=	-0.751
rxn01363	=	2.633
rxn01364	>	-10.640
rxn01365	=	-6.558
rxn01366	=	0.237
rxn01367	>	-8.238
rxn01368	>	-8.438
rxn01369	>	-60.743
rxn01370	=	-4.677
rxn01371	=	2.453
rxn01372	>	-15.851
rxn01373	=	5.048
rxn01374	=	0.907
rxn01375	>	-9.109
rxn01376	>	-7.803
rxn01377	<	13.528
rxn01378	=	1.365
rxn01379	=	-3.924
rxn01380	=	0.868
rxn01383	=	3.241
rxn01385	=	3.315
rxn01386	=	-1.170
rxn01387	=	3.170
rxn01388	=	0.655
rxn01389	=	-5.256
rxn01390	=	-5.250
rxn01391	=	5.465
rxn01392	=	3.234
rxn01393	=	-4.245
rxn01394	=	-5.557
rxn01395	>	-9.922
rxn01396	=	-2.043
rxn01397	>	-21.628
rxn01398	<	9.857
rxn01399	=	-4.011
rxn01401	>	-16.616
rxn01402	>	-7.604
rxn01403	=	-3.541
rxn01404	=	-5.498
rxn01405	=	0.235
rxn01406	=	0.104
rxn01407	=	4.675
rxn01408	>	-8.045
rxn01409	=	0.449
rxn01410	=	-0.422
rxn01411	=	-2.305
rxn01412	=	2.798
rxn01413	=	-5.538
rxn01414	<	41.804
rxn01415	>	-16.861
rxn01417	=	-4.280
rxn01418	=	-4.408
rxn01419	=	-1.136
rxn01420	=	-6.764
rxn01421	<	15.465
rxn01422	<	15.465
rxn01423	=	-0.144
rxn01424	=	-5.029
rxn01425	=	0.333
rxn01426	=	-1.972
rxn01427	=	-1.905
rxn01428	=	-5.960
rxn01429	=	6.346
rxn01430	=	-0.455
rxn01431	=	-1.455
rxn01434	=	-0.581
rxn01435	=	-1.573
rxn01436	=	-3.298
rxn01437	>	-14.330
rxn01438	>	-68.228
rxn01439	=	-2.279
rxn01440	>	-34.384
rxn01441	<	47.331
rxn01442	=	-2.542
rxn01443	=	-2.760
rxn01444	=	-3.119
rxn01445	>	-8.422
rxn01446	=	3.340
rxn01447	=	-3.565
rxn01448	=	0.011
rxn01449	=	0.011
rxn01450	=	-2.309
rxn01451	=	2.793
rxn01452	=	2.793
rxn01453	=	2.883
rxn01454	=	3.998
rxn01455	=	-1.806
rxn01456	>	-8.460
rxn01457	=	0.542
rxn01458	<	11.312
rxn01459	>	-10.744
rxn01460	<	9.649
rxn01461	<	7.163
rxn01462	>	-23.282
rxn01463	=	-5.468
rxn01464	=	-5.283
rxn01465	=	-2.942
rxn01466	>	-16.396
rxn01467	>	-106.400
rxn01468	>	-106.204
rxn01469	<	129.412
rxn01471	>	-13.377
rxn01472	>	-59.336
rxn01473	>	-47.237
rxn01474	=	2.457
rxn01475	=	2.457
rxn01476	>	-10.243
rxn01477	>	-17.292
rxn01478	=	1.429
rxn01479	=	-0.835
rxn01480	=	3.633
rxn01481	=	0.204
rxn01482	=	0.172
rxn01483	=	-5.294
rxn01484	>	-6.953
rxn01485	=	-1.266
rxn01486	>	-16.396
rxn01487	>	-16.028
rxn01488	>	-187.744
rxn01489	>	-32.099
rxn01490	>	-139.981
rxn01491	>	-7.540
rxn01492	=	-3.781
rxn01494	>	-64.468
rxn01495	>	-64.503
rxn01496	=	-1.601
rxn01497	>	-112.566
rxn01498	=	-2.067
rxn01499	>	-9.551
rxn01500	=	1.622
rxn01501	=	1.623
rxn01502	>	-11.334
rxn01503	=	-0.691
rxn01504	=	0.161
rxn01505	=	1.865
rxn01506	=	0.866
rxn01507	>	-8.951
rxn01508	=	-2.723
rxn01509	=	1.034
rxn01510	=	-3.526
rxn01511	>	-12.134
rxn01512	=	0.022
rxn01513	=	-0.335
rxn01514	>	-12.610
rxn01515	=	-3.191
rxn01516	=	-4.342
rxn01517	=	0.178
rxn01518	=	-3.333
rxn01519	>	-15.949
rxn01520	>	-9.137
rxn01521	>	-8.137
rxn01522	=	-5.223
rxn01523	>	-37.071
rxn01524	>	-31.332
rxn01525	=	-3.084
rxn01527	=	-4.946
rxn01528	=	-5.190
rxn01529	>	-9.494
rxn01530	=	1.588
rxn01531	>	-35.602
rxn01532	=	3.106
rxn01536	>	-38.150
rxn01537	<	9.207
rxn01538	<	8.893
rxn01539	<	24.438
rxn01540	=	-5.175
rxn01541	=	-4.108
rxn01542	=	-3.152
rxn01543	=	2.280
rxn01544	=	5.555
rxn01545	=	-5.530
rxn01546	=	5.597
rxn01547	<	68.368
rxn01548	=	2.331
rxn01549	>	-8.262
rxn01550	>	-17.441
rxn01551	=	-4.615
rxn01552	=	-2.960
rxn01553	=	-4.779
rxn01554	=	6.123
rxn01555	>	-45.664
rxn01556	<	31.172
rxn01557	<	22.412
rxn01558	>	-25.961
rxn01559	>	-83.765
rxn01560	>	-7.803
rxn01561	=	-3.073
rxn01562	>	-7.060
rxn01563	=	-2.852
rxn01564	>	-17.860
rxn01565	=	0.906
rxn01566	=	-0.834
rxn01567	>	-61.508
rxn01568	=	-3.084
rxn01570	=	1.288
rxn01571	=	-1.819
rxn01572	=	6.221
rxn01573	=	1.675
rxn01574	>	-19.212
rxn01575	=	-1.196
rxn01577	=	1.544
rxn01578	=	3.809
rxn01579	=	3.810
rxn01580	>	-17.226
rxn01581	=	5.753
rxn01583	=	2.886
rxn01585	>	-65.639
rxn01586	=	-0.835
rxn01587	=	-0.834
rxn01588	=	-2.886
rxn01589	=	-0.365
rxn01590	=	-1.664
rxn01593	=	0.779
rxn01594	<	43.648
rxn01595	=	0.845
rxn01596	>	-13.620
rxn01597	=	-1.019
rxn01598	>	-53.490
rxn01599	>	-8.466
rxn01600	>	-22.123
rxn01601	=	2.053
rxn01602	=	2.054
rxn01603	=	-2.735
rxn01604	=	-1.644
rxn01605	>	-8.172
rxn01606	=	1.818
rxn01607	=	-3.470
rxn01608	=	3.556
rxn01609	=	3.556
rxn01610	>	-10.027
rxn01611	>	-67.186
rxn01612	>	-67.192
rxn01613	=	-0.913
rxn01614	=	1.784
rxn01615	=	5.895
rxn01617	=	5.895
rxn01618	=	1.652
rxn01619	=	0.061
rxn01620	=	0.711
rxn01621	=	-2.892
rxn01622	<	124.102
rxn01623	<	124.102
rxn01624	>	-18.256
rxn01625	<	17.901
rxn01626	=	-4.507
rxn01627	>	-8.197
rxn01628	=	0.448
rxn01629	=	3.759
rxn01630	>	-7.852
rxn01631	=	0.167
rxn01632	=	-6.730
rxn01633	>	-13.721
rxn01634	>	-17.391
rxn01635	=	6.051
rxn01636	=	0.423
rxn01637	=	-0.650
rxn01638	=	-2.040
rxn01639	>	-13.518
rxn01640	>	-12.592
rxn01641	=	2.178
rxn01642	=	-5.351
rxn01643	=	-1.145
rxn01644	>	-29.891
rxn01645	=	5.929
rxn01646	=	-4.092
rxn01647	=	1.324
rxn01648	=	3.224
rxn01649	=	2.158
rxn01650	=	4.166
rxn01652	<	18.009
rxn01653	>	-14.752
rxn01654	>	-9.680
rxn01655	=	1.198
rxn01656	>	-19.432
rxn01657	>	-74.239
rxn01658	>	-108.482
rxn01660	=	3.517
rxn01661	>	-181.955
rxn01662	=	2.718
rxn01663	=	2.718
rxn01664	<	12.272
rxn01665	=	0.000
rxn01669	=	-3.986
rxn01670	=	-3.110
rxn01671	>	-7.103
rxn01672	>	-12.678
rxn01673	=	0.820
rxn01674	=	-5.139
rxn01675	=	0.369
rxn01676	=	0.051
rxn01677	>	-12.163
rxn01678	=	-0.313
rxn01679	=	-4.007
rxn01680	>	-87.107
rxn01682	=	0.556
rxn01683	=	-3.513
rxn01684	=	3.671
rxn01685	=	3.152
rxn01686	=	3.152
rxn01687	=	-0.149
rxn01688	=	-0.266
rxn01689	=	-0.266
rxn01690	>	-59.113
rxn01691	<	45.907
rxn01692	=	0.302
rxn01693	=	0.303
rxn01694	>	-68.683
rxn01695	>	-68.683
rxn01696	>	-62.769
rxn01697	>	-11.024
rxn01698	>	-78.111
rxn01699	>	-45.477
rxn01700	>	-18.659
rxn01701	>	-9.406
rxn01702	=	-0.039
rxn01703	=	-5.142
rxn01704	>	-10.622
rxn01705	=	-3.989
rxn01706	=	-2.856
rxn01707	>	-26.943
rxn01708	=	0.358
rxn01709	>	-13.406
rxn01710	=	-4.393
rxn01711	=	4.595
rxn01712	=	-2.460
rxn01713	=	1.141
rxn01714	>	-9.548
rxn01715	>	-17.867
rxn01716	>	-68.228
rxn01717	=	0.904
rxn01718	=	-6.361
rxn01719	=	-3.697
rxn01720	>	-8.892
rxn01721	=	1.184
rxn01722	=	-4.810
rxn01723	=	-4.809
rxn01724	>	-77.686
rxn01725	=	4.144
rxn01726	=	-0.154
rxn01727	>	-60.727
rxn01728	>	-8.751
rxn01729	>	-9.222
rxn01730	=	-0.621
rxn01731	=	-0.624
rxn01732	=	-0.265
rxn01733	=	-0.799
rxn01734	=	-0.691
rxn01735	=	0.227
rxn01737	>	-7.758
rxn01738	=	-1.057
rxn01739	=	-5.290
rxn01740	=	1.318
rxn01741	=	-4.398
rxn01742	>	-11.956
rxn01743	=	-3.649
rxn01744	>	-73.983
rxn01745	<	7.628
rxn01746	=	-3.724
rxn01747	=	-4.336
rxn01748	>	-24.307
rxn01750	>	-24.058
rxn01751	>	-8.647
rxn01752	>	-9.798
rxn01753	>	-18.579
rxn01754	=	-2.944
rxn01755	=	3.080
rxn01757	=	-1.837
rxn01758	<	107.312
rxn01760	>	-41.364
rxn01761	=	0.054
rxn01762	=	0.682
rxn01763	=	-2.770
rxn01764	=	3.414
rxn01765	>	-68.234
rxn01767	>	-61.896
rxn01768	>	-46.874
rxn01769	<	10.936
rxn01770	>	-16.116
rxn01771	>	-68.360
rxn01772	=	-3.002
rxn01773	=	-6.108
rxn01774	=	-4.973
rxn01775	=	2.729
rxn01776	=	3.556
rxn01777	=	3.556
rxn01778	>	-18.800
rxn01779	>	-21.146
rxn01780	=	2.593
rxn01781	=	3.556
rxn01782	<	11.342
rxn01783	=	-4.325
rxn01784	>	-9.088
rxn01785	>	-18.340
rxn01786	>	-62.314
rxn01787	>	-62.314
rxn01788	>	-60.140
rxn01789	=	2.980
rxn01790	=	3.221
rxn01791	=	-6.736
rxn01792	=	-2.748
rxn01793	=	-0.835
rxn01794	=	-0.834
rxn01795	=	-2.665
rxn01797	=	-5.422
rxn01798	=	-5.328
rxn01799	=	0.739
rxn01800	>	-10.116
rxn01801	>	-64.832
rxn01802	=	1.535
rxn01803	=	-6.702
rxn01804	=	1.180
rxn01805	=	1.180
rxn01806	>	-43.398
rxn01807	=	-3.219
rxn01808	<	8.289
rxn01809	=	1.174
rxn01810	=	1.174
rxn01811	>	-59.868
rxn01812	=	-2.325
rxn01813	>	-27.438
rxn01814	>	-15.345
rxn01815	=	0.472
rxn01816	<	13.019
rxn01817	=	-4.163
rxn01818	>	-54.786
rxn01819	>	-11.115
rxn01820	>	-68.222
rxn01821	>	-68.221
rxn01822	>	-68.222
rxn01823	>	-68.221
rxn01825	>	-66.402
rxn01826	>	-78.036
rxn01827	>	-110.879
rxn01828	>	-18.579
rxn01829	>	-8.647
rxn01830	>	-9.798
rxn01831	=	2.821
rxn01832	=	-3.225
rxn01833	>	-17.977
rxn01834	=	1.709
rxn01835	=	2.821
rxn01836	>	-17.859
rxn01837	=	0.906
rxn01838	=	-2.115
rxn01839	>	-61.796
rxn01840	>	-8.750
rxn01841	>	-8.749
rxn01842	=	-1.883
rxn01843	>	-8.098
rxn01846	=	4.867
rxn01847	<	7.387
rxn01848	=	-4.843
rxn01849	=	5.584
rxn01850	=	-0.834
rxn01851	>	-10.745
rxn01852	>	-60.121
rxn01853	>	-78.458
rxn01854	>	-79.059
rxn01855	=	-0.835
rxn01856	>	-52.749
rxn01857	=	3.070
rxn01858	>	-9.739
rxn01859	=	1.979
rxn01860	>	-7.411
rxn01861	<	48.308
rxn01862	<	45.179
rxn01863	>	-60.207
rxn01864	>	-60.207
rxn01865	<	42.605
rxn01866	<	47.331
rxn01867	>	-8.564
rxn01868	>	-8.563
rxn01869	>	-11.693
rxn01870	=	3.179
rxn01871	=	1.872
rxn01872	=	1.588
rxn01873	=	1.901
rxn01874	=	0.380
rxn01875	=	-0.088
rxn01876	=	0.839
rxn01877	=	-1.410
rxn01878	=	-5.430
rxn01879	=	4.727
rxn01880	=	3.152
rxn01881	=	-0.834
rxn01882	>	-10.677
rxn01883	>	-8.665
rxn01884	>	-68.214
rxn01885	>	-9.248
rxn01886	>	-75.039
rxn01887	=	1.428
rxn01888	>	-11.934
rxn01889	=	3.715
rxn01893	=	0.174
rxn01894	>	-8.075
rxn01895	<	19.563
rxn01896	<	16.486
rxn01898	>	-19.061
rxn01900	=	2.886
rxn01901	=	2.886
rxn01902	=	3.556
rxn01903	>	-17.860
rxn01904	=	-5.259
rxn01905	=	1.129
rxn01906	=	-1.878
rxn01907	>	-59.277
rxn01908	>	-59.160
rxn01909	=	2.120
rxn01910	=	-6.143
rxn01911	=	3.152
rxn01912	=	3.153
rxn01913	=	3.152
rxn01914	=	0.000
rxn01916	>	-160.827
rxn01917	=	4.978
rxn01918	>	-8.846
rxn01919	>	-66.419
rxn01920	<	34.954
rxn01921	=	-3.013
rxn01922	=	1.893
rxn01923	>	-52.080
rxn01924	<	8.066
rxn01925	=	0.597
rxn01926	=	-4.904
rxn01927	>	-62.048
rxn01928	>	-29.671
rxn01929	=	-5.178
rxn01930	>	-19.680
rxn01931	=	-6.699
rxn01932	>	-17.074
rxn01933	>	-7.078
rxn01934	>	-22.970
rxn01935	<	40.500
rxn01936	>	-15.103
rxn01937	>	-8.891
rxn01938	=	3.556
rxn01939	=	3.556
rxn01941	=	3.152
rxn01942	=	-0.834
rxn01943	>	-8.899
rxn01944	>	-8.898
rxn01945	>	-68.233
rxn01946	=	-1.855
rxn01947	=	-1.593
rxn01948	>	-9.559
rxn01949	>	-83.446
rxn01951	=	-2.759
rxn01952	<	8.903
rxn01953	<	11.263
rxn01954	>	-60.849
rxn01955	=	-3.589
rxn01956	=	-3.961
rxn01957	>	-8.298
rxn01959	>	-9.798
rxn01960	>	-26.944
rxn01961	>	-7.688
rxn01962	>	-18.950
rxn01964	=	-6.355
rxn01965	>	-60.848
rxn01966	=	2.929
rxn01967	=	-3.995
rxn01968	=	0.560
rxn01969	>	-6.932
rxn01971	=	1.139
rxn01972	=	-6.553
rxn01973	=	-2.447
rxn01974	=	-0.667
rxn01975	=	-2.756
rxn01977	=	2.758
rxn01979	=	-3.719
rxn01980	=	4.609
rxn01981	>	-9.251
rxn01985	=	1.645
rxn01986	>	-10.793
rxn01987	=	5.170
rxn01989	>	-16.554
rxn01990	=	2.180
rxn01991	=	1.488
rxn01993	>	-9.217
rxn01994	<	8.703
rxn01995	>	-13.338
rxn01996	=	-0.063
rxn01997	>	-19.186
rxn01998	=	1.618
rxn01999	=	-0.337
rxn02000	=	-6.214
rxn02002	=	-0.835
rxn02003	=	-0.835
rxn02004	=	-6.573
rxn02005	>	-9.557
rxn02006	=	3.454
rxn02007	>	-20.862
rxn02008	=	-4.432
rxn02009	=	-2.820
rxn02010	=	-2.820
rxn02011	=	-3.282
rxn02012	=	-0.835
rxn02013	=	-0.834
rxn02014	=	-1.789
rxn02015	=	-3.721
rxn02016	>	-10.678
rxn02018	=	-5.412
rxn02019	>	-27.807
rxn02020	>	-16.860
rxn02021	<	6.908
rxn02022	<	24.831
rxn02023	=	-0.175
rxn02024	<	71.391
rxn02026	>	-72.379
rxn02028	=	1.758
rxn02029	=	-0.499
rxn02031	>	-68.221
rxn02032	=	-6.708
rxn02033	=	-0.851
rxn02034	=	-0.835
rxn02035	=	-0.834
rxn02036	=	-0.785
rxn02037	>	-52.617
rxn02038	=	0.835
rxn02039	=	2.886
rxn02040	=	0.834
rxn02041	>	-38.598
rxn02042	=	-2.938
rxn02043	=	-3.201
rxn02044	=	-3.419
rxn02045	=	0.101
rxn02046	>	-8.916
rxn02049	=	3.153
rxn02050	<	16.561
rxn02051	=	5.668
rxn02052	=	5.668
rxn02053	>	-13.142
rxn02054	=	5.057
rxn02055	=	0.003
rxn02057	=	-4.146
rxn02058	>	-7.053
rxn02059	=	-4.410
rxn02060	=	-4.628
rxn02061	=	-0.197
rxn02062	=	-4.796
rxn02063	>	-63.923
rxn02064	>	-420.958
rxn02065	>	-22.881
rxn02066	=	4.361
rxn02067	>	-36.980
rxn02068	<	12.303
rxn02069	=	2.886
rxn02070	=	-4.895
rxn02071	>	-16.157
rxn02073	=	2.045
rxn02074	>	-10.630
rxn02075	<	38.259
rxn02077	>	-16.946
rxn02078	=	0.888
rxn02079	>	-10.151
rxn02080	>	-24.665
rxn02081	>	-17.863
rxn02082	>	-83.422
rxn02083	=	0.905
rxn02084	=	-5.153
rxn02085	=	4.070
rxn02086	<	86.527
rxn02087	>	-15.989
rxn02088	=	-2.114
rxn02089	=	-1.888
rxn02090	=	-0.757
rxn02091	>	-19.262
rxn02092	=	-0.932
rxn02093	=	-0.374
rxn02094	=	-2.683
rxn02095	=	1.572
rxn02096	=	-3.333
rxn02097	=	-5.915
rxn02098	=	-2.087
rxn02099	>	-11.393
rxn02100	>	-9.798
rxn02101	=	0.000
rxn02102	=	-2.345
rxn02103	=	-2.345
rxn02104	=	-1.899
rxn02105	>	-8.287
rxn02106	>	-8.890
rxn02107	>	-8.782
rxn02108	>	-24.629
rxn02109	>	-19.740
rxn02110	=	-0.835
rxn02111	=	-0.835
rxn02112	=	2.813
rxn02113	>	-8.040
rxn02117	>	-10.858
rxn02118	>	-7.819
rxn02119	<	32.115
rxn02120	=	-2.008
rxn02121	=	-0.690
rxn02122	>	-14.116
rxn02123	=	0.845
rxn02124	>	-52.243
rxn02125	>	-52.243
rxn02126	=	3.152
rxn02127	=	-1.798
rxn02128	=	-4.446
rxn02129	>	-9.184
rxn02130	=	-5.727
rxn02131	>	-22.384
rxn02132	=	1.964
rxn02133	=	-2.306
rxn02134	=	2.836
rxn02135	<	8.212
rxn02136	=	-1.959
rxn02137	=	-3.883
rxn02138	=	0.901
rxn02139	=	5.601
rxn02140	=	-1.789
rxn02141	<	11.342
rxn02142	<	11.342
rxn02143	=	-0.691
rxn02144	>	-9.948
rxn02145	>	-12.551
rxn02147	=	-0.835
rxn02148	>	-52.749
rxn02149	>	-20.870
rxn02150	>	-6.910
rxn02153	=	-1.619
rxn02154	>	-9.498
rxn02155	=	-5.041
rxn02156	>	-68.251
rxn02157	=	-0.001
rxn02158	=	-0.001
rxn02159	=	3.869
rxn02160	>	-10.066
rxn02161	=	-0.869
rxn02163	=	3.152
rxn02164	=	3.152
rxn02165	<	10.263
rxn02166	=	-5.988
rxn02167	=	1.321
rxn02168	=	1.502
rxn02169	>	-8.392
rxn02170	=	-4.916
rxn02171	=	-3.454
rxn02172	>	-18.579
rxn02173	>	-16.554
rxn02174	>	-10.710
rxn02175	=	-3.640
rxn02176	>	-11.366
rxn02177	>	-15.675
rxn02178	<	7.840
rxn02179	=	3.556
rxn02180	=	-3.556
rxn02181	=	-0.927
rxn02182	=	-1.940
rxn02183	=	-5.712
rxn02184	>	-10.574
rxn02185	=	0.125
rxn02186	=	-3.153
rxn02187	=	0.000
rxn02188	=	-1.587
rxn02189	=	-3.556
rxn02190	=	-3.431
rxn02191	=	-3.955
rxn02192	<	10.426
rxn02193	=	0.000
rxn02194	=	4.694
rxn02196	>	-12.965
rxn02197	=	-1.793
rxn02198	=	0.785
rxn02199	=	-0.785
rxn02200	=	-2.587
rxn02201	>	-12.596
rxn02202	=	1.658
rxn02204	=	-1.265
rxn02206	=	0.000
rxn02207	=	3.128
rxn02208	=	-1.852
rxn02209	=	3.556
rxn02210	=	-0.134
rxn02211	=	1.231
rxn02212	>	-45.054
rxn02213	=	-2.135
rxn02214	>	-67.773
rxn02215	>	-61.860
rxn02216	>	-67.773
rxn02217	>	-9.887
rxn02218	>	-87.915
rxn02219	<	15.294
rxn02220	=	0.470
rxn02221	=	-4.536
rxn02222	>	-8.287
rxn02223	>	-83.420
rxn02224	<	235.985
rxn02225	<	183.368
rxn02226	>	-9.533
rxn02227	>	-9.532
rxn02228	=	3.144
rxn02229	=	0.709
rxn02232	=	-1.947
rxn02233	=	-0.834
rxn02234	=	-0.834
rxn02235	=	3.556
rxn02238	=	-1.198
rxn02239	>	-68.236
rxn02241	>	-51.754
rxn02242	=	-2.172
rxn02243	=	5.039
rxn02244	=	-2.115
rxn02245	=	-3.792
rxn02246	>	-8.718
rxn02247	=	-5.550
rxn02248	>	-8.934
rxn02249	>	-58.553
rxn02250	>	-17.956
rxn02251	>	-105.297
rxn02257	=	-0.953
rxn02258	=	0.365
rxn02259	=	-0.834
rxn02260	=	-1.707
rxn02261	<	15.995
rxn02262	=	-0.740
rxn02263	=	2.203
rxn02264	>	-126.716
rxn02265	>	-126.716
rxn02266	=	-6.096
rxn02267	<	10.685
rxn02268	>	-52.895
rxn02269	=	-3.003
rxn02270	<	7.556
rxn02271	=	0.597
rxn02272	=	-0.835
rxn02273	>	-8.564
rxn02274	>	-7.226
rxn02275	>	-7.850
rxn02276	=	-0.000
rxn02277	=	0.689
rxn02278	=	3.556
rxn02279	>	-26.943
rxn02280	<	9.524
rxn02281	>	-16.908
rxn02282	>	-12.029
rxn02283	>	-9.010
rxn02284	<	11.184
rxn02285	<	11.185
rxn02286	=	-4.100
rxn02287	>	-36.177
rxn02288	>	-12.228
rxn02289	>	-9.218
rxn02290	>	-337.762
rxn02291	=	0.000
rxn02292	=	-5.628
rxn02293	>	-78.066
rxn02294	=	-0.572
rxn02295	>	-38.114
rxn02296	=	-2.441
rxn02297	=	0.026
rxn02298	<	8.180
rxn02299	=	4.197
rxn02300	>	-82.395
rxn02301	<	40.720
rxn02302	>	-14.627
rxn02303	>	-59.934
rxn02304	=	5.921
rxn02305	=	-5.232
rxn02306	=	-6.339
rxn02307	=	-0.835
rxn02308	=	-0.834
rxn02309	=	0.000
rxn02310	>	-8.635
rxn02311	=	0.106
rxn02312	=	-0.245
rxn02313	=	-3.727
rxn02314	=	-4.248
rxn02315	=	-4.300
rxn02316	=	-4.163
rxn02317	=	-4.511
rxn02318	=	-0.614
rxn02319	=	-4.109
rxn02320	=	-1.782
rxn02321	=	-0.870
rxn02322	=	0.127
rxn02323	>	-81.227
rxn02324	=	-6.673
rxn02325	=	-2.604
rxn02326	>	-9.246
rxn02327	<	20.377
rxn02328	>	-18.309
rxn02329	>	-75.467
rxn02331	<	14.133
rxn02332	>	-7.367
rxn02336	>	-9.909
rxn02337	=	3.556
rxn02338	=	0.000
rxn02339	=	-2.080
rxn02340	>	-10.860
rxn02341	>	-10.303
rxn02342	=	-0.026
rxn02343	=	-0.529
rxn02344	=	4.417
rxn02345	=	-0.181
rxn02346	=	-2.180
rxn02347	=	-0.835
rxn02348	=	-0.835
rxn02349	>	-52.749
rxn02350	>	-8.564
rxn02351	=	4.682
rxn02352	=	-5.539
rxn02353	=	-5.140
rxn02354	>	-58.661
rxn02355	=	-0.922
rxn02356	<	8.925
rxn02357	=	-0.922
rxn02358	<	8.925
rxn02359	=	5.796
rxn02360	=	0.010
rxn02361	=	0.319
rxn02362	<	290.917
rxn02363	>	-68.232
rxn02364	>	-8.904
rxn02365	>	-8.903
rxn02366	>	-64.871
rxn02367	=	-2.101
rxn02369	>	-7.005
rxn02370	<	16.989
rxn02371	>	-67.683
rxn02372	<	229.430
rxn02373	=	3.994
rxn02374	=	-2.994
rxn02375	=	-2.937
rxn02376	=	0.578
rxn02377	=	-4.185
rxn02378	=	-1.455
rxn02379	=	-3.728
rxn02380	=	-1.693
rxn02381	>	-10.433
rxn02382	=	-0.447
rxn02383	=	3.152
rxn02384	=	3.152
rxn02385	=	-0.835
rxn02386	=	-0.834
rxn02387	>	-62.314
rxn02388	>	-9.419
rxn02389	>	-73.629
rxn02390	>	-13.303
rxn02391	=	0.000
rxn02392	<	14.770
rxn02393	<	14.770
rxn02394	<	14.771
rxn02395	<	14.771
rxn02396	>	-22.270
rxn02397	>	-23.255
rxn02398	<	10.742
rxn02399	=	-4.605
rxn02400	>	-11.991
rxn02401	=	0.442
rxn02402	<	6.951
rxn02403	=	-0.370
rxn02404	>	-7.794
rxn02405	<	46.366
rxn02406	>	-12.691
rxn02407	=	-2.745
rxn02410	=	3.160
rxn02411	>	-10.188
rxn02412	>	-7.075
rxn02413	>	-81.914
rxn02414	=	-2.100
rxn02415	>	-7.811
rxn02416	>	-68.231
rxn02417	=	-2.444
rxn02418	=	-2.444
rxn02419	=	3.151
rxn02420	=	-0.536
rxn02421	=	-1.877
rxn02424	=	0.618
rxn02425	>	-13.380
rxn02426	=	-0.479
rxn02427	>	-59.870
rxn02428	>	-59.871
rxn02429	=	-2.780
rxn02430	=	3.826
rxn02431	<	12.209
rxn02432	<	9.596
rxn02433	<	9.597
rxn02434	>	-9.419
rxn02435	>	-7.676
rxn02436	=	-2.469
rxn02437	=	-0.835
rxn02438	=	-0.835
rxn02439	=	-0.834
rxn02440	=	-0.834
rxn02441	=	4.258
rxn02442	>	-43.308
rxn02443	>	-68.930
rxn02444	<	37.711
rxn02445	>	-50.754
rxn02446	=	-0.835
rxn02447	=	-0.834
rxn02448	>	-62.314
rxn02449	>	-12.467
rxn02451	=	-0.701
rxn02452	=	-5.940
rxn02455	>	-7.674
rxn02456	=	-4.987
rxn02457	=	-4.987
rxn02458	=	-5.931
rxn02459	=	5.707
rxn02460	=	-4.987
rxn02461	=	-5.931
rxn02463	>	-52.249
rxn02464	>	-52.249
rxn02465	=	3.487
rxn02466	=	0.161
rxn02467	>	-45.630
rxn02468	>	-14.930
rxn02469	>	-60.637
rxn02470	>	-34.256
rxn02472	=	-2.018
rxn02473	>	-16.680
rxn02474	=	5.101
rxn02475	<	70.243
rxn02476	=	-3.325
rxn02477	=	-1.104
rxn02478	>	-65.919
rxn02479	<	11.342
rxn02480	<	97.242
rxn02481	=	-0.945
rxn02482	>	-76.174
rxn02483	>	-16.233
rxn02484	=	-2.313
rxn02488	=	5.108
rxn02489	=	-6.295
rxn02490	=	-6.295
rxn02496	=	0.161
rxn02497	=	-1.823
rxn02498	=	-0.834
rxn02499	>	-12.013
rxn02500	=	-0.835
rxn02501	=	-0.834
rxn02502	=	-5.273
rxn02503	=	-1.509
rxn02504	=	-2.680
rxn02505	>	-8.891
rxn02506	=	3.556
rxn02507	>	-24.095
rxn02508	=	-3.953
rxn02509	<	26.981
rxn02510	<	12.269
rxn02511	<	38.144
rxn02512	<	40.628
rxn02513	=	3.153
rxn02514	<	150.506
rxn02515	>	-24.831
rxn02516	>	-38.598
rxn02517	=	1.197
rxn02518	>	-18.951
rxn02519	=	0.546
rxn02520	<	22.163
rxn02521	>	-13.336
rxn02522	>	-13.749
rxn02523	=	6.664
rxn02524	>	-13.063
rxn02525	<	19.245
rxn02526	>	-52.869
rxn02527	=	-4.154
rxn02528	=	-4.154
rxn02529	>	-7.272
rxn02530	=	-1.439
rxn02531	>	-10.660
rxn02532	>	-15.325
rxn02533	>	-80.510
rxn02534	>	-8.068
rxn02535	<	9.220
rxn02536	=	5.410
rxn02537	>	-62.314
rxn02538	>	-10.872
rxn02539	>	-56.485
rxn02540	>	-68.225
rxn02541	>	-68.226
rxn02542	>	-12.374
rxn02543	<	12.374
rxn02544	=	-3.084
rxn02545	>	-68.229
rxn02546	=	-6.704
rxn02547	>	-68.229
rxn02548	=	-2.062
rxn02549	=	3.556
rxn02550	>	-10.406
rxn02551	>	-11.376
rxn02552	=	-2.236
rxn02554	>	-68.234
rxn02555	=	-4.780
rxn02557	=	3.556
rxn02558	=	-0.835
rxn02559	=	-0.834
rxn02560	=	-3.991
rxn02561	=	-2.083
rxn02562	>	-11.379
rxn02563	>	-11.302
rxn02564	>	-46.866
rxn02565	>	-9.256
rxn02566	>	-9.978
rxn02567	<	15.296
rxn02568	>	-10.731
rxn02569	>	-23.059
rxn02571	=	-0.040
rxn02574	=	2.288
rxn02575	>	-10.863
rxn02576	=	-1.762
rxn02577	>	-68.229
rxn02578	>	-62.314
rxn02579	>	-9.430
rxn02580	>	-53.793
rxn02581	=	-5.503
rxn02584	=	-1.307
rxn02585	=	2.941
rxn02586	=	-0.343
rxn02587	=	-2.141
rxn02588	>	-36.500
rxn02589	=	2.644
rxn02590	=	4.605
rxn02591	=	-4.249
rxn02592	>	-83.362
rxn02593	>	-60.101
rxn02594	=	-1.789
rxn02595	=	-2.119
rxn02596	=	-4.479
rxn02597	>	-10.757
rxn02598	=	-1.204
rxn02599	>	-68.126
rxn02600	>	-68.127
rxn02601	>	-68.254
rxn02602	>	-61.898
rxn02603	<	47.187
rxn02604	<	6.968
rxn02606	=	-1.169
rxn02607	=	1.530
rxn02608	>	-18.599
rxn02609	<	68.381
rxn02610	<	120.588
rxn02611	<	73.750
rxn02612	>	-83.578
rxn02613	<	229.430
rxn02614	=	-1.439
rxn02615	>	-9.066
rxn02616	=	-3.084
rxn02617	>	-16.554
rxn02618	>	-10.685
rxn02620	=	2.690
rxn02621	>	-32.702
rxn02622	=	1.305
rxn02623	=	2.454
rxn02624	<	11.979
rxn02625	=	-3.411
rxn02628	>	-52.301
rxn02629	>	-8.017
rxn02630	>	-99.356
rxn02631	=	-4.606
rxn02633	<	11.341
rxn02634	>	-10.850
rxn02635	<	10.741
rxn02636	=	-2.886
rxn02637	>	-9.973
rxn02638	=	-5.896
rxn02639	=	5.040
rxn02640	=	-6.689
rxn02641	=	-2.120
rxn02642	>	-36.982
rxn02643	=	1.539
rxn02644	=	-4.343
rxn02645	=	5.105
rxn02646	=	-0.666
rxn02647	>	-7.186
rxn02649	=	-2.022
rxn02650	=	3.052
rxn02651	=	2.972
rxn02652	<	7.907
rxn02653	<	9.311
rxn02654	>	-112.394
rxn02655	<	15.324
rxn02656	>	-14.792
rxn02658	<	76.584
rxn02659	=	-0.835
rxn02660	=	-2.018
rxn02661	>	-8.510
rxn02663	>	-22.218
rxn02665	=	-0.834
rxn02666	<	8.835
rxn02667	=	2.968
rxn02668	=	0.324
rxn02669	>	-238.035
rxn02672	=	-4.605
rxn02673	=	-4.987
rxn02674	=	-1.176
rxn02675	>	-9.798
rxn02676	>	-16.554
rxn02677	=	0.000
rxn02678	<	11.342
rxn02679	<	8.213
rxn02680	=	6.089
rxn02681	=	-0.555
rxn02682	=	-0.427
rxn02683	>	-19.154
rxn02684	=	0.000
rxn02685	=	-0.232
rxn02686	=	-3.750
rxn02687	=	3.152
rxn02688	=	-0.001
rxn02689	=	3.152
rxn02690	=	2.240
rxn02691	=	5.297
rxn02693	>	-22.394
rxn02694	>	-9.939
rxn02695	>	-8.339
rxn02696	>	-8.085
rxn02697	=	-0.001
rxn02699	=	-0.001
rxn02700	=	3.900
rxn02701	>	-70.923
rxn02702	>	-61.862
rxn02703	=	-2.937
rxn02704	>	-8.085
rxn02705	<	21.872
rxn02706	=	-3.742
rxn02708	=	-4.184
rxn02709	=	-0.834
rxn02710	>	-26.336
rxn02711	=	-2.122
rxn02712	<	73.686
rxn02713	=	-2.092
rxn02715	>	-19.976
rxn02716	>	-10.004
rxn02717	=	-0.835
rxn02718	=	-0.834
rxn02719	<	11.342
rxn02720	<	8.213
rxn02721	<	6.997
rxn02722	>	-38.349
rxn02724	=	3.152
rxn02725	=	3.153
rxn02726	>	-60.140
rxn02727	=	-5.149
rxn02728	=	-0.000
rxn02729	>	-9.263
rxn02732	>	-115.628
rxn02734	<	156.703
rxn02735	=	0.834
rxn02737	=	0.000
rxn02738	=	4.258
rxn02739	=	4.258
rxn02740	=	-2.009
rxn02741	=	-4.594
rxn02742	=	3.556
rxn02743	>	-12.156
rxn02744	>	-8.798
rxn02745	>	-81.256
rxn02746	=	-0.015
rxn02747	=	-2.864
rxn02748	=	-6.791
rxn02749	=	3.783
rxn02750	=	3.549
rxn02751	=	3.549
rxn02752	>	-16.852
rxn02753	>	-9.972
rxn02754	=	-5.422
rxn02755	=	-6.770
rxn02756	=	1.514
rxn02758	=	-3.535
rxn02760	>	-13.502
rxn02761	=	0.000
rxn02762	>	-13.302
rxn02763	<	11.236
rxn02764	=	-0.661
rxn02765	=	-2.046
rxn02766	>	-9.997
rxn02767	>	-19.683
rxn02768	=	0.174
rxn02770	=	-3.698
rxn02771	=	-3.180
rxn02772	=	3.556
rxn02773	>	-9.792
rxn02774	>	-9.251
rxn02775	=	-4.006
rxn02778	=	-1.649
rxn02779	>	-38.209
rxn02780	<	45.702
rxn02782	=	3.325
rxn02783	=	1.355
rxn02784	<	17.823
rxn02785	=	3.556
rxn02786	>	-68.236
rxn02787	=	-0.589
rxn02788	=	0.000
rxn02789	=	0.158
rxn02790	>	-7.870
rxn02791	=	6.572
rxn02792	=	-1.925
rxn02794	=	-1.789
rxn02796	=	-3.719
rxn02797	=	-6.468
rxn02798	<	48.856
rxn02800	=	3.995
rxn02801	>	-51.074
rxn02802	<	11.342
rxn02803	<	8.213
rxn02804	=	6.089
rxn02805	=	4.610
rxn02807	>	-68.146
rxn02808	>	-52.274
rxn02809	>	-52.274
rxn02810	=	-2.009
rxn02811	=	-1.491
rxn02812	=	4.460
rxn02814	=	-3.539
rxn02815	>	-10.866
rxn02816	=	2.292
rxn02818	=	-0.000
rxn02819	>	-8.635
rxn02823	>	-35.372
rxn02824	=	-1.504
rxn02826	>	-17.501
rxn02827	=	-3.791
rxn02828	>	-22.194
rxn02829	=	-1.526
rxn02830	=	-1.517
rxn02831	=	-2.442
rxn02832	<	15.576
rxn02833	=	0.909
rxn02834	>	-28.880
rxn02835	=	-0.005
rxn02836	>	-12.902
rxn02837	<	280.565
rxn02839	<	43.481
rxn02840	<	43.482
rxn02841	>	-29.806
rxn02842	=	5.084
rxn02843	=	-3.279
rxn02844	=	1.580
rxn02845	=	-6.513
rxn02847	=	-5.497
rxn02848	=	-1.029
rxn02850	=	-1.112
rxn02851	>	-115.331
rxn02852	>	-81.266
rxn02853	>	-8.866
rxn02854	>	-67.686
rxn02855	>	-9.359
rxn02857	=	-2.123
rxn02858	>	-15.354
rxn02860	>	-12.472
rxn02861	>	-65.936
rxn02862	=	-5.543
rxn02863	<	8.173
rxn02864	>	-10.140
rxn02865	<	41.887
rxn02866	<	7.556
rxn02867	=	0.597
rxn02868	=	-0.834
rxn02869	=	0.000
rxn02871	=	-4.486
rxn02872	=	3.146
rxn02873	=	3.146
rxn02874	>	-10.722
rxn02876	=	-5.557
rxn02877	>	-17.794
rxn02878	>	-93.372
rxn02879	>	-15.046
rxn02880	=	-3.589
rxn02881	>	-72.709
rxn02882	=	0.174
rxn02883	=	0.173
rxn02884	>	-7.392
rxn02885	=	-0.000
rxn02886	>	-9.076
rxn02887	=	1.149
rxn02888	=	0.161
rxn02889	=	-1.823
rxn02890	=	-0.835
rxn02891	<	15.296
rxn02892	>	-25.079
rxn02893	<	11.202
rxn02894	=	-1.009
rxn02895	=	-3.663
rxn02896	=	0.000
rxn02897	=	-4.806
rxn02898	>	-33.761
rxn02899	>	-17.801
rxn02900	=	0.541
rxn02901	=	-1.067
rxn02902	>	-22.860
rxn02904	=	0.000
rxn02905	=	-0.835
rxn02906	=	-0.834
rxn02907	=	0.808
rxn02908	>	-20.722
rxn02909	>	-7.794
rxn02910	>	-26.000
rxn02911	=	-0.174
rxn02912	=	-1.583
rxn02913	>	-9.535
rxn02914	=	2.199
rxn02915	=	-6.755
rxn02916	>	-18.911
rxn02917	>	-57.087
rxn02923	=	3.157
rxn02924	=	3.157
rxn02925	=	-0.172
rxn02926	=	0.204
rxn02927	>	-21.555
rxn02928	=	4.258
rxn02929	=	4.258
rxn02930	=	1.578
rxn02931	=	1.578
rxn02932	>	-9.894
rxn02933	=	3.152
rxn02934	=	-1.488
rxn02935	=	-0.194
rxn02936	=	-2.241
rxn02937	=	-1.799
rxn02938	=	-2.199
rxn02939	=	3.154
rxn02940	=	-3.540
rxn02941	>	-58.112
rxn02942	>	-7.643
rxn02943	<	45.850
rxn02944	=	-0.155
rxn02945	<	7.130
rxn02946	>	-22.211
rxn02947	=	-4.245
rxn02948	>	-7.959
rxn02949	=	2.241
rxn02950	=	-4.226
rxn02951	<	12.335
rxn02952	<	13.297
rxn02956	=	-1.353
rxn02957	=	0.945
rxn02958	=	3.161
rxn02959	=	0.650
rxn02960	<	9.383
rxn02961	>	-9.198
rxn02962	>	-66.218
rxn02967	>	-60.140
rxn02969	>	-79.995
rxn02970	=	-6.352
rxn02971	=	-6.485
rxn02972	=	-0.835
rxn02973	=	-0.834
rxn02974	=	0.902
rxn02975	=	-0.273
rxn02976	=	-1.468
rxn02977	>	-8.086
rxn02978	>	-49.136
rxn02979	>	-57.763
rxn02980	>	-97.777
rxn02981	<	51.378
rxn02982	<	51.378
rxn02983	=	-5.443
rxn02985	=	3.153
rxn02986	>	-7.351
rxn02988	<	44.344
rxn02989	<	64.807
rxn02990	=	3.297
rxn02991	=	-3.589
rxn02992	=	0.023
rxn02993	>	-17.868
rxn02994	=	-2.119
rxn02995	>	-9.973
rxn02996	=	3.548
rxn02997	>	-15.351
rxn02998	>	-64.903
rxn02999	=	-0.835
rxn03000	=	-0.835
rxn03001	=	-0.834
rxn03002	>	-8.661
rxn03003	>	-8.576
rxn03004	=	-0.290
rxn03005	=	1.373
rxn03007	<	10.685
rxn03008	=	-0.835
rxn03010	=	-3.673
rxn03011	=	-3.355
rxn03012	>	-22.058
rxn03013	=	-1.572
rxn03014	=	3.911
rxn03015	=	3.912
rxn03016	>	-68.234
rxn03017	=	-0.834
rxn03018	=	5.033
rxn03019	=	3.996
rxn03020	>	-8.420
rxn03021	<	14.811
rxn03023	=	-3.588
rxn03024	=	-2.665
rxn03025	>	-10.455
rxn03026	>	-10.455
rxn03027	=	-0.378
rxn03029	=	-3.084
rxn03030	=	5.298
rxn03031	=	5.251
rxn03032	>	-13.861
rxn03033	=	3.152
rxn03034	=	-0.487
rxn03035	>	-9.421
rxn03036	>	-74.804
rxn03037	=	0.712
rxn03038	>	-66.338
rxn03039	<	8.305
rxn03040	=	0.000
rxn03041	>	-7.392
rxn03042	>	-13.226
rxn03043	=	-0.808
rxn03045	=	0.839
rxn03046	=	2.725
rxn03047	=	-3.607
rxn03048	>	-15.077
rxn03049	=	-2.121
rxn03050	=	0.160
rxn03051	<	73.711
rxn03052	>	-7.850
rxn03053	=	3.152
rxn03055	>	-9.544
rxn03056	>	-9.544
rxn03057	=	-4.077
rxn03058	=	-2.113
rxn03060	=	-1.152
rxn03061	=	-1.152
rxn03062	=	3.153
rxn03063	=	-2.840
rxn03064	<	13.233
rxn03065	=	-2.164
rxn03066	=	-3.445
rxn03068	=	3.153
rxn03070	<	18.400
rxn03071	=	0.323
rxn03072	=	0.323
rxn03073	<	24.987
rxn03074	>	-12.580
rxn03075	=	-3.705
rxn03076	=	-1.444
rxn03078	>	-9.544
rxn03079	>	-37.410
rxn03080	>	-19.929
rxn03082	>	-35.196
rxn03084	=	1.396
rxn03085	=	-0.554
rxn03086	=	-1.901
rxn03087	=	-0.186
rxn03088	>	-53.904
rxn03089	=	0.162
rxn03090	>	-7.809
rxn03092	=	-0.003
rxn03093	=	-6.651
rxn03094	=	-4.776
rxn03095	=	-3.718
rxn03097	<	24.068
rxn03098	>	-12.965
rxn03101	>	-16.520
rxn03104	>	-60.139
rxn03105	=	-1.867
rxn03106	>	-8.891
rxn03107	=	-1.789
rxn03108	=	1.141
rxn03109	>	-14.882
rxn03110	=	-6.676
rxn03111	>	-22.847
rxn03112	=	3.152
rxn03113	=	3.153
rxn03114	=	-6.710
rxn03116	>	-16.554
rxn03117	=	-4.110
rxn03119	>	-14.775
rxn03120	=	-3.304
rxn03122	=	-6.631
rxn03123	=	-3.673
rxn03124	>	-51.631
rxn03125	=	0.000
rxn03126	>	-7.507
rxn03127	=	-5.020
rxn03129	<	7.556
rxn03130	>	-13.372
rxn03131	=	-0.494
rxn03133	<	11.341
rxn03134	<	11.342
rxn03135	>	-34.943
rxn03136	=	1.820
rxn03137	=	1.891
rxn03138	>	-10.045
rxn03139	>	-58.427
rxn03140	=	-4.419
rxn03141	=	-4.418
rxn03142	=	0.000
rxn03143	=	-3.084
rxn03144	=	-3.083
rxn03145	=	-1.789
rxn03146	=	-6.421
rxn03147	>	-10.419
rxn03148	<	7.556
rxn03149	<	12.078
rxn03150	>	-8.680
rxn03152	>	-64.369
rxn03153	<	39.345
rxn03154	>	-39.345
rxn03155	<	39.372
rxn03156	>	-39.372
rxn03157	>	-7.187
rxn03159	=	-5.206
rxn03160	>	-7.006
rxn03161	<	10.427
rxn03165	=	-0.755
rxn03166	=	-3.038
rxn03167	>	-21.090
rxn03168	<	6.980
rxn03169	=	-0.834
rxn03173	>	-19.137
rxn03174	<	16.104
rxn03175	=	-3.946
rxn03176	>	-9.488
rxn03181	=	-2.370
rxn03182	>	-52.938
rxn03188	>	-15.854
rxn03192	=	2.745
rxn03194	=	1.635
rxn03195	>	-17.855
rxn03196	>	-60.140
rxn03198	=	0.835
rxn03199	=	0.834
rxn03200	=	-0.835
rxn03201	=	-0.834
rxn03202	=	-2.666
rxn03203	=	0.000
rxn03204	=	1.601
rxn03205	=	1.602
rxn03206	<	73.711
rxn03207	>	-40.455
rxn03208	=	-4.976
rxn03210	<	53.860
rxn03211	>	-18.195
rxn03212	>	-10.579
rxn03213	>	-10.221
rxn03214	>	-62.311
rxn03215	>	-19.976
rxn03216	>	-51.080
rxn03217	>	-68.235
rxn03218	>	-28.405
rxn03219	=	-2.118
rxn03220	>	-28.405
rxn03221	=	-2.111
rxn03222	>	-68.229
rxn03223	>	-16.089
rxn03224	=	-2.101
rxn03226	=	-4.898
rxn03227	=	-2.117
rxn03228	=	-2.115
rxn03229	=	-1.520
rxn03230	=	0.000
rxn03231	=	0.153
rxn03233	=	0.143
rxn03234	>	-22.785
rxn03235	=	6.497
rxn03236	=	-1.312
rxn03238	=	0.000
rxn03239	=	3.152
rxn03240	=	-0.174
rxn03241	=	-0.174
rxn03242	=	3.152
rxn03243	=	6.089
rxn03244	=	3.152
rxn03245	=	-0.174
rxn03246	=	3.152
rxn03247	=	-0.174
rxn03248	=	6.089
rxn03249	=	3.374
rxn03250	=	0.276
rxn03251	<	8.174
rxn03252	<	11.342
rxn03253	<	8.213
rxn03254	=	0.000
rxn03255	=	-0.835
rxn03256	=	-0.834
rxn03258	=	-2.119
rxn03260	=	-2.119
rxn03261	>	-28.405
rxn03263	>	-7.248
rxn03264	>	-10.800
rxn03265	=	0.000
rxn03267	=	-5.538
rxn03268	=	-5.793
rxn03269	=	-0.834
rxn03272	=	0.162
rxn03273	>	-7.641
rxn03274	>	-22.847
rxn03275	=	6.823
rxn03277	<	10.741
rxn03278	=	-0.000
rxn03281	=	2.745
rxn03282	=	3.556
rxn03283	>	-60.140
rxn03284	>	-60.140
rxn03286	=	1.488
rxn03287	=	3.152
rxn03289	=	3.152
rxn03290	=	-1.488
rxn03291	=	2.886
rxn03292	=	-0.835
rxn03293	=	-0.834
rxn03294	=	2.886
rxn03295	=	-0.835
rxn03296	=	-0.834
rxn03297	>	-62.314
rxn03299	<	6.946
rxn03300	>	-6.946
rxn03301	=	3.152
rxn03302	=	-0.835
rxn03303	=	-0.834
rxn03304	=	3.152
rxn03305	=	-0.835
rxn03306	=	-0.834
rxn03307	=	-0.835
rxn03308	=	-0.834
rxn03309	=	-0.835
rxn03310	=	-0.834
rxn03311	=	-0.835
rxn03312	=	-0.834
rxn03313	=	3.152
rxn03314	=	-0.835
rxn03315	=	-0.834
rxn03316	=	3.152
rxn03317	=	0.835
rxn03318	>	-62.314
rxn03319	=	0.834
rxn03320	>	-62.851
rxn03321	>	-60.848
rxn03322	>	-61.508
rxn03323	>	-7.547
rxn03324	=	3.653
rxn03325	>	-8.301
rxn03326	>	-9.285
rxn03327	>	-132.297
rxn03328	=	-6.835
rxn03329	=	-1.526
rxn03330	=	-3.157
rxn03331	=	-5.321
rxn03332	=	-0.317
rxn03333	=	3.556
rxn03334	=	-2.109
rxn03335	>	-8.906
rxn03336	>	-8.905
rxn03337	=	2.851
rxn03339	=	-2.097
rxn03340	>	-8.894
rxn03341	>	-8.893
rxn03342	>	-17.862
rxn03343	>	-8.894
rxn03344	>	-8.893
rxn03345	>	-17.854
rxn03346	>	-15.986
rxn03347	=	0.175
rxn03351	=	-5.206
rxn03352	=	-1.135
rxn03353	>	-68.254
rxn03354	>	-8.898
rxn03356	=	-2.108
rxn03358	>	-36.078
rxn03359	>	-36.072
rxn03360	<	9.536
rxn03361	>	-11.332
rxn03362	>	-14.328
rxn03363	>	-45.660
rxn03364	>	-65.679
rxn03365	>	-9.222
rxn03366	>	-9.221
rxn03367	=	6.349
rxn03368	=	-3.425
rxn03372	>	-8.997
rxn03373	=	-0.309
rxn03374	>	-7.245
rxn03378	=	-4.608
rxn03379	>	-7.184
rxn03380	=	4.505
rxn03382	>	-8.965
rxn03383	>	-9.289
rxn03384	>	-12.228
rxn03385	<	13.020
rxn03386	>	-8.127
rxn03388	>	-68.228
rxn03389	=	-2.111
rxn03390	>	-85.764
rxn03391	>	-9.699
rxn03392	=	3.569
rxn03393	=	-6.694
rxn03394	>	-68.228
rxn03395	=	-2.110
rxn03397	>	-9.699
rxn03400	>	-8.887
rxn03402	=	2.270
rxn03403	<	113.549
rxn03407	=	-1.712
rxn03408	=	-3.033
rxn03410	>	-16.861
rxn03411	>	-86.119
rxn03412	>	-86.295
rxn03413	=	-1.216
rxn03414	>	-61.897
rxn03415	=	0.000
rxn03416	=	0.000
rxn03419	>	-14.996
rxn03421	=	-3.937
rxn03422	>	-9.543
rxn03423	>	-8.850
rxn03424	<	8.877
rxn03426	=	1.604
rxn03427	=	-4.794
rxn03428	>	-10.045
rxn03429	<	10.045
rxn03430	=	0.000
rxn03431	<	9.717
rxn03432	=	-5.195
rxn03433	>	-12.691
rxn03435	=	3.153
rxn03436	=	0.000
rxn03437	>	-14.905
rxn03439	>	-51.402
rxn03440	=	-1.488
rxn03442	=	0.161
rxn03444	=	5.601
rxn03445	=	-2.126
rxn03446	>	-8.590
rxn03447	>	-9.497
rxn03448	>	-178.691
rxn03452	>	-19.432
rxn03453	=	-0.001
rxn03455	>	-9.220
rxn03456	>	-10.477
rxn03457	=	1.846
rxn03468	>	-8.891
rxn03469	>	-22.163
rxn03470	<	9.717
rxn03471	>	-11.269
rxn03472	=	-2.115
rxn03473	>	-9.977
rxn03474	=	-0.145
rxn03477	<	6.928
rxn03478	>	-13.268
rxn03479	=	-4.496
rxn03481	=	2.583
rxn03482	=	2.564
rxn03483	>	-13.298
rxn03484	=	1.428
rxn03485	>	-26.358
rxn03486	<	22.131
rxn03487	>	-8.085
rxn03488	>	-8.085
rxn03489	=	2.622
rxn03490	>	-56.621
rxn03491	>	-18.087
rxn03492	>	-20.895
rxn03493	>	-78.570
rxn03494	>	-68.224
rxn03495	>	-73.772
rxn03496	>	-61.621
rxn03497	>	-52.243
rxn03498	>	-68.240
rxn03499	>	-62.314
rxn03500	=	-2.115
rxn03501	<	8.215
rxn03502	=	-6.779
rxn03504	=	-6.693
rxn03505	>	-12.763
rxn03506	>	-13.503
rxn03507	>	-8.267
rxn03508	=	0.498
rxn03510	>	-20.722
rxn03511	=	0.000
rxn03512	<	41.622
rxn03513	>	-18.708
rxn03514	>	-8.638
rxn03517	>	-9.628
rxn03518	>	-20.154
rxn03519	<	7.603
rxn03523	=	5.157
rxn03525	>	-53.872
rxn03526	=	-5.063
rxn03528	=	-2.117
rxn03529	=	-2.115
rxn03530	>	-53.860
rxn03531	=	-5.063
rxn03532	<	18.220
rxn03534	>	-7.845
rxn03536	=	-6.198
rxn03537	<	8.267
rxn03538	>	-18.323
rxn03540	>	-7.896
rxn03541	=	4.070
rxn03544	<	60.039
rxn03545	<	60.948
rxn03546	=	3.557
rxn03547	=	3.556
rxn03550	>	-8.891
rxn03551	>	-7.545
rxn03554	>	-20.432
rxn03555	>	-7.947
rxn03556	>	-20.432
rxn03557	>	-10.025
rxn03558	>	-15.322
rxn03559	>	-65.919
rxn03560	>	-68.258
rxn03561	>	-60.102
rxn03562	>	-63.939
rxn03563	>	-68.221
rxn03564	<	68.238
rxn03567	>	-8.903
rxn03568	>	-8.902
rxn03569	>	-62.991
rxn03570	>	-64.382
rxn03571	<	7.275
rxn03572	>	-16.554
rxn03573	>	-50.127
rxn03574	>	-50.128
rxn03575	>	-50.127
rxn03576	>	-50.128
rxn03578	>	-60.139
rxn03581	=	-5.860
rxn03583	=	3.556
rxn03584	>	-9.217
rxn03585	>	-76.842
rxn03586	>	-50.171
rxn03587	>	-7.979
rxn03588	=	1.954
rxn03590	>	-81.828
rxn03593	>	-60.139
rxn03594	=	3.556
rxn03595	=	3.556
rxn03596	>	-16.554
rxn03597	>	-9.717
rxn03598	>	-8.891
rxn03599	>	-16.559
rxn03600	>	-60.139
rxn03601	>	-8.890
rxn03602	>	-56.621
rxn03603	>	-56.621
rxn03604	>	-13.863
rxn03605	>	-13.862
rxn03606	>	-23.419
rxn03607	>	-64.463
rxn03608	>	-16.239
rxn03609	=	0.174
rxn03610	=	1.497
rxn03611	>	-81.071
rxn03612	=	-6.352
rxn03613	>	-71.980
rxn03614	>	-62.301
rxn03615	<	8.296
rxn03616	=	0.000
rxn03617	=	3.152
rxn03618	=	-4.482
rxn03619	>	-14.203
rxn03620	>	-13.862
rxn03621	>	-17.980
rxn03622	<	11.342
rxn03623	>	-17.942
rxn03624	>	-12.472
rxn03625	>	-13.862
rxn03626	=	-0.835
rxn03627	>	-22.865
rxn03629	>	-74.888
rxn03630	>	-23.099
rxn03631	>	-60.918
rxn03632	>	-60.918
rxn03633	<	11.928
rxn03634	=	1.391
rxn03635	=	-0.688
rxn03636	=	5.040
rxn03637	>	-11.291
rxn03638	=	-4.995
rxn03639	>	-17.601
rxn03640	>	-11.484
rxn03641	=	-4.244
rxn03642	=	-0.927
rxn03643	=	-2.600
rxn03644	=	-5.993
rxn03646	>	-58.962
rxn03649	=	3.556
rxn03650	=	3.556
rxn03651	=	-0.835
rxn03652	=	-0.834
rxn03653	=	-3.336
rxn03654	>	-8.561
rxn03655	>	-12.479
rxn03657	=	4.407
rxn03658	>	-20.382
rxn03659	<	15.295
rxn03660	>	-21.316
rxn03661	>	-17.642
rxn03662	>	-22.007
rxn03663	>	-19.060
rxn03665	>	-19.060
rxn03666	>	-19.061
rxn03667	>	-22.002
rxn03668	>	-16.554
rxn03669	>	-16.554
rxn03670	>	-16.554
rxn03671	>	-16.554
rxn03674	>	-11.308
rxn03675	>	-8.704
rxn03676	=	-6.258
rxn03677	<	9.139
rxn03678	>	-8.703
rxn03680	>	-35.372
rxn03681	=	0.000
rxn03682	<	7.484
rxn03683	=	-4.942
rxn03684	<	87.180
rxn03685	>	-16.554
rxn03686	>	-16.554
rxn03687	>	-16.554
rxn03688	>	-16.554
rxn03690	=	0.000
rxn03691	=	2.381
rxn03693	=	4.169
rxn03694	=	-4.169
rxn03695	<	7.006
rxn03698	>	-10.224
rxn03699	=	-6.103
rxn03700	<	9.970
rxn03701	<	9.973
rxn03702	=	-5.659
rxn03703	=	-6.095
rxn03704	>	-65.926
rxn03705	>	-63.925
rxn03706	>	-63.388
rxn03707	>	-76.861
rxn03708	>	-18.169
rxn03709	>	-76.479
rxn03710	>	-80.530
rxn03711	>	-67.200
rxn03712	>	-69.937
rxn03713	>	-65.616
rxn03714	>	-65.581
rxn03715	>	-65.917
rxn03716	>	-65.936
rxn03717	>	-56.485
rxn03718	>	-57.104
rxn03719	>	-54.126
rxn03720	<	62.890
rxn03721	>	-17.806
rxn03725	>	-51.705
rxn03726	>	-67.470
rxn03727	>	-50.287
rxn03728	>	-56.616
rxn03729	>	-58.002
rxn03734	>	-90.998
rxn03739	>	-60.945
rxn03740	>	-56.485
rxn03741	>	-68.247
rxn03742	>	-60.139
rxn03743	>	-60.139
rxn03744	>	-67.934
rxn03745	=	-4.632
rxn03746	=	4.997
rxn03747	<	8.992
rxn03748	>	-68.269
rxn03749	=	4.735
rxn03750	>	-68.217
rxn03751	=	1.772
rxn03752	=	-1.789
rxn03753	<	8.510
rxn03754	<	36.500
rxn03755	<	9.062
rxn03758	<	9.741
rxn03759	<	57.948
rxn03760	<	11.742
rxn03762	>	-24.359
rxn03763	>	-60.630
rxn03764	>	-9.230
rxn03765	>	-70.743
rxn03766	>	-66.405
rxn03772	>	-111.174
rxn03774	>	-16.554
rxn03775	=	-2.241
rxn03779	<	16.554
rxn03780	>	-17.568
rxn03781	>	-16.561
rxn03782	>	-16.554
rxn03783	>	-68.355
rxn03786	>	-40.618
rxn03796	=	-6.089
rxn03797	=	0.167
rxn03798	=	0.526
rxn03799	=	-1.029
rxn03800	=	-3.230
rxn03801	<	8.521
rxn03802	=	1.553
rxn03804	=	-3.554
rxn03805	=	-0.192
rxn03806	=	-6.213
rxn03807	>	-27.074
rxn03808	>	-179.898
rxn03809	>	-8.292
rxn03814	=	-1.549
rxn03816	=	0.000
rxn03819	=	4.244
rxn03820	=	-5.092
rxn03821	>	-8.292
rxn03824	>	-16.554
rxn03826	=	-2.464
rxn03827	<	33.763
rxn03828	<	17.423
rxn03829	<	86.807
rxn03830	>	-110.785
rxn03831	>	-110.781
rxn03832	<	27.139
rxn03833	=	-0.642
rxn03835	=	-6.898
rxn03837	>	-17.806
rxn03838	=	-1.480
rxn03839	<	8.286
rxn03840	=	3.605
rxn03841	>	-29.096
rxn03842	>	-13.492
rxn03843	>	-16.396
rxn03845	<	57.870
rxn03846	<	74.151
rxn03847	>	-27.607
rxn03848	>	-23.818
rxn03849	>	-13.503
rxn03850	>	-50.519
rxn03851	>	-43.710
rxn03852	=	-3.344
rxn03853	<	20.469
rxn03854	<	13.659
rxn03855	<	68.701
rxn03856	=	2.622
rxn03858	<	72.668
rxn03859	<	56.849
rxn03860	=	3.152
rxn03861	=	0.856
rxn03863	=	1.841
rxn03864	>	-8.380
rxn03866	=	-6.089
rxn03867	=	-4.974
rxn03868	=	-0.688
rxn03869	>	-8.077
rxn03870	<	15.294
rxn03871	<	10.449
rxn03872	<	13.985
rxn03873	<	19.745
rxn03874	=	2.553
rxn03875	<	35.056
rxn03876	=	0.021
rxn03877	=	-5.591
rxn03878	=	1.488
rxn03879	<	20.722
rxn03880	=	0.174
rxn03881	<	26.073
rxn03882	>	-9.068
rxn03883	=	1.730
rxn03884	=	-0.229
rxn03885	>	-13.949
rxn03886	=	2.311
rxn03887	>	-16.554
rxn03888	=	4.738
rxn03889	=	-5.306
rxn03890	>	-31.207
rxn03891	>	-16.396
rxn03892	>	-16.396
rxn03893	>	-17.064
rxn03894	>	-17.064
rxn03895	>	-16.466
rxn03896	=	-1.789
rxn03897	>	-53.003
rxn03898	>	-53.004
rxn03899	>	-31.345
rxn03901	>	-13.833
rxn03903	=	-0.185
rxn03906	>	-60.221
rxn03907	=	-1.888
rxn03908	=	-1.933
rxn03909	=	-5.888
rxn03910	<	482.364
rxn03911	=	2.886
rxn03912	>	-97.781
rxn03913	<	11.195
rxn03914	<	26.171
rxn03915	>	-9.218
rxn03916	=	-2.546
rxn03917	=	0.898
rxn03918	=	-2.365
rxn03919	>	-6.934
rxn03920	=	-1.469
rxn03921	>	-8.657
rxn03922	>	-93.362
rxn03923	<	47.658
rxn03924	=	0.146
rxn03925	>	-116.268
rxn03926	>	-112.739
rxn03927	>	-68.230
rxn03928	<	111.272
rxn03929	<	151.241
rxn03933	=	-3.033
rxn03934	>	-8.896
rxn03935	>	-8.890
rxn03936	>	-56.621
rxn03938	=	0.051
rxn03939	>	-18.949
rxn03941	>	-9.520
rxn03942	=	-5.741
rxn03943	=	-0.141
rxn03944	=	-2.446
rxn03946	=	-2.114
rxn03947	>	-7.215
rxn03948	=	3.152
rxn03951	=	1.956
rxn03952	=	-0.834
rxn03953	=	3.152
rxn03954	=	3.152
rxn03955	=	3.556
rxn03956	=	3.556
rxn03957	=	2.272
rxn03958	=	2.620
rxn03959	=	3.152
rxn03960	=	3.152
rxn03961	=	-0.834
rxn03962	=	-0.834
rxn03963	=	3.152
rxn03964	=	3.153
rxn03966	>	-23.820
rxn03968	>	-24.154
rxn03969	>	-8.563
rxn03970	>	-7.826
rxn03971	>	-7.826
rxn03972	<	10.685
rxn03973	<	10.685
rxn03974	=	3.999
rxn03975	=	3.999
rxn03976	=	1.372
rxn03979	=	4.977
rxn03980	=	4.337
rxn03981	=	4.888
rxn03982	=	4.888
rxn03983	=	4.490
rxn03984	=	4.605
rxn03988	>	-60.630
rxn03989	>	-69.052
rxn03990	>	-46.087
rxn03991	>	-46.088
rxn03992	>	-62.869
rxn03993	>	-64.903
rxn03994	>	-64.672
rxn03995	>	-64.672
rxn03996	>	-97.781
rxn03997	>	-68.299
rxn03998	>	-67.146
rxn04000	>	-7.414
rxn04001	>	-60.140
rxn04002	>	-67.147
rxn04003	>	-77.104
rxn04004	>	-18.520
rxn04005	<	9.756
rxn04006	>	-15.352
rxn04007	>	-15.352
rxn04008	<	12.289
rxn04009	>	-8.718
rxn04010	>	-8.662
rxn04011	>	-11.446
rxn04012	<	9.221
rxn04013	>	-8.638
rxn04014	=	-2.922
rxn04015	=	-2.922
rxn04016	<	9.874
rxn04017	<	9.874
rxn04018	>	-171.046
rxn04019	>	-161.440
rxn04020	=	3.318
rxn04021	=	-2.306
rxn04022	>	-10.874
rxn04023	<	17.269
rxn04024	=	0.179
rxn04025	=	-5.080
rxn04026	=	-6.355
rxn04027	>	-79.456
rxn04028	=	-4.331
rxn04029	>	-101.662
rxn04030	>	-15.301
rxn04032	<	25.392
rxn04033	>	-8.286
rxn04034	<	73.652
rxn04036	>	-8.740
rxn04037	>	-7.799
rxn04038	>	-8.664
rxn04039	=	2.040
rxn04040	=	-4.987
rxn04041	=	-6.295
rxn04042	=	-4.185
rxn04043	=	-3.662
rxn04047	=	1.443
rxn04048	>	-8.377
rxn04049	>	-8.948
rxn04050	<	9.973
rxn04051	=	-5.991
rxn04052	<	21.129
rxn04054	>	-124.879
rxn04056	=	4.890
rxn04057	>	-18.152
rxn04058	>	-6.913
rxn04059	=	0.000
rxn04060	>	-9.936
rxn04061	<	10.744
rxn04063	<	12.269
rxn04064	=	3.234
rxn04065	>	-62.314
rxn04066	=	5.410
rxn04067	<	9.220
rxn04068	=	-4.778
rxn04070	>	-44.743
rxn04071	=	0.212
rxn04073	=	-5.771
rxn04074	<	10.548
rxn04076	<	7.243
rxn04077	>	-109.416
rxn04078	>	-62.497
rxn04079	>	-41.575
rxn04080	>	-41.575
rxn04082	=	-0.201
rxn04084	=	0.868
rxn04085	=	-0.218
rxn04086	<	10.735
rxn04087	=	-0.018
rxn04088	=	-0.020
rxn04089	=	4.833
rxn04090	=	0.054
rxn04092	>	-18.223
rxn04093	>	-15.645
rxn04094	>	-16.981
rxn04095	=	0.174
rxn04096	>	-16.239
rxn04097	<	10.505
rxn04100	=	0.021
rxn04101	=	0.087
rxn04104	>	-62.497
rxn04105	>	-41.575
rxn04106	=	0.081
rxn04107	<	10.751
rxn04108	>	-9.955
rxn04109	>	-17.982
rxn04110	>	-16.624
rxn04111	>	-8.491
rxn04112	=	-1.438
rxn04113	>	-11.619
rxn04114	>	-8.635
rxn04124	>	-15.719
rxn04126	=	-2.838
rxn04127	>	-20.722
rxn04130	=	-3.083
rxn04131	>	-14.097
rxn04132	<	19.510
rxn04133	<	19.510
rxn04134	=	-0.835
rxn04135	>	-62.314
rxn04136	>	-47.237
rxn04137	=	2.701
rxn04139	=	3.569
rxn04140	>	-15.381
rxn04141	=	-0.834
rxn04142	=	-4.619
rxn04143	=	4.966
rxn04144	=	0.000
rxn04147	>	-21.768
rxn04148	>	-75.328
rxn04149	>	-77.693
rxn04152	<	10.741
rxn04153	=	3.310
rxn04154	<	18.149
rxn04159	<	10.013
rxn04161	=	-2.225
rxn04162	>	-9.962
rxn04165	<	10.741
rxn04166	<	10.741
rxn04167	=	3.572
rxn04168	<	10.741
rxn04169	<	10.741
rxn04170	<	10.741
rxn04171	=	3.311
rxn04173	>	-127.790
rxn04174	>	-127.790
rxn04175	>	-145.445
rxn04176	>	-145.445
rxn04177	>	-141.598
rxn04178	>	-147.276
rxn04179	>	-244.953
rxn04180	=	1.078
rxn04181	>	-62.314
rxn04182	>	-62.314
rxn04183	=	-0.197
rxn04184	=	1.078
rxn04185	>	-139.981
rxn04195	=	-0.001
rxn04196	=	-0.001
rxn04208	=	-0.001
rxn04209	=	-0.001
rxn04210	=	-0.001
rxn04211	=	-0.001
rxn04234	>	-8.891
rxn04235	=	0.030
rxn04236	=	-1.789
rxn04237	<	20.722
rxn04238	<	12.818
rxn04246	=	0.000
rxn04247	=	0.000
rxn04262	=	0.030
rxn04264	>	-84.023
rxn04266	>	-65.217
rxn04269	>	-84.023
rxn04270	>	-8.891
rxn04271	>	-8.891
rxn04274	=	1.488
rxn04275	=	1.488
rxn04276	=	2.643
rxn04277	=	-4.530
rxn04278	>	-12.641
rxn04280	>	-18.148
rxn04284	>	-63.387
rxn04290	>	-29.067
rxn04291	=	1.830
rxn04294	=	5.668
rxn04295	=	0.000
rxn04296	=	0.834
rxn04297	=	-5.348
rxn04299	=	-6.213
rxn04301	=	-1.586
rxn04302	=	0.000
rxn04308	>	-28.693
rxn04311	=	-5.013
rxn04312	=	-6.107
rxn04316	=	-4.244
rxn04317	=	5.668
rxn04323	>	-60.848
rxn04324	>	-62.851
rxn04325	>	-62.851
rxn04327	>	-417.565
rxn04330	>	-430.358
rxn04332	>	-434.264
rxn04333	=	0.834
rxn04334	=	0.834
rxn04335	=	0.834
rxn04336	=	0.834
rxn04337	=	5.668
rxn04338	=	5.668
rxn04339	=	5.668
rxn04340	=	5.668
rxn04345	=	-4.244
rxn04346	=	-4.244
rxn04347	=	-4.244
rxn04348	=	-4.244
rxn04349	=	-4.244
rxn04350	=	-4.244
rxn04351	=	-4.244
rxn04352	=	-4.244
rxn04353	=	-4.244
rxn04354	=	-4.244
rxn04355	=	-4.244
rxn04356	=	-4.244
rxn04357	=	-4.244
rxn04358	=	-4.244
rxn04359	=	-4.244
rxn04360	=	-4.244
rxn04361	<	7.641
rxn04362	>	-87.437
rxn04363	=	-0.000
rxn04367	=	-2.781
rxn04368	<	17.769
rxn04369	>	-17.936
rxn04370	>	-17.892
rxn04373	=	-1.789
rxn04376	>	-9.506
rxn04377	>	-9.507
rxn04379	>	-65.683
rxn04381	>	-60.857
rxn04384	=	-4.900
rxn04385	>	-8.683
rxn04386	=	0.436
rxn04387	>	-9.593
rxn04388	>	-9.593
rxn04389	=	-5.633
rxn04390	<	36.743
rxn04391	<	36.735
rxn04392	>	-68.225
rxn04393	>	-106.648
rxn04394	>	-83.887
rxn04395	>	-69.048
rxn04405	>	-8.627
rxn04406	>	-56.665
rxn04407	<	31.278
rxn04411	>	-38.556
rxn04413	=	-6.488
rxn04415	>	-68.325
rxn04416	>	-68.294
rxn04417	>	-17.831
rxn04418	>	-32.056
rxn04419	=	-2.066
rxn04423	=	-0.378
rxn04424	=	-3.553
rxn04425	=	-3.544
rxn04426	>	-67.379
rxn04427	>	-69.079
rxn04428	=	-3.166
rxn04429	=	-1.050
rxn04430	=	-2.144
rxn04431	=	-2.126
rxn04432	=	-2.160
rxn04437	=	-1.864
rxn04442	=	-0.572
rxn04443	=	0.960
rxn04444	>	-15.533
rxn04445	>	-41.303
rxn04446	>	-19.346
rxn04447	=	-0.576
rxn04448	>	-23.618
rxn04453	<	63.245
rxn04454	>	-35.239
rxn04455	>	-34.978
rxn04456	>	-22.653
rxn04457	>	-22.653
rxn04458	>	-68.294
rxn04459	>	-68.276
rxn04462	=	1.131
rxn04463	>	-25.620
rxn04464	>	-6.992
rxn04465	>	-8.807
rxn04466	>	-9.593
rxn04471	=	-0.835
rxn04472	>	-52.749
rxn04473	>	-82.282
rxn04475	=	2.061
rxn04476	=	-2.527
rxn04477	=	0.000
rxn04478	=	1.258
rxn04480	=	6.787
rxn04482	=	-1.294
rxn04483	=	1.156
rxn04485	>	-24.682
rxn04494	=	-4.244
rxn04500	>	-10.666
rxn04501	=	-1.198
rxn04502	=	-4.244
rxn04512	<	10.155
rxn04513	>	-74.786
rxn04516	=	-5.048
rxn04518	>	-7.452
rxn04531	>	-54.013
rxn04537	=	-0.349
rxn04539	=	-6.357
rxn04542	=	-6.011
rxn04543	=	-6.299
rxn04547	=	5.668
rxn04549	=	-4.244
rxn04550	=	-4.244
rxn04559	>	-12.369
rxn04560	=	-6.558
rxn04561	=	0.000
rxn04565	=	0.851
rxn04571	>	-17.601
rxn04572	>	-9.684
rxn04575	=	5.520
rxn04577	=	-2.724
rxn04578	>	-28.404
rxn04579	>	-90.045
rxn04580	>	-98.309
rxn04584	=	-4.798
rxn04585	=	-5.293
rxn04586	>	-11.776
rxn04587	=	5.668
rxn04588	<	62.811
rxn04589	=	2.853
rxn04590	=	5.668
rxn04591	=	5.520
rxn04592	>	-42.269
rxn04593	>	-38.441
rxn04597	>	-56.485
rxn04598	>	-55.433
rxn04599	>	-12.497
rxn04600	>	-12.495
rxn04601	>	-68.235
rxn04602	>	-68.232
rxn04603	>	-66.341
rxn04604	>	-19.040
rxn04607	>	-62.855
rxn04608	<	45.052
rxn04609	=	-2.597
rxn04610	>	-11.375
rxn04611	=	-0.644
rxn04612	=	-1.061
rxn04614	=	-0.437
rxn04615	=	1.049
rxn04616	=	-6.166
rxn04617	=	-5.206
rxn04618	>	-10.410
rxn04619	=	-3.084
rxn04620	=	-3.086
rxn04621	=	-1.966
rxn04622	>	-49.958
rxn04623	>	-26.209
rxn04624	>	-58.661
rxn04626	=	-3.327
rxn04627	=	-3.084
rxn04628	=	-3.084
rxn04629	=	-3.327
rxn04630	=	-1.815
rxn04631	=	-2.245
rxn04632	=	-0.805
rxn04633	>	-10.649
rxn04634	>	-10.357
rxn04635	=	-3.343
rxn04636	=	-0.717
rxn04639	<	11.974
rxn04641	=	-3.343
rxn04642	=	-3.408
rxn04643	>	-11.261
rxn04644	=	-3.343
rxn04645	>	-8.766
rxn04646	>	-61.179
rxn04647	>	-20.136
rxn04648	>	-55.673
rxn04649	=	-4.169
rxn04650	=	6.650
rxn04651	=	2.223
rxn04653	=	-2.864
rxn04654	>	-79.824
rxn04657	=	4.136
rxn04658	=	-3.487
rxn04659	=	-0.191
rxn04660	=	-6.620
rxn04661	=	2.634
rxn04662	=	1.317
rxn04663	=	3.479
rxn04666	>	-68.229
rxn04670	>	-23.944
rxn04671	>	-55.809
rxn04672	>	-13.408
rxn04674	>	-9.699
rxn04675	>	-17.936
rxn04676	=	0.225
rxn04677	=	-3.852
rxn04678	=	0.999
rxn04680	=	-6.698
rxn04681	=	-3.209
rxn04682	=	-3.446
rxn04683	=	-5.859
rxn04684	=	-6.883
rxn04692	>	-61.987
rxn04693	>	-60.140
rxn04694	=	0.056
rxn04695	>	-75.848
rxn04696	>	-123.805
rxn04697	>	-61.986
rxn04699	>	-60.855
rxn04700	=	2.819
rxn04701	>	-75.812
rxn04702	>	-7.226
rxn04703	=	-4.185
rxn04704	=	-3.281
rxn04705	<	9.971
rxn04706	=	0.174
rxn04710	=	6.700
rxn04712	=	-5.592
rxn04713	=	-0.687
rxn04715	=	1.488
rxn04717	=	-4.974
rxn04718	>	-52.243
rxn04719	>	-17.792
rxn04720	>	-93.374
rxn04721	<	26.438
rxn04722	=	-1.402
rxn04723	>	-8.841
rxn04724	>	-60.209
rxn04725	>	-60.139
rxn04726	=	3.556
rxn04727	>	-8.891
rxn04728	>	-52.243
rxn04730	>	-93.773
rxn04731	<	26.507
rxn04732	=	-0.947
rxn04733	>	-35.325
rxn04734	=	-6.265
rxn04735	>	-60.139
rxn04736	=	3.556
rxn04737	>	-8.891
rxn04739	>	-52.243
rxn04740	>	-17.795
rxn04741	>	-93.370
rxn04742	<	26.299
rxn04743	=	-1.444
rxn04744	>	-8.740
rxn04745	>	-60.215
rxn04746	>	-52.243
rxn04748	>	-60.209
rxn04749	>	-12.455
rxn04750	=	3.152
rxn04751	=	0.174
rxn04752	<	8.213
rxn04753	=	-2.441
rxn04754	>	-63.055
rxn04755	>	-49.507
rxn04756	>	-49.507
rxn04757	=	0.000
rxn04758	=	0.000
rxn04759	=	0.000
rxn04760	=	0.000
rxn04761	=	0.000
rxn04762	>	-73.783
rxn04763	>	-12.493
rxn04766	>	-34.999
rxn04769	>	-48.917
rxn04771	>	-58.962
rxn04772	<	48.917
rxn04774	>	-48.917
rxn04776	<	70.337
rxn04777	<	69.315
rxn04778	<	56.685
rxn04779	<	143.886
rxn04780	<	56.896
rxn04781	<	72.657
rxn04782	=	-5.859
rxn04783	=	-0.477
rxn04784	=	0.977
rxn04785	=	-1.166
rxn04786	=	-5.960
rxn04787	=	-5.009
rxn04788	<	8.961
rxn04789	>	-9.217
rxn04791	=	1.704
rxn04792	=	-6.538
rxn04793	>	-11.303
rxn04794	=	-0.718
rxn04795	>	-87.168
rxn04807	>	-112.740
rxn04808	>	-112.740
rxn04809	<	99.698
rxn04810	<	99.697
rxn04811	<	99.698
rxn04816	<	111.273
rxn04817	<	111.273
rxn04818	<	111.278
rxn04819	<	111.278
rxn04820	<	151.241
rxn04821	<	151.241
rxn04822	>	-17.793
rxn04823	<	10.741
rxn04827	>	-68.242
rxn04828	<	10.741
rxn04829	<	10.741
rxn04830	=	4.616
rxn04831	=	4.616
rxn04832	=	4.615
rxn04833	=	4.615
rxn04834	=	-0.000
rxn04838	<	10.427
rxn04839	<	10.426
rxn04840	=	2.531
rxn04841	=	2.531
rxn04843	<	10.427
rxn04844	=	4.605
rxn04845	=	0.001
rxn04846	=	0.000
rxn04847	>	-60.062
rxn04848	=	0.000
rxn04849	=	0.000
rxn04850	<	10.427
rxn04851	<	10.427
rxn04852	>	-60.771
rxn04853	=	4.605
rxn04854	>	-64.872
rxn04855	=	4.605
rxn04856	>	-64.872
rxn04857	>	-64.871
rxn04858	>	-64.871
rxn04859	=	4.606
rxn04860	>	-60.771
rxn04861	>	-65.799
rxn04863	=	4.606
rxn04864	=	3.152
rxn04865	=	0.000
rxn04866	=	0.834
rxn04867	=	4.606
rxn04868	=	0.000
rxn04869	>	-120.928
rxn04870	=	-0.174
rxn04871	>	-120.928
rxn04872	<	99.699
rxn04873	<	99.699
rxn04874	<	151.241
rxn04875	<	151.241
rxn04876	<	131.711
rxn04877	<	131.408
rxn04878	>	-119.095
rxn04879	<	127.127
rxn04882	<	10.741
rxn04883	<	10.741
rxn04884	<	10.741
rxn04885	=	-0.000
rxn04886	=	4.611
rxn04887	=	-1.130
rxn04888	<	10.741
rxn04889	=	-0.011
rxn04890	<	10.741
rxn04891	>	-68.050
rxn04892	>	-62.101
rxn04893	<	10.741
rxn04894	=	6.887
rxn04895	>	-8.954
rxn04896	>	-8.954
rxn04898	=	-0.002
rxn04900	>	-28.958
rxn04901	>	-64.327
rxn04902	>	-64.859
rxn04903	>	-8.953
rxn04904	=	-0.019
rxn04905	=	0.000
rxn04907	>	-18.204
rxn04908	<	9.261
rxn04909	=	-4.528
rxn04911	<	10.427
rxn04912	<	10.427
rxn04913	<	10.427
rxn04914	<	10.427
rxn04915	=	0.674
rxn04916	>	-9.923
rxn04919	>	-8.956
rxn04920	<	25.682
rxn04925	<	10.427
rxn04927	>	-13.531
rxn04928	=	-6.464
rxn04930	=	-3.592
rxn04932	=	2.966
rxn04933	=	1.954
rxn04934	=	3.152
rxn04935	=	3.153
rxn04936	=	-0.834
rxn04937	=	2.821
rxn04938	=	-6.537
rxn04939	=	3.147
rxn04940	=	3.148
rxn04941	=	1.730
rxn04942	=	2.966
rxn04943	=	1.846
rxn04944	=	-0.925
rxn04945	=	-1.501
rxn04947	=	-6.651
rxn04948	=	-4.183
rxn04949	>	-22.956
rxn04950	>	-23.534
rxn04951	>	-8.890
rxn04952	=	3.089
rxn04953	=	3.090
rxn04954	<	8.167
rxn04955	=	-2.168
rxn04956	=	-5.628
rxn04957	>	-26.109
rxn04958	>	-26.109
rxn04959	=	-6.884
rxn04960	=	0.267
rxn04961	=	2.870
rxn04962	>	-26.777
rxn04963	>	-26.777
rxn04964	>	-86.823
rxn04965	=	-6.193
rxn04966	>	-60.644
rxn04967	>	-61.851
rxn04968	>	-61.849
rxn04969	>	-53.003
rxn04971	>	-141.663
rxn04972	>	-68.986
rxn04973	>	-64.672
rxn04974	>	-75.026
rxn04975	>	-72.811
rxn04976	>	-75.027
rxn04977	>	-34.276
rxn04978	>	-49.507
rxn04979	>	-49.507
rxn04980	>	-65.639
rxn04981	>	-60.139
rxn04982	>	-62.314
rxn04983	>	-62.314
rxn04984	>	-62.314
rxn04985	>	-62.314
rxn04986	>	-60.848
rxn04987	>	-62.314
rxn04988	>	-62.314
rxn04989	>	-36.439
rxn04990	>	-51.270
rxn04991	>	-45.685
rxn04992	>	-37.153
rxn04993	>	-67.683
rxn04994	>	-60.918
rxn04995	>	-60.918
rxn04996	<	12.597
rxn04997	=	6.468
rxn04998	>	-23.899
rxn04999	>	-10.708
rxn05000	>	-119.224
rxn05001	>	-76.609
rxn05003	=	0.327
rxn05004	=	-5.178
rxn05005	>	-26.005
rxn05006	>	-28.260
rxn05007	=	-2.121
rxn05008	=	-0.714
rxn05009	=	-1.434
rxn05010	=	-3.178
rxn05011	=	-2.118
rxn05012	=	-2.074
rxn05014	=	2.055
rxn05015	=	-0.631
rxn05016	>	-14.544
rxn05018	=	1.078
rxn05021	<	48.945
rxn05022	=	-4.946
rxn05023	>	-12.463
rxn05024	>	-31.948
rxn05025	=	1.965
rxn05026	=	1.040
rxn05028	>	-16.396
rxn05030	>	-16.396
rxn05031	<	7.130
rxn05032	>	-16.783
rxn05033	>	-16.782
rxn05034	=	-2.734
rxn05035	=	-6.677
rxn05036	=	-1.928
rxn05037	=	-1.561
rxn05038	=	-1.364
rxn05039	>	-8.656
rxn05040	>	-28.338
rxn05042	>	-51.076
rxn05044	=	1.208
rxn05047	>	-12.640
rxn05048	>	-12.640
rxn05049	>	-12.640
rxn05052	>	-7.580
rxn05053	>	-7.062
rxn05054	=	-5.477
rxn05055	>	-12.465
rxn05057	>	-25.441
rxn05058	>	-20.462
rxn05059	>	-21.470
rxn05060	>	-79.087
rxn05061	>	-8.489
rxn05062	<	73.750
rxn05063	>	-17.792
rxn05064	=	-5.701
rxn05065	<	16.636
rxn05066	>	-10.678
rxn05068	>	-18.289
rxn05069	>	-9.145
rxn05070	>	-421.588
rxn05071	>	-422.768
rxn05072	>	-24.037
rxn05073	>	-61.851
rxn05078	=	-3.343
rxn05080	=	-3.084
rxn05081	=	-3.084
rxn05084	<	9.900
rxn05085	=	2.198
rxn05087	>	-9.214
rxn05088	>	-9.935
rxn05090	>	-83.449
rxn05091	>	-86.294
rxn05092	>	-103.768
rxn05093	>	-29.590
rxn05094	>	-69.052
rxn05095	>	-46.907
rxn05096	>	-51.842
rxn05097	>	-68.235
rxn05098	>	-68.233
rxn05099	>	-68.273
rxn05101	=	4.310
rxn05102	<	12.305
rxn05104	>	-16.552
rxn05105	=	-0.705
rxn05106	>	-8.371
rxn05107	>	-8.841
rxn05108	=	2.099
rxn05109	>	-9.315
rxn05110	>	-19.779
rxn05111	>	-75.364
rxn05112	=	-3.769
rxn05113	>	-74.927
rxn05114	>	-8.242
rxn05115	<	12.402
rxn05116	>	-7.668
rxn05117	<	11.749
rxn05118	>	-12.255
rxn05119	<	11.748
rxn05120	>	-11.120
rxn05122	>	-6.988
rxn05123	=	-3.162
rxn05124	>	-17.783
rxn05125	=	-1.789
rxn05126	>	-8.878
rxn05127	>	-8.877
rxn05128	>	-8.444
rxn05129	>	-16.456
rxn05130	>	-62.313
rxn05131	>	-65.913
rxn05132	>	-27.479
rxn05135	=	-3.078
rxn05136	=	6.289
rxn05137	=	3.593
rxn05142	>	-9.212
rxn05143	>	-9.211
rxn05144	>	-41.692
rxn05145	>	-12.581
rxn05146	>	-12.581
rxn05147	>	-12.581
rxn05148	>	-12.581
rxn05149	>	-12.581
rxn05150	>	-12.581
rxn05151	>	-12.581
rxn05152	>	-12.581
rxn05153	>	-12.581
rxn05154	>	-12.581
rxn05155	>	-12.581
rxn05156	>	-12.581
rxn05157	>	-12.581
rxn05158	>	-12.581
rxn05159	>	-12.581
rxn05160	>	-12.581
rxn05161	>	-12.581
rxn05162	>	-12.581
rxn05163	>	-12.581
rxn05164	>	-12.581
rxn05165	>	-12.581
rxn05166	>	-12.581
rxn05167	>	-12.581
rxn05168	>	-12.581
rxn05169	>	-12.581
rxn05170	>	-12.581
rxn05171	>	-12.581
rxn05172	>	-12.581
rxn05173	>	-12.581
rxn05174	>	-12.581
rxn05175	>	-12.581
rxn05176	>	-12.581
rxn05177	>	-12.581
rxn05178	>	-12.581
rxn05179	>	-12.581
rxn05180	>	-12.581
rxn05181	>	-12.581
rxn05182	>	-12.581
rxn05183	>	-12.581
rxn05184	>	-12.581
rxn05185	>	-12.581
rxn05187	>	-12.581
rxn05188	>	-12.581
rxn05189	>	-12.581
rxn05190	>	-12.581
rxn05192	>	-12.581
rxn05193	>	-12.581
rxn05194	>	-12.581
rxn05195	>	-12.581
rxn05196	>	-12.581
rxn05219	>	-12.581
rxn05223	>	-12.581
rxn05226	>	-9.168
rxn05227	<	8.620
rxn05229	=	-4.108
rxn05231	>	-8.620
rxn05232	>	-8.138
rxn05233	>	-7.863
rxn05234	>	-6.967
rxn05235	>	-7.234
rxn05236	>	-8.643
rxn05237	>	-12.581
rxn05239	>	-9.672
rxn05256	>	-8.936
rxn05287	>	-16.396
rxn05289	=	-1.562
rxn05291	>	-8.461
rxn05293	>	-380.889
rxn05485	>	-7.491
rxn05489	>	-12.581
rxn05490	>	-12.581
rxn05501	>	-8.000
rxn05504	>	-12.581
rxn05512	>	-12.581
rxn05513	>	-12.581
rxn05515	>	-12.581
rxn05516	>	-12.581
rxn05518	>	-7.628
rxn05528	>	-12.581
rxn05533	>	-12.581
rxn05535	>	-12.581
rxn05539	>	-12.581
rxn05540	>	-12.581
rxn05542	>	-12.581
rxn05543	>	-12.581
rxn05544	>	-12.581
rxn05547	>	-12.581
rxn05548	>	-12.581
rxn05549	>	-12.581
rxn05550	>	-12.581
rxn05552	>	-12.581
rxn05555	>	-12.581
rxn05557	>	-12.581
rxn05558	>	-12.581
rxn05560	>	-8.425
rxn05567	>	-8.785
rxn05569	>	-7.330
rxn05570	>	-12.581
rxn05594	>	-12.581
rxn05597	>	-12.581
rxn05598	>	-12.581
rxn05599	>	-12.581
rxn05601	>	-12.581
rxn05607	>	-7.917
rxn05608	>	-12.581
rxn05610	>	-8.941
rxn05613	>	-12.581
rxn05614	>	-12.581
rxn05617	>	-8.634
rxn05619	>	-12.581
rxn05620	>	-12.581
rxn05621	>	-12.581
rxn05622	>	-12.581
rxn05635	>	-12.581
rxn05641	>	-12.581
rxn05644	>	-12.581
rxn05647	>	-7.988
rxn05655	>	-7.474
rxn05656	>	-12.581
rxn05657	>	-12.581
rxn05732	<	11.897
rxn05733	>	-7.557
rxn05734	=	-6.576
rxn05735	>	-9.168
rxn05736	=	-1.789
rxn05737	>	-14.360
rxn05743	=	-5.171
rxn05744	>	-8.446
rxn05745	=	-0.000
rxn05746	>	-8.180
rxn05759	=	1.322
rxn05765	>	-35.858
rxn05766	>	-35.858
rxn05767	<	23.595
rxn05768	<	66.469
rxn05783	=	0.000
rxn05784	=	0.000
rxn05785	=	0.000
rxn05786	=	0.000
rxn05787	=	0.000
rxn05788	=	0.000
rxn05790	=	0.000
rxn05832	=	0.000
rxn05884	=	0.000
rxn05887	=	-5.788
rxn05893	<	24.142
rxn05894	<	20.328
rxn05909	=	-1.508
rxn05910	=	3.658
rxn05912	>	-8.638
rxn05913	>	-13.834
rxn05914	<	47.193
rxn05915	>	-75.120
rxn05916	=	1.080
rxn05918	<	48.945
rxn05920	=	-3.009
rxn05922	>	-16.171
rxn05923	<	16.171
rxn05924	=	3.307
rxn05928	>	-11.575
rxn05946	>	-58.543
rxn05955	=	0.000
rxn05957	>	-11.409
rxn05958	>	-8.803
rxn05961	>	-16.570
rxn05974	<	22.786
rxn06003	<	46.949
rxn06006	>	-8.870
rxn06007	=	3.512
rxn06008	=	3.512
rxn06009	>	-34.978
rxn06011	>	-22.597
rxn06051	=	0.000
rxn06055	=	6.903
rxn06060	=	-6.656
rxn06075	<	8.415
rxn06076	<	8.002
rxn06077	=	0.106
rxn06078	>	-7.583
rxn06104	=	-1.504
rxn06105	<	17.493
rxn06107	<	38.882
rxn06108	<	16.606
rxn06109	=	-4.871
rxn06110	>	-11.197
rxn06135	=	-6.430
rxn06136	=	-6.430
rxn06166	>	-85.305
rxn06170	>	-20.723
rxn06188	>	-16.207
rxn06205	=	-4.369
rxn06208	=	0.000
rxn06240	=	0.000
rxn06245	=	6.857
rxn06259	=	0.000
rxn06263	=	-1.834
rxn06276	=	0.000
rxn06278	>	-10.334
rxn06286	>	-8.962
rxn06288	>	-18.229
rxn06298	=	0.000
rxn06299	=	-6.234
rxn06301	=	0.000
rxn06304	=	-2.546
rxn06305	=	0.000
rxn06306	=	-1.852
rxn06317	>	-85.306
rxn06320	=	0.000
rxn06321	=	-2.763
rxn06338	<	47.192
rxn06353	=	-3.327
rxn06359	=	0.174
rxn06452	=	-5.535
rxn06458	=	-0.276
rxn06465	=	-2.840
rxn06467	>	-14.792
rxn06468	<	18.085
rxn06481	=	0.000
rxn06488	<	55.508
rxn06489	>	-8.725
rxn06491	=	0.000
rxn06497	=	0.000
rxn06498	=	0.000
rxn06510	=	6.089
rxn06511	=	0.000
rxn06513	<	115.628
rxn06523	=	-2.151
rxn06540	=	-0.774
rxn06545	=	5.016
rxn06547	=	3.995
rxn06551	>	-8.910
rxn06563	>	-12.754
rxn06565	=	-3.586
rxn06571	=	-2.767
rxn06579	=	-2.763
rxn06588	>	-17.273
rxn06590	=	0.000
rxn06607	=	-2.440
rxn06608	=	0.000
rxn06633	=	0.000
rxn06643	>	-9.973
rxn06644	=	0.000
rxn06647	=	0.000
rxn06655	<	87.005
rxn06656	=	-1.331
rxn06661	>	-8.090
rxn06669	=	-3.528
rxn06670	=	4.103
rxn06674	=	0.000
rxn06683	=	-4.363
rxn06684	=	-2.141
rxn06696	<	43.646
rxn06703	=	0.000
rxn06704	=	0.000
rxn06709	=	-3.034
rxn06711	>	-16.554
rxn06712	=	-1.331
rxn06714	=	0.000
rxn06715	=	0.000
rxn06719	=	3.868
rxn06733	=	-3.449
rxn06744	=	-4.409
rxn06763	=	0.000
rxn06764	=	0.000
rxn06773	=	0.000
rxn06774	=	0.000
rxn06777	=	3.152
rxn06778	=	0.000
rxn06783	<	50.385
rxn06784	<	20.911
rxn06785	<	20.911
rxn06793	=	0.000
rxn06794	=	-2.763
rxn06801	>	-69.363
rxn06803	=	0.000
rxn06813	=	0.000
rxn06820	=	-0.070
rxn06829	=	0.060
rxn06831	>	-7.441
rxn06833	>	-17.064
rxn06834	=	-1.331
rxn06843	=	-1.358
rxn06850	=	0.000
rxn06852	>	-178.691
rxn06859	>	-13.268
rxn06861	=	1.428
rxn06870	=	0.000
rxn06874	>	-9.866
rxn06882	=	-2.898
rxn06887	=	-6.612
rxn06888	<	79.211
rxn06893	=	6.098
rxn06895	>	-62.301
rxn06897	>	-10.858
rxn06898	>	-10.400
rxn06901	=	0.000
rxn06902	<	26.394
rxn06904	=	-2.531
rxn06905	>	-19.039
rxn06906	>	-16.554
rxn06907	>	-16.554
rxn06908	>	-28.351
rxn06910	=	-4.169
rxn06911	=	-0.142
rxn06912	>	-54.126
rxn06913	>	-51.705
rxn06917	<	57.948
rxn06920	>	-12.998
rxn06925	>	-51.630
rxn06927	=	4.145
rxn06929	>	-27.074
rxn06932	>	-16.396
rxn06933	>	-28.875
rxn06935	>	-28.620
rxn06950	>	-9.520
rxn06953	=	4.605
rxn06954	<	11.842
rxn06966	>	-17.549
rxn06979	>	-6.936
rxn06984	>	-52.243
rxn06985	=	0.868
rxn06986	=	-0.218
rxn06987	=	0.054
rxn06989	=	0.021
rxn06992	>	-15.719
rxn06993	=	-2.838
rxn06994	>	-20.722
rxn06999	=	0.000
rxn07075	=	0.000
rxn07086	=	0.000
rxn07101	=	0.030
rxn07102	=	-1.789
rxn07111	=	-1.756
rxn07112	=	-1.937
rxn07113	>	-15.801
rxn07115	>	-109.406
rxn07116	>	-92.648
rxn07118	>	-68.234
rxn07119	=	1.373
rxn07122	>	-18.107
rxn07139	>	-24.682
rxn07140	<	10.159
rxn07141	>	-74.688
rxn07143	>	-54.013
rxn07148	>	-9.684
rxn07149	=	5.520
rxn07156	=	0.000
rxn07158	=	0.000
rxn07160	>	-98.309
rxn07161	=	0.000
rxn07163	=	0.000
rxn07168	=	5.520
rxn07169	=	-4.169
rxn07177	>	-16.556
rxn07181	>	-9.247
rxn07184	=	-2.762
rxn07200	=	-5.787
rxn07217	>	-13.397
rxn07218	>	-13.063
rxn07219	>	-10.484
rxn07224	=	0.000
rxn07225	=	0.817
rxn07242	=	0.000
rxn07244	=	0.000
rxn07245	=	0.000
rxn07250	>	-75.026
rxn07251	>	-15.321
rxn07252	>	-12.962
rxn07270	>	-49.845
rxn07271	=	0.000
rxn07272	=	-0.835
rxn07273	=	-2.886
rxn07274	>	-60.848
rxn07278	>	-60.848
rxn07280	=	-2.886
rxn07285	>	-60.848
rxn07286	>	-60.848
rxn07287	>	-60.848
rxn07288	>	-104.969
rxn07289	>	-104.969
rxn07290	>	-104.969
rxn07293	=	4.605
rxn07307	<	78.842
rxn07308	>	-52.988
rxn07312	>	-8.638
rxn07314	=	-2.886
rxn07315	=	2.745
rxn07324	>	-11.195
rxn07325	=	-6.651
rxn07328	=	2.745
rxn07331	>	-18.744
rxn07332	=	-5.177
rxn07333	>	-25.647
rxn07334	>	-25.645
rxn07335	=	-5.178
rxn07336	=	2.886
rxn07337	<	11.342
rxn07341	<	31.366
rxn07342	<	31.366
rxn07343	=	0.000
rxn07344	>	-16.626
rxn07345	>	-82.502
rxn07346	=	-3.438
rxn07347	=	-0.161
rxn07349	<	20.911
rxn07350	=	-0.161
rxn07352	=	6.108
rxn07353	=	-0.161
rxn07354	<	20.911
rxn07355	=	6.108
rxn07356	>	-97.211
rxn07357	>	-97.211
rxn07358	=	6.108
rxn07359	=	-0.161
rxn07360	=	6.108
rxn07363	=	-0.161
rxn07365	<	20.911
rxn07366	=	6.108
rxn07367	=	-0.161
rxn07368	>	-97.211
rxn07369	>	-97.211
rxn07370	=	-0.161
rxn07371	>	-20.035
rxn07374	=	-0.161
rxn07405	=	-4.111
rxn07406	=	0.469
rxn07407	<	16.917
rxn07413	>	-9.602
rxn07414	=	-2.444
rxn07415	=	-2.444
rxn07428	=	-0.000
rxn07429	>	-18.202
rxn07430	=	-4.198
rxn07431	=	-0.027
rxn07432	=	-4.456
rxn07434	=	-4.199
rxn07437	=	0.106
rxn07439	=	0.106
rxn07441	>	-12.793
rxn07444	<	10.427
rxn07445	>	-14.814
rxn07446	>	-164.179
rxn07447	>	-14.164
rxn07448	>	-14.164
rxn07449	<	68.267
rxn07450	<	49.501
rxn07452	<	91.061
rxn07454	>	-10.140
rxn07455	=	0.000
rxn07456	=	-0.070
rxn07462	>	-51.497
rxn07463	>	-61.254
rxn07464	>	-57.407
rxn07465	>	-9.542
rxn07466	=	-5.057
rxn07472	>	-76.174
rxn07473	=	-4.547
rxn07474	=	6.538
rxn07475	=	-0.446
rxn07476	<	46.933
rxn07477	>	-12.081
rxn07479	=	-0.846
rxn07480	>	-59.193
rxn07481	>	-7.681
rxn07482	>	-7.682
rxn07484	>	-16.554
rxn07485	>	-16.554
rxn07487	=	3.936
rxn07488	=	-3.255
rxn07489	>	-11.149
rxn07490	=	-3.153
rxn07491	=	2.799
rxn07492	=	-3.116
rxn07493	=	0.960
rxn07495	>	-9.798
rxn07498	>	-76.652
rxn07505	>	-7.779
rxn07515	>	-75.859
rxn07516	>	-91.026
rxn07517	=	-3.212
rxn07518	>	-52.243
rxn07519	>	-17.795
rxn07521	<	120.084
rxn07522	>	-31.157
rxn07523	>	-68.228
rxn07524	>	-68.229
rxn07525	>	-68.184
rxn07527	=	-0.945
rxn07528	>	-54.726
rxn07529	>	-62.340
rxn07530	<	16.519
rxn07532	=	3.613
rxn07533	=	-0.406
rxn07534	=	3.579
rxn07535	=	-0.406
rxn07537	<	16.720
rxn07538	<	12.330
rxn07539	<	16.037
rxn07541	>	-21.563
rxn07542	>	-86.523
rxn07543	=	3.554
rxn07544	>	-87.188
rxn07545	=	-0.378
rxn07550	<	17.273
rxn07552	=	0.015
rxn07554	=	-1.427
rxn07555	=	-0.378
rxn07562	>	-86.541
rxn07566	<	10.319
rxn07567	=	-1.427
rxn07568	=	-0.378
rxn07571	=	-0.693
rxn07572	=	0.535
rxn07573	=	-3.153
rxn07574	=	-0.174
rxn07575	>	-11.342
rxn07580	=	0.000
rxn07583	=	0.000
rxn07584	<	234.966
rxn07586	=	-3.395
rxn07587	>	-8.638
rxn07590	>	-68.243
rxn07591	>	-62.343
rxn07592	>	-62.347
rxn07593	>	-21.839
rxn07594	<	34.482
rxn07595	=	-2.531
rxn07596	>	-8.177
rxn07602	>	-10.760
rxn07604	>	-52.617
rxn07605	>	-52.617
rxn07608	>	-66.329
rxn07609	>	-19.061
rxn07618	>	-63.225
rxn07619	=	0.029
rxn07620	<	29.506
rxn07621	>	-19.432
rxn07622	<	11.574
rxn07623	=	-1.029
rxn07624	>	-8.054
rxn07626	>	-8.432
rxn07627	<	11.097
rxn07628	<	10.758
rxn07630	=	-0.003
rxn07631	>	-48.917
rxn07639	>	-58.962
rxn07644	<	35.372
rxn07645	<	15.483
rxn07646	>	-58.962
rxn07653	=	0.000
rxn07654	=	4.606
rxn07655	=	0.000
rxn07656	>	-43.308
rxn07657	=	0.000
rxn07658	=	-4.605
rxn07659	=	4.605
rxn07660	=	-4.605
rxn07661	=	0.000
rxn07662	=	-0.000
rxn07663	=	-1.345
rxn07664	>	-10.410
rxn07665	>	-10.819
rxn07666	=	-1.753
rxn07667	=	-3.084
rxn07668	=	-3.084
rxn07669	=	-3.084
rxn07670	>	-20.232
rxn07671	>	-12.640
rxn07672	=	-1.937
rxn07673	=	-1.938
rxn07674	=	6.152
rxn07675	=	0.636
rxn07676	=	0.581
rxn07677	=	-1.789
rxn07678	<	8.213
rxn07679	=	-0.174
rxn07680	=	3.152
rxn07681	=	6.089
rxn07682	<	8.213
rxn07683	=	-0.174
rxn07684	=	3.152
rxn07685	=	6.089
rxn07686	<	8.213
rxn07687	=	-0.174
rxn07688	=	3.152
rxn07689	=	6.089
rxn07692	>	-12.640
rxn07693	=	-5.206
rxn07700	=	-0.521
rxn07701	>	-15.722
rxn07702	>	-10.552
rxn07703	>	-10.276
rxn07704	>	-11.462
rxn07707	=	4.318
rxn07708	=	-2.846
rxn07709	=	5.460
rxn07710	=	5.639
rxn07711	=	5.550
rxn07712	=	5.550
rxn07713	>	-10.543
rxn07716	=	-1.644
rxn07717	>	-19.823
rxn07718	=	-1.705
rxn07719	=	-1.700
rxn07720	=	-1.753
rxn07721	=	-1.877
rxn07722	=	-3.514
rxn07724	<	8.213
rxn07725	=	-0.174
rxn07726	=	3.152
rxn07727	=	6.089
rxn07728	=	-0.886
rxn07729	>	-55.275
rxn07732	>	-9.501
rxn07734	=	-1.884
rxn07737	<	20.763
rxn07739	>	-77.595
rxn07740	<	8.213
rxn07741	=	-0.174
rxn07742	=	3.152
rxn07743	=	6.089
rxn07744	>	-55.275
rxn07745	>	-55.334
rxn07746	>	-55.334
rxn07747	>	-55.275
rxn07748	>	-55.275
rxn07749	>	-64.878
rxn07750	>	-64.878
rxn07751	>	-55.215
rxn07752	>	-55.216
rxn07753	>	-55.259
rxn07754	>	-55.259
rxn07755	>	-55.796
rxn07756	>	-55.796
rxn07757	>	-55.752
rxn07758	>	-55.752
rxn07759	>	-46.192
rxn07760	>	-46.193
rxn07761	>	-55.341
rxn07762	>	-55.341
rxn07763	>	-55.252
rxn07764	>	-55.252
rxn07765	>	-64.811
rxn07766	>	-64.812
rxn07767	>	-23.899
rxn07768	>	-23.932
rxn07769	>	-23.900
rxn07773	>	-66.487
rxn07774	<	11.477
rxn07775	=	-3.556
rxn07776	=	-3.603
rxn07777	>	-16.112
rxn07778	>	-16.066
rxn07779	>	-16.102
rxn07780	>	-11.031
rxn07781	>	-10.957
rxn07782	>	-11.005
rxn07783	>	-61.895
rxn07785	>	-38.576
rxn07786	>	-61.892
rxn07787	>	-61.894
rxn07788	=	-1.226
rxn07789	=	-1.232
rxn07792	>	-68.235
rxn07793	>	-16.831
rxn07795	>	-119.357
rxn07798	>	-118.817
rxn07799	>	-118.922
rxn07800	>	-76.120
rxn07803	=	2.937
rxn07804	>	-21.563
rxn07805	>	-21.563
rxn07806	>	-45.800
rxn07807	>	-21.562
rxn07808	>	-45.800
rxn07809	>	-45.800
rxn07811	>	-10.629
rxn07812	=	-3.343
rxn07814	>	-10.452
rxn07822	>	-68.236
rxn07826	=	-3.687
rxn07832	>	-21.562
rxn07833	>	-45.800
rxn07834	>	-39.072
rxn07835	>	-39.072
rxn07836	>	-39.072
rxn07837	>	-21.563
rxn07838	>	-87.409
rxn07840	>	-61.862
rxn07841	>	-10.852
rxn07842	>	-12.050
rxn07845	>	-16.554
rxn07846	=	4.328
rxn07847	=	-2.761
rxn07848	>	-37.075
rxn07849	>	-10.277
rxn07850	>	-14.178
rxn07851	>	-13.807
rxn07852	>	-14.178
rxn07858	>	-8.665
rxn07860	>	-8.665
rxn07861	=	-3.518
rxn07862	=	-3.518
rxn07863	=	-3.518
rxn07864	=	-3.197
rxn07865	=	-4.946
rxn07866	=	0.000
rxn07868	>	-8.665
rxn07869	=	-3.518
rxn07870	>	-46.842
rxn07871	>	-83.650
rxn07872	=	3.556
rxn07873	=	3.556
rxn07874	=	3.556
rxn07875	>	-8.891
rxn07876	>	-8.892
rxn07877	=	-1.789
rxn07879	=	-5.581
rxn07880	=	-6.089
rxn07881	<	8.213
rxn07882	=	0.174
rxn07883	=	3.152
rxn07884	=	-6.089
rxn07885	>	-8.892
rxn07886	<	12.641
rxn07887	=	0.000
rxn07888	=	0.000
rxn07889	>	-25.493
rxn07890	>	-28.961
rxn07892	>	-29.687
rxn07893	>	-26.211
rxn07894	>	-46.041
rxn07895	>	-16.564
rxn07896	>	-29.849
rxn07897	>	-29.849
rxn07898	>	-30.656
rxn07899	>	-40.733
rxn07900	>	-40.718
rxn07901	>	-40.718
rxn07902	>	-36.288
rxn07903	>	-36.313
rxn07904	=	6.352
rxn07905	=	-2.484
rxn07906	>	-17.273
rxn07907	=	-4.943
rxn07908	>	-28.938
rxn07909	>	-28.938
rxn07923	>	-12.581
rxn07949	=	-2.823
rxn07951	=	-3.162
rxn07961	=	-3.162
rxn07963	=	-2.823
rxn07965	=	-3.162
rxn07967	=	-2.948
rxn07971	>	-14.103
rxn08003	>	-12.581
rxn08008	>	-12.581
rxn08013	>	-8.107
rxn08023	=	-4.254
rxn08025	=	0.744
rxn08034	=	-3.688
rxn08035	>	-11.158
rxn08038	>	-10.570
rxn08040	=	1.079
rxn08041	>	-7.491
rxn08043	=	-3.693
rxn08044	=	-5.442
rxn08045	=	-3.052
rxn08046	>	-7.809
rxn08048	>	-8.637
rxn08053	<	8.213
rxn08066	=	0.606
rxn08067	=	-0.196
rxn08070	>	-12.581
rxn08077	<	83.386
rxn08085	=	0.000
rxn08087	=	0.000
rxn08089	=	0.000
rxn08094	=	-3.796
rxn08097	>	-12.581
rxn08098	>	-12.581
rxn08100	=	0.000
rxn08103	=	0.284
rxn08110	>	-11.097
rxn08111	>	-10.058
rxn08112	>	-12.581
rxn08113	=	-0.808
rxn08114	>	-11.564
rxn08118	=	-2.818
rxn08122	=	-3.152
rxn08125	=	-4.434
rxn08126	=	-0.262
rxn08127	=	0.071
rxn08128	=	-0.262
rxn08129	=	-0.262
rxn08130	=	-5.171
rxn08131	>	-29.895
rxn08133	=	3.012
rxn08137	>	-6.929
rxn08139	>	-12.581
rxn08143	>	-12.581
rxn08151	>	-12.581
rxn08158	>	-7.997
rxn08160	>	-12.581
rxn08163	>	-12.581
rxn08165	>	-12.581
rxn08166	>	-14.841
rxn08167	<	6.934
rxn08168	=	0.014
rxn08171	<	9.925
rxn08172	=	2.439
rxn08173	<	12.581
rxn08178	<	9.251
rxn08179	<	9.973
rxn08180	>	-58.534
rxn08181	>	-12.581
rxn08191	>	-12.581
rxn08192	>	-12.581
rxn08195	>	-12.581
rxn08200	>	-14.163
rxn08204	>	-14.163
rxn08207	>	-27.530
rxn08210	>	-12.581
rxn08212	>	-12.581
rxn08220	>	-71.732
rxn08222	>	-71.732
rxn08227	=	-1.425
rxn08229	=	-1.425
rxn08230	=	-1.425
rxn08239	>	-12.581
rxn08243	>	-12.581
rxn08245	>	-12.581
rxn08253	>	-12.581
rxn08254	=	0.146
rxn08255	=	0.780
rxn08256	=	0.000
rxn08258	=	-0.174
rxn08259	>	-12.581
rxn08260	=	1.134
rxn08268	>	-12.581
rxn08271	>	-12.581
rxn08277	>	-9.238
rxn08280	>	-12.581
rxn08281	>	-12.581
rxn08282	>	-12.581
rxn08287	>	-62.288
rxn08288	>	-27.448
rxn08291	=	0.161
rxn08304	>	-12.581
rxn08307	=	-1.892
rxn08311	=	-1.892
rxn08313	>	-8.171
rxn08328	=	-2.084
rxn08333	>	-17.672
rxn08335	>	-25.256
rxn08336	=	-3.481
rxn08340	>	-28.835
rxn08341	=	0.000
rxn08346	=	-4.311
rxn08347	=	-4.311
rxn08348	>	-88.319
rxn08349	>	-11.455
rxn08352	>	-12.596
rxn08353	=	-2.122
rxn08354	>	-45.233
rxn08355	>	-45.233
rxn08356	>	-40.704
rxn08357	>	-40.704
rxn08371	=	2.987
rxn08380	=	-2.943
rxn08407	<	573.998
rxn08408	=	-3.381
rxn08409	>	-88.038
rxn08410	<	254.971
rxn08413	=	-0.174
rxn08420	>	-440.174
rxn08421	>	-49.343
rxn08425	>	-12.581
rxn08429	=	0.848
rxn08430	>	-7.833
rxn08439	>	-12.641
rxn08440	>	-12.641
rxn08441	>	-12.640
rxn08444	>	-12.640
rxn08446	>	-12.641
rxn08447	>	-12.641
rxn08448	=	-1.789
rxn08449	=	-1.789
rxn08450	=	-1.789
rxn08452	=	-1.820
rxn08454	=	-1.789
rxn08456	=	-1.789
rxn08457	=	-1.789
rxn08458	=	-3.129
rxn08459	=	-3.129
rxn08460	=	-6.538
rxn08463	=	1.704
rxn08465	>	-29.498
rxn08466	>	-7.723
rxn08467	>	-13.611
rxn08468	>	-10.837
rxn08469	>	-13.995
rxn08470	>	-14.574
rxn08471	>	-13.296
rxn08472	>	-12.581
rxn08477	>	-12.581
rxn08481	>	-12.581
rxn08483	>	-12.581
rxn08491	>	-25.707
rxn08493	>	-12.581
rxn08501	>	-12.581
rxn08509	>	-12.581
rxn08518	=	1.910
rxn08521	=	-1.372
rxn08527	>	-6.920
rxn08528	=	-2.391
rxn08531	=	0.000
rxn08535	>	-8.612
rxn08536	>	-8.425
rxn08553	>	-12.581
rxn08556	>	-22.023
rxn08557	=	-0.248
rxn08558	=	-4.777
rxn08559	>	-12.581
rxn08561	>	-12.581
rxn08563	>	-12.581
rxn08565	>	-12.581
rxn08571	>	-8.201
rxn08573	>	-12.581
rxn08575	=	3.070
rxn08582	=	2.179
rxn08583	=	-4.946
rxn08586	>	-8.785
rxn08592	>	-7.330
rxn08597	=	0.000
rxn08598	=	-3.357
rxn08599	>	-9.136
rxn08603	>	-17.783
rxn08604	=	-3.162
rxn08606	>	-12.581
rxn08607	=	-0.452
rxn08608	>	-34.683
rxn08612	>	-9.168
rxn08618	=	-3.084
rxn08619	=	-3.084
rxn08620	=	-3.084
rxn08624	>	-12.581
rxn08627	>	-12.581
rxn08637	>	-12.581
rxn08641	>	-12.581
rxn08647	=	-2.196
rxn08655	>	-18.292
rxn08656	=	3.483
rxn08657	=	-1.045
rxn08659	>	-23.186
rxn08666	=	0.834
rxn08667	>	-17.878
rxn08668	>	-74.098
rxn08669	>	-75.659
rxn08675	>	-12.581
rxn08676	>	-12.581
rxn08679	<	72.917
rxn08684	>	-9.905
rxn08688	>	-161.661
rxn08700	=	3.152
rxn08703	=	-0.232
rxn08707	>	-11.120
rxn08708	=	-4.988
rxn08709	=	-6.295
rxn08710	=	-2.745
rxn08711	=	-2.745
rxn08712	=	-4.608
rxn08713	=	-4.608
rxn08715	>	-12.581
rxn08718	>	-12.581
rxn08733	=	-1.028
rxn08734	>	-41.241
rxn08735	>	-12.207
rxn08736	>	-18.245
rxn08745	>	-12.581
rxn08756	>	-11.619
rxn08758	>	-12.581
rxn08760	>	-12.581
rxn08762	>	-12.581
rxn08764	=	-3.153
rxn08767	=	-6.644
rxn08775	=	-6.227
rxn08783	>	-22.426
rxn08784	>	-12.581
rxn08787	>	-12.581
rxn08788	>	-12.581
rxn08792	>	-21.805
rxn08793	=	-0.030
rxn08796	>	-11.915
rxn08797	>	-11.915
rxn08801	>	-11.915
rxn08803	>	-9.895
rxn08804	>	-9.895
rxn08806	>	-10.574
rxn08810	>	-9.895
rxn08811	>	-9.895
rxn08813	>	-10.574
rxn08815	>	-9.895
rxn08816	>	-9.895
rxn08825	=	-1.358
rxn08827	=	-1.358
rxn08829	=	-1.358
rxn08832	=	-1.358
rxn08834	=	-1.358
rxn08836	=	-1.358
rxn08838	>	-11.705
rxn08839	>	-11.705
rxn08841	>	-12.384
rxn08843	>	-11.705
rxn08846	>	-11.705
rxn08848	>	-12.384
rxn08850	>	-11.705
rxn08853	>	-12.581
rxn08867	>	-12.581
rxn08869	>	-12.581
rxn08871	>	-12.581
rxn08872	>	-7.917
rxn08875	>	-12.581
rxn08877	>	-12.581
rxn08882	>	-8.639
rxn08884	>	-7.115
rxn08885	>	-8.941
rxn08889	>	-61.539
rxn08892	<	13.714
rxn08893	<	268.841
rxn08894	<	219.682
rxn08896	<	97.278
rxn08900	>	-21.241
rxn08901	=	0.534
rxn08909	>	-12.581
rxn08910	>	-12.581
rxn08913	=	4.587
rxn08916	>	-12.581
rxn08919	=	-0.106
rxn08924	>	-12.581
rxn08926	<	175.158
rxn08927	<	20.371
rxn08928	<	88.301
rxn08929	>	-106.594
rxn08933	>	-8.085
rxn08934	>	-8.530
rxn08935	>	-8.085
rxn08936	>	-8.085
rxn08937	>	-101.758
rxn08938	>	-38.743
rxn08941	=	0.408
rxn08942	=	0.742
rxn08943	=	0.742
rxn08948	>	-7.394
rxn08949	>	-8.634
rxn08954	>	-53.037
rxn08955	>	-12.581
rxn08959	>	-12.581
rxn08965	>	-11.146
rxn08968	=	-6.807
rxn08971	=	-4.815
rxn08972	>	-26.590
rxn08973	=	-4.815
rxn08974	>	-9.343
rxn08975	>	-26.590
rxn08976	>	-9.343
rxn08977	>	-26.590
rxn08978	=	-4.815
rxn08979	>	-9.344
rxn08981	=	-6.246
rxn08989	>	-12.581
rxn08993	>	-12.581
rxn08996	>	-11.654
rxn09000	=	-1.213
rxn09001	=	-1.213
rxn09002	>	-22.988
rxn09003	>	-22.988
rxn09010	>	-9.222
rxn09011	>	-14.177
rxn09012	>	-14.177
rxn09013	>	-17.653
rxn09014	>	-15.712
rxn09016	>	-20.022
rxn09018	=	1.670
rxn09019	>	-30.992
rxn09021	=	-4.916
rxn09022	=	-3.057
rxn09023	=	-3.057
rxn09024	=	-3.057
rxn09025	=	1.078
rxn09027	=	-5.206
rxn09028	=	-3.084
rxn09029	=	-4.946
rxn09037	>	-27.327
rxn09039	=	-5.176
rxn09040	>	-66.457
rxn09041	=	-6.665
rxn09042	>	-66.458
rxn09043	=	-6.665
rxn09044	>	-66.464
rxn09045	=	-6.667
rxn09046	>	-12.581
rxn09053	>	-12.581
rxn09054	>	-12.581
rxn09055	>	-12.581
rxn09056	>	-12.581
rxn09057	>	-12.581
rxn09058	>	-12.581
rxn09059	>	-12.581
rxn09071	=	3.028
rxn09072	>	-27.736
rxn09073	>	-12.581
rxn09074	>	-12.581
rxn09075	>	-12.581
rxn09076	>	-12.581
rxn09077	>	-12.581
rxn09078	>	-12.581
rxn09079	>	-12.581
rxn09085	>	-12.581
rxn09086	>	-12.581
rxn09087	>	-12.581
rxn09088	>	-12.581
rxn09089	>	-12.581
rxn09090	>	-12.581
rxn09091	>	-12.581
rxn09094	>	-12.581
rxn09095	>	-12.581
rxn09096	>	-12.581
rxn09097	>	-12.581
rxn09098	>	-12.581
rxn09099	>	-12.581
rxn09100	>	-12.581
rxn09104	>	-7.793
rxn09105	>	-7.793
rxn09106	>	-7.793
rxn09112	<	44.372
rxn09113	<	44.372
rxn09115	>	-12.581
rxn09119	>	-15.158
rxn09122	>	-12.581
rxn09133	>	-10.574
rxn09135	>	-9.895
rxn09138	>	-9.895
rxn09140	>	-10.574
rxn09142	>	-9.895
rxn09145	>	-11.712
rxn09149	>	-11.712
rxn09154	>	-12.384
rxn09159	>	-11.705
rxn09161	>	-12.384
rxn09163	>	-11.705
rxn09167	>	-35.205
rxn09174	=	-2.742
rxn09176	=	-2.661
rxn09177	>	-7.715
rxn09179	=	5.921
rxn09180	=	-0.010
rxn09184	>	-16.964
rxn09187	>	-12.581
rxn09188	=	5.849
rxn09189	>	-12.581
rxn09200	>	-9.112
rxn09202	>	-9.112
rxn09210	<	43.432
rxn09212	>	-13.163
rxn09213	>	-12.581
rxn09219	>	-11.954
rxn09220	>	-11.947
rxn09221	=	-5.156
rxn09222	=	-5.319
rxn09225	=	-4.244
rxn09227	>	-12.581
rxn09240	=	0.280
rxn09242	>	-9.197
rxn09245	<	235.207
rxn09263	>	-12.581
rxn09264	=	-4.806
rxn09265	=	-4.824
rxn09272	>	-14.855
rxn09274	>	-7.474
rxn09276	>	-12.581
rxn09277	>	-12.581
rxn09280	=	0.000
rxn09285	>	-12.581
rxn09289	=	-2.765
rxn09292	=	0.000
rxn09293	=	0.000
rxn09295	=	0.000
rxn09296	>	-79.759
rxn09297	>	-12.581
rxn09301	>	-12.581
rxn09310	>	-23.737
rxn09313	>	-43.493
rxn09314	>	-43.493
rxn09315	>	-38.965
rxn09316	>	-38.965
rxn09320	=	0.309
rxn09322	>	-9.557
rxn09329	>	-12.581
rxn09333	>	-12.581
rxn09336	=	-4.707
rxn09340	>	-13.373
rxn09341	>	-13.705
rxn09345	>	-29.149
rxn09348	>	-15.307
rxn09351	=	-4.547
rxn09354	=	6.538
rxn09355	>	-13.861
rxn09370	>	-17.950
rxn09373	>	-12.581
rxn09383	>	-12.581
rxn09388	>	-12.581
rxn09392	>	-12.581
rxn09395	=	2.833
rxn09402	=	-3.007
rxn09412	=	-3.994
rxn09414	>	-17.001
rxn09417	>	-14.855
rxn09420	>	-8.602
rxn09421	>	-7.327
rxn09423	=	-6.430
rxn09424	>	-7.549
rxn09427	=	-6.184
rxn09429	=	-6.204
rxn09431	=	-6.677
rxn09433	=	-6.657
rxn09435	=	-6.430
rxn09437	=	-6.430
rxn09438	=	-6.430
rxn09440	=	-6.430
rxn09441	=	-6.430
rxn09443	=	-6.430
rxn09444	=	-1.789
rxn09446	=	-1.789
rxn09449	=	-1.789
rxn09452	=	-1.789
rxn09453	=	-1.789
rxn09462	>	-10.825
rxn09463	>	-10.570
rxn09475	>	-14.767
rxn09476	>	-14.212
rxn09477	>	-14.767
rxn09478	>	-14.767
rxn09479	>	-14.767
rxn09480	=	-6.089
rxn09483	<	8.620
rxn09486	=	-1.306
rxn09487	>	-10.268
rxn09498	=	-2.105
rxn09499	=	3.291
rxn09502	=	-2.738
rxn09510	<	48.945
rxn09516	>	-13.057
rxn09517	>	-13.959
rxn09519	<	19.245
rxn09521	=	0.821
rxn09522	>	-23.461
rxn09523	>	-26.590
rxn09524	>	-26.590
rxn09525	>	-29.498
rxn09528	<	12.581
rxn09529	<	12.581
rxn09530	<	12.581
rxn09532	>	-18.002
rxn09559	>	-15.552
rxn09560	>	-18.112
rxn09561	>	-15.910
rxn09562	=	-0.473
rxn09563	>	-25.256
rxn09564	=	4.511
rxn09566	<	55.002
rxn09567	=	-4.208
rxn09578	=	-2.308
rxn09579	>	-9.504
rxn09581	=	-4.308
rxn09588	=	0.000
rxn09589	=	0.000
rxn09590	=	0.000
rxn09591	=	0.000
rxn09592	=	0.000
rxn09593	=	0.000
rxn09594	<	13.279
rxn09595	<	13.279
rxn09596	<	13.279
rxn09597	<	13.279
rxn09598	<	13.279
rxn09599	<	13.279
rxn09614	=	-3.385
rxn09615	=	-2.932
rxn09616	=	-3.522
rxn09619	>	-59.784
rxn09623	=	0.834
rxn09632	>	-17.788
rxn09637	=	-1.504
rxn09638	=	-1.504
rxn09694	>	-12.581
rxn09753	>	-8.605
rxn09843	>	-12.581
rxn09844	>	-12.581
rxn09845	>	-12.581
rxn09847	>	-12.581
rxn09849	>	-12.581
rxn09851	>	-12.581
rxn09853	>	-12.581
rxn09878	>	-17.361
rxn09880	=	-4.653
rxn09882	>	-8.891
rxn09888	=	-5.122
rxn09889	>	-14.905
rxn09896	=	1.675
rxn09897	=	-4.035
rxn09903	=	-3.170
rxn09904	=	-2.142
rxn09907	=	-4.241
rxn09908	=	-3.570
rxn09919	=	-3.949
rxn09925	=	-3.063
rxn09926	=	-3.262
rxn09931	=	-4.770
rxn09934	=	-3.773
rxn09942	=	4.587
rxn09944	=	0.669
rxn09948	>	-10.659
rxn09949	=	-5.981
rxn09950	=	2.671
rxn09953	=	-1.075
rxn09954	=	-4.654
rxn09956	>	-8.891
rxn09957	>	-8.891
rxn09958	>	-8.891
rxn09959	>	-8.891
rxn09960	>	-8.891
rxn09964	>	-8.891
rxn09967	>	-11.097
rxn09972	>	-8.891
rxn09973	>	-8.892
rxn09974	>	-8.892
rxn09977	>	-8.892
rxn09978	=	-2.712
rxn09991	=	-2.444
rxn09992	=	0.726
rxn09997	=	6.106
rxn10003	=	-5.696
rxn10008	<	153.636
rxn10010	>	-11.303
rxn10011	<	11.342
rxn10012	<	11.342
rxn10013	<	11.342
rxn10014	<	11.342
rxn10029	>	-8.404
rxn10030	>	-7.903
rxn10042	<	12.581
rxn10048	=	4.593
rxn10052	<	9.745
rxn10053	=	-5.191
rxn10054	>	-9.972
rxn10055	=	-2.520
rxn10056	=	-2.036
rxn10057	=	-3.056
rxn10058	=	-2.932
rxn10059	=	-3.394
rxn10060	=	-2.597
rxn10061	=	-4.079
rxn10062	=	-0.180
rxn10073	>	-12.581
rxn10074	=	6.147
rxn10094	>	-9.699
rxn10104	=	2.841
rxn10105	=	2.688
rxn10106	=	2.885
rxn10112	>	-27.448
rxn10113	>	-27.448
rxn10114	>	-29.498
rxn10115	>	-7.723
rxn10116	>	-34.683
rxn10117	>	-18.245
rxn10118	>	-41.241
rxn10119	>	-12.207
rxn10120	=	-1.213
rxn10121	>	-22.988
rxn10122	>	-26.590
rxn10123	=	-4.815
rxn10124	>	-9.343
rxn10125	=	0.000
rxn10126	>	-23.461
rxn10127	>	-43.493
rxn10128	>	-38.965
rxn10129	>	-45.233
rxn10130	>	-40.704
rxn10138	>	-12.581
rxn10139	=	-1.672
rxn10141	>	-11.654
rxn10144	>	-12.581
rxn10145	>	-12.581
rxn10147	>	-12.581
rxn10168	>	-12.581
rxn10170	>	-12.581
rxn10172	>	-12.581
rxn10173	>	-12.581
rxn10174	>	-12.581
rxn10175	>	-8.612
rxn10183	>	-7.809
rxn10184	>	-9.197
rxn10203	=	-0.544
rxn10204	=	-0.544
rxn10212	=	-0.697
rxn10213	=	-0.697
rxn10343	>	-12.581
rxn10344	>	-12.581
rxn10381	=	-0.446
rxn10382	<	51.293
rxn10415	>	-12.581
rxn10420	=	-1.189
rxn10424	=	-3.558
rxn10425	=	-3.068
rxn10427	=	0.180
rxn10432	=	5.691
rxn10434	=	-6.113
rxn10439	=	-0.948
rxn10443	>	-12.581
rxn10447	>	-12.581
rxn10449	>	-12.581
rxn10450	>	-12.581
rxn10453	>	-12.581
rxn10464	=	-2.940
rxn10465	=	-2.935
rxn10466	>	-19.837
rxn10467	>	-19.906
rxn10468	=	1.489
rxn10469	=	1.489
rxn10472	=	0.487
rxn10475	=	-2.233
rxn10481	>	-12.581
rxn10483	=	-4.036
rxn10484	<	7.335
rxn10496	=	-3.356
rxn10499	>	-9.798
rxn10504	=	-5.133
rxn10505	=	-5.133
rxn10506	<	70.285
rxn10511	=	0.000
rxn10525	=	-3.523
rxn10526	=	-4.464
rxn10543	=	-4.544
rxn10544	=	-4.185
rxn10558	>	-12.581
rxn10566	<	44.277
rxn10567	=	-1.457
rxn10568	>	-6.959
rxn10571	>	-12.581
rxn10572	=	-4.496
rxn10574	=	0.003
rxn10576	>	-8.685
rxn10578	>	-12.581
rxn10583	>	-13.223
rxn10584	>	-13.674
rxn10586	=	-1.789
rxn10591	>	-15.545
rxn10594	=	-4.987
rxn10595	=	0.160
rxn10596	=	0.160
rxn10599	=	0.161
rxn10601	=	3.152
rxn10602	=	3.153
rxn10603	>	-24.219
rxn10608	=	-0.162
rxn10609	=	0.436
rxn10613	=	-4.160
rxn10615	>	-9.694
rxn10619	>	-6.920
rxn10620	=	-1.775
rxn10622	=	-2.228
rxn10625	=	-2.365
rxn10626	>	-16.097
rxn10628	=	0.000
rxn10635	=	0.000
rxn10642	=	0.000
rxn10643	=	2.364
rxn10647	=	-6.430
rxn10648	=	0.000
rxn10652	=	0.000
rxn10659	=	0.000
rxn10667	>	-30.036
rxn10670	=	0.000
rxn10671	>	-50.123
rxn10677	=	0.000
rxn10683	=	-1.449
rxn10696	=	0.000
rxn10707	=	-4.244
rxn10753	>	-12.358
rxn10768	=	-2.503
rxn10769	=	-3.398
rxn10770	=	2.949
rxn10771	>	-9.847
rxn10785	>	-28.693
rxn10791	>	-18.342
rxn10793	=	-3.481
rxn10795	=	4.612
rxn10799	>	-16.606
rxn10804	=	-4.541
rxn10806	>	-62.288
rxn10822	>	-12.581
rxn10833	>	-12.581
rxn10839	>	-12.581
rxn10842	>	-12.581
rxn10844	=	1.570
rxn10848	=	1.570
rxn10852	>	-7.811
rxn10861	<	9.868
rxn10862	>	-12.581
rxn10865	>	-8.636
rxn10866	=	0.321
rxn10869	=	1.813
rxn10878	>	-7.269
rxn10883	>	-12.581
rxn10886	<	44.864
rxn10887	>	-18.207
rxn10900	=	-0.651
rxn10902	=	-1.377
rxn10910	=	-4.815
rxn10951	>	-7.271
rxn10966	>	-26.242
rxn10968	>	-12.207
rxn10981	=	-1.686
rxn10985	=	0.534
rxn10995	=	-4.815
rxn10996	=	-0.460
rxn11004	>	-14.411
rxn11007	=	-6.413
rxn11012	=	0.000
rxn11033	>	-8.371
rxn11036	=	-2.906
rxn11040	=	-1.098
rxn11048	>	-12.581
rxn11062	=	0.000
rxn11063	>	-12.581
rxn11079	=	-6.339
rxn11080	>	-12.581
rxn11093	=	-6.202
rxn11099	=	0.502
rxn11100	=	-1.514
rxn11101	>	-12.581
rxn11110	=	-0.786
rxn11113	>	-7.310
rxn11117	>	-21.269
rxn11130	=	4.466
rxn11132	>	-7.727
rxn11139	=	0.480
rxn11140	>	-12.581
rxn11148	>	-55.062
rxn11149	>	-55.062
rxn11151	>	-12.581
rxn11152	=	2.241
rxn11156	>	-9.331
rxn11160	>	-18.472
rxn11162	>	-11.960
rxn11174	=	-0.040
rxn11176	=	-4.705
rxn11196	=	-2.307
rxn11200	=	2.083
rxn11201	=	-0.091
rxn11202	>	-7.975
rxn11203	=	-6.714
rxn11205	>	-7.986
rxn11206	=	0.011
rxn11207	=	1.272
rxn11208	=	2.175
rxn11209	=	-0.081
rxn11210	=	1.181
rxn11213	>	-13.567
rxn11216	>	-12.581
rxn11227	>	-12.581
rxn11233	>	-12.581
rxn11235	>	-12.581
rxn11236	>	-12.581
rxn11243	>	-7.811
rxn11244	>	-7.495
rxn11245	=	-2.493
rxn11258	>	-20.374
rxn11262	>	-12.581
rxn11263	>	-12.581
rxn11267	=	-1.761
rxn11274	=	-2.051
rxn11276	=	-4.391
rxn11277	<	7.109
rxn11288	=	-4.238
rxn11289	=	0.523
rxn11290	=	-1.295
rxn11293	=	-1.991
rxn11300	>	-12.581
rxn11342	>	-8.872
rxn11345	=	-6.791
rxn11346	=	-2.164
rxn11347	=	-0.903
rxn11348	=	5.811
rxn11349	>	-79.252
rxn11355	=	2.635
rxn11357	=	-6.670
rxn11384	<	7.556
rxn11385	=	1.488
rxn11390	<	8.066
rxn11391	=	2.241
rxn11392	>	-12.691
rxn11409	=	-5.873
rxn11411	>	-746.164
rxn11475	<	35.372
rxn11510	=	-2.543
rxn11511	=	-1.190
rxn11513	=	3.673
rxn11514	=	-3.084
rxn11526	=	0.835
rxn11527	=	0.835
rxn11530	>	-13.438
rxn11534	>	-63.923
rxn11535	>	-7.006
rxn11536	>	-7.006
rxn11537	<	9.221
rxn11538	<	7.527
rxn11539	<	7.527
rxn11540	=	-1.594
rxn11544	=	-3.683
rxn11545	<	18.875
rxn11551	=	-3.017
rxn11552	=	-3.017
rxn11553	>	-74.397
rxn11556	<	10.741
rxn11559	>	-35.045
rxn11560	>	-67.804
rxn11561	>	-26.944
rxn11565	=	3.556
rxn11569	=	-1.823
rxn11570	=	3.556
rxn11571	>	-19.616
rxn11573	<	117.924
rxn11574	>	-58.962
rxn11575	=	-1.331
rxn11578	=	-0.681
rxn11579	=	-5.206
rxn11581	<	45.653
rxn11588	>	-30.587
rxn11592	>	-23.333
rxn11596	>	-11.158
rxn11599	>	-18.061
rxn11605	=	3.152
rxn11608	>	-52.675
rxn11610	>	-16.486
rxn11611	<	57.203
rxn11616	>	-67.147
rxn11618	>	-16.519
rxn11621	<	10.741
rxn11622	=	-0.000
rxn11623	=	-0.000
rxn11625	>	-58.962
rxn11629	>	-69.363
rxn11631	>	-35.007
rxn11633	>	-8.637
rxn11637	>	-10.128
rxn11638	=	0.000
rxn11640	<	18.269
rxn11642	=	6.694
rxn11643	>	-17.064
rxn11645	>	-10.512
rxn11646	=	-4.946
rxn11652	>	-10.203
rxn11653	>	-62.474
rxn11654	>	-62.314
rxn11655	>	-79.141
rxn11656	>	-60.848
rxn11657	>	-67.470
rxn11658	>	-22.168
rxn11659	>	-39.213
rxn11660	>	-34.999
rxn11661	>	-77.104
rxn11662	>	-84.216
rxn11663	=	-3.036
rxn11668	=	-1.789
rxn11669	=	-1.789
rxn11670	<	16.882
rxn11671	>	-11.474
rxn11672	>	-11.650
rxn11673	>	-100.161
rxn11674	>	-101.662
rxn11676	=	0.064
rxn11677	=	-0.961
rxn11678	>	-7.833
rxn11680	>	-32.464
rxn11681	>	-10.685
rxn11682	>	-10.685
rxn11683	>	-92.905
rxn11684	>	-21.401
rxn11686	>	-44.540
rxn11689	>	-8.432
rxn11690	=	5.921
rxn11691	=	5.921
rxn11692	=	5.921
rxn11694	>	-13.807
rxn11696	>	-8.665
rxn11701	=	4.200
rxn11702	=	-0.574
rxn11703	>	-29.129
rxn11704	>	-82.397
rxn11710	>	-12.640
rxn11711	>	-12.641
rxn11712	>	-11.224
rxn11713	>	-12.641
rxn11714	>	-12.640
rxn11715	>	-12.640
rxn11716	>	-12.640
rxn11717	>	-12.640
rxn11718	>	-12.769
rxn11719	>	-12.640
rxn11720	>	-12.640
rxn11721	>	-12.640
rxn11722	>	-12.640
rxn11723	>	-12.640
rxn11724	>	-12.640
rxn11725	>	-12.640
rxn11726	>	-12.640
rxn11727	>	-12.640
rxn11728	=	-0.834
rxn11729	=	-4.619
rxn11730	=	-4.619
rxn11731	=	2.349
rxn11732	=	3.675
rxn11733	>	-13.002
rxn11734	>	-24.138
rxn11735	=	-1.519
rxn11737	<	10.741
rxn11738	<	10.738
rxn11739	>	-53.021
rxn11740	>	-68.704
rxn11741	>	-35.902
rxn11742	=	4.206
rxn11743	>	-34.672
rxn11744	>	-38.554
rxn11745	=	-2.439
rxn11746	=	-2.439
rxn11749	>	-9.500
rxn11750	=	2.763
rxn11754	<	32.476
rxn11755	=	-3.448
rxn11756	>	-15.881
rxn11757	=	-3.683
rxn11758	=	-2.525
rxn11759	=	-6.341
rxn11760	=	-2.930
rxn11761	=	-2.929
rxn11767	>	-7.648
rxn11768	>	-9.373
rxn11771	>	-29.732
rxn11772	>	-17.089
rxn11773	>	-8.834
rxn11774	>	-8.659
rxn11775	=	1.151
rxn11776	=	0.084
rxn11777	>	-16.601
rxn11778	=	-0.541
rxn11779	>	-16.559
rxn11780	=	4.786
rxn11781	=	4.645
rxn11782	=	4.596
rxn11787	>	-10.450
rxn11788	=	2.592
rxn11789	=	-0.136
rxn11790	=	-0.135
rxn11791	=	-0.137
rxn11794	=	3.855
rxn11795	>	-68.230
rxn11798	>	-68.230
rxn11799	>	-60.848
rxn11801	>	-12.640
rxn11802	>	-60.848
rxn11803	<	10.741
rxn11806	=	0.000
rxn11807	>	-16.557
rxn11808	=	4.613
rxn11809	<	9.251
rxn11810	>	-18.213
rxn11811	>	-18.934
rxn11813	<	10.741
rxn11816	=	0.000
rxn11817	>	-16.557
rxn11822	>	-68.225
rxn11828	=	-5.593
rxn11831	>	-68.226
rxn11832	>	-61.508
rxn11834	=	3.556
rxn11835	>	-8.891
rxn11837	=	-6.046
rxn11838	>	-9.770
rxn11840	<	10.743
rxn11841	>	-68.229
rxn11842	=	-0.000
rxn11852	>	-60.848
rxn11853	>	-60.139
rxn11854	>	-60.848
rxn11855	=	-6.355
rxn11858	=	-6.799
rxn11859	=	-5.671
rxn11865	=	1.488
rxn11875	>	-17.861
rxn11876	>	-34.999
rxn11877	=	-2.840
rxn11885	>	-14.164
rxn11887	>	-337.762
rxn11890	=	1.588
rxn11891	=	5.712
rxn11892	=	-1.504
rxn11893	=	3.556
rxn11894	=	3.556
rxn11895	>	-35.000
rxn11896	>	-8.891
rxn11900	>	-60.140
rxn11901	>	-49.507
rxn11902	>	-62.314
rxn11917	>	-23.333
rxn11931	>	-21.837
rxn11932	>	-31.140
rxn11933	=	5.169
rxn11934	<	7.682
rxn11935	>	-10.324
rxn11937	<	61.071
rxn11938	>	-8.493
rxn11940	>	-9.251
rxn11941	>	-18.540
rxn11942	=	0.008
rxn11943	=	-1.688
rxn11944	>	-7.490
rxn11945	>	-48.754
rxn11946	=	0.327
rxn11947	>	-11.953
rxn11949	>	-22.015
rxn11953	=	-4.761
rxn11955	=	-5.029
rxn11960	=	1.901
rxn11961	>	-157.797
rxn11962	=	-5.382
rxn11964	>	-35.000
rxn11966	=	-0.834
rxn11969	=	4.605
rxn11970	=	-2.411
rxn11971	>	-99.290
rxn11972	>	-26.508
rxn11974	=	0.724
rxn11981	=	4.605
rxn11985	>	-68.230
rxn11987	>	-17.464
rxn11990	=	4.605
rxn11991	=	4.710
rxn11996	=	0.000
rxn11998	=	-6.559
rxn12004	>	-34.298
rxn12008	<	16.396
rxn12009	>	-22.559
rxn12015	>	-24.695
rxn12019	>	-20.624
rxn12020	=	-6.394
rxn12021	=	-1.220
rxn12023	>	-79.415
rxn12025	<	9.144
rxn12026	=	0.325
rxn12027	=	4.786
rxn12028	>	-107.176
rxn12030	>	-107.175
rxn12033	=	-5.562
rxn12035	>	-78.056
rxn12036	>	-79.176
rxn12037	<	7.806
rxn12038	>	-11.767
rxn12039	>	-15.989
rxn12040	=	-5.098
rxn12041	=	-5.098
rxn12042	=	-3.358
rxn12043	=	-3.479
rxn12044	=	-3.541
rxn12045	=	-3.742
rxn12046	<	24.347
rxn12047	<	23.159
rxn12048	<	23.043
rxn12049	=	0.104
rxn12056	>	-64.106
rxn12057	>	-167.404
rxn12058	>	-13.438
rxn12060	<	7.854
rxn12081	=	2.715
rxn12087	>	-8.670
rxn12088	<	9.973
rxn12092	=	-2.155
rxn12095	>	-8.637
rxn12101	>	-8.633
rxn12110	=	0.905
rxn12112	=	0.905
rxn12136	=	-5.415
rxn12137	=	-5.410
rxn12147	<	21.472
rxn12153	=	-3.860
rxn12157	=	-0.655
rxn12158	=	0.962
rxn12159	=	-6.237
rxn12162	=	0.000
rxn12169	>	-92.996
rxn12170	>	-15.922
rxn12171	=	1.078
rxn12172	=	1.078
rxn12173	=	1.078
rxn12175	=	0.475
rxn12177	=	2.620
rxn12178	=	-3.181
rxn12179	<	12.325
rxn12181	>	-58.703
rxn12182	>	-172.172
rxn12183	>	-19.432
rxn12185	=	-4.788
rxn12186	>	-69.505
rxn12187	>	-107.946
rxn12188	>	-8.082
rxn12191	=	2.950
rxn12193	=	1.649
rxn12196	>	-11.257
rxn12197	>	-13.185
rxn12200	>	-14.774
rxn12204	=	-0.216
rxn12206	>	-11.104
rxn12210	>	-27.217
rxn12211	>	-43.422
rxn12212	>	-13.477
rxn12215	=	-1.552
rxn12216	=	-4.565
rxn12217	=	-2.223
rxn12220	>	-19.823
rxn12224	>	-85.764
rxn12225	>	-66.464
rxn12232	>	-74.228
rxn12233	>	-60.461
rxn12234	>	-9.294
rxn12237	>	-12.936
rxn12239	=	2.884
rxn12245	>	-20.870
rxn12249	<	8.213
rxn12263	=	-2.440
rxn12264	<	8.213
rxn12277	=	3.152
rxn12282	=	-1.789
rxn12287	=	-1.789
rxn12288	=	-1.789
rxn12293	=	1.034
rxn12294	>	-11.821
rxn12295	=	-1.938
rxn12296	>	-11.197
rxn12298	=	3.451
rxn12302	=	-5.011
rxn12303	=	-5.150
rxn12329	>	-12.641
rxn12352	=	-0.028
rxn12362	>	-9.325
rxn12443	>	-12.581
rxn12494	>	-27.448
rxn12498	=	-1.213
rxn12500	>	-14.995
rxn12510	=	-2.379
rxn12512	>	-7.481
rxn12633	=	-5.774
rxn12635	=	-4.098
rxn12639	=	-6.057
rxn12641	=	-5.441
rxn12642	=	-3.040
rxn12643	=	-6.242
rxn12646	=	-6.455
rxn12649	=	-4.356
rxn12661	=	-0.378
rxn12674	=	-5.072
rxn12675	=	1.427
rxn12676	=	-5.316
rxn12677	=	-4.960
rxn12678	=	-3.325
rxn12679	=	-6.485
rxn12681	>	-8.346
rxn12682	<	34.604
rxn12738	>	-12.581
rxn12739	<	8.140
rxn12740	=	-0.181
rxn12741	=	-4.024
rxn12742	=	-3.723
rxn12743	=	-1.575
rxn12744	=	-1.728
rxn12745	=	-6.432
rxn12746	>	-60.215
rxn12747	>	-62.432
rxn12748	>	-12.437
rxn12749	>	-91.651
rxn12766	<	8.289
rxn12768	=	-3.153
rxn12769	=	-3.153
rxn12773	<	9.991
rxn12777	=	-2.418
rxn12778	<	8.305
rxn12780	>	-16.930
rxn12781	>	-8.891
rxn12782	>	-8.891
rxn12799	>	-12.581
rxn12820	>	-12.581
rxn12822	=	6.164
rxn12868	>	-33.495
rxn12881	=	-3.606
rxn12897	=	2.837
rxn12918	>	-67.683
rxn12919	>	-60.918
rxn12977	=	0.559
rxn12983	>	-13.906
rxn12986	=	1.437
rxn12990	=	0.000
rxn12991	=	-2.307
rxn12995	=	-4.450
rxn13006	=	-3.693
rxn13009	=	-3.153
rxn13012	>	-7.514
rxn13022	=	-1.834
rxn13044	>	-25.801
rxn13071	=	-3.158
rxn13072	=	-3.158
rxn13085	=	-5.919
rxn13106	>	-14.835
rxn13134	>	-8.951
rxn13139	>	-18.673
rxn13140	>	-21.263
rxn13141	=	-5.100
rxn13143	>	-10.132
rxn13147	>	-9.905
rxn13149	<	58.567
rxn13150	<	46.433
rxn13171	>	-68.228
rxn13182	>	-19.680
rxn13185	>	-13.294
rxn13186	=	0.327
rxn13187	>	-11.581
rxn13203	=	-6.790
rxn13204	>	-66.474
rxn13207	=	-2.170
rxn13208	>	-11.938
rxn13209	>	-7.134
rxn13211	=	1.192
rxn13215	>	-12.965
rxn13216	>	-12.965
rxn13222	=	-3.556
rxn13223	=	-3.556
rxn13224	=	-3.556
rxn13225	=	-3.556
rxn13226	=	-3.556
rxn13234	>	-60.918
rxn13251	>	-10.401
rxn13306	>	-12.581
rxn13344	=	-6.295
rxn13368	=	-0.785
rxn13369	=	-0.785
rxn13370	=	-0.785
rxn13371	=	-0.785
rxn13375	=	0.000
rxn13385	=	2.040
rxn13386	=	-2.444
rxn13387	>	-7.603
rxn13388	>	-16.730
rxn13394	=	-5.294
rxn13395	>	-9.973
rxn13399	>	-63.923
rxn13400	=	-0.173
rxn13403	>	-12.581
rxn13410	>	-9.942
rxn13414	>	-18.668
rxn13419	=	3.152
rxn13425	=	0.000
rxn13426	=	0.000
rxn13450	=	1.488
rxn13477	>	-24.594
rxn13519	>	-7.175
rxn13639	>	-29.498
rxn13640	>	-7.723
rxn13647	=	1.670
rxn13648	>	-30.992
rxn13649	>	-8.107
rxn13659	<	10.685
rxn13697	>	-10.718
rxn13698	>	-10.844
rxn13699	>	-11.018
rxn13712	>	-12.581
rxn13713	=	-5.122
rxn13726	>	-26.590
rxn13741	>	-17.611
rxn13748	>	-21.718
rxn13753	>	-26.590
rxn13756	>	-12.581
rxn13758	>	-7.997
rxn13766	<	12.581
rxn13768	=	0.000
rxn13770	=	-5.788
rxn13771	>	-69.991
rxn13773	=	-1.028
rxn13774	>	-8.577
rxn13787	>	-60.359
rxn13788	=	-4.617
rxn13789	=	0.167
rxn13790	=	2.948
rxn13794	>	-12.581
rxn13800	>	-12.581
rxn13801	=	-3.758
rxn13802	=	-3.762
rxn13803	=	0.252
rxn13812	>	-23.816
rxn13823	>	-16.266
rxn13825	>	-21.474
rxn13827	>	-440.174
rxn13828	=	-1.789
rxn13829	=	-1.820
rxn13831	>	-12.581
rxn13832	>	-12.581
rxn13834	=	-1.501
rxn13836	>	-13.185
rxn13842	>	-12.581
rxn13847	=	1.748
rxn13849	>	-12.581
rxn13853	>	-12.581
rxn13886	>	-12.581
rxn13892	>	-12.581
rxn13895	<	7.346
rxn13905	>	-27.762
rxn13906	=	1.767
rxn13918	>	-12.581
rxn13927	>	-26.590
rxn13928	>	-26.590
rxn13930	=	-3.999
rxn13931	=	-2.365
rxn13932	>	-11.120
rxn13933	=	1.410
rxn13934	>	-8.634
rxn13935	>	-26.590
rxn13937	=	0.898
rxn13939	=	-3.999
rxn13940	=	-2.546
rxn13941	=	-2.365
rxn13942	>	-11.120
rxn13943	=	1.410
rxn13944	>	-8.634
rxn13945	>	-26.590
rxn13947	=	0.898
rxn13948	>	-17.923
rxn13949	>	-8.665
rxn13952	>	-36.980
rxn13953	>	-77.104
rxn13954	=	-2.002
rxn13955	=	-1.331
rxn13956	=	0.000
rxn13957	>	-16.396
rxn13958	=	1.928
rxn13960	>	-17.808
rxn13962	=	-0.907
rxn13965	>	-9.529
rxn13966	>	-90.493
rxn13967	>	-10.890
rxn13968	>	-52.708
rxn13969	>	-74.176
rxn13970	=	-3.111
rxn13971	>	-6.908
rxn13972	=	0.834
rxn13974	=	2.109
rxn13975	=	1.649
rxn13979	>	-18.215
rxn13980	=	-0.835
rxn13981	>	-14.156
rxn13984	>	-86.072
rxn13986	>	-86.072
rxn13988	>	-52.749
rxn13989	=	-1.198
rxn13990	=	-1.508
rxn13993	>	-40.455
rxn13995	=	1.650
rxn13997	=	0.000
rxn13998	=	0.040
rxn13999	=	0.834
rxn14000	=	2.684
rxn14002	>	-87.388
rxn14004	=	-5.345
rxn14005	<	10.760
rxn14007	=	-0.835
rxn14008	>	-41.083
rxn14009	>	-13.438
rxn14010	=	-4.126
rxn14011	>	-16.396
rxn14012	>	-16.396
rxn14013	=	2.482
rxn14016	=	-2.568
rxn14017	>	-12.039
rxn14019	=	0.834
rxn14020	>	-68.331
rxn14022	<	8.215
rxn14023	>	-63.232
rxn14025	>	-82.390
rxn14026	>	-50.754
rxn14029	=	-2.111
rxn14030	=	-4.244
rxn14031	>	-9.256
rxn14037	=	0.000
rxn14038	>	-12.196
rxn14039	=	-2.934
rxn14040	>	-16.396
rxn14041	=	0.834
rxn14042	=	-2.101
rxn14043	>	-9.192
rxn14044	=	-3.365
rxn14045	>	-30.848
rxn14048	=	1.502
rxn14049	=	-0.835
rxn14050	>	-77.649
rxn14051	>	-7.129
rxn14053	>	-68.201
rxn14054	=	3.556
rxn14056	=	-1.067
rxn14057	<	8.630
rxn14058	>	-61.558
rxn14059	=	1.649
rxn14060	=	-0.000
rxn14061	>	-16.396
rxn14063	=	5.470
rxn14065	>	-7.272
rxn14066	>	-13.816
rxn14068	>	-20.621
rxn14069	>	-10.313
rxn14070	>	-255.718
rxn14072	>	-60.140
rxn14074	=	4.218
rxn14075	>	-17.870
rxn14077	=	0.785
rxn14078	>	-7.803
rxn14079	=	0.471
rxn14080	>	-13.438
rxn14081	>	-66.805
rxn14082	>	-34.476
rxn14083	>	-54.898
rxn14084	>	-68.485
rxn14085	>	-18.744
rxn14086	>	-45.866
rxn14089	=	3.556
rxn14090	>	-14.197
rxn14091	=	3.993
rxn14093	=	-1.067
rxn14094	>	-10.685
rxn14095	=	3.512
rxn14096	>	-99.967
rxn14097	=	-2.691
rxn14098	=	0.000
rxn14099	=	3.225
rxn14100	>	-10.051
rxn14101	=	-2.568
rxn14102	=	-5.345
rxn14103	>	-10.872
rxn14104	=	-0.666
rxn14106	>	-14.549
rxn14107	<	10.742
rxn14109	=	-0.908
rxn14113	=	0.000
rxn14114	=	-6.698
rxn14115	=	-4.244
rxn14117	=	-0.181
rxn14120	=	4.356
rxn14121	=	-4.409
rxn14123	=	6.239
rxn14124	=	0.834
rxn14126	>	-16.396
rxn14127	>	-86.072
rxn14129	>	-47.015
rxn14130	>	-20.614
rxn14133	>	-82.409
rxn14134	>	-68.223
rxn14136	>	-19.624
rxn14137	=	0.000
rxn14138	=	5.040
rxn14139	>	-73.598
rxn14140	=	-1.439
rxn14142	>	-10.685
rxn14143	=	2.920
rxn14144	>	-11.342
rxn14146	<	50.912
rxn14148	=	1.993
rxn14149	>	-77.104
rxn14150	=	3.080
rxn14152	=	-1.036
rxn14153	>	-9.251
rxn14156	=	1.649
rxn14157	=	-1.446
rxn14159	=	-1.792
rxn14160	=	2.948
rxn14161	>	-86.072
rxn14163	>	-108.482
rxn14164	>	-62.314
rxn14165	>	-85.211
rxn14167	>	-12.703
rxn14169	>	-8.803
rxn14170	<	10.737
rxn14174	=	-0.835
rxn14176	=	0.834
rxn14177	=	3.153
rxn14178	=	-0.469
rxn14179	=	3.153
rxn14180	>	-37.711
rxn14181	=	-4.182
rxn14183	=	-5.345
rxn14184	>	-25.507
rxn14186	>	-68.253
rxn14192	=	-2.108
rxn14194	=	4.190
rxn14196	=	-6.872
rxn14199	=	-2.112
rxn14200	>	-8.472
rxn14202	=	-0.002
rxn14203	=	0.000
rxn14205	=	-5.345
rxn14206	=	-2.997
rxn14209	>	-86.672
rxn14210	=	0.000
rxn14211	=	-2.200
rxn14212	=	-1.789
rxn14213	=	-2.563
rxn14214	>	-50.754
rxn14215	>	-13.377
rxn14217	=	-2.107
rxn14220	=	-3.013
rxn14222	=	4.742
rxn14223	>	-52.583
rxn14224	>	-9.977
rxn14225	=	-2.045
rxn14227	<	8.227
rxn14228	=	-6.691
rxn14229	>	-10.755
rxn14233	>	-48.024
rxn14236	>	-90.157
rxn14237	>	-86.072
rxn14238	>	-37.711
rxn14239	>	-9.973
rxn14242	=	6.781
rxn14243	=	-0.027
rxn14245	>	-11.077
rxn14246	=	2.103
rxn14248	=	1.649
rxn14249	>	-10.869
rxn14250	=	-6.060
rxn14253	=	-4.244
rxn14255	>	-46.664
rxn14257	<	38.978
rxn14258	=	-2.045
rxn14259	>	-53.526
rxn14260	>	-10.120
rxn14261	>	-10.685
rxn14262	=	0.835
rxn14263	>	-9.195
rxn14264	>	-16.880
rxn14267	=	-0.835
rxn14269	>	-40.954
rxn14270	>	-8.638
rxn14271	<	9.838
rxn14273	>	-53.519
rxn14274	=	0.000
rxn14276	=	-0.834
rxn14278	=	1.648
rxn14279	>	-9.193
rxn14280	=	3.512
rxn14282	>	-48.064
rxn14284	>	-7.173
rxn14285	>	-86.072
rxn14286	>	-31.537
rxn14287	=	1.074
rxn14288	=	3.996
rxn14291	=	2.546
rxn14292	>	-60.598
rxn14294	>	-14.056
rxn14295	=	-0.000
rxn14296	=	-1.789
rxn14298	=	4.890
rxn14299	>	-13.988
rxn14301	=	6.472
rxn14302	=	-3.152
rxn14303	>	-62.314
rxn14305	>	-86.072
rxn14306	=	-0.647
rxn14307	>	-14.835
rxn14308	=	-5.345
rxn14310	=	-4.184
rxn14311	=	0.000
rxn14316	>	-94.907
rxn14318	<	10.440
rxn14319	=	-0.835
rxn14320	>	-13.215
rxn14321	=	-3.556
rxn14322	=	-2.886
rxn14323	>	-65.879
rxn14324	=	-4.249
rxn14326	=	1.883
rxn14327	>	-62.314
rxn14330	>	-99.310
rxn14331	>	-53.533
rxn14332	=	1.074
rxn14333	>	-16.396
rxn14334	>	-16.396
rxn14335	=	-0.347
rxn14336	=	-2.563
rxn14337	>	-165.644
rxn14339	>	-20.639
rxn14341	>	-7.048
rxn14342	=	0.000
rxn14344	<	12.640
rxn14345	=	-1.894
rxn14346	=	-4.380
rxn14347	=	-5.345
rxn14350	=	-5.648
rxn14354	>	-53.524
rxn14357	=	2.178
rxn14359	=	1.104
rxn14360	=	-0.356
rxn14362	>	-82.415
rxn14363	=	-0.835
rxn14365	>	-15.697
rxn14368	=	-5.096
rxn14370	=	0.000
rxn14371	>	-90.157
rxn14372	=	-1.575
rxn14375	=	0.834
rxn14376	>	-85.451
rxn14377	=	-2.898
rxn14378	=	0.834
rxn14379	=	2.886
rxn14381	=	0.000
rxn14385	>	-68.228
rxn14387	=	-2.108
rxn14389	=	0.834
rxn14394	<	33.535
rxn14396	>	-7.238
rxn14397	>	-19.625
rxn14398	=	-2.568
rxn14400	>	-7.228
rxn14402	=	0.000
rxn15001	=	-6.800
rxn15002	=	-6.800
rxn15003	=	-0.832
rxn15004	=	-0.832
rxn15005	>	-7.649
rxn15007	>	-7.160
rxn15008	=	-1.283
rxn15009	=	-1.283
rxn15010	>	-7.547
rxn15011	>	-7.547
rxn15012	=	-1.901
rxn15013	=	-1.901
rxn15014	=	-0.666
rxn15015	=	-0.666
rxn15016	=	0.000
rxn15017	<	10.382
rxn15018	>	-10.051
rxn15019	=	-6.133
rxn15021	=	5.452
rxn15022	=	-2.020
rxn15023	=	-2.020
rxn15024	=	-1.834
rxn15025	=	-3.152
rxn15026	=	-3.152
rxn15027	>	-26.944
rxn15028	>	-26.944
rxn15029	>	-8.486
rxn15030	>	-8.630
rxn15033	>	-7.160
rxn15035	=	-0.713
rxn15036	>	-12.965
rxn15037	>	-12.965
rxn15038	>	-10.822
rxn15039	>	-10.822
rxn15040	>	-13.688
rxn15044	=	-0.053
rxn15045	=	-2.255
rxn15046	=	-2.255
rxn15047	=	-3.673
rxn15048	=	-3.673
rxn15049	>	-7.771
rxn15050	<	39.077
rxn15051	=	0.080
rxn15052	=	0.080
rxn15055	=	-2.357
rxn15056	=	-2.020
rxn15057	=	-2.020
rxn15058	=	-3.070
rxn15059	=	-3.335
rxn15060	>	-10.718
rxn15061	=	-3.083
rxn15062	=	-0.456
rxn15063	=	-4.300
rxn15064	=	-4.036
rxn15065	=	-4.163
rxn15066	=	-4.511
rxn15067	>	-10.801
rxn15068	>	-10.801
rxn15069	>	-10.455
rxn15070	=	3.422
rxn15071	=	3.158
rxn15072	=	-3.020
rxn15073	=	-4.533
rxn15074	=	-4.886
rxn15075	>	-7.466
rxn15076	>	-7.819
rxn15078	>	-7.819
rxn15079	=	0.555
rxn15080	=	0.290
rxn15081	=	-2.682
rxn15082	=	-3.560
rxn15083	=	-3.560
rxn15084	=	-2.945
rxn15085	=	-0.713
rxn15086	=	-0.713
rxn15087	=	-0.713
rxn15090	=	-3.437
rxn15091	=	-3.324
rxn15092	<	9.787
rxn15093	<	10.573
rxn15094	=	-4.012
rxn15095	>	-8.630
rxn15097	=	1.102
rxn15098	=	1.102
rxn15100	=	0.935
rxn15101	=	0.935
rxn15102	=	-5.828
rxn15103	=	-5.828
rxn15104	>	-74.676
rxn15105	>	-74.676
rxn15106	>	-12.985
rxn15107	>	-15.322
rxn15108	=	-0.215
rxn15109	=	-2.370
rxn15111	=	0.114
rxn15112	=	-5.020
rxn15113	=	-3.811
rxn15114	=	1.805
rxn15115	=	-5.572
rxn15116	=	1.327
rxn15117	>	-8.597
rxn15118	>	-12.063
rxn15120	=	-2.195
rxn15121	=	-3.285
rxn15122	=	-1.927
rxn15123	=	-3.017
rxn15124	=	-2.697
rxn15125	=	-3.787
rxn15126	=	-1.928
rxn15127	=	-3.017
rxn15128	=	-3.698
rxn15129	=	-4.787
rxn15130	=	-2.696
rxn15131	=	-3.786
rxn15132	>	-34.160
rxn15133	>	-35.250
rxn15134	>	-21.714
rxn15135	>	-22.804
rxn15136	>	-7.641
rxn15138	>	-7.047
rxn15139	>	-7.047
rxn15140	=	-5.457
rxn15141	=	-4.005
rxn15142	=	-6.622
rxn15143	=	-5.169
rxn15145	<	45.612
rxn15146	<	45.612
rxn15147	>	-7.707
rxn15148	=	-3.288
rxn15149	=	-3.553
rxn15150	=	-3.164
rxn15151	>	-103.625
rxn15152	=	-6.867
rxn15153	=	-5.414
rxn15154	>	-7.324
rxn15155	=	-2.557
rxn15156	>	-8.554
rxn15157	>	-34.662
rxn15158	=	-5.016
rxn15159	=	-3.669
rxn15161	=	1.270
rxn15162	>	-10.189
rxn15163	=	1.572
rxn15164	>	-12.281
rxn15165	>	-17.835
rxn15166	=	-6.800
rxn15167	=	-3.655
rxn15168	=	-0.585
rxn15171	=	3.087
rxn15172	=	3.087
rxn15173	=	-3.681
rxn15174	=	-3.681
rxn15175	=	-3.944
rxn15176	=	-3.944
rxn15177	>	-74.676
rxn15178	>	-74.676
rxn15179	=	-3.705
rxn15180	=	-4.162
rxn15181	=	-4.162
rxn15185	=	-3.698
rxn15186	=	-3.698
rxn15187	=	-3.698
rxn15188	=	-3.698
rxn15189	=	0.456
rxn15190	=	0.456
rxn15191	=	5.718
rxn15192	=	5.718
rxn15195	=	-2.577
rxn15196	=	-2.577
rxn15197	>	-29.446
rxn15198	>	-29.446
rxn15202	>	-7.868
rxn15203	>	-7.868
rxn15205	=	0.721
rxn15206	=	0.721
rxn15207	>	-7.641
rxn15208	>	-7.641
rxn15209	=	-2.118
rxn15212	=	2.718
rxn15213	=	0.023
rxn15214	>	-11.475
rxn15215	>	-10.385
rxn15219	=	-1.363
rxn15220	=	-4.082
rxn15222	=	2.702
rxn15223	=	-0.714
rxn15224	=	-0.714
rxn15225	=	-1.120
rxn15226	=	-1.120
rxn15227	=	-6.241
rxn15228	=	0.303
rxn15229	>	-9.271
rxn15230	>	-7.052
rxn15233	=	-5.985
rxn15234	=	-1.074
rxn15235	=	-1.074
rxn15236	=	-3.123
rxn15237	=	-3.123
rxn15238	=	2.687
rxn15239	=	2.687
rxn15240	=	2.687
rxn15241	=	2.687
rxn15244	=	1.453
rxn15245	=	1.453
rxn15248	>	-10.310
rxn15249	=	-2.806
rxn15250	>	-8.839
rxn15254	<	12.399
rxn15255	<	12.399
rxn15256	>	-7.791
rxn15257	>	-7.791
rxn15258	=	1.078
rxn15259	=	1.078
rxn15260	=	0.573
rxn15261	=	0.573
rxn15262	=	-0.784
rxn15263	=	-0.784
rxn15266	=	-2.783
rxn15267	=	-2.783
rxn15270	=	1.284
rxn15271	=	1.200
rxn15272	=	-2.751
rxn15273	<	13.528
rxn15274	<	13.678
rxn15276	=	-0.951
rxn15277	=	-5.718
rxn15278	=	3.008
rxn15279	=	3.008
rxn15280	=	0.331
rxn15281	=	0.331
rxn15282	=	-0.617
rxn15283	=	-0.617
rxn15284	=	-2.279
rxn15285	>	-34.384
rxn15286	<	47.331
rxn15287	=	-2.542
rxn15288	=	-2.760
rxn15290	=	-2.563
rxn15291	>	-9.217
rxn15293	=	-0.972
rxn15294	<	9.798
rxn15296	>	-16.320
rxn15297	=	0.134
rxn15298	=	-1.587
rxn15301	=	-3.084
rxn15306	>	-8.080
rxn15307	>	-9.502
rxn15310	=	-4.717
rxn15311	=	-4.452
rxn15312	>	-7.687
rxn15313	=	-6.824
rxn15317	=	4.724
rxn15319	>	-7.485
rxn15320	=	0.660
rxn15324	>	-15.746
rxn15325	>	-15.746
rxn15326	=	4.144
rxn15327	=	-0.154
rxn15328	=	0.376
rxn15329	>	-60.727
rxn15330	>	-61.081
rxn15331	>	-8.751
rxn15332	>	-8.044
rxn15333	>	-24.307
rxn15334	>	-24.307
rxn15335	>	-41.636
rxn15336	>	-41.636
rxn15337	=	0.462
rxn15338	=	0.462
rxn15339	=	1.090
rxn15340	=	1.090
rxn15341	=	1.652
rxn15342	>	-6.968
rxn15343	>	-6.968
rxn15345	=	4.725
rxn15346	=	3.556
rxn15348	=	4.159
rxn15349	=	4.159
rxn15354	=	3.190
rxn15358	=	-3.589
rxn15359	=	3.262
rxn15360	=	3.262
rxn15361	>	-12.928
rxn15362	=	-5.415
rxn15364	=	-0.464
rxn15368	=	-0.114
rxn15369	>	-38.598
rxn15370	>	-36.746
rxn15373	=	3.491
rxn15378	<	38.259
rxn15379	=	-1.826
rxn15380	=	-0.374
rxn15382	=	-0.835
rxn15383	>	-8.492
rxn15386	=	5.158
rxn15387	=	5.158
rxn15389	=	2.795
rxn15390	=	2.795
rxn15393	=	-2.604
rxn15394	=	-0.682
rxn15395	>	-13.019
rxn15396	=	-3.327
rxn15399	=	-0.114
rxn15400	=	-0.114
rxn15401	>	-12.640
rxn15403	>	-7.075
rxn15407	=	1.777
rxn15408	=	2.562
rxn15410	<	19.234
rxn15411	<	50.269
rxn15412	=	2.732
rxn15413	=	2.732
rxn15417	=	-5.932
rxn15418	=	-4.479
rxn15419	=	-4.606
rxn15420	=	-4.606
rxn15422	>	-112.394
rxn15425	>	-7.895
rxn15426	>	-7.895
rxn15427	>	-7.641
rxn15428	>	-7.641
rxn15429	>	-61.862
rxn15430	=	-1.860
rxn15431	>	-7.641
rxn15432	>	-7.641
rxn15433	=	-4.594
rxn15435	=	-2.941
rxn15436	>	-9.997
rxn15437	=	-5.145
rxn15438	=	-0.778
rxn15439	=	0.007
rxn15440	=	2.735
rxn15441	=	2.735
rxn15446	<	42.154
rxn15447	<	42.154
rxn15456	=	-0.291
rxn15457	=	-0.291
rxn15458	>	-74.649
rxn15460	=	-4.030
rxn15461	=	-4.030
rxn15462	=	-1.808
rxn15463	=	-1.808
rxn15466	=	3.153
rxn15467	>	-14.906
rxn15471	>	-16.187
rxn15472	>	-16.187
rxn15475	=	-6.529
rxn15476	=	-3.083
rxn15477	=	-1.789
rxn15479	<	7.556
rxn15480	<	7.556
rxn15482	=	-0.834
rxn15489	>	-15.854
rxn15490	>	-15.854
rxn15491	=	0.125
rxn15493	=	-4.248
rxn15494	>	-6.917
rxn15495	=	3.152
rxn15496	=	-1.488
rxn15497	>	-78.963
rxn15500	=	-0.070
rxn15503	<	13.020
rxn15505	=	2.714
rxn15506	=	2.714
rxn15507	=	-1.885
rxn15508	=	-1.026
rxn15509	=	-1.026
rxn15510	=	3.556
rxn15511	=	0.000
rxn15512	>	-178.691
rxn15519	<	6.928
rxn15520	>	-7.641
rxn15521	>	-7.641
rxn15522	>	-7.641
rxn15523	>	-7.641
rxn15524	=	-2.115
rxn15525	>	-7.642
rxn15537	=	1.507
rxn15538	>	-9.146
rxn15539	>	-9.106
rxn15541	=	-1.480
rxn15544	>	-20.862
rxn15545	=	3.051
rxn15546	=	3.052
rxn15547	>	-24.364
rxn15548	>	-24.364
rxn15550	=	4.962
rxn15551	=	4.697
rxn15552	>	-101.662
rxn15560	=	2.702
rxn15566	=	1.102
rxn15567	=	1.102
rxn15568	=	-5.828
rxn15570	=	-3.025
rxn15571	=	-3.025
rxn15577	=	-5.985
rxn15582	>	-8.504
rxn15584	>	-10.965
rxn15585	>	-7.160
rxn15586	>	-7.868
rxn15587	>	-7.868
rxn15588	>	-8.504
rxn15607	>	-139.981
rxn15610	>	-45.866
rxn15611	>	-45.866
rxn15612	>	-84.023
rxn15613	>	-84.023
rxn15614	>	-7.704
rxn15615	=	-6.856
rxn15616	>	-85.197
rxn15617	=	-6.028
rxn15618	>	-8.063
rxn15619	>	-6.923
rxn15620	>	-8.310
rxn15621	>	-7.071
rxn15622	>	-14.627
rxn15623	>	-14.048
rxn15624	>	-15.002
rxn15625	>	-14.422
rxn15626	>	-14.627
rxn15627	>	-14.048
rxn15628	>	-15.002
rxn15629	>	-14.422
rxn15630	=	1.430
rxn15632	>	-18.440
rxn15633	>	-18.440
rxn15634	=	-5.659
rxn15635	=	-4.843
rxn15636	>	-60.850
rxn15639	>	-6.950
rxn15640	=	0.528
rxn15641	=	0.231
rxn15642	>	-10.041
rxn15643	<	151.241
rxn15644	<	151.241
rxn15645	<	151.241
rxn15646	<	151.241
rxn15647	>	-17.793
rxn15648	>	-17.793
rxn15649	<	10.741
rxn15650	<	10.741
rxn15651	=	-0.000
rxn15652	=	-1.130
rxn15653	<	10.741
rxn15656	=	2.311
rxn15657	=	-1.227
rxn15658	=	1.744
rxn15659	=	1.744
rxn15660	=	2.821
rxn15661	=	-1.226
rxn15662	=	-1.834
rxn15664	=	2.298
rxn15665	=	2.298
rxn15668	>	-27.325
rxn15669	>	-26.795
rxn15670	>	-61.851
rxn15673	>	-75.027
rxn15675	>	-46.907
rxn15676	>	-68.235
rxn15677	=	-4.969
rxn15679	=	2.886
rxn15680	<	11.342
rxn15689	>	-62.314
rxn15692	>	-62.314
rxn15693	=	-2.444
rxn15695	<	68.267
rxn15696	<	68.267
rxn15697	=	3.556
rxn15699	<	235.351
rxn15700	>	-60.848
rxn15701	>	-60.848
rxn15706	>	-62.314
rxn15707	=	-6.818
rxn15710	>	-32.521
rxn15711	>	-10.349
rxn15717	>	-7.490
rxn15718	>	-7.490
rxn15719	>	-7.490
rxn15720	>	-7.490
rxn15721	=	1.001
rxn15722	=	1.001
rxn15723	=	0.648
rxn15724	=	0.648
rxn15725	=	3.821
rxn15726	=	4.906
rxn15727	=	2.739
rxn15736	=	-0.204
rxn15738	>	-7.993
rxn15740	=	-0.655
rxn15741	=	-0.655
rxn15742	=	-3.698
rxn15743	=	-4.788
rxn15744	=	-2.049
rxn15745	=	-5.442
rxn15748	=	-5.367
rxn15749	>	-13.660
rxn15750	=	0.272
rxn15751	=	-0.189
rxn15756	=	1.992
rxn15759	>	-15.449
rxn15760	>	-15.449
rxn15761	>	-12.967
rxn15762	>	-12.967
rxn15764	=	4.582
rxn15770	>	-11.194
rxn15771	>	-43.274
rxn15772	>	-42.921
rxn15773	=	-2.974
rxn15774	>	-56.421
rxn15775	=	3.376
rxn15776	<	8.609
rxn15779	=	-0.173
rxn15780	=	-2.170
rxn15782	>	-85.764
rxn15783	>	-9.699
rxn15784	=	3.569
rxn15785	=	0.327
rxn15789	=	-2.045
rxn15790	=	-2.045
rxn15791	=	-5.060
rxn15792	=	-5.550
rxn15793	=	-5.584
rxn15801	<	8.625
rxn15802	=	-0.014
rxn15803	=	-0.014
rxn15804	<	8.777
rxn15805	<	18.112
rxn15806	=	-1.867
rxn15807	=	-1.867
rxn15808	>	-90.000
rxn15809	>	-76.839
rxn15810	<	115.776
rxn15811	>	-76.058
rxn15812	>	-23.215
rxn15813	<	8.834
rxn15814	>	-76.072
rxn15815	>	-49.197
rxn15816	=	0.000
rxn15819	=	-6.354
rxn15821	<	10.741
rxn15822	<	10.741
rxn15823	<	10.741
rxn15824	<	10.741
rxn15826	=	-3.761
rxn15827	>	-65.228
rxn15831	=	-4.184
rxn15833	=	4.311
rxn15834	=	3.153
rxn15835	=	2.573
rxn15842	>	-9.760
rxn15844	=	3.506
rxn15845	=	2.985
rxn15846	=	-0.845
rxn15847	>	-8.986
rxn15848	=	-3.032
rxn15849	>	-7.986
rxn15850	>	-22.564
rxn15851	=	-3.619
rxn15852	=	-3.770
rxn15853	>	-11.880
rxn15854	=	-3.099
rxn15855	>	-8.850
rxn15856	>	-22.554
rxn15857	=	-4.339
rxn15858	=	0.000
rxn15864	>	-13.256
rxn15865	=	0.000
rxn15866	=	-0.835
rxn15867	=	-0.835
rxn15872	=	6.653
rxn15873	=	-1.532
rxn15874	=	2.272
rxn15875	>	-9.193
rxn15876	=	-2.335
rxn15877	=	-2.335
rxn15878	=	1.299
rxn15879	=	-0.000
rxn15880	=	-1.067
rxn15881	=	-1.067
rxn15882	=	-1.067
rxn15883	=	-2.107
rxn15884	>	-16.989
rxn15885	<	7.779
rxn15886	>	-19.625
rxn15887	>	-10.607
rxn15891	=	-2.157
rxn15897	>	-35.902
rxn15898	=	1.126
rxn15899	=	-1.059
rxn15900	=	2.144
rxn15907	=	2.287
rxn15908	=	2.731
rxn15909	=	2.731
rxn15910	>	-17.064
rxn15912	>	-60.140
rxn15917	<	43.904
rxn15918	>	-52.918
rxn15919	=	0.035
rxn15924	<	37.577
rxn15927	<	11.206
rxn15928	=	3.975
rxn15929	<	17.922
rxn15937	>	-38.505
rxn15938	<	37.902
rxn15939	>	-9.256
rxn15940	>	-9.978
rxn15941	<	11.469
rxn15944	>	-17.046
rxn15945	>	-16.891
rxn15946	>	-16.970
rxn15947	>	-7.964
rxn15948	>	-8.231
rxn15949	>	-10.245
rxn15950	>	-10.643
rxn15952	=	-4.316
rxn15953	=	-2.874
rxn15954	=	-3.139
rxn15958	=	4.137
rxn15961	=	-0.134
rxn15962	<	10.383
rxn15963	>	-6.959
rxn15964	=	-1.762
rxn15970	>	-21.438
rxn15971	=	-2.017
rxn15972	>	-11.916
rxn15976	>	-127.790
rxn15980	>	-19.432
rxn15981	>	-19.432
rxn15982	>	-127.790
rxn15984	>	-135.260
rxn15985	>	-127.790
rxn15986	>	-60.140
rxn15987	>	-249.896
rxn15988	=	-4.160
rxn15991	=	-6.537
rxn15992	>	-66.488
rxn15993	>	-66.488
rxn15994	>	-16.359
rxn15995	>	-16.358
rxn15996	>	-53.119
rxn15997	=	-4.169
rxn15998	<	18.035
rxn15999	=	3.479
rxn16000	=	4.303
rxn16002	>	-19.432
rxn16003	>	-64.326
rxn16010	>	-55.841
rxn16019	>	-37.313
rxn16021	>	-52.243
rxn16022	>	-52.243
rxn16024	>	-13.411
rxn16025	>	-92.752
rxn16026	=	-6.265
rxn16027	>	-52.378
rxn16030	=	-0.000
rxn16032	=	-0.019
rxn16034	=	0.006
rxn16037	=	0.007
rxn16039	=	-2.115
rxn16041	=	-0.019
rxn16045	>	-17.802
rxn16046	>	-75.961
rxn16047	<	61.169
rxn16048	>	-13.721
rxn16050	=	0.000
rxn16051	=	-5.142
rxn16052	>	-80.499
rxn16053	=	-3.039
rxn16054	<	19.754
rxn16055	>	-115.258
rxn16056	<	9.619
rxn16057	=	-6.067
rxn16062	>	-11.839
rxn16063	>	-62.511
rxn16066	>	-55.771
rxn16068	>	-92.749
rxn16069	=	-6.265
rxn16070	=	-6.265
rxn16071	>	-55.771
rxn16073	=	-0.000
rxn16075	=	-5.305
rxn16076	>	-75.448
rxn16077	>	-20.855
rxn16079	>	-16.554
rxn16081	=	4.186
rxn16082	<	19.907
rxn16083	=	-4.169
rxn16084	<	9.835
rxn16085	=	-2.531
rxn16086	>	-11.342
rxn16087	>	-9.112
rxn16088	=	2.751
rxn16089	>	-60.101
rxn16090	>	-7.959
rxn16091	>	-8.530
rxn16092	>	-39.075
rxn16093	>	-39.072
rxn16094	>	-39.072
rxn16095	>	-63.207
rxn16096	>	-62.702
rxn16097	>	-39.075
rxn16098	=	-1.575
rxn16099	>	-62.292
rxn16100	>	-17.479
rxn16102	>	-39.075
rxn16103	>	-39.072
rxn16104	>	-39.072
rxn16105	>	-39.075
rxn16106	>	-28.693
rxn16107	>	-21.862
rxn16108	>	-26.234
rxn16110	>	-28.693
rxn16111	>	-27.327
rxn16113	>	-10.607
rxn16114	=	0.044
rxn16115	=	-6.115
rxn16116	=	-6.108
rxn16117	=	-6.122
rxn16119	=	0.000
rxn16120	=	0.000
rxn16121	=	0.000
rxn16130	=	2.418
rxn16131	=	2.377
rxn16132	>	-64.565
rxn16133	>	-7.877
rxn16134	<	57.307
rxn16135	>	-50.325
rxn16136	>	-66.108
rxn16137	>	-17.377
rxn16138	=	-6.270
rxn16139	=	-3.933
rxn16140	=	-0.504
rxn16141	=	-0.692
rxn16142	=	-0.161
rxn16143	=	0.000
rxn16144	>	-87.176
rxn16145	>	-9.496
rxn16146	=	0.112
rxn16147	>	-9.502
rxn16148	>	-21.474
rxn16149	=	4.119
rxn16150	=	3.661
rxn16151	=	0.000
rxn16153	<	23.239
rxn16156	>	-124.406
rxn16157	=	0.005
rxn16159	=	0.000
rxn16161	<	59.814
rxn16162	>	-65.105
rxn16168	>	-47.376
rxn16169	>	-74.688
rxn16170	=	1.629
rxn16172	=	-5.212
rxn16173	=	-4.246
rxn16175	>	-26.943
rxn16176	>	-21.851
rxn16178	=	-6.848
rxn16179	>	-44.284
rxn16183	=	0.000
rxn16186	=	-2.469
rxn16192	>	-12.040
rxn16193	=	-4.244
rxn16194	>	-26.338
rxn16199	<	40.146
rxn16204	>	-58.221
rxn16205	>	-8.520
rxn16206	=	0.002
rxn16207	>	-7.186
rxn16208	<	16.041
rxn16209	=	-0.027
rxn16210	>	-8.637
rxn16211	=	-0.003
rxn16212	=	0.322
rxn16213	<	19.270
rxn16214	=	0.099
rxn16215	>	-13.501
rxn16216	<	70.285
rxn16217	=	-4.177
rxn16218	=	-5.537
rxn16222	>	-84.023
rxn16224	<	73.652
rxn16225	=	-0.835
rxn16226	>	-84.023
rxn16227	>	-52.749
rxn16228	>	-31.170
rxn16229	>	-31.170
rxn16230	>	-84.023
rxn16233	>	-15.571
rxn16234	=	-1.457
rxn16235	<	44.258
rxn16236	=	-3.510
rxn16237	=	-4.464
rxn16238	=	-3.713
rxn16239	=	-1.975
rxn16240	>	-85.898
rxn16241	>	-62.314
rxn16242	>	-34.252
rxn16243	>	-118.540
rxn16244	>	-118.540
rxn16245	>	-118.540
rxn16246	=	4.615
rxn16247	<	151.240
rxn16253	<	10.741
rxn16254	=	-0.000
rxn16255	>	-120.343
rxn16257	<	9.972
rxn16258	<	10.741
rxn16260	<	10.741
rxn16261	<	10.741
rxn16262	<	10.741
rxn16263	=	-0.453
rxn16264	<	8.509
rxn16268	=	-4.605
rxn16269	=	-4.605
rxn16270	=	-4.605
rxn16271	=	-4.605
rxn16272	=	-4.605
rxn16273	=	-4.605
rxn16278	>	-60.140
rxn16279	<	10.741
rxn16280	=	-0.000
rxn16281	>	-52.617
rxn16282	>	-35.933
rxn16283	>	-43.398
rxn16284	>	-8.268
rxn16285	>	-8.379
rxn16289	>	-59.732
rxn16290	>	-60.139
rxn16291	>	-60.140
rxn16292	>	-60.140
rxn16298	>	-60.848
rxn16299	>	-60.140
rxn16300	>	-60.140
rxn16301	>	-60.140
rxn16304	<	10.427
rxn16305	<	10.427
rxn16306	<	10.427
rxn16307	<	10.427
rxn16309	=	0.000
rxn16310	=	0.000
rxn16311	=	0.000
rxn16314	=	-3.833
rxn16318	>	-430.358
rxn16319	=	2.575
rxn16320	=	0.456
rxn16321	=	0.456
rxn16322	=	3.761
rxn16323	>	-12.961
rxn16324	=	0.000
rxn16328	=	-3.688
rxn16329	>	-10.721
rxn16330	=	-3.105
rxn16331	=	-0.019
rxn16332	=	2.403
rxn16334	>	-55.062
rxn16337	>	-18.169
rxn16340	<	31.455
rxn16343	<	40.717
rxn16344	=	-2.833
rxn16345	=	4.603
rxn16346	>	-43.422
rxn16348	<	64.447
rxn16350	=	-2.997
rxn16354	>	-65.582
rxn16355	>	-13.503
rxn16356	>	-78.761
rxn16357	>	-60.848
rxn16358	>	-60.848
rxn16359	>	-65.723
rxn16362	=	1.869
rxn16363	=	1.448
rxn16364	=	0.323
rxn16365	=	-0.849
rxn16366	>	-56.486
rxn16367	>	-108.733
rxn16368	=	-0.750
rxn16369	=	-2.081
rxn16370	>	-11.005
rxn16371	>	-64.589
rxn16372	=	-0.823
rxn16373	=	-6.043
rxn16374	=	3.331
rxn16375	=	3.479
rxn16376	=	2.419
rxn16377	=	-1.927
rxn16378	=	-1.419
rxn16379	>	-8.287
rxn16380	>	-17.844
rxn16381	=	-6.704
rxn16382	>	-57.661
rxn16383	<	27.793
rxn16386	=	3.487
rxn16387	=	-3.774
rxn16388	=	3.556
rxn16389	>	-8.891
rxn16390	=	-3.556
rxn16391	>	-60.140
rxn16392	=	-1.712
rxn16393	=	-3.355
rxn16394	=	-3.091
rxn16396	<	7.930
rxn16397	<	7.930
rxn16398	>	-10.196
rxn16399	>	-116.982
rxn16400	<	112.559
rxn16401	=	-0.573
rxn16402	>	-61.254
rxn16403	>	-19.478
rxn16404	>	-19.901
rxn16405	=	4.901
rxn16406	>	-14.119
rxn16407	>	-55.255
rxn16408	<	16.195
rxn16409	>	-80.508
rxn16410	>	-53.328
rxn16411	>	-92.733
rxn16412	>	-7.488
rxn16413	=	5.668
rxn16414	=	4.190
rxn16415	>	-8.473
rxn16416	>	-65.747
rxn16417	>	-77.893
rxn16418	>	-108.482
rxn16419	>	-120.642
rxn16420	>	-62.314
rxn16421	>	-70.659
rxn16422	>	-86.672
rxn16423	>	-35.812
rxn16424	>	-35.196
rxn16425	>	-141.671
rxn16426	>	-37.100
rxn16427	>	-35.196
rxn16428	>	-141.671
rxn16429	>	-75.231
rxn16431	=	-0.622
rxn16432	=	-1.891
rxn16433	=	-4.636
rxn16434	>	-7.407
rxn16435	=	-3.727
rxn16436	=	-1.779
rxn16437	=	-3.943
rxn16438	=	-2.812
rxn16440	=	-6.311
rxn16441	=	-5.579
rxn16442	=	0.000
rxn16443	>	-73.180
rxn16444	>	-73.693
rxn16445	>	-98.377
rxn16448	>	-286.176
rxn16449	>	-166.842
rxn16450	>	-19.432
rxn16451	>	-161.440
rxn16452	>	-174.722
rxn16453	=	-2.736
rxn16454	=	-1.886
rxn16455	=	-2.218
rxn16456	>	-138.099
rxn16457	>	-175.258
rxn16458	>	-131.124
rxn16459	>	-119.540
rxn16460	>	-14.164
rxn16461	>	-59.336
rxn16462	>	-59.336
rxn16463	>	-15.333
rxn16464	=	-5.091
rxn16465	>	-47.237
rxn16466	>	-73.352
rxn16467	>	-48.225
rxn16468	>	-175.258
rxn16469	>	-169.856
rxn16470	>	-112.161
rxn16471	>	-19.432
rxn16472	>	-172.931
rxn16473	=	-0.277
rxn16474	=	1.714
rxn16475	=	1.510
rxn16476	=	1.510
rxn16477	>	-21.674
rxn16478	=	-3.036
rxn16479	=	-3.092
rxn16480	=	-2.665
rxn16481	=	0.324
rxn16482	>	-19.740
rxn16483	=	0.324
rxn16484	<	72.609
rxn16485	=	1.031
rxn16486	<	44.110
rxn16487	>	-12.640
rxn16490	>	-7.848
rxn16491	>	-9.277
rxn16492	>	-7.848
rxn16493	=	-0.001
rxn16494	>	-7.354
rxn16495	<	12.780
rxn16496	<	9.585
rxn16497	<	9.585
rxn16498	=	0.000
rxn16500	<	158.569
rxn16503	>	-9.401
rxn16504	=	6.863
rxn16507	>	-7.799
rxn16508	=	-2.191
rxn16509	=	-1.818
rxn16510	=	-1.331
rxn16511	=	1.531
rxn16512	=	-1.895
rxn16513	<	44.716
rxn16519	>	-18.809
rxn16522	=	-1.967
rxn16523	=	-3.036
rxn16524	>	-7.419
rxn16525	>	-127.790
rxn16527	>	-11.446
rxn16528	>	-13.377
rxn16529	>	-169.856
rxn16530	>	-19.432
rxn16531	>	-51.084
rxn16532	>	-51.084
rxn16533	>	-51.084
rxn16534	>	-335.017
rxn16535	>	-336.546
rxn16536	<	13.141
rxn16540	>	-21.145
rxn16541	<	9.109
rxn16542	>	-12.036
rxn16543	>	-25.681
rxn16545	=	0.000
rxn16546	<	220.411
rxn16547	<	319.578
rxn16548	=	1.180
rxn16550	=	0.000
rxn16551	=	-0.111
rxn16552	=	-0.002
rxn16553	=	-0.427
rxn16554	=	-1.088
rxn16555	>	-310.936
rxn16556	>	-430.358
rxn16557	>	-433.104
rxn16558	>	-322.420
rxn16559	>	-44.895
rxn16560	>	-148.084
rxn16561	>	-213.126
rxn16563	=	-3.633
rxn16564	=	-5.331
rxn16565	<	8.213
rxn16566	=	0.648
rxn16569	>	-12.822
rxn16570	>	-12.378
rxn16571	>	-12.378
rxn16572	>	-9.894
rxn16574	=	-0.301
rxn16577	=	0.658
rxn16578	>	-28.693
rxn16579	>	-16.396
rxn16580	=	-3.318
rxn16581	=	-1.331
rxn16582	=	-1.331
rxn16584	>	-7.429
rxn16586	<	10.219
rxn16587	>	-26.192
rxn16590	=	0.000
rxn16591	<	418.745
rxn16592	<	8.213
rxn16593	<	8.213
rxn16594	<	8.213
rxn16595	>	-77.892
rxn16596	=	0.335
rxn16597	=	0.404
rxn16598	=	-1.644
rxn16599	=	-3.673
rxn16600	=	-3.343
rxn16601	=	0.796
rxn16602	=	0.469
rxn16603	=	0.469
rxn16604	>	-74.734
rxn16607	>	-53.592
rxn16608	>	-52.056
rxn16609	=	-4.334
rxn16611	=	0.898
rxn16612	=	-2.365
rxn16613	>	-6.934
rxn16614	=	-1.455
rxn16615	=	1.172
rxn16616	=	2.208
rxn16622	=	-4.235
rxn16623	=	2.208
rxn16624	>	-73.783
rxn16625	>	-8.891
rxn16626	>	-65.100
rxn16627	>	-55.091
rxn16628	>	-50.738
rxn16630	>	-114.135
rxn16631	>	-115.965
rxn16632	=	0.161
rxn16633	=	-1.872
rxn16634	=	-2.114
rxn16635	<	7.130
rxn16636	=	-6.700
rxn16637	>	-8.866
rxn16638	=	0.000
rxn16639	>	-49.121
rxn16640	=	-1.282
rxn16641	>	-8.885
rxn16642	>	-7.384
rxn16643	<	22.141
rxn16644	<	22.153
rxn16645	=	3.123
rxn16646	>	-15.276
rxn16647	>	-9.935
rxn16648	>	-22.553
rxn16651	=	4.606
rxn16652	=	4.605
rxn16653	<	10.741
rxn16654	<	10.741
rxn16655	<	13.427
rxn16656	>	-62.314
rxn16657	>	-70.659
rxn16658	>	-83.108
rxn16659	>	-60.222
rxn16660	>	-65.030
rxn16661	>	-10.196
rxn16662	=	-1.586
rxn16663	=	5.668
rxn16664	=	5.668
rxn16665	=	-6.600
rxn16666	=	-6.631
rxn16669	>	-13.438
rxn16670	>	-14.164
rxn16671	=	2.692
rxn16672	=	-3.744
rxn16673	>	-19.116
rxn16674	>	-19.125
rxn16675	>	-12.161
rxn16676	=	-2.315
rxn16677	<	13.702
rxn16678	<	90.996
rxn16679	>	-82.466
rxn16680	=	-6.089
rxn16681	>	-12.452
rxn16682	>	-12.256
rxn16683	=	-5.943
rxn16684	<	45.616
rxn16690	=	-3.008
rxn16691	=	0.887
rxn16694	=	0.901
rxn16695	=	-0.017
rxn16697	>	-8.637
rxn16698	=	-1.438
rxn16699	=	0.900
rxn16700	>	-60.139
rxn16701	>	-34.252
rxn16702	<	10.741
rxn16703	>	-60.140
rxn16704	>	-67.147
rxn16705	>	-77.104
rxn16706	>	-92.905
rxn16707	>	-62.314
rxn16708	>	-62.314
rxn16709	>	-62.314
rxn16710	=	-2.096
rxn16711	=	-2.084
rxn16712	=	-2.787
rxn16713	=	-5.931
rxn16714	>	-112.161
rxn16715	<	59.633
rxn16716	>	-14.428
rxn16717	>	-14.263
rxn16718	=	-6.883
rxn16719	>	-17.600
rxn16720	>	-18.572
rxn16721	>	-18.813
rxn16723	<	134.666
rxn16724	>	-113.348
rxn16725	>	-161.143
rxn16726	>	-286.176
rxn16727	>	-172.172
rxn16728	>	-113.348
rxn16729	>	-19.432
rxn16730	>	-174.722
rxn16731	>	-166.009
rxn16732	>	-63.182
rxn16733	>	-79.641
rxn16734	>	-219.701
rxn16735	>	-181.955
rxn16736	>	-167.205
rxn16737	>	-14.056
rxn16738	>	-177.574
rxn16739	>	-119.124
rxn16740	>	-119.124
rxn16741	>	-19.432
rxn16742	=	-6.213
rxn16743	=	0.000
rxn16744	>	-266.290
rxn16745	>	-335.017
rxn16746	>	-194.920
rxn16747	>	-430.358
rxn16748	>	-365.457
rxn16749	=	0.000
rxn16750	>	-306.096
rxn16751	>	-49.657
rxn16752	>	-302.191
rxn16753	>	-433.104
rxn16754	>	-335.017
rxn16755	>	-331.191
rxn16756	>	-214.169
rxn16758	=	-0.835
rxn16759	<	11.388
rxn16760	>	-60.139
rxn16761	>	-60.139
rxn16762	>	-67.146
rxn16763	>	-79.553
rxn16764	>	-79.553
rxn16765	>	-79.553
rxn16766	=	3.556
rxn16767	=	3.556
rxn16768	=	3.556
rxn16769	=	3.556
rxn16771	<	17.631
rxn16772	=	3.153
rxn16773	=	3.153
rxn16774	>	-62.314
rxn16775	>	-62.314
rxn16776	=	-5.028
rxn16777	=	-5.048
rxn16779	=	-3.350
rxn16780	=	-4.006
rxn16781	=	2.298
rxn16782	=	2.631
rxn16783	=	2.631
rxn16784	=	2.515
rxn16785	=	2.632
rxn16786	=	0.589
rxn16787	=	0.922
rxn16788	=	0.922
rxn16790	=	-1.003
rxn16791	=	-1.003
rxn16792	=	-1.003
rxn16793	=	-2.639
rxn16794	>	-16.554
rxn16795	=	1.706
rxn16796	>	-16.554
rxn16797	=	1.706
rxn16798	=	-0.835
rxn16799	=	0.000
rxn16800	=	-0.835
rxn16801	=	-0.834
rxn16802	=	0.679
rxn16803	=	-0.835
rxn16804	=	-0.835
rxn16805	>	-7.522
rxn16806	>	-17.927
rxn16807	=	0.174
rxn16808	>	-19.432
rxn16809	>	-14.056
rxn16810	>	-167.404
rxn16811	>	-90.282
rxn16812	>	-113.722
rxn16813	>	-113.722
rxn16814	>	-48.024
rxn16815	>	-63.182
rxn16816	>	-63.182
rxn16817	>	-165.644
rxn16818	>	-165.644
rxn16819	>	-103.985
rxn16820	>	-171.046
rxn16821	>	-161.440
rxn16822	>	-51.084
rxn16823	>	-7.288
rxn16824	>	-13.937
rxn16825	=	0.000
rxn16826	>	-20.012
rxn16827	=	0.913
rxn16829	>	-8.546
rxn16830	=	-0.835
rxn16831	=	-0.834
rxn16832	=	-0.835
rxn16833	=	-0.834
rxn16834	=	-0.835
rxn16835	=	1.931
rxn16836	=	4.206
rxn16838	>	-24.723
rxn16839	<	14.067
rxn16842	>	-27.829
rxn16843	=	-0.143
rxn16844	=	-4.496
rxn16845	=	-3.356
rxn16848	=	-4.594
rxn16855	=	-0.835
rxn16856	=	-0.835
rxn16859	=	-0.835
rxn16860	=	-0.834
rxn16862	=	-0.835
rxn16863	=	3.556
rxn16864	=	-0.834
rxn16866	=	-0.834
rxn16868	=	3.152
rxn16871	=	-0.134
rxn16872	=	2.583
rxn16876	=	1.956
rxn16879	=	-0.834
rxn16880	=	-0.834
rxn16883	=	2.821
rxn16887	=	1.623
rxn16888	=	1.623
rxn16889	=	1.623
rxn16892	=	-0.835
rxn16895	>	-73.711
rxn16896	>	-53.860
rxn16897	<	10.579
rxn16898	>	-73.711
rxn16899	>	-23.526
rxn16900	<	12.269
rxn16994	=	-3.560
rxn16995	=	-3.560
rxn17060	=	4.605
rxn17061	>	-29.590
rxn17064	>	-65.747
rxn17073	>	-85.898
rxn17074	>	-85.898
rxn17075	>	-85.211
rxn17080	>	-68.234
rxn17081	>	-60.849
rxn17086	>	-62.311
rxn17087	>	-68.235
rxn17088	>	-68.229
rxn17089	>	-34.818
rxn17092	>	-64.903
rxn17093	>	-97.781
rxn17095	<	10.735
rxn17096	>	-62.314
rxn17097	<	10.741
rxn17099	>	-75.812
rxn17114	>	-62.314
rxn17116	>	-65.402
rxn17124	>	-73.686
rxn17199	=	2.951
rxn17200	=	-5.121
rxn17201	=	-5.095
rxn17219	=	-0.961
rxn17220	>	-7.833
rxn17221	<	11.342
rxn17223	<	11.195
rxn17226	=	5.410
rxn17239	=	-0.370
rxn17243	<	8.167
rxn17246	=	2.665
rxn17247	=	2.718
rxn17248	>	-16.730
rxn17249	=	3.995
rxn17271	=	0.106
rxn17272	=	0.106
rxn17273	=	2.400
rxn17275	<	9.672
rxn17276	=	5.734
rxn17378	>	-8.086
rxn17384	=	-0.144
rxn17391	=	-1.152
rxn17392	>	-8.152
rxn17394	>	-68.225
rxn17395	>	-22.131
rxn17400	=	0.174
rxn17404	=	-2.101
rxn17405	=	-2.120
rxn17412	>	-8.718
rxn17413	=	-4.976
rxn17414	=	-4.331
rxn17415	=	-2.707
rxn17428	=	-2.122
rxn17429	=	-2.122
rxn17440	>	-8.420
rxn17441	>	-8.635
rxn17450	=	-0.378
rxn17468	=	-5.040
rxn17474	=	1.264
rxn17475	=	0.759
rxn17487	=	-0.114
rxn17494	>	-10.917
rxn17497	>	-12.191
rxn17499	>	-11.108
rxn17505	=	0.212
rxn17508	>	-11.115
rxn17509	=	-3.341
rxn17517	=	-3.038
rxn17536	=	-4.268
rxn17539	=	-1.437
rxn17544	=	-3.847
rxn17548	=	-3.341
rxn17550	=	-3.341
rxn17551	=	-3.341
rxn17553	>	-11.121
rxn17554	=	3.939
rxn17562	>	-11.115
rxn17563	>	-10.399
rxn17567	>	-11.131
rxn17568	=	-1.437
rxn17569	>	-14.355
rxn17584	=	-3.341
rxn17586	=	-3.341
rxn17604	=	-3.843
rxn17614	<	46.934
rxn17640	=	-2.734
rxn17641	>	-8.074
rxn17642	=	-6.710
rxn17643	=	-6.710
rxn17648	=	-0.574
rxn17649	>	-16.880
rxn17650	>	-14.197
rxn17652	=	0.750
rxn17653	=	3.454
rxn17655	=	-6.551
rxn17657	=	-3.298
rxn17658	=	-1.573
rxn17659	=	-1.353
rxn17660	=	-5.311
rxn17662	=	-4.987
rxn17663	=	-6.295
rxn17669	=	2.040
rxn17678	=	-0.700
rxn17703	=	-0.459
rxn17704	=	-0.835
rxn17705	=	-0.835
rxn17707	=	-1.455
rxn17713	=	-1.864
rxn17725	>	-23.059
rxn17738	=	-1.315
rxn17743	>	-18.169
rxn17744	=	-3.003
rxn17745	=	-3.796
rxn17748	=	-1.538
rxn17749	=	1.271
rxn17751	=	-2.135
rxn17752	=	-2.135
rxn17753	=	2.836
rxn17754	=	2.836
rxn17758	=	3.556
rxn17759	>	-12.640
rxn17760	>	-11.488
rxn17763	>	-9.437
rxn17765	>	-8.262
rxn17766	>	-10.622
rxn17767	>	-8.238
rxn17789	>	-14.408
rxn17806	>	-12.640
rxn17807	>	-12.641
rxn17808	>	-12.640
rxn17809	>	-12.641
rxn17810	>	-12.579
rxn17811	>	-12.640
rxn17853	>	-7.676
rxn17854	=	-5.931
rxn17862	>	-72.379
rxn17866	>	-13.295
rxn17867	>	-13.291
rxn17868	>	-13.678
rxn17891	=	-4.867
rxn17901	=	-6.523
rxn17953	>	-11.318
rxn18024	<	73.652
rxn18025	<	73.652
rxn18039	=	-3.701
rxn18041	=	-5.160
rxn18042	>	-11.383
rxn18043	>	-6.979
rxn18044	>	-7.112
rxn18045	=	-6.618
rxn18064	>	-13.210
rxn18167	=	-5.557
rxn18177	=	-4.735
rxn18179	<	63.245
rxn18182	>	-12.156
rxn18184	>	-19.125
rxn18189	>	-12.581
rxn18190	>	-12.581
rxn18191	>	-12.581
rxn18192	>	-12.581
rxn18193	>	-12.581
rxn18200	>	-12.581
rxn18201	>	-12.581
rxn18202	>	-12.581
rxn18207	>	-12.581
rxn18208	>	-12.581
rxn18209	>	-12.581
rxn18215	>	-12.581
rxn18216	>	-12.581
rxn18217	>	-12.581
rxn18218	>	-12.581
rxn18219	>	-12.581
rxn18220	>	-12.581
rxn18221	>	-12.581
rxn18222	>	-12.581
rxn18223	>	-12.581
rxn18224	>	-12.581
rxn18226	>	-12.581
rxn18228	>	-12.581
rxn18229	>	-12.581
rxn18231	>	-12.581
rxn18232	>	-12.581
rxn18234	>	-12.581
rxn18235	>	-12.581
rxn18239	>	-12.581
rxn18240	>	-12.581
rxn18241	>	-12.581
rxn18242	>	-12.581
rxn18243	>	-12.581
rxn18244	>	-12.581
rxn18248	>	-12.581
rxn18249	>	-12.581
rxn18250	>	-12.581
rxn18252	>	-12.581
rxn18253	>	-12.581
rxn18257	>	-12.581
rxn18258	>	-12.581
rxn18261	>	-12.581
rxn18262	>	-12.581
rxn18265	>	-12.581
rxn18269	>	-12.581
rxn18270	>	-12.581
rxn18273	>	-12.581
rxn18274	>	-12.581
rxn18275	>	-12.581
rxn18280	>	-12.581
rxn18281	>	-12.581
rxn18282	>	-12.581
rxn18283	>	-12.581
rxn18284	>	-12.581
rxn18285	>	-12.581
rxn18286	>	-12.581
rxn18288	>	-12.581
rxn18289	>	-12.581
rxn18293	>	-12.581
rxn18300	>	-12.581
rxn18301	>	-12.581
rxn18302	>	-12.581
rxn18303	>	-12.581
rxn18304	>	-12.581
rxn18308	>	-12.581
rxn18343	>	-12.581
rxn18344	>	-12.581
rxn18345	>	-12.581
rxn18353	>	-12.581
rxn18354	>	-12.581
rxn18355	>	-12.581
rxn18356	>	-12.581
rxn18358	>	-12.581
rxn18360	>	-12.581
rxn18361	>	-12.581
rxn18362	>	-12.581
rxn18363	>	-12.581
rxn18364	>	-12.581
rxn18365	>	-12.581
rxn18366	>	-12.581
rxn18367	>	-12.581
rxn18368	>	-12.581
rxn18369	>	-12.581
rxn18370	>	-12.581
rxn18371	>	-12.581
rxn18372	>	-12.581
rxn18373	>	-12.581
rxn18374	>	-12.581
rxn18375	>	-12.581
rxn18376	>	-12.581
rxn18377	>	-12.581
rxn18378	>	-12.581
rxn18379	>	-12.581
rxn18380	>	-12.581
rxn18389	>	-12.581
rxn18391	>	-12.581
rxn18392	>	-12.581
rxn18393	>	-12.581
rxn18394	>	-12.581
rxn18395	>	-12.581
rxn18396	>	-12.581
rxn18398	>	-12.581
rxn18399	>	-12.581
rxn18400	>	-12.581
rxn18401	>	-12.581
rxn18404	>	-12.581
rxn18406	>	-12.581
rxn18407	>	-12.581
rxn18408	>	-12.581
rxn18409	>	-12.581
rxn18410	>	-12.581
rxn18412	>	-12.581
rxn18417	>	-12.581
rxn18418	>	-12.581
rxn18419	>	-12.581
rxn18420	>	-12.581
rxn18421	>	-12.581
rxn18422	>	-12.581
rxn18423	>	-12.581
rxn18425	>	-12.581
rxn18426	>	-12.581
rxn18427	>	-12.581
rxn18428	>	-12.581
rxn18431	>	-12.581
rxn18432	>	-12.581
rxn18433	>	-12.581
rxn18434	>	-12.581
rxn18435	>	-12.581
rxn18436	>	-12.581
rxn18437	>	-12.581
rxn18438	>	-12.581
rxn18439	>	-12.581
rxn18441	>	-12.581
rxn18443	>	-12.581
rxn18445	>	-12.581
rxn18446	>	-12.581
rxn18448	>	-12.581
rxn18449	>	-12.581
rxn18450	>	-12.581
rxn18452	>	-12.581
rxn18453	>	-12.581
rxn18454	>	-12.581
rxn18455	>	-12.581
rxn18456	>	-12.581
rxn18457	>	-12.581
rxn18458	>	-12.581
rxn18459	>	-12.581
rxn18460	>	-12.581
rxn18461	>	-12.581
rxn18462	>	-12.581
rxn18463	>	-12.581
rxn18465	>	-12.581
rxn18466	>	-12.581
rxn18467	>	-12.581
rxn18468	>	-12.581
rxn18469	>	-12.581
rxn18470	>	-12.581
rxn18471	>	-12.581
rxn18472	>	-12.581
rxn18473	>	-12.581
rxn18474	>	-12.581
rxn18475	>	-12.581
rxn18476	>	-12.581
rxn18477	>	-12.581
rxn18478	>	-12.581
rxn18479	>	-12.581
rxn18481	>	-12.581
rxn18482	>	-12.581
rxn18483	>	-12.581
rxn18484	>	-12.581
rxn18485	>	-12.581
rxn18486	>	-12.581
rxn18487	>	-12.581
rxn18489	>	-12.581
rxn18490	>	-12.581
rxn18491	>	-12.581
rxn18492	>	-12.581
rxn18493	>	-12.581
rxn18494	>	-12.581
rxn18495	>	-12.581
rxn18496	>	-12.581
rxn18497	>	-12.581
rxn18498	>	-12.581
rxn18499	>	-12.581
rxn18502	>	-12.581
rxn18503	>	-12.581
rxn18504	>	-12.581
rxn18505	>	-12.581
rxn18507	>	-12.581
rxn18508	>	-12.581
rxn18509	>	-12.581
rxn18510	>	-12.581
rxn18511	>	-12.581
rxn18512	>	-12.581
rxn18513	>	-12.581
rxn18517	>	-12.581
rxn18518	>	-12.581
rxn18523	>	-12.581
rxn18524	>	-12.581
rxn18545	>	-12.581
rxn18548	>	-12.581
rxn18549	>	-12.581
rxn18550	>	-12.581
rxn18551	>	-12.581
rxn18552	>	-12.581
rxn18553	>	-12.581
rxn18554	>	-12.581
rxn18555	>	-12.581
rxn18556	>	-12.581
rxn18558	>	-12.581
rxn18560	>	-12.581
rxn18562	>	-12.581
rxn18563	>	-12.581
rxn18564	>	-12.581
rxn18573	>	-12.581
rxn18574	>	-12.581
rxn18575	>	-12.581
rxn18577	>	-12.581
rxn18578	>	-12.581
rxn18579	>	-12.581
rxn18581	>	-12.581
rxn18583	>	-12.581
rxn18584	>	-12.581
rxn18585	>	-12.581
rxn18588	>	-12.581
rxn18589	>	-12.581
rxn18590	>	-12.581
rxn18591	>	-12.581
rxn18592	>	-12.581
rxn18593	>	-12.581
rxn18594	>	-12.581
rxn18595	>	-12.581
rxn18596	>	-12.581
rxn18597	>	-12.581
rxn18598	>	-12.581
rxn18599	>	-12.581
rxn18604	>	-12.581
rxn18605	>	-12.581
rxn18606	>	-12.581
rxn18607	>	-12.581
rxn18608	>	-12.581
rxn18609	>	-12.581
rxn18610	>	-12.581
rxn18614	>	-12.581
rxn18616	>	-12.581
rxn18624	>	-12.581
rxn18628	>	-12.581
rxn18632	>	-12.581
rxn18633	>	-12.581
rxn18634	>	-12.581
rxn18635	>	-12.581
rxn18637	>	-12.581
rxn18638	>	-12.581
rxn18639	>	-12.581
rxn18640	>	-12.581
rxn18641	>	-12.581
rxn18642	>	-12.581
rxn18645	>	-12.581
rxn18646	>	-12.581
rxn18647	>	-12.581
rxn18648	>	-12.581
rxn18649	>	-12.581
rxn18650	>	-12.581
rxn18651	>	-12.581
rxn18652	>	-12.581
rxn18653	>	-12.581
rxn18654	>	-12.581
rxn18656	>	-12.581
rxn18657	>	-12.581
rxn18658	>	-12.581
rxn18659	>	-12.581
rxn18661	>	-12.581
rxn18662	>	-12.581
rxn18663	>	-12.581
rxn18665	>	-12.581
rxn18666	>	-12.581
rxn18667	>	-12.581
rxn18668	>	-12.581
rxn18671	>	-12.581
rxn18674	>	-12.581
rxn18675	>	-12.581
rxn18678	>	-12.581
rxn18682	>	-12.581
rxn18683	>	-12.581
rxn18687	>	-12.581
rxn18691	>	-12.581
rxn18692	>	-12.581
rxn18693	>	-12.581
rxn18694	>	-12.581
rxn18695	>	-12.581
rxn18698	>	-12.581
rxn18699	>	-12.581
rxn18701	>	-12.581
rxn18702	>	-12.581
rxn18704	>	-12.581
rxn18705	>	-12.581
rxn18706	>	-12.581
rxn18707	>	-12.581
rxn18708	>	-12.581
rxn18711	>	-12.581
rxn18714	>	-12.581
rxn18715	>	-12.581
rxn18716	>	-12.581
rxn18720	>	-12.581
rxn18721	>	-12.581
rxn18722	>	-12.581
rxn18723	>	-12.581
rxn18725	>	-12.581
rxn18726	>	-12.581
rxn18729	>	-12.581
rxn18730	>	-12.581
rxn18731	>	-12.581
rxn18732	>	-12.581
rxn18734	>	-12.581
rxn18735	>	-12.581
rxn18740	>	-12.581
rxn18741	>	-12.581
rxn18742	>	-12.581
rxn18743	>	-12.581
rxn18746	>	-12.581
rxn18747	>	-12.581
rxn18748	>	-12.581
rxn18749	>	-12.581
rxn18752	>	-12.581
rxn18755	>	-12.581
rxn18756	>	-12.581
rxn18757	>	-12.581
rxn18758	>	-12.581
rxn18759	>	-12.581
rxn18760	>	-12.581
rxn18761	>	-12.581
rxn18762	>	-12.581
rxn18763	>	-12.581
rxn18764	>	-12.581
rxn18765	>	-12.581
rxn18766	>	-12.581
rxn18767	>	-12.581
rxn18768	>	-12.581
rxn18769	>	-12.581
rxn18770	>	-12.581
rxn18771	>	-12.581
rxn18772	>	-12.581
rxn18773	>	-12.581
rxn18774	>	-12.581
rxn18775	>	-12.581
rxn18776	>	-12.581
rxn18777	>	-12.581
rxn18781	>	-12.581
rxn18784	>	-12.581
rxn18785	>	-12.581
rxn18786	>	-12.581
rxn18787	>	-12.581
rxn18788	>	-12.581
rxn18789	>	-12.581
rxn18790	>	-12.581
rxn18791	>	-12.581
rxn18792	>	-12.581
rxn18793	>	-12.581
rxn18794	>	-12.581
rxn18795	>	-12.581
rxn18796	>	-12.581
rxn18797	>	-12.581
rxn18798	>	-12.581
rxn18799	>	-12.581
rxn18800	>	-12.581
rxn18801	>	-12.581
rxn18802	>	-12.581
rxn18806	>	-12.581
rxn18807	>	-12.581
rxn18808	>	-12.581
rxn18809	>	-12.581
rxn18810	>	-12.581
rxn18811	>	-12.581
rxn18812	>	-12.581
rxn18813	>	-12.581
rxn18818	>	-12.581
rxn18819	>	-12.581
rxn18820	>	-12.581
rxn18821	>	-12.581
rxn18822	>	-12.581
rxn18823	>	-12.581
rxn18825	>	-12.581
rxn18826	>	-12.581
rxn18827	>	-12.581
rxn18829	>	-12.581
rxn18830	>	-12.581
rxn18831	>	-12.581
rxn18832	>	-12.581
rxn18835	>	-12.581
rxn18836	>	-12.581
rxn18837	>	-12.581
rxn18838	>	-12.581
rxn18840	>	-12.581
rxn18841	>	-12.581
rxn18843	>	-12.581
rxn18844	>	-12.581
rxn18845	>	-12.581
rxn18850	>	-12.581
rxn18851	>	-12.581
rxn18852	>	-12.581
rxn18853	>	-12.581
rxn18854	>	-12.581
rxn18855	>	-12.581
rxn18856	>	-12.581
rxn18857	>	-12.581
rxn18858	>	-12.581
rxn18859	>	-12.581
rxn18860	>	-12.581
rxn18861	>	-12.581
rxn18863	>	-12.581
rxn18865	>	-12.581
rxn18866	>	-12.581
rxn18867	>	-12.581
rxn18869	>	-12.581
rxn18870	>	-12.581
rxn18872	>	-12.581
rxn18873	>	-12.581
rxn18875	>	-12.581
rxn18876	>	-12.581
rxn18879	>	-12.581
rxn18882	>	-12.581
rxn18884	>	-12.581
rxn18885	>	-12.581
rxn18887	>	-12.581
rxn18888	>	-12.581
rxn18889	>	-12.581
rxn18890	>	-12.581
rxn18891	>	-12.581
rxn18894	>	-12.581
rxn18895	>	-12.581
rxn18896	>	-12.581
rxn18897	>	-12.581
rxn18898	>	-12.581
rxn18900	>	-12.581
rxn18901	>	-12.581
rxn18902	>	-12.581
rxn18903	>	-12.581
rxn18904	>	-12.581
rxn18905	>	-12.581
rxn18906	>	-12.581
rxn18908	>	-12.581
rxn18909	>	-12.581
rxn18910	>	-12.581
rxn18911	>	-11.863
rxn18912	>	-19.061
rxn18913	>	-16.486
rxn18917	=	1.806
rxn18921	=	-2.080
rxn18924	=	-6.791
rxn18925	=	-2.309
rxn18926	>	-8.075
rxn18927	=	0.666
rxn18928	=	-1.497
rxn18929	=	-0.805
rxn18932	=	-1.488
rxn18933	=	-1.488
rxn18934	>	-13.721
rxn18956	>	-19.432
rxn18959	=	-4.916
rxn18960	=	-6.133
rxn18962	>	-16.207
rxn18964	=	0.207
rxn18965	>	-17.064
rxn18967	>	-14.752
rxn18970	>	-8.526
rxn18972	>	-8.355
rxn18973	=	-6.667
rxn18974	=	-6.061
rxn18975	=	-6.821
rxn18977	=	-0.570
rxn18982	=	0.000
rxn18988	<	12.402
rxn18989	>	-139.981
rxn18999	=	-1.789
rxn19000	=	-1.789
rxn19001	=	-5.477
rxn19004	>	-9.285
rxn19010	=	-0.882
rxn19011	>	-9.359
rxn19015	=	-4.248
rxn19017	>	-10.243
rxn19018	>	-10.243
rxn19024	=	-1.517
rxn19025	=	3.153
rxn19027	=	3.153
rxn19028	<	34.590
rxn19029	=	3.153
rxn19030	=	-3.693
rxn19031	=	5.038
rxn19038	=	-2.535
rxn19039	=	3.418
rxn19040	=	-0.331
rxn19041	>	-10.349
rxn19042	>	-10.349
rxn19044	<	11.342
rxn19045	<	11.342
rxn19046	<	11.342
rxn19047	<	11.342
rxn19050	>	-14.767
rxn19071	>	-29.096
rxn19072	>	-9.797
rxn19073	>	-28.736
rxn19075	=	-3.514
rxn19077	<	8.620
rxn19080	=	-6.781
rxn19085	=	-0.017
rxn19089	=	-4.573
rxn19090	=	4.573
rxn19092	=	3.556
rxn19093	=	3.556
rxn19100	>	-22.553
rxn19106	>	-22.553
rxn19111	>	-8.891
rxn19112	>	-8.891
rxn19113	>	-8.891
rxn19114	>	-8.891
rxn19115	>	-10.562
rxn19118	>	-37.337
rxn19119	>	-35.000
rxn19123	>	-11.228
rxn19124	>	-9.294
rxn19126	=	3.158
rxn19127	=	3.158
rxn19128	=	2.179
rxn19129	=	2.179
rxn19130	>	-10.663
rxn19140	>	-24.307
rxn19141	>	-24.307
rxn19142	>	-43.308
rxn19144	=	3.556
rxn19149	>	-17.977
rxn19157	>	-17.860
rxn19159	=	0.102
rxn19161	>	-10.745
rxn19164	=	2.968
rxn19167	=	0.071
rxn19168	=	0.071
rxn19170	>	-10.936
rxn19171	=	3.556
rxn19174	>	-18.579
rxn19175	=	-0.285
rxn19176	=	4.606
rxn19180	=	-5.144
rxn19181	>	-13.731
rxn19191	>	-34.455
rxn19192	>	-36.315
rxn19193	>	-34.999
rxn19198	>	-17.806
rxn19199	>	-17.806
rxn19202	>	-14.330
rxn19208	>	-9.310
rxn19210	=	-3.027
rxn19213	<	10.499
rxn19214	>	-10.678
rxn19217	>	-8.564
rxn19218	>	-8.564
rxn19219	>	-8.564
rxn19224	>	-8.892
rxn19225	>	-68.233
rxn19226	=	-1.283
rxn19227	=	1.148
rxn19233	=	4.417
rxn19238	>	-65.919
rxn19239	>	-9.939
rxn19240	=	-1.196
rxn19241	=	0.065
rxn19242	=	0.348
rxn19243	>	-23.423
rxn19246	=	-1.789
rxn19253	>	-24.571
rxn19259	=	-0.154
rxn19260	=	-0.154
rxn19261	=	-4.387
rxn19262	=	1.061
rxn19263	=	-0.834
rxn19264	>	-47.029
rxn19266	=	-2.112
rxn19272	=	-1.892
rxn19276	=	0.052
rxn19277	<	8.002
rxn19294	>	-7.283
rxn19296	>	-7.283
rxn19309	>	-19.644
rxn19310	=	1.527
rxn19316	>	-7.822
rxn19319	>	-17.548
rxn19320	>	-17.548
rxn19321	>	-18.323
rxn19322	>	-18.323
rxn19324	=	-6.234
rxn19327	=	2.453
rxn19330	<	14.306
rxn19338	>	-13.336
rxn19339	>	-13.298
rxn19340	>	-13.302
rxn19341	>	-13.749
rxn19343	>	-11.353
rxn19344	>	-11.353
rxn19345	>	-7.760
rxn19346	<	13.160
rxn19347	=	-6.800
rxn19350	=	-0.699
rxn19351	=	1.917
rxn19366	=	-2.821
rxn19367	=	-3.992
rxn19368	>	-18.636
rxn19369	>	-18.599
rxn19370	=	-2.491
rxn19371	=	3.152
rxn19378	=	-3.250
rxn19384	=	0.482
rxn19443	=	-1.152
rxn19444	=	6.452
rxn19445	=	-6.567
rxn19447	<	14.848
rxn19448	>	-14.912
rxn19449	=	0.820
rxn19453	=	1.979
rxn19455	=	3.340
rxn19457	=	1.645
rxn19461	=	-4.180
rxn19465	=	0.357
rxn19466	<	235.331
rxn19474	>	-77.099
rxn19475	>	-77.099
rxn19476	=	-2.440
rxn19477	<	8.521
rxn19480	>	-9.066
rxn19485	=	1.872
rxn19486	=	-0.834
rxn19487	>	-29.891
rxn19488	=	-2.735
rxn19544	>	-14.906
rxn19545	>	-14.905
rxn19568	=	0.839
rxn19630	>	-17.672
rxn19641	=	-6.214
rxn19642	=	-0.835
rxn19643	=	0.022
rxn19644	=	-2.272
rxn19645	=	-0.313
rxn19646	=	2.620
rxn19648	=	0.000
rxn19661	=	-0.174
rxn19662	=	-0.174
rxn19663	=	-0.174
rxn19664	=	-0.174
rxn19666	=	0.276
rxn19668	=	-0.174
rxn19669	=	-1.321
rxn19672	=	-3.032
rxn19673	=	-4.154
rxn19682	>	-37.153
rxn19683	=	1.327
rxn19684	>	-6.917
rxn19685	>	-6.917
rxn19689	>	-16.396
rxn19690	>	-16.396
rxn19691	>	-16.396
rxn19696	=	0.834
rxn19702	>	-33.673
rxn19703	>	-33.673
rxn19706	>	-11.637
rxn19708	>	-11.118
rxn19714	=	-3.627
rxn19715	=	-1.644
rxn19728	>	-12.592
rxn19730	>	-16.396
rxn19731	=	-2.941
rxn19732	=	3.376
rxn19738	=	2.203
rxn19739	=	-0.740
rxn19740	=	1.382
rxn19742	=	1.314
rxn19753	=	-0.437
rxn19756	=	0.061
rxn19762	=	2.951
rxn19763	=	0.559
rxn19769	=	-0.538
rxn19770	>	-8.298
rxn19771	<	7.863
rxn19772	=	-1.823
rxn19773	=	-1.437
rxn19774	=	1.079
rxn19775	=	-2.756
rxn19776	=	-1.699
rxn19777	=	0.024
rxn19794	=	-0.713
rxn19800	=	-2.279
rxn19801	=	-5.132
rxn19804	=	-5.294
rxn19806	=	-5.294
rxn19808	=	-5.294
rxn19811	>	-7.512
rxn19812	>	-7.512
rxn19813	=	-0.867
rxn19814	>	-8.486
rxn19818	=	-3.341
rxn19825	>	-8.392
rxn19827	=	2.632
rxn19830	<	34.943
rxn19831	>	-8.465
rxn19834	=	-5.430
rxn19835	=	-2.058
rxn19836	=	-2.058
rxn19841	=	4.797
rxn19842	=	4.797
rxn19849	=	5.687
rxn19850	>	-10.120
rxn19855	=	-0.078
rxn19858	=	-5.896
rxn19870	=	-1.358
rxn19871	>	-13.043
rxn19872	>	-16.115
rxn19877	>	-8.953
rxn19878	=	-4.436
rxn19879	>	-13.575
rxn19880	>	-13.575
rxn19884	=	4.605
rxn19887	>	-11.120
rxn19892	>	-7.342
rxn19893	=	-0.005
rxn19895	=	-6.384
rxn19896	=	3.869
rxn19898	>	-28.880
rxn19900	>	-7.850
rxn19903	>	-21.612
rxn19905	>	-7.953
rxn19907	>	-8.557
rxn19911	=	-4.605
rxn19912	=	-4.605
rxn19914	=	-3.847
rxn19917	<	40.500
rxn19918	>	-55.712
rxn19924	>	-16.680
rxn19930	=	3.325
rxn19932	>	-9.918
rxn19933	=	-4.890
rxn19935	=	-1.955
rxn19936	=	-1.955
rxn19940	=	0.391
rxn19941	=	-2.255
rxn19942	=	-2.020
rxn19943	=	-2.020
rxn19944	>	-68.325
rxn19945	>	-68.325
rxn19949	=	-2.262
rxn19950	>	-9.909
rxn19951	=	0.000
rxn19953	=	-3.341
rxn19956	<	11.619
rxn19957	<	11.619
rxn19967	=	6.089
rxn19968	=	6.141
rxn19970	=	6.089
rxn19974	=	6.089
rxn19976	=	6.089
rxn19977	=	6.089
rxn19979	=	-6.089
rxn19980	=	6.141
rxn19981	=	-6.644
rxn19982	=	-6.089
rxn19986	=	-6.089
rxn19988	=	-6.089
rxn19989	=	6.089
rxn19990	=	-0.834
rxn19991	=	-3.634
rxn19993	>	-19.684
rxn19994	>	-68.228
rxn19995	>	-68.228
rxn19997	>	-38.598
rxn20000	=	-1.943
rxn20001	>	-18.579
rxn20002	=	-3.992
rxn20003	>	-14.360
rxn20004	>	-16.554
rxn20013	=	-6.811
rxn20015	>	-17.226
rxn20016	>	-17.226
rxn20017	=	2.972
rxn20018	=	-2.861
rxn20020	=	-2.571
rxn20023	=	0.845
rxn20024	>	-337.762
rxn20025	>	-337.762
rxn20027	=	-1.039
rxn20032	=	0.613
rxn20035	=	0.613
rxn20036	>	-16.554
rxn20037	>	-16.554
rxn20038	>	-60.139
rxn20039	=	-2.901
rxn20040	>	-16.554
rxn20041	>	-16.554
rxn20042	>	-10.025
rxn20043	=	-5.860
rxn20045	=	1.789
rxn20046	>	-13.372
rxn20049	=	0.761
rxn20056	=	-5.613
rxn20057	>	-10.566
rxn20059	=	-2.225
rxn20060	>	-7.363
rxn20067	>	-68.230
rxn20068	=	5.348
rxn20158	=	5.349
rxn20161	>	-20.760
rxn20162	>	-7.800
rxn20163	>	-7.547
rxn20164	>	-7.641
rxn20165	=	-0.262
rxn20166	=	2.702
rxn20167	>	-65.416
rxn20170	<	41.395
rxn20171	<	15.450
rxn20172	>	-7.803
rxn20173	=	1.388
rxn20174	=	1.388
rxn20176	=	-4.519
rxn20177	=	-4.519
rxn20178	=	3.152
rxn20179	=	1.648
rxn20180	=	-2.391
rxn20181	=	2.289
rxn20190	>	-19.949
rxn20196	=	4.622
rxn20197	=	-6.314
rxn20198	=	-2.241
rxn20199	=	-2.241
rxn20202	=	-3.373
rxn20204	=	-3.470
rxn20208	>	-15.922
rxn20209	>	-48.024
rxn20216	<	8.685
rxn20217	<	8.685
rxn20219	>	-24.037
rxn20220	=	-1.125
rxn20222	>	-20.862
rxn20227	>	-7.169
rxn20228	>	-8.554
rxn20230	>	-12.585
rxn20235	>	-13.450
rxn20237	<	47.331
rxn20238	=	-3.033
rxn20239	=	-3.033
rxn20249	>	-26.590
rxn20262	>	-9.331
rxn20263	>	-14.835
rxn20269	>	-15.378
rxn20272	=	-2.759
rxn20275	=	-1.112
rxn20285	<	26.380
rxn20461	=	-0.085
rxn20470	>	-68.229
rxn20471	>	-15.576
rxn20474	=	-3.152
rxn20475	=	2.793
rxn20476	=	-3.152
rxn20478	=	-3.152
rxn20479	=	3.152
rxn20480	=	-3.152
rxn20481	=	3.374
rxn20490	>	-13.395
rxn20491	>	-13.226
rxn20493	=	-6.116
rxn20495	>	-10.728
rxn20496	=	-0.861
rxn20498	=	-3.645
rxn20499	=	-3.645
rxn20502	>	-12.579
rxn20503	>	-12.579
rxn20504	>	-9.184
rxn20506	=	-5.890
rxn20508	=	6.503
rxn20509	=	5.051
rxn20517	=	0.000
rxn20519	=	3.556
rxn20522	=	0.065
rxn20523	=	6.224
rxn20533	>	-8.750
rxn20536	=	4.734
rxn20538	>	-36.439
rxn20539	>	-10.688
rxn20540	=	-4.652
rxn20541	=	1.750
rxn20544	=	3.945
rxn20546	=	-0.185
rxn20572	>	-8.662
rxn20583	=	0.313
rxn20592	=	0.127
rxn20599	>	-16.852
rxn20600	>	-16.852
rxn20606	=	-0.004
rxn20607	>	-13.063
rxn20608	=	-3.946
rxn20617	=	0.475
rxn20619	=	-0.676
rxn20627	=	-0.000
rxn20628	>	-6.968
rxn20629	>	-8.535
rxn20630	=	2.199
rxn20631	=	2.126
rxn20632	=	4.603
rxn20633	=	4.603
rxn20637	>	-17.602
rxn20638	>	-17.602
rxn20640	>	-8.279
rxn20643	>	-27.574
rxn20644	>	-27.574
rxn20645	>	-81.227
rxn20649	>	-8.771
rxn20655	=	1.548
rxn20656	=	-4.605
rxn20658	>	-45.664
rxn20659	>	-41.364
rxn20661	>	-44.344
rxn20662	>	-39.136
rxn20663	<	6.951
rxn20664	=	-0.161
rxn20665	=	-1.130
rxn20678	=	5.215
rxn20685	=	3.008
rxn20688	=	-1.789
rxn20690	=	0.174
rxn20691	=	0.174
rxn20692	=	3.152
rxn20702	=	-5.405
rxn20708	>	-68.220
rxn20710	=	-4.070
rxn20711	>	-60.139
rxn20713	>	-18.213
rxn20718	=	-1.270
rxn20720	<	10.164
rxn20721	>	-52.749
rxn20722	<	10.164
rxn20723	<	10.164
rxn20727	>	-28.651
rxn20738	=	-0.835
rxn20739	>	-52.749
rxn20740	<	29.539
rxn20741	=	-1.789
rxn20742	>	-52.749
rxn20768	>	-17.642
rxn20770	<	10.226
rxn20772	>	-26.336
rxn20774	=	1.588
rxn20776	=	-0.039
rxn20777	=	0.054
rxn20779	=	-2.883
rxn20780	=	-2.761
rxn20784	>	-8.890
rxn20785	=	6.452
rxn20788	=	6.455
rxn20797	=	-5.943
rxn20798	>	-12.161
rxn20799	>	-12.256
rxn20800	>	-12.596
rxn20806	>	-9.097
rxn20808	=	-0.039
rxn20818	>	-13.660
rxn20825	=	-4.755
rxn20827	=	2.801
rxn20834	<	44.926
rxn20837	>	-9.145
rxn20838	>	-7.033
rxn20839	=	1.122
rxn20846	<	16.554
rxn20872	<	16.554
rxn20873	>	-68.175
rxn20874	>	-68.338
rxn20875	>	-68.235
rxn20881	>	-7.942
rxn20892	>	-8.075
rxn20909	=	-5.991
rxn20910	=	-5.991
rxn20915	>	-14.164
rxn20916	=	3.305
rxn20918	=	3.305
rxn20920	>	-15.454
rxn20921	>	-16.578
rxn20927	=	0.000
rxn20933	>	-17.318
rxn20936	>	-15.679
rxn20937	>	-15.679
rxn20938	>	-16.346
rxn20939	>	-16.346
rxn20952	>	-165.644
rxn20954	>	-63.182
rxn20955	>	-19.432
rxn20968	>	-59.732
rxn20985	>	-17.662
rxn20986	<	16.028
rxn20990	>	-19.432
rxn20993	=	3.778
rxn21003	<	10.427
rxn21016	>	-12.641
rxn21042	>	-15.330
rxn21043	<	17.283
rxn21044	<	12.929
rxn21057	=	-1.789
rxn21076	>	-7.006
rxn21079	=	-1.583
rxn21080	>	-61.306
rxn21092	=	-3.556
rxn21093	=	-3.556
rxn21095	>	-74.888
rxn21097	>	-16.616
rxn21102	=	1.714
rxn21103	>	-8.287
rxn21109	=	2.298
rxn21111	=	-5.666
rxn21112	>	-7.160
rxn21114	>	-17.863
rxn21116	>	-8.898
rxn21117	=	-3.556
rxn21119	=	2.628
rxn21123	<	22.155
rxn21132	>	-18.002
rxn21134	=	-0.015
rxn21140	>	-84.180
rxn21141	=	0.199
rxn21143	=	0.000
rxn21152	=	1.588
rxn21153	=	1.588
rxn21157	>	-12.646
rxn21161	=	-3.397
rxn21162	=	0.000
rxn21163	=	-2.680
rxn21200	>	-50.324
rxn21210	=	-2.115
rxn21211	>	-17.859
rxn21212	>	-15.989
rxn21213	=	-2.114
rxn21214	>	-17.854
rxn21215	>	-8.906
rxn21216	>	-15.986
rxn21217	=	3.556
rxn21218	>	-22.865
rxn21234	>	-9.112
rxn21235	=	-1.898
rxn21239	=	-2.444
rxn21240	=	-2.444
rxn21241	=	-2.444
rxn21242	=	-2.444
rxn21243	=	-2.444
rxn21244	=	-2.444
rxn21245	=	-2.444
rxn21246	=	-4.187
rxn21247	=	-4.187
rxn21248	=	-5.931
rxn21249	=	-5.931
rxn21251	=	-3.680
rxn21253	>	-10.763
rxn21254	>	-10.763
rxn21255	>	-10.763
rxn21256	=	-4.187
rxn21257	=	-0.000
rxn21261	>	-7.676
rxn21268	>	-11.969
rxn21269	>	-15.951
rxn21273	=	-0.459
rxn21274	=	-0.459
rxn21275	>	-11.969
rxn21277	>	-15.301
rxn21280	=	1.171
rxn21285	<	12.640
rxn21286	>	-15.377
rxn21287	<	30.253
rxn21296	=	-3.813
rxn21297	<	40.937
rxn21299	>	-7.391
rxn21300	=	-2.254
rxn21308	=	-6.274
rxn21309	<	18.909
rxn21315	>	-11.155
rxn21321	>	-13.833
rxn21324	>	-68.234
rxn21325	>	-68.234
rxn21328	=	3.152
rxn21329	=	2.813
rxn21343	>	-17.672
rxn21344	>	-17.672
rxn21345	>	-17.672
rxn21346	>	-17.672
rxn21347	>	-17.672
rxn21348	>	-17.672
rxn21349	>	-17.672
rxn21353	>	-60.848
rxn21354	>	-10.196
rxn21355	<	112.559
rxn21356	=	0.000
rxn21362	>	-8.637
rxn21367	>	-7.146
rxn21371	=	-4.244
rxn21373	=	-3.343
rxn21375	=	-3.848
rxn21378	<	43.408
rxn21379	<	43.408
rxn21380	>	-7.798
rxn21400	>	-60.848
rxn21401	=	-6.043
rxn21406	<	235.338
rxn21407	=	2.182
rxn21423	=	-5.158
rxn21429	>	-8.228
rxn21430	>	-17.479
rxn21431	>	-7.641
rxn21438	>	-10.173
rxn21471	<	15.922
rxn21497	>	-68.234
rxn21501	=	-3.649
rxn21583	>	-10.456
rxn21584	>	-10.704
rxn21586	=	-3.207
rxn21589	<	17.631
rxn21591	=	0.323
rxn21592	=	0.323
rxn21593	=	2.805
rxn21594	=	-6.074
rxn21595	>	-9.866
rxn21596	>	-82.559
rxn21603	=	-4.702
rxn21604	>	-63.182
rxn21608	>	-171.046
rxn21609	>	-56.486
rxn21610	>	-47.237
rxn21613	>	-72.438
rxn21635	>	-41.404
rxn21636	>	-60.139
rxn21637	<	12.316
rxn21638	>	-51.729
rxn21639	=	-4.334
rxn21647	>	-60.139
rxn21650	<	9.157
rxn21651	>	-60.848
rxn21665	=	0.000
rxn21666	<	12.780
rxn21726	=	0.324
rxn21733	>	-17.064
rxn21734	>	-17.064
rxn21744	=	-2.308
rxn21749	>	-16.554
rxn21750	=	-1.497
rxn21751	=	-2.799
rxn21759	=	0.915
rxn21773	>	-205.901
rxn21782	=	-6.193
rxn21808	>	-67.379
rxn21829	>	-69.079
rxn21842	>	-24.594
rxn21843	>	-17.014
rxn21848	>	-11.177
rxn21852	>	-12.378
rxn21853	=	0.834
rxn21854	=	-0.835
rxn21855	=	0.835
rxn21865	>	-27.327
rxn21866	>	-27.327
rxn21868	>	-28.693
rxn21869	=	0.065
rxn21872	>	-60.139
rxn21890	=	-0.001
rxn21891	=	-2.682
rxn21893	>	-61.401
rxn21902	>	-23.900
rxn21914	>	-60.848
rxn21915	>	-60.848
rxn21916	>	-60.848
rxn21919	>	-52.749
rxn21920	>	-52.749
rxn21929	>	-73.693
rxn21936	=	-1.126
rxn21970	<	9.221
rxn22000	>	-14.119
rxn22001	>	-124.378
rxn22015	<	47.439
rxn22017	<	15.632
rxn22040	=	0.000
rxn22042	=	-2.443
rxn22043	=	-6.430
rxn22044	=	-6.430
rxn22068	=	-0.480
rxn22087	<	40.146
rxn22090	>	-238.062
rxn22091	>	-68.247
rxn22092	>	-12.556
rxn22098	=	-0.174
rxn22099	=	-0.174
rxn22100	=	-0.174
rxn22102	=	-0.174
rxn22103	=	-0.174
rxn22104	=	-0.174
rxn22108	=	-5.176
rxn22109	=	-5.176
rxn22110	=	-5.176
rxn22111	=	-5.176
rxn22112	=	-3.092
rxn22114	=	-2.101
rxn22115	=	-2.101
rxn22116	=	-2.101
rxn22117	=	-2.101
rxn22119	=	-2.122
rxn22120	=	-2.122
rxn22125	>	-63.923
rxn22126	<	128.705
rxn22130	>	-13.833
rxn22131	>	-8.639
rxn22132	>	-19.432
rxn22133	>	-19.432
rxn22149	=	-6.193
rxn22171	=	3.152
rxn22172	=	3.372
rxn22187	=	-5.171
rxn22189	>	-68.224
rxn22190	>	-14.051
rxn22219	=	5.381
rxn22221	>	-74.935
rxn22223	>	-174.722
rxn22224	>	-162.903
rxn22225	>	-52.551
rxn22279	=	3.556
rxn22280	=	-4.314
rxn22281	=	-4.314
rxn22282	>	-16.396
rxn22285	>	-58.962
rxn22287	>	-7.547
rxn22316	<	8.936
rxn22324	=	-1.331
rxn22339	=	-3.360
rxn22340	>	-7.799
rxn22341	=	-1.331
rxn22342	=	-4.316
rxn22343	=	-2.812
rxn22367	>	-37.100
rxn22368	>	-35.196
rxn22369	>	-141.671
rxn22370	=	0.000
rxn22371	>	-48.717
rxn22372	>	-109.194
rxn22376	=	1.928
rxn22377	=	2.362
rxn22381	=	-5.601
rxn22384	>	-16.970
rxn22385	=	3.096
rxn22386	>	-18.150
rxn22394	=	-4.142
rxn22400	>	-19.432
rxn22404	>	-47.029
rxn22405	<	64.447
rxn22407	=	3.225
rxn22412	=	-3.341
rxn22414	=	-3.341
rxn22416	=	-3.341
rxn22418	=	-3.341
rxn22420	=	-3.341
rxn22422	=	-3.341
rxn22467	=	0.682
rxn22476	=	3.556
rxn22477	>	-9.217
rxn22478	=	-3.698
rxn22481	=	-2.111
rxn22482	=	-2.111
rxn22483	=	-2.111
rxn22497	=	-0.207
rxn22501	=	-3.744
rxn22504	=	-3.309
rxn22505	=	-3.751
rxn22518	>	-12.650
rxn22519	>	-19.289
rxn22531	=	0.000
rxn22532	=	5.377
rxn22637	>	-79.456
rxn22638	=	-4.455
rxn22639	=	-4.455
rxn22646	>	-12.069
rxn22647	>	-12.256
rxn22648	<	45.616
rxn22651	>	-10.136
rxn22681	<	9.585
rxn22683	<	9.585
rxn22685	>	-8.647
rxn22722	=	-3.863
rxn22724	>	-32.099
rxn22728	=	-1.297
rxn22732	=	-3.744
rxn22745	>	-11.852
rxn22746	>	-11.852
rxn22752	>	-11.852
rxn22753	>	-11.852
rxn22755	>	-11.852
rxn22756	>	-11.852
rxn22757	>	-11.342
rxn22758	>	-11.342
rxn22761	=	-4.573
rxn22765	=	-2.957
rxn22766	>	-8.603
rxn22767	=	-2.957
rxn22772	>	-77.104
rxn22774	=	-3.673
rxn22781	>	-9.397
rxn22782	=	1.180
rxn22783	=	-1.088
rxn22784	<	420.958
rxn22787	>	-8.866
rxn22791	>	-8.499
rxn22815	>	-157.803
rxn22816	>	-155.066
rxn22817	>	-8.804
rxn22818	=	-2.672
rxn22822	=	0.647
rxn22823	=	-3.795
rxn22826	=	1.172
rxn22827	=	2.208
rxn22830	=	-5.204
rxn22858	=	-6.700
rxn22862	>	-74.888
rxn22863	>	-99.850
rxn22873	=	-3.216
rxn22874	=	0.917
rxn22887	>	-60.137
rxn22908	>	-68.394
rxn22913	=	0.335
rxn22914	<	65.314
rxn22946	>	-19.432
rxn22947	>	-165.644
rxn22959	>	-9.462
rxn22960	=	0.093
rxn22961	>	-20.356
rxn22962	>	-48.024
rxn22966	=	0.000
rxn22967	=	0.000
rxn22970	<	10.741
rxn22972	>	-41.636
rxn22973	>	-41.636
rxn22979	>	-61.413
rxn22980	=	-5.022
rxn22981	=	-5.765
rxn22984	=	-0.986
rxn22988	=	-2.346
rxn23000	<	10.218
rxn23001	<	11.303
rxn23009	=	-1.789
rxn23010	<	8.213
rxn23011	>	-16.447
rxn23014	=	3.556
rxn23019	=	-5.546
rxn23024	>	-44.606
rxn23042	>	-8.295
rxn23043	>	-11.210
rxn23044	>	-26.218
rxn23045	>	-18.452
rxn23048	=	-5.124
rxn23055	>	-7.959
rxn23058	=	2.515
rxn23064	>	-7.491
rxn23065	>	-7.608
rxn23070	=	2.836
rxn23071	=	2.836
rxn23076	>	-13.789
rxn23078	<	11.599
rxn23079	=	-0.001
rxn23080	=	3.572
rxn23081	<	10.741
rxn23082	<	10.741
rxn23083	=	-0.001
rxn23086	>	-9.251
rxn23088	=	-0.001
rxn23094	>	-8.401
rxn23095	=	3.239
rxn23098	<	12.379
rxn23104	=	-0.834
rxn23106	=	-0.834
rxn23108	=	-0.835
rxn23109	=	0.000
rxn23111	>	-11.128
rxn23117	>	-60.139
rxn23118	=	-1.789
rxn23126	=	-6.022
rxn23129	=	-0.309
rxn23130	<	12.398
rxn23132	=	-0.040
rxn23134	=	-0.070
rxn23135	=	-0.070
rxn23136	=	0.002
rxn23140	>	-34.524
rxn23141	>	-34.252
rxn23142	>	-34.252
rxn23143	>	-34.252
rxn23149	=	-1.789
rxn23150	=	-0.834
rxn23155	=	0.000
rxn23156	<	10.463
rxn23157	<	10.463
rxn23159	=	0.000
rxn23160	=	4.606
rxn23163	>	-62.169
rxn23164	=	-5.259
rxn23167	=	-1.549
rxn23168	=	-6.649
rxn23170	=	-1.586
rxn23174	>	-26.943
rxn23191	=	-6.600
rxn23192	=	-6.631
rxn23196	>	-127.790
rxn23197	>	-60.139
rxn23198	>	-8.891
rxn23199	=	3.556
rxn23213	=	5.426
rxn23215	=	-1.944
rxn23232	>	-112.161
rxn23233	>	-9.238
rxn23235	>	-52.978
rxn23236	=	-4.892
rxn23238	>	-7.391
rxn23244	=	-5.463
rxn23248	>	-62.851
rxn23252	=	-0.834
rxn23255	=	-0.834
rxn23260	<	17.224
rxn23266	=	1.992
rxn23269	<	12.965
rxn23275	=	3.470
rxn23279	>	-79.553
rxn23285	=	1.760
rxn23286	=	-1.789
rxn23288	>	-14.056
rxn23289	>	-13.438
rxn23290	>	-14.164
rxn23291	>	-14.164
rxn23292	>	-34.732
rxn23293	>	-35.196
rxn23294	>	-141.670
rxn23298	>	-13.438
rxn23299	>	-14.164
rxn23302	>	-13.438
rxn23303	>	-14.164
rxn23305	>	-34.732
rxn23306	>	-35.196
rxn23307	>	-141.670
rxn23319	>	-34.732
rxn23320	>	-35.195
rxn23321	>	-141.670
rxn23322	>	-34.732
rxn23323	>	-35.195
rxn23324	>	-141.670
rxn23325	>	-35.196
rxn23326	>	-141.670
rxn23327	>	-34.732
rxn23329	=	4.206
rxn23343	>	-52.749
rxn23346	>	-6.997
rxn23347	>	-7.385
rxn23348	<	9.425
rxn23355	>	-15.254
rxn23360	<	21.269
rxn23361	=	-5.488
rxn23362	=	4.559
rxn23363	=	2.835
rxn23366	=	-4.937
rxn23371	>	-16.829
rxn23373	>	-15.989
rxn23374	>	-8.890
rxn23375	>	-34.999
rxn23376	>	-22.553
rxn23377	>	-35.326
rxn23378	=	-6.265
rxn23383	>	-10.636
rxn23384	=	3.556
rxn23385	>	-34.999
rxn23398	>	-41.083
rxn23402	=	-3.065
rxn23403	=	-4.650
rxn23404	=	-5.023
rxn23405	>	-7.226
rxn23406	=	1.045
rxn23407	>	-57.607
rxn23410	>	-57.607
rxn23411	>	-7.648
rxn23413	>	-11.894
rxn23414	>	-11.948
rxn23415	=	0.000
rxn23417	=	4.190
rxn23418	=	-5.009
rxn23419	=	1.386
rxn23420	=	-5.375
rxn23421	=	-3.048
rxn23422	=	-3.063
rxn23423	>	-68.307
rxn23425	>	-68.229
rxn23427	>	-65.937
rxn23430	>	-94.924
rxn23433	=	-3.307
rxn23435	>	-22.561
rxn23436	<	60.949
rxn23437	<	60.949
rxn23441	>	-60.218
rxn23442	>	-81.227
rxn23443	=	2.106
rxn23444	=	-3.036
rxn23445	>	-26.944
rxn23446	>	-15.697
rxn23447	>	-13.215
rxn23449	>	-35.703
rxn23454	<	11.270
rxn23455	<	11.388
rxn23456	<	14.636
rxn23461	<	13.427
rxn23463	>	-7.522
rxn23464	>	-13.503
rxn23465	=	0.498
rxn23469	=	4.605
rxn23478	>	-65.290
rxn23479	=	3.157
rxn23485	=	-2.703
rxn23486	=	-3.293
rxn23487	>	-10.598
rxn23488	=	-5.348
rxn23489	=	-4.707
rxn23490	>	-16.212
rxn23492	>	-15.306
rxn23494	=	0.903
rxn23496	>	-55.911
rxn23498	>	-55.911
rxn23499	>	-55.402
rxn23502	>	-55.911
rxn23510	>	-25.681
rxn23511	=	-5.943
rxn23517	=	0.746
rxn23518	=	0.746
rxn23524	=	-3.341
rxn23525	=	-3.343
rxn23530	=	3.153
rxn23531	=	3.153
rxn23534	=	3.153
rxn23535	=	3.153
rxn23536	=	3.153
rxn23544	>	-16.486
rxn23545	>	-16.486
rxn23551	=	0.091
rxn23552	=	0.091
rxn23553	=	0.091
rxn23554	=	0.091
rxn23555	=	0.091
rxn23556	=	0.091
rxn23557	=	0.091
rxn23558	=	0.091
rxn23559	=	0.091
rxn23560	=	0.091
rxn23561	=	3.153
rxn23562	=	3.153
rxn23563	=	3.153
rxn23564	=	3.153
rxn23565	=	-0.174
rxn23566	=	-0.174
rxn23567	<	11.342
rxn23568	<	11.342
rxn23569	<	11.342
rxn23570	<	11.342
rxn23579	=	0.091
rxn23580	=	0.091
rxn23581	>	-21.401
rxn23582	>	-62.314
rxn23583	>	-62.314
rxn23587	=	-0.411
rxn23588	=	-0.411
rxn23589	=	-3.523
rxn23590	<	74.164
rxn23595	<	327.039
rxn23598	>	-63.182
rxn23599	>	-147.276
rxn23602	>	-68.238
rxn23603	>	-72.451
rxn23604	>	-88.316
rxn23605	>	-72.449
rxn23606	>	-88.330
rxn23608	>	-71.432
rxn23613	>	-71.676
rxn23621	>	-70.450
rxn23627	=	0.012
rxn23628	=	-2.930
rxn23629	>	-17.491
rxn23634	=	3.141
rxn23644	>	-83.108
rxn23645	<	13.425
rxn23647	=	2.073
rxn23648	=	-0.981
rxn23649	=	-3.530
rxn23650	=	-1.795
rxn23652	=	5.348
rxn23654	>	-14.835
rxn23656	>	-131.124
rxn23662	<	10.427
rxn23664	<	9.969
rxn23665	=	-6.552
rxn23667	=	-4.605
rxn23668	=	-1.017
rxn23677	=	1.811
rxn23678	=	1.811
rxn23681	=	1.811
rxn23682	=	1.811
rxn23684	=	1.811
rxn23700	>	-17.860
rxn23701	>	-87.388
rxn23702	>	-10.140
rxn23705	=	3.942
rxn23710	>	-62.347
rxn23720	=	-2.806
rxn23721	=	-6.193
rxn23730	>	-14.324
rxn23731	=	-0.832
rxn23736	=	-2.792
rxn23737	=	-2.792
rxn23738	=	-2.792
rxn23739	=	-1.348
rxn23740	=	-1.348
rxn23741	=	-1.348
rxn23749	>	-9.691
rxn23750	>	-9.691
rxn23753	>	-16.847
rxn23754	=	-3.153
rxn23755	>	-16.554
rxn23757	=	2.398
rxn23758	=	3.153
rxn23759	>	-12.641
rxn23760	>	-12.641
rxn23761	=	-6.089
rxn23762	>	-68.256
rxn23763	>	-12.587
rxn23766	=	0.000
rxn23772	=	3.556
rxn23773	>	-9.217
rxn23777	>	-16.554
rxn23779	=	-5.345
rxn23781	>	-86.072
rxn23783	=	3.961
rxn23785	>	-8.961
rxn23791	>	-97.774
rxn23793	>	-14.691
rxn23796	>	-18.744
rxn23797	=	-5.177
rxn23798	>	-25.647
rxn23799	>	-25.645
rxn23800	=	-5.178
rxn23801	>	-68.234
rxn23802	>	-68.234
rxn23803	=	3.593
rxn23804	>	-18.744
rxn23805	=	-5.177
rxn23806	=	-5.177
rxn23815	>	-26.556
rxn23816	=	-0.718
rxn23817	=	-3.409
rxn23818	=	-6.193
rxn23822	=	-5.762
rxn23830	>	-119.224
rxn23831	>	-76.609
rxn23832	>	-119.357
rxn23837	>	-12.379
rxn23838	>	-11.992
rxn23839	>	-7.641
rxn23848	>	-62.343
rxn23849	>	-16.113
rxn23850	>	-9.693
rxn23851	=	-6.884
rxn23855	<	12.098
rxn23856	>	-57.661
rxn23857	>	-57.661
rxn23858	>	-57.661
rxn23859	<	7.130
rxn23860	>	-48.391
rxn23863	=	3.321
rxn23864	>	-7.183
rxn23865	>	-10.335
rxn23867	>	-16.525
rxn23869	=	1.188
rxn23870	=	0.015
rxn23871	>	-8.850
rxn23873	>	-68.243
rxn23874	>	-68.243
rxn23875	>	-68.251
rxn23876	>	-68.251
rxn23877	>	-68.275
rxn23878	>	-68.275
rxn23882	<	22.031
rxn23885	=	-2.112
rxn23886	>	-8.638
rxn23895	=	-1.426
rxn23896	>	-7.167
rxn23897	>	-10.372
rxn23898	=	-4.621
rxn23911	>	-60.918
rxn23921	>	-12.050
rxn23922	>	-12.902
rxn23923	>	-12.902
rxn23924	=	-6.863
rxn23925	=	-6.863
rxn23926	>	-7.099
rxn23927	>	-7.099
rxn23928	=	-1.426
rxn23931	=	-4.621
rxn23951	>	-86.523
rxn23952	>	-34.256
rxn23953	>	-16.782
rxn23954	>	-16.783
rxn23955	>	-75.026
rxn23956	>	-72.811
rxn23957	>	-7.099
rxn23960	>	-34.253
rxn23961	>	-75.847
rxn23963	=	1.289
rxn23964	=	1.289
rxn23965	=	1.289
rxn23966	=	2.908
rxn23970	=	1.289
rxn23972	>	-11.633
rxn23973	>	-7.319
rxn23974	>	-10.017
rxn23975	=	3.414
rxn23978	=	-3.455
rxn23979	=	-3.197
rxn23980	=	-5.204
rxn23981	=	-3.455
rxn23982	=	-3.197
rxn23985	=	-5.204
rxn23986	=	-3.455
rxn23987	=	-3.197
rxn23988	=	-3.455
rxn23989	=	-3.197
rxn23992	=	-3.455
rxn23993	=	-3.197
rxn23996	=	-3.455
rxn23997	=	-3.197
rxn24000	=	-3.455
rxn24001	=	-3.197
rxn24002	=	-5.204
rxn24007	=	3.296
rxn24010	>	-16.491
rxn24012	>	-62.314
rxn24013	>	-62.314
rxn24014	>	-62.314
rxn24015	>	-62.314
rxn24021	>	-139.981
rxn24022	>	-135.260
rxn24023	>	-19.432
rxn24024	>	-127.790
rxn24030	=	-3.343
rxn24033	>	-11.634
rxn24036	>	-33.183
rxn24037	>	-33.183
rxn24038	>	-35.195
rxn24039	>	-35.195
rxn24040	>	-141.670
rxn24041	>	-141.670
rxn24042	=	0.000
rxn24043	=	0.000
rxn24045	>	-61.508
rxn24046	>	-113.722
rxn24047	>	-119.124
rxn24048	>	-16.781
rxn24049	>	-16.781
rxn24050	>	-16.781
rxn24051	>	-16.781
rxn24052	>	-75.031
rxn24054	>	-14.056
rxn24055	>	-51.084
rxn24058	=	0.834
rxn24059	=	-5.099
rxn24060	<	10.741
rxn24062	<	10.741
rxn24063	=	3.310
rxn24064	<	18.149
rxn24067	>	-8.228
rxn24068	>	-8.228
rxn24069	>	-10.888
rxn24102	>	-12.314
rxn24104	=	-2.109
rxn24105	<	45.095
rxn24108	=	-6.697
rxn24109	=	-6.107
rxn24118	=	-3.110
rxn24123	>	-62.314
rxn24124	>	-62.314
rxn24132	>	-8.251
rxn24133	=	-0.464
rxn24134	>	-22.653
rxn24135	<	10.164
rxn24136	<	10.164
rxn24138	>	-49.679
rxn24140	>	-137.592
rxn24141	>	-137.592
rxn24142	=	-4.900
rxn24144	=	0.001
rxn24149	<	18.009
rxn24150	=	1.079
rxn24152	>	-9.396
rxn24153	=	-4.323
rxn24155	>	-52.243
rxn24156	>	-16.145
rxn24157	>	-16.145
rxn24165	=	-3.036
rxn24166	=	-0.001
rxn24171	=	-0.001
rxn24172	<	10.741
rxn24175	=	3.311
rxn24177	=	-6.811
rxn24178	=	1.246
rxn24185	>	-19.060
rxn24194	>	-66.805
rxn24195	=	-2.107
rxn24197	<	10.536
rxn24198	<	9.222
rxn24199	<	9.214
rxn24200	=	-2.121
rxn24201	=	-2.115
rxn24202	=	-0.807
rxn24207	>	-9.246
rxn24212	=	1.282
rxn24213	=	1.282
rxn24215	=	0.000
rxn24224	>	-10.921
rxn24225	=	-3.336
rxn24227	=	-3.341
rxn24228	=	-3.083
rxn24230	>	-11.148
rxn24231	>	-11.130
rxn24244	>	-7.642
rxn24248	>	-16.840
rxn24249	>	-16.835
rxn24251	=	-6.295
rxn24252	=	-6.295
rxn24253	=	-6.295
rxn24254	=	-6.295
rxn24255	>	-7.603
rxn24258	>	-52.749
rxn24259	=	-2.370
rxn24262	<	32.047
rxn24263	>	-16.886
rxn24278	=	0.000
rxn24285	=	0.724
rxn24286	=	-1.852
rxn24287	>	-9.183
rxn24291	=	-3.847
rxn24292	>	-134.259
rxn24296	=	0.000
rxn24297	=	-5.543
rxn24298	>	-68.297
rxn24299	>	-43.864
rxn24300	>	-44.172
rxn24301	>	-68.729
rxn24302	>	-68.084
rxn24304	=	-3.792
rxn24305	=	-3.348
rxn24306	=	-6.712
rxn24308	=	2.381
rxn24310	>	-17.672
rxn24311	>	-17.672
rxn24312	=	-5.171
rxn24313	=	-2.582
rxn24314	>	-60.215
rxn24315	<	17.165
rxn24318	=	3.572
rxn24319	=	-0.001
rxn24320	=	-0.001
rxn24323	=	-6.426
rxn24324	=	6.266
rxn24325	=	5.526
rxn24327	=	-4.035
rxn24328	>	-15.330
rxn24329	=	-2.100
rxn24330	=	-0.624
rxn24333	<	10.741
rxn24341	=	-3.152
rxn24342	=	-0.536
rxn24344	=	-6.790
rxn24345	=	-6.790
rxn24346	=	1.725
rxn24347	>	-44.342
rxn24348	>	-68.234
rxn24349	>	-44.332
rxn24350	>	-62.340
rxn24351	<	16.519
rxn24352	=	3.556
rxn24353	=	3.556
rxn24354	>	-10.685
rxn24355	>	-10.685
rxn24356	>	-10.685
rxn24367	<	10.741
rxn24368	<	10.738
rxn24375	=	-0.001
rxn24376	=	-3.008
rxn24377	=	-3.008
rxn24378	>	-46.874
rxn24379	=	-1.875
rxn24380	=	-1.596
rxn24381	>	-22.131
rxn24382	=	3.556
rxn24383	=	3.556
rxn24384	=	3.556
rxn24391	=	-0.174
rxn24403	=	3.556
rxn24404	>	-9.148
rxn24405	=	3.556
rxn24406	=	3.556
rxn24413	=	-5.206
rxn24414	>	-12.793
rxn24415	>	-16.466
rxn24416	<	10.737
rxn24417	=	2.144
rxn24418	=	3.549
rxn24419	=	-3.204
rxn24420	>	-35.196
rxn24421	>	-141.663
rxn24423	=	-2.106
rxn24424	=	-2.107
rxn24425	>	-10.887
rxn24427	=	-5.206
rxn24428	=	-3.343
rxn24434	>	-8.431
rxn24435	=	-2.110
rxn24436	>	-16.822
rxn24440	=	-2.418
rxn24454	>	-11.292
rxn24457	>	-16.894
rxn24458	>	-16.871
rxn24459	>	-16.873
rxn24460	>	-16.888
rxn24461	<	36.478
rxn24462	=	-3.268
rxn24463	<	12.912
rxn24469	>	-10.668
rxn24477	>	-14.930
rxn24478	>	-17.061
rxn24479	>	-127.393
rxn24482	=	-6.719
rxn24483	=	-6.714
rxn24485	>	-17.061
rxn24487	=	-0.598
rxn24496	>	-99.850
rxn24498	>	-99.850
rxn24515	>	-55.232
rxn24516	=	3.529
rxn24522	>	-15.910
rxn24523	>	-15.910
rxn24542	>	-49.507
rxn24543	>	-49.507
rxn24546	>	-49.507
rxn24547	>	-49.507
rxn24548	>	-26.777
rxn24549	>	-26.777
rxn24561	>	-68.227
rxn24562	>	-68.227
rxn24563	>	-7.827
rxn24574	=	-6.077
rxn24576	>	-58.962
rxn24578	>	-48.917
rxn24579	>	-65.935
rxn24580	>	-60.140
rxn24581	>	-67.147
rxn24582	>	-20.639
rxn24583	<	11.195
rxn24594	>	-22.154
rxn24595	=	-1.189
rxn24596	=	-1.457
rxn24597	=	-3.510
rxn24598	=	-4.464
rxn24600	>	-62.314
rxn24602	>	-62.314
rxn24603	=	-2.665
rxn24605	>	-35.000
rxn24636	>	-17.672
rxn24655	=	0.211
rxn24660	>	-16.058
rxn24661	>	-15.801
rxn24662	=	-1.937
rxn24663	<	8.609
rxn24664	=	-3.341
rxn24665	=	-3.341
rxn24666	=	-3.341
rxn24667	>	-19.976
rxn24668	>	-9.221
rxn24680	>	-60.140
rxn24681	=	-0.018
rxn24689	=	-0.886
rxn24690	>	-10.533
rxn24692	>	-11.719
rxn24705	>	-120.326
rxn24706	>	-18.960
rxn24707	>	-15.979
rxn24708	>	-10.809
rxn24714	>	-99.850
rxn24716	<	9.547
rxn24718	>	-75.364
rxn24720	>	-51.765
rxn24726	=	-2.006
rxn24749	=	2.679
rxn24750	=	-1.572
rxn24751	=	0.290
rxn24752	=	-0.871
rxn24753	=	0.356
rxn24754	=	-1.282
rxn24826	=	0.000
rxn24845	>	-60.918
rxn24852	>	-16.553
rxn24853	>	-16.553
rxn24858	>	-8.174
rxn24875	>	-16.897
rxn24876	>	-16.897
rxn24877	>	-72.949
rxn24878	>	-72.949
rxn24879	>	-35.902
rxn24880	>	-79.766
rxn24881	>	-79.766
rxn24882	=	0.000
rxn24895	>	-9.932
rxn24896	>	-24.831
rxn24899	=	-1.609
rxn24910	>	-19.432
rxn24911	>	-19.432
rxn24915	>	-73.676
rxn24917	>	-79.079
rxn24919	>	-29.414
rxn24920	=	-2.950
rxn24921	=	-3.673
rxn24927	>	-17.444
rxn24928	=	1.572
rxn24929	>	-13.313
rxn24932	>	-11.130
rxn24934	>	-118.817
rxn24935	>	-118.817
rxn24936	>	-11.130
rxn24938	>	-118.922
rxn24939	>	-118.922
rxn24940	=	2.602
rxn24941	>	-8.938
rxn24942	>	-11.325
rxn24943	>	-98.377
rxn24945	=	0.538
rxn24946	=	-5.204
rxn24948	=	0.212
rxn24949	=	-5.204
rxn24951	=	0.212
rxn24952	=	-5.204
rxn24954	=	-3.341
rxn24956	>	-18.128
rxn24957	>	-18.066
rxn24958	>	-11.127
rxn24959	>	-69.227
rxn24966	>	-65.730
rxn24969	>	-77.104
rxn24971	>	-127.790
rxn24980	>	-60.140
rxn24983	>	-77.104
rxn24985	=	-0.000
rxn24991	>	-60.140
rxn24994	>	-77.104
rxn24995	>	-123.892
rxn24996	>	-172.172
rxn24997	>	-179.404
rxn24998	>	-177.574
rxn24999	>	-19.432
rxn25000	>	-19.432
rxn25003	>	-180.125
rxn25006	>	-278.944
rxn25009	>	-19.432
rxn25012	>	-51.084
rxn25013	>	-19.432
rxn25016	>	-180.125
rxn25017	>	-180.125
rxn25019	>	-174.722
rxn25026	>	-180.125
rxn25030	>	-19.432
rxn25031	>	-19.432
rxn25033	>	-19.432
rxn25037	>	-52.551
rxn25038	>	-52.551
rxn25039	>	-166.842
rxn25046	=	3.179
rxn25047	=	3.152
rxn25048	>	-63.840
rxn25050	>	-7.377
rxn25051	>	-7.377
rxn25052	=	3.675
rxn25054	=	0.000
rxn25058	>	-83.449
rxn25059	>	-87.400
rxn25063	>	-65.314
rxn25064	=	-6.104
rxn25067	=	0.000
rxn25068	<	65.314
rxn25069	=	-6.104
rxn25071	=	0.904
rxn25072	=	-3.213
rxn25073	>	-52.918
rxn25074	>	-52.918
rxn25075	=	0.035
rxn25079	>	-63.056
rxn25080	>	-36.982
rxn25081	>	-36.980
rxn25082	>	-53.860
rxn25095	=	-6.365
rxn25099	=	-6.245
rxn25100	=	-6.296
rxn25101	=	-0.099
rxn25102	=	-0.204
rxn25103	=	-0.050
rxn25113	>	-68.231
rxn25114	=	-2.116
rxn25115	>	-62.314
rxn25119	=	-3.534
rxn25121	>	-17.806
rxn25122	>	-72.269
rxn25123	>	-8.708
rxn25132	<	21.129
rxn25133	=	-5.811
rxn25135	=	3.556
rxn25136	=	2.575
rxn25140	=	-3.991
rxn25163	=	-0.472
rxn25164	=	-1.318
rxn25165	=	-1.318
rxn25166	>	-8.094
rxn25168	>	-62.746
rxn25169	>	-21.565
rxn25171	>	-17.428
rxn25183	>	-61.501
rxn25186	>	-12.156
rxn25191	=	0.000
rxn25192	>	-12.156
rxn25201	=	-6.843
rxn25203	=	-1.889
rxn25213	=	-5.204
rxn25216	=	-4.244
rxn25218	=	-3.556
rxn25223	=	-0.076
rxn25226	=	-0.078
rxn25231	<	25.037
rxn25233	>	-17.064
rxn25235	>	-60.140
rxn25239	=	4.137
rxn25240	>	-14.056
rxn25242	<	9.974
rxn25243	=	-2.119
rxn25244	<	59.354
rxn25245	=	-3.318
rxn25249	=	-5.992
rxn25253	>	-12.004
rxn25258	>	-18.531
rxn25259	>	-16.062
rxn25260	>	-68.759
rxn25268	=	0.000
rxn25272	=	2.151
rxn25273	=	-6.118
rxn25274	=	-0.185
rxn25275	=	-0.185
rxn25276	=	-3.033
rxn25277	=	-3.033
rxn25278	=	-0.001
rxn25279	=	-1.151
rxn25281	=	-4.899
rxn25282	>	-20.567
rxn25285	>	-11.121
rxn25286	=	-2.991
rxn25287	=	-2.991
rxn25312	=	-2.114
rxn25317	>	-194.438
rxn25382	>	-18.865
rxn25383	>	-29.149
rxn25384	>	-29.513
rxn25385	>	-43.346
rxn25386	=	0.000
rxn25387	>	-19.520
rxn25389	=	-2.954
rxn25390	=	-2.953
rxn25393	=	-3.122
rxn25396	=	-5.300
rxn25398	=	5.719
rxn25399	=	-5.204
rxn25402	=	0.330
rxn25433	=	-0.785
rxn25434	>	-12.965
rxn25446	>	-17.672
rxn25447	=	-5.171
rxn25448	=	-5.171
rxn25453	=	-5.093
rxn25456	=	-5.171
rxn25457	=	-6.694
rxn25458	>	-68.228
rxn25459	>	-68.225
rxn25460	>	-68.224
rxn25461	=	-6.694
rxn25462	>	-68.228
rxn25463	>	-68.225
rxn25465	=	-2.122
rxn25466	>	-68.228
rxn25467	<	13.356
rxn25469	>	-68.224
rxn25470	=	-1.847
rxn25474	>	-68.233
rxn25475	>	-79.697
rxn25476	>	-68.233
rxn25477	=	-2.101
rxn25478	=	-2.101
rxn25479	=	-6.698
rxn25480	=	-6.698
rxn25481	=	-6.698
rxn25482	>	-68.233
rxn25483	=	-6.698
rxn25490	>	-8.891
rxn25492	>	-29.129
rxn25493	>	-12.463
rxn25494	>	-12.463
rxn25495	=	-2.115
rxn25497	<	10.760
rxn25518	=	-5.171
rxn25519	=	-5.171
rxn25520	=	-5.171
rxn25521	>	-29.811
rxn25522	=	-5.171
rxn25524	=	-3.341
rxn25526	<	9.220
rxn25527	=	-0.380
rxn25528	<	235.264
rxn25529	<	237.295
rxn25530	>	-9.193
rxn25536	=	-0.835
rxn25537	>	-52.749
rxn25538	>	-19.624
rxn25539	>	-19.624
rxn25540	>	-19.624
rxn25541	>	-52.749
rxn25542	>	-52.749
rxn25543	<	47.463
rxn25544	<	47.463
rxn25546	<	47.463
rxn25547	=	3.152
rxn25548	=	0.030
rxn25550	>	-84.023
rxn25552	<	47.463
rxn25553	<	47.463
rxn25554	<	73.652
rxn25555	<	73.652
rxn25556	>	-52.749
rxn25557	>	-52.749
rxn25558	>	-31.170
rxn25561	=	3.152
rxn25562	=	0.030
rxn25571	>	-52.749
rxn25582	>	-7.215
rxn25591	>	-62.314
rxn25599	>	-64.609
rxn25600	<	80.832
rxn25605	>	-60.848
rxn25606	>	-60.848
rxn25607	>	-60.848
rxn25608	>	-60.848
rxn25609	=	3.152
rxn25610	=	3.152
rxn25611	>	-88.920
rxn25615	>	-12.604
rxn25617	>	-6.957
rxn25618	>	-8.195
rxn25619	>	-65.639
rxn25620	>	-14.254
rxn25621	>	-149.817
rxn25629	>	-11.132
rxn25630	>	-10.874
rxn25631	=	-2.012
rxn25632	=	-2.011
rxn25633	>	-52.336
rxn25634	>	-52.336
rxn25636	=	-4.190
rxn25650	=	3.153
rxn25651	=	-0.174
rxn25652	<	11.342
rxn25664	>	-15.651
rxn25668	=	-3.905
rxn25677	=	-0.833
rxn25679	>	-13.200
rxn25680	>	-6.968
rxn25697	=	-3.174
rxn25701	>	-105.297
rxn25702	=	-4.811
rxn25705	>	-15.330
rxn25706	=	-2.119
rxn25709	>	-12.640
rxn25710	>	-12.640
rxn25711	>	-12.641
rxn25712	>	-12.641
rxn25713	>	-12.640
rxn25721	>	-34.418
rxn25722	>	-34.418
rxn25725	>	-35.195
rxn25726	>	-35.195
rxn25727	>	-141.670
rxn25728	>	-141.670
rxn25729	=	0.000
rxn25730	=	0.000
rxn25731	>	-10.142
rxn25732	>	-61.508
rxn25733	=	-2.901
rxn25734	=	-1.789
rxn25735	=	0.091
rxn25736	=	0.091
rxn25753	>	-12.641
rxn25754	>	-12.641
rxn25762	=	-2.497
rxn25763	>	-8.228
rxn25768	>	-35.902
rxn25769	>	-17.811
rxn25782	=	3.837
rxn25795	=	0.415
rxn25796	=	1.545
rxn25797	>	-50.047
rxn25798	>	-50.047
rxn25799	=	0.871
rxn25819	>	-8.564
rxn25820	>	-8.564
rxn25824	<	31.455
rxn25826	>	-29.954
rxn25827	>	-44.827
rxn25829	>	-10.515
rxn25844	=	3.152
rxn25845	=	3.152
rxn25846	=	-6.689
rxn25847	=	3.556
rxn25848	>	-9.217
rxn25851	>	-60.140
rxn25852	<	10.427
rxn25853	>	-60.140
rxn25854	=	-2.046
rxn25855	=	-1.874
rxn25866	<	9.221
rxn25876	<	11.845
rxn25885	=	1.488
rxn25886	=	1.488
rxn25891	=	-5.897
rxn25892	=	-6.691
rxn25896	>	-53.801
rxn25897	>	-68.242
rxn25898	>	-8.128
rxn25899	=	-6.908
rxn25915	>	-16.554
rxn25933	>	-28.938
rxn25934	>	-60.244
rxn25943	=	-3.157
rxn25946	<	47.463
rxn25947	=	3.008
rxn25948	=	3.008
rxn25949	>	-31.170
rxn25950	>	-64.672
rxn25957	=	-6.772
rxn25958	=	-4.648
rxn25959	>	-19.625
rxn25961	=	0.845
rxn25962	>	-10.850
rxn25963	>	-8.039
rxn25964	<	45.798
rxn25965	<	45.798
rxn25970	=	-1.894
rxn25971	<	43.432
rxn25973	=	0.650
rxn25975	=	-2.444
rxn25985	>	-18.279
rxn25989	>	-59.934
rxn25990	=	-1.827
rxn25991	>	-8.637
rxn26000	=	-5.294
rxn26001	=	-5.294
rxn26013	>	-9.029
rxn26021	=	-0.370
rxn26026	>	-79.759
rxn26029	>	-81.510
rxn26035	<	16.253
rxn26038	=	-0.325
rxn26051	>	-11.950
rxn26064	<	46.933
rxn26065	>	-7.688
rxn26066	>	-9.110
rxn26067	>	-8.879
rxn26070	>	-233.806
rxn26073	<	50.912
rxn26077	=	-3.225
rxn26078	=	-3.225
rxn26079	=	0.898
rxn26080	=	-2.365
rxn26081	>	-12.969
rxn26100	>	-7.395
rxn26101	=	-2.745
rxn26123	=	-3.556
rxn26127	=	0.742
rxn26128	>	-7.736
rxn26129	>	-9.218
rxn26130	>	-8.082
rxn26135	=	-0.835
rxn26140	=	0.205
rxn26141	=	0.205
rxn26142	>	-8.545
rxn26143	=	-5.206
rxn26144	=	-3.224
rxn26146	=	3.249
rxn26151	>	-14.447
rxn26152	>	-7.150
rxn26154	=	1.621
rxn26155	<	13.355
rxn26156	<	16.264
rxn26179	<	8.789
rxn26238	>	-22.023
rxn26266	<	9.192
rxn26267	>	-36.692
rxn26268	>	-34.953
rxn26290	>	-48.623
rxn26299	<	8.571
rxn26300	=	0.000
rxn26301	>	-7.188
rxn26305	=	0.000
rxn26306	=	0.587
rxn26307	=	0.000
rxn26308	>	-13.234
rxn26310	=	4.328
rxn26312	=	-5.020
rxn26313	>	-20.418
rxn26314	<	63.233
rxn26329	>	-12.640
rxn26330	=	0.000
rxn26331	=	0.174
rxn26332	>	-7.641
rxn26348	>	-11.407
rxn26350	=	-2.940
rxn26352	>	-17.950
rxn26362	=	-0.075
rxn26376	=	-0.120
rxn26379	=	3.562
rxn26380	>	-21.090
rxn26392	<	15.190
rxn26393	<	24.617
rxn26395	>	-10.614
rxn26396	>	-12.347
rxn26410	=	-3.556
rxn26411	<	12.022
rxn26414	=	-3.345
rxn26434	>	-9.165
rxn26435	=	-3.799
rxn26436	=	-2.994
rxn26439	=	0.659
rxn26440	>	-11.336
rxn26441	>	-11.336
rxn26443	<	8.021
rxn26446	>	-24.033
rxn26447	>	-14.597
rxn26454	>	-11.788
rxn26456	>	-8.622
rxn26457	>	-18.093
rxn26458	>	-18.093
rxn26460	>	-63.547
rxn26464	=	-6.446
rxn26480	<	12.597
rxn26481	<	12.596
rxn26485	>	-56.319
rxn26486	>	-55.916
rxn26503	>	-48.917
rxn26505	>	-58.962
rxn26506	>	-58.962
rxn26509	=	-0.001
rxn26510	=	-0.001
rxn26512	<	10.741
rxn26515	=	-0.001
rxn26517	=	0.000
rxn26524	<	22.142
rxn26529	<	36.486
rxn26555	=	-6.452
rxn26656	<	7.398
rxn26683	>	-55.270
rxn26729	>	-9.559
rxn26731	=	-2.122
rxn26732	=	-2.122
rxn26734	>	-68.225
rxn26735	>	-68.225
rxn26736	>	-97.781
rxn26737	>	-97.781
rxn26738	>	-60.857
rxn26743	=	3.548
rxn26744	=	1.192
rxn26745	=	1.192
rxn26746	<	9.504
rxn26747	>	-68.233
rxn26759	=	1.369
rxn26760	=	2.603
rxn26761	=	-2.110
rxn26772	=	-1.881
rxn26774	=	-0.668
rxn26775	>	-11.149
rxn26776	>	-76.980
rxn26777	>	-76.980
rxn26782	>	-60.140
rxn26783	>	-60.140
rxn26784	>	-67.147
rxn26785	>	-67.147
rxn26786	>	-89.491
rxn26787	>	-89.491
rxn26788	=	-2.886
rxn26789	=	-2.886
rxn26846	=	0.834
rxn26847	=	0.834
rxn26848	>	-67.075
rxn26849	>	-67.075
rxn26880	=	0.834
rxn26881	=	0.834
rxn26888	=	2.886
rxn26889	=	2.886
rxn26890	>	-10.685
rxn26891	=	-4.796
rxn26898	=	-2.886
rxn26900	>	-60.140
rxn26909	>	-67.147
rxn26918	>	-77.104
rxn26927	=	-6.651
rxn26931	=	0.834
rxn26965	=	0.834
rxn26966	=	0.834
rxn26967	=	2.886
rxn26970	>	-57.491
rxn26971	>	-62.851
rxn26972	>	-46.084
rxn26973	=	-2.546
rxn26980	=	-0.835
rxn26981	=	0.000
rxn26982	=	-0.835
rxn26983	=	0.000
rxn26984	>	-62.851
rxn26985	>	-60.140
rxn26986	>	-62.314
rxn26987	>	-60.140
rxn26988	>	-62.314
rxn26989	>	-60.140
rxn26990	>	-67.147
rxn26999	=	-1.419
rxn27000	>	-17.868
rxn27001	=	-2.119
rxn27002	>	-58.217
rxn27003	=	-2.777
rxn27004	=	-6.763
rxn27005	=	1.637
rxn27009	=	0.960
rxn27010	>	-11.149
rxn27013	=	-5.345
rxn27030	>	-14.758
rxn27031	>	-86.072
rxn27032	>	-86.072
rxn27033	>	-86.072
rxn27034	>	-86.072
rxn27035	>	-86.072
rxn27066	>	-8.961
rxn27082	>	-51.182
rxn27089	>	-6.997
rxn27092	=	-3.847
rxn27096	>	-8.910
rxn27097	>	-15.351
rxn27098	>	-11.129
rxn27101	>	-10.989
rxn27104	=	0.840
rxn27106	=	-1.370
rxn27107	=	-1.370
rxn27108	=	-1.291
rxn27109	=	-1.291
rxn27110	=	1.318
rxn27204	=	0.884
rxn27205	>	-7.053
rxn27207	<	36.780
rxn27208	<	36.780
rxn27213	>	-63.923
rxn27218	=	0.000
rxn27223	<	37.711
rxn27224	>	-13.620
rxn27225	=	-5.259
rxn27228	=	0.196
rxn27238	>	-14.855
rxn27251	>	-8.561
rxn27252	>	-12.254
rxn27254	=	-0.714
rxn27255	=	-1.368
rxn27256	=	-1.231
rxn27259	<	9.388
rxn27260	<	12.048
rxn27261	>	-26.741
rxn27262	>	-26.741
rxn27265	>	-34.929
rxn27268	<	8.609
rxn27269	<	17.933
rxn27270	<	17.933
rxn27271	<	17.933
rxn27272	<	17.933
rxn27282	=	-5.873
rxn27286	=	-2.370
rxn27287	>	-36.980
rxn27288	=	0.003
rxn27310	>	-12.641
rxn27318	=	1.562
rxn27319	<	11.794
rxn27328	=	1.269
rxn27332	=	-1.488
rxn27333	>	-48.308
rxn27334	=	-5.178
rxn27335	>	-68.225
rxn27336	>	-68.225
rxn27340	>	-67.186
rxn27341	=	0.712
rxn27342	>	-7.982
rxn27343	>	-8.634
rxn27344	>	-8.122
rxn27345	>	-7.330
rxn27349	>	-12.581
rxn27351	>	-12.581
rxn27352	>	-12.581
rxn27353	>	-12.581
rxn27371	>	-26.192
rxn27378	=	0.000
rxn27381	=	-6.800
rxn27382	=	-6.800
rxn27383	=	-5.672
rxn27385	>	-60.637
rxn27386	=	-2.267
rxn27395	>	-45.685
rxn27400	>	-51.270
rxn27401	>	-42.695
rxn27405	=	-0.056
rxn27406	=	-0.056
rxn27407	=	-6.143
rxn27408	>	-26.296
rxn27409	=	-6.486
rxn27410	=	-6.486
rxn27412	=	0.663
rxn27413	=	-3.052
rxn27414	=	-4.185
rxn27415	<	8.415
rxn27418	=	-4.007
rxn27419	>	-13.833
rxn27420	>	-13.833
rxn27423	=	0.739
rxn27425	>	-37.071
rxn27426	>	-37.071
rxn27427	>	-11.296
rxn27428	>	-11.296
rxn27429	=	-3.278
rxn27430	>	-11.672
rxn27432	>	-12.228
rxn27433	>	-126.716
rxn27436	>	-13.492
rxn27437	=	-3.905
rxn27441	>	-6.968
rxn27442	=	-3.341
rxn27443	=	3.152
rxn27445	=	1.480
rxn27446	>	-18.579
rxn27447	>	-9.798
rxn27448	>	-62.314
rxn27455	=	2.793
rxn27458	=	1.623
rxn27459	=	-0.809
rxn27460	=	4.566
rxn27468	>	-60.139
rxn27481	=	-3.002
rxn27482	=	-5.121
rxn27484	=	-0.333
rxn27488	=	-0.000
rxn27489	<	7.130
rxn27491	=	4.490
rxn27493	=	4.258
rxn27495	=	0.773
rxn27497	=	-5.344
rxn27502	=	-4.331
rxn27520	>	-32.099
rxn27521	=	1.544
rxn27522	=	0.134
rxn27524	=	0.076
rxn27525	=	-1.933
rxn27529	=	-1.888
rxn27531	>	-23.059
rxn27533	=	-3.003
rxn27534	=	-3.174
rxn27536	=	-1.200
rxn27538	=	-2.553
rxn27539	=	1.607
rxn27540	>	-12.640
rxn27541	>	-12.640
rxn27542	=	3.153
rxn27543	=	0.158
rxn27547	=	-1.878
rxn27548	=	-1.878
rxn27559	>	-11.318
rxn27586	>	-12.581
rxn27587	>	-12.581
rxn27588	>	-12.581
rxn27589	>	-12.581
rxn27591	>	-12.581
rxn27593	>	-12.581
rxn27594	>	-12.581
rxn27595	>	-12.581
rxn27596	>	-12.581
rxn27597	>	-12.581
rxn27598	>	-12.581
rxn27599	>	-12.581
rxn27600	>	-12.581
rxn27601	>	-12.581
rxn27608	>	-12.581
rxn27609	>	-12.581
rxn27610	>	-12.581
rxn27611	>	-12.581
rxn27612	>	-12.581
rxn27613	>	-12.581
rxn27614	>	-12.581
rxn27615	>	-12.581
rxn27616	>	-12.581
rxn27617	>	-11.863
rxn27618	=	-5.988
rxn27619	>	-19.961
rxn27624	=	-1.098
rxn27625	=	-1.098
rxn27626	>	-12.581
rxn27628	>	-12.581
rxn27629	>	-12.581
rxn27630	>	-12.581
rxn27631	>	-12.581
rxn27634	>	-12.581
rxn27635	>	-12.581
rxn27636	>	-12.581
rxn27653	>	-12.581
rxn27655	>	-12.581
rxn27656	=	-0.575
rxn27657	=	0.715
rxn27658	=	0.715
rxn27659	=	-1.103
rxn27660	=	-1.103
rxn27661	=	2.823
rxn27662	=	2.823
rxn27663	=	3.153
rxn27664	=	-5.452
rxn27665	<	34.590
rxn27666	=	-3.153
rxn27667	=	-3.693
rxn27668	=	-1.224
rxn27669	=	4.978
rxn27670	=	-6.527
rxn27671	=	-0.650
rxn27678	=	-3.041
rxn27679	>	-9.797
rxn27681	>	-9.797
rxn27683	=	4.740
rxn27684	=	0.067
rxn27685	=	0.067
rxn27686	=	-0.077
rxn27688	=	-3.514
rxn27689	<	8.620
rxn27690	>	-13.913
rxn27691	=	1.820
rxn27692	=	1.891
rxn27693	=	-1.799
rxn27694	=	-1.693
rxn27695	=	-1.693
rxn27697	=	0.032
rxn27698	=	0.032
rxn27700	=	3.645
rxn27702	=	0.000
rxn27703	=	2.179
rxn27708	=	-0.241
rxn27709	>	-20.374
rxn27710	>	-18.939
rxn27715	>	-16.350
rxn27716	=	-1.493
rxn27717	=	-0.581
rxn27719	=	0.572
rxn27720	=	0.572
rxn27723	=	-1.145
rxn27724	=	4.409
rxn27725	=	-4.534
rxn27727	>	-12.581
rxn27728	>	-8.564
rxn27735	=	-2.883
rxn27737	=	-1.196
rxn27738	=	0.065
rxn27739	=	0.348
rxn27740	=	3.249
rxn27741	=	3.249
rxn27743	=	-2.884
rxn27744	>	-47.029
rxn27747	=	0.052
rxn27748	=	0.052
rxn27749	<	8.002
rxn27752	>	-38.556
rxn27765	>	-7.822
rxn27766	=	0.366
rxn27771	=	-4.391
rxn27772	=	-6.107
rxn27773	=	0.153
rxn27774	=	0.153
rxn27777	=	0.482
rxn27778	=	0.482
rxn27779	=	-0.245
rxn27780	=	0.820
rxn27781	=	0.820
rxn27785	=	0.689
rxn27786	=	0.357
rxn27787	=	0.357
rxn27788	>	-8.774
rxn27789	=	-0.667
rxn27791	=	0.319
rxn27792	=	0.319
rxn27793	=	4.481
rxn27794	=	-2.942
rxn27812	>	-24.775
rxn27813	>	-24.775
rxn27815	=	4.258
rxn27816	=	4.258
rxn27817	>	-14.906
rxn27818	>	-14.905
rxn27839	=	0.022
rxn27840	=	0.022
rxn27841	=	-0.335
rxn27842	=	-0.313
rxn27843	=	-0.313
rxn27844	>	-15.949
rxn27845	=	-5.888
rxn27851	=	1.327
rxn27853	>	-27.793
rxn27855	=	1.396
rxn27859	>	-68.225
rxn27866	<	11.734
rxn27867	=	1.314
rxn27869	=	-0.437
rxn27871	=	2.951
rxn27872	=	-0.290
rxn27873	=	-0.538
rxn27874	=	-0.538
rxn27875	<	7.863
rxn27876	=	-2.196
rxn27877	=	-2.756
rxn27878	=	0.024
rxn27887	=	2.632
rxn27888	=	6.426
rxn27889	=	6.426
rxn27891	>	-55.385
rxn27892	=	-4.125
rxn27893	=	-4.734
rxn27895	=	-3.099
rxn27896	>	-22.023
rxn27898	=	4.567
rxn27899	>	-11.538
rxn27900	=	5.687
rxn27909	=	1.724
rxn27914	=	-1.358
rxn27915	<	8.298
rxn27916	=	-3.663
rxn27917	=	1.034
rxn27918	>	-40.317
rxn27919	>	-42.804
rxn27920	=	-3.759
rxn27921	=	-3.759
rxn27923	>	-8.953
rxn27924	=	0.008
rxn27926	=	1.782
rxn27927	>	-10.066
rxn27930	>	-7.850
rxn27932	=	3.923
rxn27933	=	3.923
rxn27936	>	-17.865
rxn27937	>	-10.323
rxn27938	=	1.622
rxn27940	=	0.323
rxn27943	=	5.687
rxn27944	=	3.325
rxn27945	<	7.906
rxn27946	>	-9.033
rxn27947	>	-9.033
rxn27948	>	-9.033
rxn27949	>	-9.918
rxn27951	>	-9.918
rxn27953	=	-2.255
rxn27955	=	-2.020
rxn27956	<	7.556
rxn27959	=	-0.718
rxn27962	>	-83.403
rxn27971	>	-23.223
rxn27972	=	4.605
rxn27976	=	5.348
rxn27982	=	-0.808
rxn27983	=	-0.808
rxn27986	>	-7.967
rxn27993	<	8.066
rxn27994	<	19.358
rxn27997	=	-1.823
rxn27998	=	0.161
rxn28001	>	-10.763
rxn28002	=	3.487
rxn28003	=	-2.575
rxn28025	=	-2.172
rxn28042	=	-0.085
rxn28044	=	-0.085
rxn28045	>	-13.019
rxn28046	=	-2.313
rxn28048	>	-16.396
rxn28050	>	-16.396
rxn28051	=	-6.116
rxn28053	=	-0.751
rxn28054	>	-10.713
rxn28055	=	0.000
rxn28056	=	0.000
rxn28057	=	0.000
rxn28059	=	6.224
rxn28060	=	-0.015
rxn28067	=	1.750
rxn28068	=	1.750
rxn28076	>	-8.662
rxn28078	=	-5.766
rxn28081	>	-23.246
rxn28082	=	-3.953
rxn28083	=	1.928
rxn28084	=	1.928
rxn28085	>	-22.022
rxn28086	=	-4.504
rxn28087	>	-8.476
rxn28088	=	-0.154
rxn28089	=	-0.154
rxn28090	=	6.665
rxn28091	=	6.665
rxn28099	=	-0.000
rxn28100	<	13.114
rxn28101	<	12.676
rxn28102	>	-8.535
rxn28103	=	2.126
rxn28104	=	-4.438
rxn28105	=	-4.438
rxn28106	=	4.168
rxn28107	=	4.168
rxn28108	=	0.904
rxn28109	=	1.141
rxn28114	<	8.979
rxn28115	<	8.978
rxn28116	=	-0.968
rxn28118	>	-8.251
rxn28120	=	-5.354
rxn28121	=	3.999
rxn28139	=	-0.835
rxn28141	=	0.864
rxn28142	=	-2.761
rxn28143	=	-2.761
rxn28146	=	-1.368
rxn28152	>	-161.440
rxn28163	>	-9.109
rxn28164	>	-7.160
rxn28166	>	-10.763
rxn28167	>	-10.763
rxn28168	>	-10.763
rxn28169	>	-10.763
rxn28199	>	-8.771
rxn28201	=	-1.837
rxn28202	=	-1.837
rxn28211	=	-3.341
rxn28213	=	-3.341
rxn28215	=	-3.341
rxn28223	=	0.091
rxn28227	=	-0.174
rxn28237	=	0.011
rxn28238	=	-0.544
rxn28242	=	0.011
rxn28243	=	-0.544
rxn28252	>	-10.455
rxn28253	>	-10.455
rxn28254	>	-10.455
rxn28255	>	-10.455
rxn28256	>	-10.455
rxn28267	=	-0.718
rxn28268	=	-1.704
rxn28272	>	-9.693
rxn28273	<	7.130
rxn28277	>	-8.638
rxn28282	=	-0.834
rxn28283	=	-0.835
rxn28285	>	-10.852
rxn28286	>	-10.852
rxn28287	>	-12.050
rxn28295	>	-68.294
rxn28297	=	-5.204
rxn28299	=	-5.204
rxn28301	=	-5.204
rxn28305	>	-14.056
rxn28307	>	-68.236
rxn28308	>	-83.765
rxn28309	<	9.962
rxn28310	>	-10.013
rxn28311	>	-8.228
rxn28313	>	-62.314
rxn28318	=	2.949
rxn28321	>	-9.396
rxn28322	>	-9.397
rxn28323	=	0.927
rxn28324	>	-15.995
rxn28325	>	-15.995
rxn28327	=	1.437
rxn28328	=	1.282
rxn28333	>	-68.276
rxn28334	>	-16.840
rxn28335	>	-16.835
rxn28338	>	-14.627
rxn28342	=	-5.171
rxn28344	=	-6.790
rxn28345	>	-11.031
rxn28346	>	-68.234
rxn28350	>	-38.505
rxn28351	>	-7.134
rxn28352	=	-3.556
rxn28353	=	-3.556
rxn28356	=	-3.556
rxn28357	=	-3.556
rxn28364	>	-35.196
rxn28365	>	-141.663
rxn28366	>	-16.822
rxn28373	>	-99.850
rxn28374	>	-99.850
rxn28376	=	0.308
rxn28377	>	-11.916
rxn28380	>	-83.768
rxn28381	=	-2.315
rxn28382	<	7.130
rxn28386	>	-62.314
rxn28387	>	-62.314
rxn28388	>	-48.917
rxn28389	=	2.714
rxn28390	=	0.000
rxn28400	=	4.606
rxn28401	=	4.606
rxn28404	>	-14.056
rxn28406	=	3.179
rxn28413	>	-27.327
rxn28414	>	-27.327
rxn28415	=	1.488
rxn28445	=	0.330
rxn28447	<	13.356
rxn28485	>	-12.315
rxn28489	>	-8.228
rxn28490	<	40.146
rxn28543	=	-2.444
rxn28546	=	0.118
rxn28547	=	0.118
rxn28548	=	0.118
rxn28560	>	-12.196
rxn28612	=	-4.381
rxn28615	=	0.556
rxn28646	<	482.364
rxn28670	=	0.742
rxn28676	=	-4.619
rxn28677	=	-4.619
rxn28681	=	0.292
rxn28742	=	1.677
rxn28769	=	-6.089
rxn28770	=	-6.089
rxn28788	=	-0.835
rxn28790	>	-18.181
rxn28800	>	-21.401
rxn28803	>	-58.962
rxn28804	>	-77.892
rxn28811	=	-2.225
rxn28813	=	4.686
rxn28814	=	-6.863
rxn28840	=	-2.840
rxn28877	>	-76.980
rxn28880	=	-4.795
rxn28889	>	-8.904
rxn28890	<	7.130
rxn28896	>	-48.917
rxn28899	>	-65.409
rxn28901	>	-11.149
rxn28902	=	-5.124
rxn28908	=	-5.345
rxn28909	=	-5.345
rxn28910	=	-5.345
rxn28911	=	-5.345
rxn28931	>	-7.186
rxn28932	>	-7.186
rxn28933	>	-7.186
rxn28936	>	-7.186
rxn28948	>	-11.262
rxn28979	>	-17.403
rxn28980	>	-10.419
rxn28981	=	-1.042
rxn28982	>	-8.122
rxn28984	=	0.840
rxn28985	=	-0.853
rxn28986	=	-0.853
rxn28988	=	0.104
rxn28991	=	-0.163
rxn29001	=	-0.155
rxn29002	>	-8.561
rxn29003	=	-1.231
rxn29006	=	-5.232
rxn29011	>	-11.080
rxn29012	>	-12.509
rxn29013	>	-9.137
rxn29018	>	-26.234
rxn29019	>	-26.234
rxn29020	>	-28.693
rxn29021	>	-28.693
rxn29022	>	-24.594
rxn29023	>	-24.594
rxn29061	>	-8.000
rxn29062	>	-7.988
rxn29063	>	-7.628
rxn29064	>	-8.425
rxn29066	>	-7.733
rxn29069	>	-9.570
rxn29070	>	-9.197
rxn29072	>	-12.581
rxn29073	>	-12.581
rxn29074	>	-12.581
rxn29101	>	-12.581
rxn29114	>	-12.581
rxn29181	>	-7.809
rxn29186	>	-12.581
rxn29217	>	-12.581
rxn29218	>	-12.581
rxn29219	>	-12.581
rxn29224	>	-12.581
rxn29239	>	-12.581
rxn29496	>	-12.581
rxn29739	>	-12.581
rxn29741	>	-12.581
rxn29743	>	-12.581
rxn29744	>	-12.581
rxn29746	>	-12.581
rxn29748	>	-12.581
rxn29749	>	-12.581
rxn29750	>	-12.581
rxn29751	>	-12.581
rxn29752	>	-12.581
rxn29753	>	-12.581
rxn29754	>	-12.581
rxn29755	>	-12.581
rxn29759	>	-12.581
rxn29760	>	-12.581
rxn29761	>	-12.581
rxn29762	>	-12.581
rxn29766	>	-12.581
rxn29767	>	-12.581
rxn29768	>	-12.581
rxn29769	>	-12.581
rxn29771	>	-12.581
rxn29772	>	-12.581
rxn29773	>	-12.581
rxn29775	>	-12.581
rxn29776	>	-12.581
rxn29777	>	-12.581
rxn29779	>	-12.581
rxn29780	>	-12.581
rxn29849	>	-12.581
rxn29919	=	0.690
rxn29921	=	-6.800
rxn29922	=	-5.672
rxn29923	=	-5.415
rxn29924	=	-6.573
rxn29934	=	0.000
rxn29936	=	-6.355
rxn29938	>	-42.695
rxn29942	=	4.284
rxn29943	>	-11.672
rxn29945	=	-0.413
rxn29946	=	0.316
rxn29950	>	-9.310
rxn29951	>	-8.951
rxn29952	>	-9.015
rxn29953	>	-8.422
rxn29954	>	-17.868
rxn29955	>	-7.038
rxn29956	>	-8.137
rxn29957	>	-9.074
rxn29958	>	-73.822
rxn29959	>	-71.684
rxn29960	>	-76.291
rxn29962	>	-8.465
rxn29963	>	-11.940
rxn29964	=	-5.124
rxn29965	>	-7.495
rxn29966	>	-17.860
rxn29967	>	-17.867
rxn29975	>	-7.395
rxn29977	>	-7.687
rxn29978	>	-15.546
rxn29979	>	-7.688
rxn29981	>	-68.232
rxn29982	>	-17.977
rxn29983	=	-6.527
rxn29985	>	-10.064
rxn29986	>	-10.185
rxn29988	=	0.000
rxn29989	>	-8.750
rxn29990	>	-7.196
rxn29991	=	2.271
rxn29992	>	-9.310
rxn29993	=	-3.454
rxn29994	=	-1.061
rxn29995	>	-18.827
rxn29996	=	6.138
rxn29997	>	-12.422
rxn29999	=	-6.558
rxn30000	>	-8.411
rxn30001	=	-6.800
rxn30002	>	-27.448
rxn30003	>	-8.438
rxn30004	>	-9.739
rxn30005	=	-6.133
rxn30006	>	-12.678
rxn30007	>	-10.116
rxn30008	>	-12.476
rxn30009	>	-12.495
rxn30010	>	-66.341
rxn30012	<	70.243
rxn30013	>	-6.980
rxn30014	>	-19.137
rxn30017	>	-14.276
rxn30018	>	-13.502
rxn30019	=	-3.781
rxn30020	=	-4.995
rxn30021	=	-4.255
rxn30022	=	-2.058
rxn30023	=	2.632
rxn30024	>	-8.465
rxn30025	=	0.559
rxn30028	>	-6.934
rxn30029	<	38.973
rxn30031	<	68.137
rxn30032	>	-13.395
rxn30034	>	-15.675
rxn30035	>	-24.095
rxn30036	=	-5.206
rxn30037	=	-4.077
rxn30038	=	-1.009
rxn30039	=	-3.177
rxn30040	=	-3.986
rxn30041	=	-5.645
rxn30042	>	-9.222
rxn30043	=	-6.116
rxn30044	>	-11.784
rxn30045	=	-1.883
rxn30050	=	-4.248
rxn30053	>	-7.793
rxn30054	>	-8.656
rxn30055	>	-18.457
rxn30056	>	-19.929
rxn30057	>	-19.545
rxn30058	=	-5.916
rxn30059	>	-21.555
rxn30060	>	-12.342
rxn30061	>	-12.722
rxn30062	>	-15.576
rxn30063	=	1.327
rxn30064	>	-11.080
rxn30065	=	-2.770
rxn30066	=	-6.355
rxn30067	=	0.556
rxn30068	=	-1.615
rxn30069	>	-11.296
rxn30070	>	-13.372
rxn30071	>	-14.624
rxn30072	>	-8.377
rxn30073	=	-0.891
rxn30074	>	-10.994
rxn30075	=	2.632
rxn30076	>	-42.804
rxn30077	=	-0.997
rxn30078	>	-8.700
rxn30079	=	2.119
rxn30080	>	-10.728
rxn30081	=	0.423
rxn30082	=	2.763
rxn30083	=	3.645
rxn30084	=	0.606
rxn30085	=	-0.196
rxn30086	>	-11.228
rxn30087	>	-10.562
rxn30088	>	-8.098
rxn30089	=	-0.650
rxn30090	>	-13.731
rxn30091	=	-0.861
rxn30104	=	4.481
rxn30107	=	-5.191
rxn30108	=	0.423
rxn30130	>	-8.434
rxn30133	>	-13.906
rxn30135	=	-0.069
rxn30141	=	-1.891
rxn30142	=	3.170
rxn30143	>	-11.080
rxn30144	=	5.452
rxn30145	>	-14.905
rxn30146	=	3.221
rxn30149	=	1.872
rxn30151	=	5.344
rxn30152	=	-0.624
rxn30153	=	-1.136
rxn30154	=	6.194
rxn30155	=	-0.487
rxn30157	<	8.168
rxn30158	=	1.320
rxn30159	=	-0.283
rxn30160	=	-2.166
rxn30169	=	1.494
rxn30176	<	8.605
rxn30177	=	1.865
rxn30179	=	-5.354
rxn30180	=	1.139
rxn30181	=	2.758
rxn30182	=	-1.693
rxn30187	=	-5.645
rxn30188	=	1.642
rxn30189	=	2.331
rxn30190	=	-2.575
rxn30193	=	-3.177
rxn30194	<	6.951
rxn30204	>	-9.148
rxn30206	=	0.161
rxn30207	=	-6.764
rxn30209	>	-10.745
rxn30210	=	-2.084
rxn30213	=	-3.640
rxn30214	=	0.544
rxn30217	=	-5.041
rxn30218	=	-0.631
rxn30219	>	-7.687
rxn30220	>	-17.860
rxn30251	>	-8.048
rxn30252	>	-7.628
rxn30256	=	-3.395
rxn30257	>	-12.581
rxn30297	>	-12.581
rxn30301	=	1.588
rxn30302	=	2.657
rxn30303	>	-11.356
rxn30304	>	-17.797
rxn30305	>	-12.581
rxn30306	=	-6.339
rxn30307	>	-18.223
rxn30308	>	-10.800
rxn30313	=	-1.712
rxn30314	=	4.011
rxn30317	>	-10.574
rxn30318	>	-9.895
rxn30320	>	-19.358
rxn30322	>	-16.396
rxn30324	>	-11.662
rxn30325	=	0.327
rxn30326	>	-85.764
rxn30327	>	-9.699
rxn30328	>	-14.770
rxn30329	=	-6.698
rxn30330	>	-8.877
rxn30331	=	-1.224
rxn30332	=	4.978
rxn30333	=	-3.693
rxn30334	=	-5.452
rxn30335	>	-14.012
rxn30337	>	-8.737
rxn30338	=	-1.103
rxn30339	=	-3.487
rxn30340	=	-4.424
rxn30341	=	-1.588
rxn30343	=	-3.556
rxn30344	>	-8.891
rxn30345	>	-8.891
rxn30346	>	-20.283
rxn30347	>	-7.850
rxn30348	>	-8.098
rxn30349	>	-8.287
rxn30350	>	-12.529
rxn30351	>	-17.501
rxn30353	>	-9.310
rxn30355	=	0.572
rxn30361	>	-18.002
rxn30362	=	-1.867
rxn30363	=	-6.800
rxn30366	>	-15.005
rxn30367	>	-14.906
rxn30368	=	-2.680
rxn30369	=	-2.587
rxn30370	=	-0.174
rxn30371	=	-2.080
rxn30372	=	-2.080
rxn30375	=	-1.789
rxn30377	=	-1.820
rxn30380	>	-12.596
rxn30381	=	-4.566
rxn30382	=	-2.994
rxn30383	=	-1.377
rxn30388	=	0.559
rxn30389	>	-13.749
rxn30390	=	-3.152
rxn30391	=	-6.194
rxn30392	=	-3.249
rxn30393	=	3.653
rxn30395	=	3.998
rxn30396	=	-1.509
rxn30397	<	8.925
rxn30398	<	8.925
rxn30399	=	-1.890
rxn30400	=	-1.890
rxn30402	=	-3.153
rxn30403	=	-3.153
rxn30406	=	-3.007
rxn30407	>	-8.152
rxn30408	>	-7.603
rxn30409	=	-4.987
rxn30410	>	-15.378
rxn30412	=	-3.177
rxn30413	>	-12.592
rxn30414	=	-5.645
rxn30415	<	15.294
rxn30416	<	13.528
rxn30417	>	-8.360
rxn30418	=	-4.605
rxn30419	<	18.400
rxn30422	=	5.921
rxn30423	>	-16.396
rxn30428	>	-8.620
rxn30429	>	-7.863
rxn30430	>	-8.002
rxn30431	>	-8.415
rxn30432	>	-9.506
rxn30433	=	-1.749
rxn30434	>	-11.245
rxn30435	=	-0.173
rxn30436	>	-79.759
rxn30437	>	-79.759
rxn30438	>	-79.759
rxn30439	>	-24.438
rxn30440	>	-11.080
rxn30441	=	-1.562
rxn30442	>	-7.687
rxn30444	=	-0.076
rxn30445	=	-0.076
rxn30446	=	-0.118
rxn30447	=	0.178
rxn30453	>	-12.581
rxn30463	=	0.835
rxn30465	>	-7.982
rxn30466	>	-7.306
rxn30473	>	-12.581
rxn30478	=	2.540
rxn30479	=	2.709
rxn30480	>	-29.498
rxn30481	>	-7.723
rxn30486	=	-2.686
rxn30488	=	-1.125
rxn30496	>	-26.590
rxn30497	=	-4.815
rxn30498	>	-9.343
rxn30500	=	-3.110
rxn30501	=	-1.213
rxn30502	>	-22.988
rxn30503	>	-30.992
rxn30504	=	1.670
rxn30509	>	-8.479
rxn30523	<	17.933
rxn30524	>	-11.068
rxn30529	>	-10.508
rxn30530	>	-10.502
rxn30531	=	-3.446
rxn30532	=	-3.455
rxn30533	=	-2.860
rxn30534	=	-2.869
rxn30541	=	-4.225
rxn30543	=	-4.424
rxn30544	=	-6.664
rxn30547	=	1.910
rxn30548	=	3.594
rxn30549	=	1.675
rxn30550	=	2.684
rxn30552	=	-5.605
rxn30554	=	2.910
rxn30562	=	-3.406
rxn30569	>	-14.119
rxn30570	=	-0.439
rxn30576	=	-1.538
rxn30577	=	-0.865
rxn30578	=	1.271
rxn30579	>	-36.304
rxn30580	=	-2.135
rxn30582	>	-12.928
rxn30583	>	-7.676
rxn30584	>	-11.664
rxn30589	=	6.771
rxn30590	=	-3.866
rxn30591	=	-2.444
rxn30592	=	-0.882
rxn30594	=	-3.153
rxn30595	=	-3.153
rxn30596	=	-6.527
rxn30599	>	-10.956
rxn30600	=	4.740
rxn30601	>	-20.370
rxn30602	>	-13.913
rxn30604	=	0.502
rxn30606	=	-3.724
rxn30607	>	-24.307
rxn30609	>	-7.382
rxn30611	>	-8.526
rxn30612	=	0.071
rxn30615	>	-13.731
rxn30616	>	-89.915
rxn30617	>	-14.624
rxn30618	>	-9.310
rxn30619	=	3.418
rxn30620	=	-0.331
rxn30621	=	-3.796
rxn30623	>	-7.386
rxn30627	=	-2.884
rxn30628	=	1.353
rxn30632	=	4.159
rxn30633	=	-6.339
rxn30634	=	-6.800
rxn30635	=	-3.655
rxn30641	>	-7.822
rxn30643	=	-4.871
rxn30646	<	12.581
rxn30648	=	-3.250
rxn30649	>	-15.005
rxn30652	>	-16.396
rxn30654	>	-6.980
rxn30657	>	-14.906
rxn30658	>	-14.905
rxn30660	>	-61.796
rxn30661	>	-19.186
rxn30665	>	-6.917
rxn30666	>	-8.134
rxn30667	=	1.396
rxn30669	>	-12.524
rxn30674	=	-1.382
rxn30676	=	-3.406
rxn30677	>	-22.363
rxn30680	>	-8.465
rxn30682	>	-23.538
rxn30683	=	-1.846
rxn30686	=	1.358
rxn30689	>	-13.043
rxn30697	=	-0.005
rxn30698	>	-10.066
rxn30702	=	5.793
rxn30708	>	-16.680
rxn30710	<	7.906
rxn30713	>	-11.077
rxn30716	=	-2.020
rxn30717	>	-7.794
rxn30718	>	-14.133
rxn30719	>	-7.641
rxn30722	>	-17.797
rxn30731	>	-8.700
rxn30732	=	2.241
rxn30733	=	0.161
rxn30734	>	-8.411
rxn30737	>	-9.148
rxn30738	=	-5.645
rxn30741	>	-15.576
rxn30742	>	-7.186
rxn30743	>	-13.395
rxn30746	=	4.001
rxn30747	>	-18.457
rxn30748	>	-16.852
rxn30752	=	-4.438
rxn30753	=	-4.605
rxn30759	<	35.372
rxn30760	>	-8.286
rxn30762	<	26.380
rxn30763	=	1.502
rxn30765	=	-1.892
rxn30766	>	-8.656
rxn30768	=	-2.036
rxn30773	<	10.427
rxn30780	>	-79.456
rxn30785	>	-17.860
rxn30787	>	-10.140
rxn30789	>	-34.476
rxn30792	>	-10.801
rxn30799	=	0.174
rxn30805	>	-7.547
rxn30813	=	4.695
rxn30826	>	-104.969
rxn30827	<	11.342
rxn30836	>	-8.665
rxn30840	>	-8.257
rxn30841	>	-8.257
rxn30842	>	-8.665
rxn30844	=	1.289
rxn30847	=	1.289
rxn30859	=	-6.883
rxn30860	=	-3.110
rxn30865	>	-22.653
rxn30867	>	-17.956
rxn30870	=	0.927
rxn30872	>	-16.145
rxn30873	>	-12.255
rxn30878	=	-2.321
rxn30879	>	-66.802
rxn30880	=	-0.078
rxn30884	>	-7.642
rxn30897	>	-10.763
rxn30898	>	-10.763
rxn30904	=	3.572
rxn30907	=	-6.061
rxn30908	=	-6.667
rxn30918	>	-10.794
rxn30920	>	-46.874
rxn30921	>	-46.866
rxn30922	>	-9.148
rxn30937	>	-26.777
rxn30938	>	-26.777
rxn30940	=	2.714
rxn30945	>	-34.455
rxn30959	<	11.342
rxn30972	=	1.488
rxn30973	<	13.355
rxn30974	=	-2.444
rxn30979	>	-9.029
rxn30981	>	-10.269
rxn30982	>	-10.038
rxn30983	>	-7.395
rxn30985	>	-7.115
rxn30986	<	10.304
rxn31000	=	3.311
rxn31004	=	0.000
rxn31012	=	4.686
rxn31021	>	-77.104
rxn31022	>	-77.104
rxn31027	>	-77.104
rxn31028	>	-77.104
rxn31038	>	-77.104
rxn31039	>	-77.104
rxn31046	>	-12.058
rxn31053	>	-11.149
rxn31054	=	-5.124
rxn31059	=	-6.821
rxn31075	>	-14.150
rxn31076	>	-8.122
rxn31079	>	-15.324
rxn31083	>	-9.349
rxn31084	=	-0.714
rxn31087	=	0.163
rxn31088	>	-12.509
rxn31091	=	1.488
rxn31094	=	-6.800
rxn31095	=	-6.573
rxn31096	=	-6.355
rxn31097	>	-25.781
rxn31098	=	-6.421
rxn31100	>	-37.071
rxn31103	>	-12.831
rxn31104	>	-126.716
rxn31106	>	-7.688
rxn31107	=	-5.337
rxn31204	<	7.130
rxn31205	>	-83.403
rxn31206	=	-6.164
rxn31207	>	-7.547
rxn31208	>	-239.309
rxn31209	=	5.038
rxn31210	=	5.038
rxn31211	=	0.032
rxn31212	<	237.654
rxn31213	=	5.349
rxn31214	>	-17.811
rxn31215	=	-2.909
rxn31216	=	-2.884
rxn31217	=	-5.002
rxn31218	>	-7.789
rxn31219	>	-24.142
rxn31221	>	-15.890
rxn31222	=	3.087
rxn31223	=	3.418
rxn31226	=	-0.331
rxn31227	=	-5.029
rxn31232	=	-1.196
rxn31236	=	1.901
rxn31238	=	-0.597
rxn31240	=	-0.530
rxn31241	=	5.921
rxn31242	=	-0.026
rxn31245	>	-14.767
rxn31246	=	0.000
rxn31250	=	-4.226
rxn31260	>	-14.806
rxn31264	=	-0.070
rxn31265	>	-8.965
rxn31266	>	-9.289
rxn31281	>	-10.203
rxn31309	>	-28.693
rxn31310	>	-17.936
rxn31313	>	-8.839
rxn31319	=	-0.882
rxn31335	=	-1.628
rxn31354	<	15.483
rxn31356	=	-0.666
rxn31360	=	-5.328
rxn31361	=	-5.328
rxn31362	>	-11.228
rxn31363	>	-11.228
rxn31364	=	-1.147
rxn31365	=	-1.147
rxn31366	=	2.079
rxn31381	>	-47.029
rxn31389	=	-0.809
rxn31391	=	5.824
rxn31392	=	-2.020
rxn31397	>	-73.627
rxn31400	<	8.298
rxn31401	>	-22.816
rxn31404	>	-60.213
rxn31406	<	10.755
rxn31407	=	-1.089
rxn31410	>	-73.822
rxn31411	>	-7.047
rxn31412	<	7.089
rxn31416	<	8.768
rxn31419	<	9.636
rxn31422	>	-7.052
rxn31423	>	-13.988
rxn31428	>	-17.441
rxn31435	>	-8.782
rxn31436	=	2.836
rxn31439	<	8.213
rxn31441	<	8.213
rxn31443	=	-1.925
rxn31444	<	8.213
rxn31450	<	8.174
rxn31451	<	8.213
rxn31452	<	20.911
rxn31470	=	-0.927
rxn31508	=	4.233
rxn31509	=	3.021
rxn31517	<	15.321
rxn31518	>	-14.119
rxn31550	=	-3.099
rxn31551	=	0.871
rxn31584	<	69.992
rxn31585	<	12.581
rxn31662	=	-1.837
rxn31663	=	-1.878
rxn31675	=	-5.149
rxn31745	>	-51.765
rxn31746	>	-59.277
rxn31747	<	63.245
rxn31748	>	-51.765
rxn31749	=	-2.644
rxn31750	=	-4.504
rxn31751	=	0.681
rxn31753	=	0.681
rxn31755	=	1.488
rxn31757	=	3.153
rxn31758	=	0.715
rxn31760	=	3.153
rxn31763	>	-35.602
rxn31765	>	-35.602
rxn31766	=	-5.223
rxn31767	=	-5.223
rxn31768	>	-16.396
rxn31769	>	-16.396
rxn31772	=	-6.867
rxn31773	>	-17.860
rxn31776	=	-5.223
rxn31777	=	0.868
rxn31778	=	0.000
rxn31779	=	-5.223
rxn31781	=	-2.464
rxn31782	=	0.129
rxn31783	=	3.153
rxn31784	=	-3.762
rxn31785	>	-13.486
rxn31786	=	4.567
rxn31787	<	11.842
rxn31789	>	-68.234
rxn31790	=	0.721
rxn31791	=	0.000
rxn31792	=	1.635
rxn31796	=	-3.518
rxn31797	>	-34.384
rxn31799	>	-34.384
rxn31800	>	-9.192
rxn31801	=	6.224
rxn31802	<	7.130
rxn31803	=	-0.631
rxn31807	=	-6.699
rxn31808	=	-6.699
rxn31809	=	1.192
rxn31811	=	1.192
rxn31812	>	-9.396
rxn31814	<	7.130
rxn31815	=	-0.631
rxn31816	=	-0.631
rxn31822	<	25.682
rxn31823	<	25.682
rxn31824	<	25.682
rxn31825	<	25.682
rxn31826	=	-1.827
rxn31834	>	-8.656
rxn31836	>	-12.691
rxn31837	>	-11.342
rxn31838	>	-12.691
rxn31839	=	3.152
rxn31841	>	-11.342
rxn31847	=	0.482
rxn31851	=	0.711
rxn31853	=	-3.705
rxn31854	=	-3.705
rxn31855	=	-3.705
rxn31857	=	-3.007
rxn31858	=	-0.871
rxn31860	>	-34.476
rxn31861	=	-0.871
rxn31863	=	-0.155
rxn31864	>	-34.476
rxn31866	=	-3.007
rxn31867	<	47.193
rxn31868	=	-1.042
rxn31869	=	-4.325
rxn31870	>	-8.168
rxn31875	>	-8.956
rxn31877	>	-8.956
rxn31878	=	-0.155
rxn31881	>	-8.956
rxn31882	>	-23.397
rxn31883	>	-8.956
rxn31885	=	-5.488
rxn31886	=	1.319
rxn31888	>	-10.064
rxn31889	=	2.908
rxn31890	=	2.908
rxn31891	=	3.556
rxn31892	=	3.556
rxn31893	=	3.556
rxn31894	>	-8.561
rxn31895	>	-9.397
rxn31896	=	1.480
rxn31899	=	1.480
rxn31901	>	-8.891
rxn31904	=	1.648
rxn31905	>	-22.553
rxn31907	=	-2.950
rxn31910	>	-7.583
rxn31917	>	-10.994
rxn31919	>	-9.349
rxn31920	>	-35.372
rxn31921	=	1.648
rxn31922	>	-35.372
rxn31923	=	-0.283
rxn31924	=	-4.507
rxn31925	=	-0.871
rxn31928	>	-35.372
rxn31929	=	-1.820
rxn31931	>	-35.372
rxn31932	=	-1.820
rxn31933	<	35.372
rxn31934	=	-2.279
rxn31936	=	-2.279
rxn31938	>	-10.064
rxn31939	=	-0.536
rxn31940	>	-10.064
rxn31942	>	-10.064
rxn31944	=	1.494
rxn31945	=	-5.041
rxn31946	=	1.494
rxn31947	=	-1.288
rxn31950	=	-4.976
rxn31951	=	-4.976
rxn31952	=	-1.288
rxn31954	>	-7.758
rxn31955	=	-4.976
rxn31960	>	-18.457
rxn31961	<	9.973
rxn31962	<	9.973
rxn31965	>	-8.526
rxn31971	>	-8.526
rxn31973	>	-8.526
rxn31975	>	-11.784
rxn31977	>	-11.784
rxn31980	=	3.153
rxn31981	=	3.153
rxn31982	=	3.153
rxn31983	=	-3.705
rxn31984	=	-3.446
rxn31985	=	-2.464
rxn31987	=	-1.601
rxn31988	>	-13.731
rxn31990	=	6.289
rxn31991	>	-22.163
rxn31993	>	-17.501
rxn31994	>	-9.315
rxn31995	>	-22.163
rxn31996	=	6.289
rxn31997	>	-17.501
rxn32001	<	26.358
rxn32002	<	26.358
rxn32003	>	-11.863
rxn32004	>	-11.863
rxn32006	>	-11.863
rxn32015	=	1.704
rxn32019	=	-0.891
rxn32021	>	-19.929
rxn32025	=	-2.840
rxn32026	>	-68.331
rxn32027	=	-0.985
rxn32028	=	-0.985
rxn32035	<	14.456
rxn32044	=	-0.985
rxn32045	>	-9.148
rxn32048	=	5.849
rxn32049	=	0.272
rxn32050	=	0.272
rxn32051	=	-2.933
rxn32052	=	-0.652
rxn32053	>	-17.797
rxn32055	<	9.524
rxn32056	<	9.524
rxn32058	=	-0.891
rxn32060	=	-0.125
rxn32062	=	-2.760
rxn32064	=	-0.927
rxn32065	=	-2.760
rxn32066	<	47.658
rxn32068	>	-8.665
rxn32069	=	2.120
rxn32070	<	47.658
rxn32071	=	2.120
rxn32072	=	2.120
rxn32073	<	47.658
rxn32074	=	1.588
rxn32076	>	-7.794
rxn32078	=	2.120
rxn32079	>	-75.039
rxn32084	=	-2.444
rxn32086	>	-11.342
rxn32088	>	-10.763
rxn32091	=	-3.204
rxn32093	>	-11.342
rxn32095	=	-0.118
rxn32099	=	3.633
rxn32100	=	3.633
rxn32102	=	-3.655
rxn32104	<	9.207
rxn32105	>	-15.005
rxn32107	>	-12.254
rxn32108	>	-12.029
rxn32110	>	-12.029
rxn32111	>	-12.029
rxn32112	=	-3.437
rxn32113	>	-14.116
rxn32114	=	-5.003
rxn32116	=	-3.437
rxn32117	>	-14.116
rxn32118	=	-3.437
rxn32119	>	-8.048
rxn32122	=	-5.003
rxn32123	>	-68.256
rxn32125	>	-68.256
rxn32127	=	1.954
rxn32130	>	-10.850
rxn32131	>	-10.850
rxn32132	>	-10.004
rxn32133	=	-4.797
rxn32139	>	-11.538
rxn32140	=	0.290
rxn32141	>	-9.923
rxn32143	>	-9.920
rxn32144	>	-9.923
rxn32147	>	-9.923
rxn32148	>	-9.920
rxn32150	<	15.295
rxn32152	>	-9.923
rxn32154	>	-12.254
rxn32155	>	-8.476
rxn32157	=	2.241
rxn32159	=	0.051
rxn32160	=	1.148
rxn32161	=	1.148
rxn32164	>	-10.992
rxn32165	=	0.008
rxn32166	>	-27.803
rxn32167	=	3.170
rxn32168	=	0.008
rxn32171	=	3.170
rxn32174	=	1.396
rxn32175	=	0.008
rxn32176	=	0.008
rxn32178	=	0.051
rxn32185	=	-5.605
rxn32186	>	-68.256
rxn32187	=	-5.605
rxn32189	=	-5.605
rxn32190	>	-68.256
rxn32191	>	-12.015
rxn32193	=	-5.605
rxn32194	>	-12.015
rxn32195	>	-8.561
rxn32196	=	3.783
rxn32198	>	-7.803
rxn32200	=	1.954
rxn32203	>	-9.739
rxn32204	>	-9.739
rxn32205	=	-5.592
rxn32209	>	-11.303
rxn32210	>	-11.303
rxn32212	<	9.970
rxn32213	=	-5.144
rxn32216	=	-3.177
rxn32220	<	9.970
rxn32222	>	-7.803
rxn32226	=	-1.151
rxn32227	=	-6.589
rxn32228	>	-14.752
rxn32229	=	0.750
rxn32232	>	-16.554
rxn32233	>	-12.640
rxn32234	=	0.750
rxn32235	>	-16.554
rxn32238	=	-1.885
rxn32242	>	-19.118
rxn32243	<	36.304
rxn32244	>	-16.554
rxn32246	=	-5.530
rxn32247	>	-12.529
rxn32248	>	-15.949
rxn32249	=	2.099
rxn32251	>	-12.529
rxn32252	=	-1.885
rxn32253	=	-1.885
rxn32255	>	-17.811
rxn32257	>	-15.949
rxn32258	<	7.643
rxn32259	=	0.835
rxn32262	<	7.643
rxn32265	>	-8.665
rxn32266	=	0.323
rxn32268	>	-10.059
rxn32270	=	0.323
rxn32271	=	-3.153
rxn32287	>	-23.813
rxn32289	>	-31.332
rxn32290	>	-31.332
rxn32291	<	7.643
rxn32293	=	-0.834
rxn32294	<	17.464
rxn32297	=	1.082
rxn32298	=	-5.762
rxn32299	=	1.082
rxn32301	=	-6.800
rxn32303	=	1.082
rxn32305	>	-74.176
rxn32307	=	1.724
rxn32308	=	0.820
rxn32309	>	-10.685
rxn32311	=	-2.007
rxn32312	=	-6.537
rxn32315	=	-3.281
rxn32318	=	-3.281
rxn32319	=	-0.570
rxn32321	<	18.607
rxn32324	<	18.607
rxn32325	>	-8.422
rxn32326	>	-27.793
rxn32327	=	1.429
rxn32328	>	-27.793
rxn32329	=	-6.700
rxn32330	=	-6.700
rxn32333	<	8.212
rxn32334	<	13.355
rxn32338	=	-0.708
rxn32343	>	-10.349
rxn32344	>	-11.593
rxn32345	>	-12.267
rxn32347	>	-11.593
rxn32349	=	-0.478
rxn32350	>	-10.992
rxn32351	=	-0.478
rxn32352	=	-0.478
rxn32355	=	-0.478
rxn32357	=	0.327
rxn32358	=	-5.042
rxn32361	=	-4.974
rxn32364	=	2.793
rxn32365	>	-14.133
rxn32367	=	-3.157
rxn32369	=	-3.157
rxn32371	=	-3.157
rxn32376	>	-28.693
rxn32378	>	-8.422
rxn32380	=	-6.495
rxn32381	>	-27.803
rxn32382	=	-6.495
rxn32383	=	-6.495
rxn32384	=	-0.713
rxn32385	=	-6.495
rxn32386	=	-6.495
rxn32387	=	-0.713
rxn32388	>	-7.822
rxn32389	>	-8.098
rxn32395	=	-2.306
rxn32396	=	0.674
rxn32397	=	0.674
rxn32398	=	0.071
rxn32399	=	0.834
rxn32401	=	0.674
rxn32404	<	17.933
rxn32406	=	-2.195
rxn32409	=	-2.195
rxn32411	=	0.000
rxn32413	<	237.654
rxn32415	=	0.674
rxn32416	<	6.953
rxn32417	<	6.953
rxn32418	>	-21.768
rxn32419	<	6.953
rxn32421	>	-8.127
rxn32424	=	-2.883
rxn32430	=	-0.477
rxn32431	>	-13.313
rxn32432	>	-13.313
rxn32434	=	-4.480
rxn32436	=	-1.789
rxn32438	=	-1.789
rxn32440	=	1.621
rxn32443	=	-1.572
rxn32444	=	-1.789
rxn32446	=	1.266
rxn32447	>	-24.142
rxn32450	=	1.266
rxn32459	=	-1.789
rxn32460	>	-16.864
rxn32462	>	-103.768
rxn32463	=	1.621
rxn32466	>	-68.228
rxn32467	>	-11.794
rxn32468	>	-11.794
rxn32469	=	0.871
rxn32470	=	0.662
rxn32471	=	0.161
rxn32473	=	0.662
rxn32477	>	-12.678
rxn32478	>	-12.678
rxn32479	=	-3.994
rxn32481	>	-12.678
rxn32483	>	-110.879
rxn32484	=	-3.891
rxn32486	>	-110.879
rxn32487	>	-9.033
rxn32488	=	-3.891
rxn32490	=	-3.209
rxn32491	>	-11.794
rxn32492	=	-4.163
rxn32494	>	-11.794
rxn32497	=	-0.155
rxn32500	=	0.000
rxn32501	=	1.645
rxn32504	=	1.645
rxn32508	<	111.273
rxn32509	>	-35.196
rxn32511	=	3.593
rxn32512	=	3.593
rxn32513	=	3.593
rxn32515	>	-8.866
rxn32516	>	-8.866
rxn32517	>	-8.504
rxn32519	<	14.394
rxn32520	<	14.394
rxn32527	>	-7.006
rxn32529	=	-2.885
rxn32531	=	5.688
rxn32533	=	-1.455
rxn32534	>	-13.807
rxn32536	=	-1.455
rxn32541	<	18.400
rxn32543	>	-65.879
rxn32545	>	-66.402
rxn32550	>	-26.795
rxn32553	>	-14.906
rxn32554	>	-58.661
rxn32555	=	-5.121
rxn32556	>	-9.137
rxn32557	=	-1.693
rxn32558	=	0.302
rxn32559	>	-45.054
rxn32560	=	2.607
rxn32562	=	0.302
rxn32567	>	-12.678
rxn32569	=	-0.056
rxn32571	=	-4.511
rxn32572	>	-66.402
rxn32573	>	-65.879
rxn32580	=	-0.000
rxn32581	>	-8.737
rxn32586	=	3.340
rxn32587	=	-0.655
rxn32588	=	-0.655
rxn32589	=	-0.655
rxn32590	>	-15.351
rxn32591	>	-19.545
rxn32593	>	-16.554
rxn32594	>	-7.547
rxn32595	>	-7.547
rxn32596	=	0.901
rxn32598	>	-16.554
rxn32599	>	-16.554
rxn32600	>	-8.789
rxn32604	>	-10.140
rxn32605	=	0.901
rxn32607	>	-19.186
rxn32608	>	-10.140
rxn32609	=	-2.115
rxn32611	=	3.340
rxn32612	>	-14.641
rxn32616	>	-14.641
rxn32619	>	-255.718
rxn32620	=	-4.890
rxn32622	=	-4.890
rxn32623	>	-16.396
rxn32630	>	-94.907
rxn32631	>	-60.139
rxn32633	=	-4.890
rxn32635	>	-16.345
rxn32636	=	-2.553
rxn32641	=	-3.250
rxn32643	=	-3.640
rxn32644	=	-3.250
rxn32645	=	0.855
rxn32647	>	-62.314
rxn32653	=	-1.727
rxn32654	=	-1.727
rxn32656	=	0.303
rxn32657	=	-2.682
rxn32658	=	-2.682
rxn32659	=	0.303
rxn32665	=	4.725
rxn32667	=	-1.989
rxn32668	=	-2.795
rxn32671	>	-67.686
rxn32672	>	-67.686
rxn32673	>	-31.948
rxn32674	=	1.284
rxn32675	=	-1.989
rxn32676	=	-0.834
rxn32678	=	-1.989
rxn32679	=	-0.834
rxn32682	<	9.261
rxn32683	=	-4.325
rxn32684	=	1.284
rxn32686	=	-0.386
rxn32687	=	-0.386
rxn32688	=	-0.386
rxn32690	>	-13.515
rxn32692	>	-11.654
rxn32698	>	-11.654
rxn32700	=	4.569
rxn32702	=	-0.088
rxn32703	>	-27.793
rxn32704	>	-11.071
rxn32706	>	-11.071
rxn32708	=	-5.213
rxn32710	=	-0.575
rxn32711	=	-0.575
rxn32713	>	-9.263
rxn32714	>	-17.653
rxn32717	>	-9.263
rxn32718	=	-6.089
rxn32720	>	-9.263
rxn32725	=	-3.152
rxn32726	<	40.500
rxn32727	>	-12.342
rxn32730	>	-13.000
rxn32731	>	-13.000
rxn32735	>	-77.104
rxn32736	>	-8.152
rxn32737	<	151.241
rxn32738	>	-8.152
rxn32739	>	-8.152
rxn32740	>	-7.967
rxn32743	>	-141.663
rxn32745	=	-2.144
rxn32747	=	-6.558
rxn32748	=	-6.558
rxn32749	>	-49.845
rxn32750	=	-0.290
rxn32752	<	19.616
rxn32754	=	-1.796
rxn32757	>	-13.000
rxn32758	=	-1.562
rxn32760	=	0.000
rxn32766	>	-8.782
rxn32767	>	-8.782
rxn32775	=	-4.694
rxn32776	=	-1.364
rxn32777	=	-1.320
rxn32778	=	6.346
rxn32779	>	-29.961
rxn32780	=	6.346
rxn32781	=	6.346
rxn32782	=	0.174
rxn32785	=	0.174
rxn32788	=	-6.697
rxn32792	>	-28.628
rxn32793	=	-6.697
rxn32794	=	-5.290
rxn32796	>	-8.630
rxn32797	=	0.000
rxn32798	=	0.000
rxn32802	=	-5.121
rxn32803	=	-4.300
rxn32804	=	-5.121
rxn32805	=	4.281
rxn32807	<	8.510
rxn32808	>	-16.396
rxn32810	=	-6.670
rxn32813	>	-16.396
rxn32814	>	-28.338
rxn32816	>	-16.396
rxn32817	=	-3.649
rxn32819	=	-1.644
rxn32820	>	-6.909
rxn32821	=	-4.631
rxn32822	=	-3.649
rxn32824	=	-1.644
rxn32825	=	-1.644
rxn32827	=	-4.180
rxn32828	=	-0.000
rxn32830	>	-7.674
rxn32831	<	7.556
rxn32836	<	8.510
rxn32837	<	8.510
rxn32838	<	8.510
rxn32839	=	1.369
rxn32840	=	-0.000
rxn32841	=	0.960
rxn32842	>	-13.492
rxn32843	=	1.488
rxn32844	>	-9.543
rxn32848	>	-11.342
rxn32850	>	-11.342
rxn32851	=	-1.799
rxn32853	=	-4.180
rxn32854	=	-5.294
rxn32856	=	-5.294
rxn32867	>	-9.217
rxn32871	<	8.298
rxn32872	>	-67.379
rxn32875	>	-17.793
rxn32876	>	-17.793
rxn32891	>	-13.807
rxn32893	>	-9.217
rxn32896	>	-9.217
rxn32898	=	0.022
rxn32901	>	-8.771
rxn32907	>	-13.019
rxn32910	>	-79.759
rxn32911	>	-17.792
rxn32912	>	-17.792
rxn32913	>	-79.759
rxn32914	>	-17.792
rxn32917	=	2.711
rxn32920	=	6.169
rxn32921	=	6.169
rxn32923	=	6.169
rxn32924	>	-9.798
rxn32931	>	-22.163
rxn32932	<	70.243
rxn32933	>	-22.163
rxn32934	>	-79.759
rxn32936	=	1.034
rxn32938	=	2.745
rxn32939	=	1.034
rxn32940	=	-5.457
rxn32941	>	-7.130
rxn32943	>	-78.963
rxn32944	>	-53.524
rxn32945	>	-78.963
rxn32946	>	-53.524
rxn32947	>	-78.963
rxn32953	>	-7.130
rxn32954	>	-8.890
rxn32956	>	-8.890
rxn32961	>	-12.722
rxn32966	>	-34.929
rxn32967	=	6.169
rxn32968	=	6.169
rxn32969	=	6.169
rxn32974	>	-17.983
rxn32977	=	-6.486
rxn32978	=	-6.486
rxn32979	=	5.589
rxn32981	=	0.052
rxn32982	>	-8.355
rxn32985	>	-28.736
rxn32987	>	-8.371
rxn32988	>	-11.224
rxn32989	=	-2.321
rxn32990	=	-0.333
rxn32991	=	-2.321
rxn32993	>	-81.841
rxn32996	=	-1.916
rxn32998	=	-1.916
rxn33000	>	-63.840
rxn33004	>	-87.180
rxn33005	>	-87.180
rxn33006	=	4.159
rxn33015	=	-1.491
rxn33016	=	1.588
rxn33019	>	-25.961
rxn33023	>	-20.624
rxn33024	=	-0.538
rxn33032	=	-1.727
rxn33035	=	-2.267
rxn33036	>	-20.624
rxn33038	>	-16.396
rxn33039	=	0.834
rxn33040	>	-16.396
rxn33041	=	4.466
rxn33042	=	6.771
rxn33043	=	4.466
rxn33045	=	3.153
rxn33046	=	3.153
rxn33047	>	-16.396
rxn33055	>	-7.833
rxn33057	>	-7.833
rxn33059	>	-16.116
rxn33060	>	-16.116
rxn33061	=	-0.356
rxn33062	>	-11.742
rxn33064	>	-16.116
rxn33065	>	-16.116
rxn33066	=	3.234
rxn33067	=	0.544
rxn33068	>	-11.897
rxn33070	=	0.001
rxn33076	>	-68.234
rxn33078	=	-4.504
rxn33079	>	-13.749
rxn33080	>	-68.217
rxn33082	>	-11.897
rxn33083	=	-6.351
rxn33085	>	-12.056
rxn33087	=	-4.248
rxn33091	=	-0.922
rxn33092	=	-0.922
rxn33095	>	-12.587
rxn33096	>	-12.587
rxn33097	=	-2.199
rxn33098	>	-24.438
rxn33104	>	-11.245
rxn33109	>	-12.587
rxn33110	>	-12.587
rxn33114	>	-7.681
rxn33116	>	-7.681
rxn33120	=	-6.314
rxn33129	=	-2.084
rxn33130	>	-8.563
rxn33131	>	-10.744
rxn33132	>	-10.744
rxn33133	>	-14.178
rxn33134	=	-0.853
rxn33135	=	-0.292
rxn33137	=	0.742
rxn33143	=	5.101
rxn33145	>	-8.563
rxn33146	>	-93.372
rxn33147	>	-93.372
rxn33148	>	-103.772
rxn33150	=	2.388
rxn33151	=	3.556
rxn33152	=	2.388
rxn33154	>	-68.217
rxn33155	>	-103.772
rxn33157	=	-6.800
rxn33160	>	-8.891
rxn33164	=	-5.452
rxn33165	=	-5.294
rxn33166	=	-3.325
rxn33174	=	-0.155
rxn33180	>	-19.186
rxn33181	=	-4.320
rxn33182	>	-19.186
rxn33193	=	-2.904
rxn33194	=	-4.253
rxn33195	=	-4.253
rxn33199	=	-4.253
rxn33201	=	-3.781
rxn33205	=	-5.294
rxn33206	>	-8.891
rxn33207	=	2.821
rxn33208	>	-11.195
rxn33211	>	-69.079
rxn33212	=	-6.430
rxn33213	=	-0.155
rxn33216	=	-2.370
rxn33220	=	-2.111
rxn33222	>	-7.895
rxn33224	=	-3.518
rxn33225	>	-8.432
rxn33227	=	3.418
rxn33228	>	-25.114
rxn33231	=	3.418
rxn33232	>	-42.695
rxn33233	>	-7.557
rxn33237	=	-0.053
rxn33239	>	-25.114
rxn33240	>	-7.557
rxn33241	>	-7.557
rxn33242	=	-4.391
rxn33243	<	68.137
rxn33244	=	-0.458
rxn33245	<	68.137
rxn33247	>	-16.113
rxn33248	>	-16.113
rxn33250	<	68.137
rxn33251	<	68.137
rxn33253	=	-0.458
rxn33255	=	-0.458
rxn33256	<	68.137
rxn33258	=	-0.053
rxn33259	=	-0.053
rxn33264	=	-2.305
rxn33266	=	-3.562
rxn33267	=	-2.806
rxn33269	>	-10.442
rxn33270	>	-10.442
rxn33272	>	-10.442
rxn33277	>	-10.203
rxn33280	>	-10.203
rxn33281	=	0.556
rxn33284	=	1.782
rxn33286	<	113.549
rxn33288	<	113.549
rxn33290	>	-15.378
rxn33291	>	-10.203
rxn33292	>	-10.203
rxn33295	=	-1.878
rxn33296	=	-6.538
rxn33298	>	-14.627
rxn33299	>	-19.644
rxn33302	=	-5.932
rxn33304	=	-1.098
rxn33305	=	-3.152
rxn33311	>	-8.432
rxn33313	=	-2.370
rxn33315	=	-0.861
rxn33316	=	-0.189
rxn33318	=	-0.189
rxn33320	>	-16.396
rxn33321	>	-12.641
rxn33322	>	-12.641
rxn33323	=	-1.098
rxn33324	=	-2.909
rxn33325	>	-11.342
rxn33327	>	-11.342
rxn33328	=	-2.909
rxn33329	=	-6.843
rxn33331	>	-13.954
rxn33332	>	-67.192
rxn33337	>	-12.671
rxn33339	>	-8.500
rxn33340	=	-0.313
rxn33342	>	-67.192
rxn33345	>	-55.385
rxn33346	>	-22.022
rxn33349	>	-55.385
rxn33350	=	-2.886
rxn33351	=	-2.886
rxn33352	>	-8.411
rxn33353	>	-60.918
rxn33354	>	-11.409
rxn33356	>	-60.918
rxn33357	=	-2.886
rxn33359	=	-4.336
rxn33360	=	0.834
rxn33361	=	-6.089
rxn33363	=	-6.089
rxn33365	=	-5.555
rxn33367	>	-9.494
rxn33370	>	-9.494
rxn33373	=	0.834
rxn33374	=	1.145
rxn33377	<	124.102
rxn33382	=	2.158
rxn33383	=	0.357
rxn33385	=	-1.282
rxn33386	>	-17.977
rxn33387	=	3.549
rxn33388	>	-10.128
rxn33389	=	-2.217
rxn33390	=	-2.217
rxn33391	=	-0.125
rxn33392	>	-17.321
rxn33394	=	1.709
rxn33398	>	-73.822
rxn33400	=	4.740
rxn33401	=	-3.071
rxn33403	=	-2.497
rxn33404	=	-3.071
rxn33405	=	-2.497
rxn33412	>	-12.467
rxn33413	>	-6.997
rxn33415	>	-9.649
rxn33417	>	-9.649
rxn33418	=	1.302
rxn33425	=	5.734
rxn33426	=	-6.339
rxn33428	=	-6.339
rxn33431	=	-5.124
rxn33432	>	-8.898
rxn33433	=	-2.497
rxn33434	>	-14.624
rxn33435	>	-32.702
rxn33436	>	-13.440
rxn33437	>	-9.148
rxn33438	=	-6.355
rxn33439	>	-14.624
rxn33440	=	-0.687
rxn33441	>	-14.624
rxn33442	=	-6.355
rxn33443	>	-32.702
rxn33446	=	-0.714
rxn33448	>	-14.624
rxn33449	>	-71.866
rxn33451	>	-20.370
rxn33452	>	-20.370
rxn33453	=	-6.355
rxn33454	=	-0.701
rxn33455	>	-7.676
rxn33456	=	-0.701
rxn33463	>	-8.438
rxn33465	>	-71.866
rxn33467	>	-16.616
rxn33468	=	-0.701
rxn33469	=	-5.446
rxn33470	=	-2.460
rxn33471	>	-8.951
rxn33472	>	-14.178
rxn33474	>	-8.951
rxn33479	<	124.102
rxn33483	>	-68.294
rxn33484	>	-239.309
rxn33485	>	-10.801
rxn33486	=	-1.693
rxn33487	=	-1.152
rxn33488	>	-10.801
rxn33489	=	-1.152
rxn33490	<	9.388
rxn33491	=	-1.152
rxn33492	=	-1.152
rxn33493	>	-8.877
rxn33495	=	-3.561
rxn33496	>	-64.903
rxn33497	=	-3.561
rxn33498	=	-1.538
rxn33499	=	-1.098
rxn33501	=	-6.430
rxn33502	=	2.979
rxn33507	=	-6.339
rxn33514	=	1.178
rxn33515	<	8.835
rxn33516	>	-7.272
rxn33517	<	8.835
rxn33519	>	-19.961
rxn33524	>	-12.524
rxn33526	>	-7.272
rxn33532	=	-2.039
rxn33534	=	-2.039
rxn33536	=	4.119
rxn33539	=	-1.867
rxn33540	=	4.119
rxn33541	=	-6.698
rxn33549	=	-1.098
rxn33550	=	-0.085
rxn33553	>	-68.234
rxn33554	>	-68.234
rxn33556	=	-1.664
rxn33557	>	-8.891
rxn33558	=	-0.474
rxn33559	>	-8.773
rxn33560	>	-10.757
rxn33563	>	-8.771
rxn33567	=	2.714
rxn33568	>	-15.422
rxn33569	=	2.714
rxn33570	=	0.263
rxn33571	=	0.313
rxn33573	=	0.263
rxn33575	=	-0.474
rxn33576	>	-16.396
rxn33580	>	-7.160
rxn33581	=	-4.437
rxn33582	=	0.323
rxn33583	=	-4.437
rxn33589	>	-8.089
rxn33591	>	-8.089
rxn33593	>	-9.400
rxn33595	=	-1.877
rxn33597	=	-2.574
rxn33600	>	-9.400
rxn33602	=	-2.223
rxn33606	=	0.380
rxn33607	>	-68.355
rxn33609	<	8.213
rxn33610	=	-5.191
rxn33612	>	-68.355
rxn33613	<	16.037
rxn33614	=	-0.713
rxn33615	<	16.037
rxn33616	=	-0.713
rxn33617	=	-4.987
rxn33618	=	-4.408
rxn33619	=	-1.819
rxn33622	>	-17.441
rxn33623	>	-9.419
rxn33628	>	-11.149
rxn33629	>	-102.210
rxn33630	=	-0.713
rxn33631	=	2.603
rxn33632	>	-75.120
rxn33633	=	-1.713
rxn33637	=	-3.153
rxn33639	>	-83.403
rxn33642	=	0.840
rxn33653	=	-2.444
rxn33654	=	-4.795
rxn33657	>	-39.136
rxn33659	=	-1.864
rxn33662	=	-6.021
rxn33663	=	-6.021
rxn33664	>	-18.204
rxn33672	=	-0.335
rxn33674	>	-16.396
rxn33675	>	-11.664
rxn33680	>	-24.952
rxn33683	=	-1.057
rxn33684	>	-11.664
rxn33686	>	-8.891
rxn33688	=	-1.972
rxn33690	>	-11.664
rxn33691	>	-9.857
rxn33696	>	-8.850
rxn33698	=	-3.555
rxn33699	=	-3.555
rxn33700	=	-1.428
rxn33701	=	-1.428
rxn33702	>	-12.641
rxn33703	=	-2.160
rxn33704	=	-4.208
rxn33706	>	-24.095
rxn33708	=	-2.563
rxn33709	=	0.369
rxn33710	=	0.369
rxn33712	=	0.000
rxn33714	=	0.369
rxn33715	=	0.369
rxn33723	>	-21.555
rxn33724	=	-1.373
rxn33725	>	-8.360
rxn33728	>	-12.769
rxn33730	>	-21.555
rxn33735	>	-9.710
rxn33736	>	-9.672
rxn33737	>	-7.760
rxn33739	=	1.375
rxn33740	=	-1.837
rxn33741	>	-7.760
rxn33742	>	-11.353
rxn33748	>	-7.760
rxn33750	=	2.908
rxn33751	=	-2.840
rxn33754	=	-3.369
rxn33755	=	-2.110
rxn33757	=	-2.110
rxn33758	=	-3.357
rxn33760	=	-0.365
rxn33762	>	-7.688
rxn33763	=	-2.101
rxn33765	=	-2.110
rxn33766	=	6.694
rxn33768	=	1.152
rxn33769	=	1.152
rxn33770	>	-8.286
rxn33775	>	-35.007
rxn33777	>	-35.007
rxn33785	=	-0.339
rxn33789	=	1.152
rxn33793	>	-68.234
rxn33806	=	-1.890
rxn33811	=	0.000
rxn33819	>	-10.268
rxn33820	>	-10.268
rxn33822	>	-17.956
rxn33826	=	-1.725
rxn33831	>	-67.683
rxn33833	=	-2.563
rxn33834	>	-16.396
rxn33836	=	-2.563
rxn33837	=	-2.563
rxn33838	=	2.823
rxn33851	=	-4.605
rxn33852	=	-4.605
rxn33856	=	1.382
rxn33857	=	1.382
rxn33858	=	1.382
rxn33859	=	-1.565
rxn33860	=	0.303
rxn33862	=	-0.870
rxn33863	=	-0.865
rxn33864	=	-0.439
rxn33867	=	-2.974
rxn33868	=	-2.508
rxn33869	=	-1.892
rxn33870	=	-1.892
rxn33873	>	-8.122
rxn33877	=	-5.183
rxn33878	>	-56.714
rxn33879	=	-1.103
rxn33880	=	-2.039
rxn33881	>	-7.800
rxn33882	<	12.581
rxn33886	=	1.302
rxn33887	<	13.816
rxn33889	>	-16.606
rxn33891	>	-16.219
rxn33907	>	-60.918
rxn33927	>	-26.787
rxn33931	=	1.178
rxn33935	=	-0.348
rxn33936	=	-1.347
rxn33937	>	-10.605
rxn33938	=	1.937
rxn33939	=	0.316
rxn33940	=	-0.032
rxn33941	=	-1.693
rxn33942	=	-1.693
rxn33943	=	-2.632
rxn33946	>	-8.979
rxn33948	=	-0.572
rxn33949	=	-0.572
rxn33950	>	-9.310
rxn33952	=	-2.058
rxn33953	=	-2.058
rxn33959	>	-10.349
rxn33967	=	-6.426
rxn33968	=	6.164
rxn33973	=	-3.645
rxn33975	=	-2.315
rxn33977	=	-1.358
rxn33978	=	5.251
rxn33979	=	-1.035
rxn33980	>	-12.633
rxn33981	=	-6.041
rxn33982	>	-13.019
rxn33983	=	-6.417
rxn33985	>	-8.774
rxn33986	=	-1.426
rxn33987	=	-4.583
rxn33990	=	-2.939
rxn33991	>	-21.796
rxn33994	=	-6.355
rxn33995	=	-0.685
rxn33998	<	28.271
rxn34001	=	-2.315
rxn34002	=	-5.315
rxn34003	<	43.141
rxn34004	=	3.916
rxn34006	<	84.104
rxn34009	>	-27.803
rxn34011	=	-1.183
rxn34014	<	14.636
rxn34022	>	-17.093
rxn34025	=	4.686
rxn34026	=	-3.606
rxn34027	=	-4.534
rxn34028	>	-65.504
rxn34051	>	-13.114
rxn34055	=	1.396
rxn34058	>	-10.419
rxn34059	=	-0.077
rxn34106	>	-12.581
rxn34127	>	-12.581
rxn34185	=	0.666
rxn34189	=	-1.672
rxn34190	=	2.763
rxn34191	>	-17.841
rxn34194	=	-3.646
rxn34196	>	-16.345
rxn34204	>	-7.822
rxn34212	>	-14.330
rxn34213	>	-12.524
rxn34218	=	-1.377
rxn34220	=	2.758
rxn34226	=	-2.522
rxn34231	>	-17.811
rxn34232	=	-4.117
rxn34233	=	6.005
rxn34234	=	1.322
rxn34235	=	4.163
rxn34239	=	4.785
rxn34240	=	4.785
rxn34243	>	-7.800
rxn34244	>	-7.800
rxn34245	=	5.348
rxn34246	=	2.166
rxn34248	>	-8.312
rxn34253	=	-0.026
rxn34254	=	-0.026
rxn34255	=	-1.872
rxn34257	=	-3.594
rxn34258	=	-3.999
rxn34259	=	1.065
rxn34260	>	-13.043
rxn34262	=	-5.572
rxn34264	=	4.603
rxn34267	=	1.805
rxn34271	<	8.605
rxn34273	=	-0.303
rxn34297	=	0.666
rxn34298	=	1.750
rxn34299	=	2.823
rxn34300	<	8.298
rxn34304	=	-0.655
rxn34328	<	12.581
rxn34343	=	0.000
rxn34344	=	0.000
rxn34370	>	-12.581
rxn34391	>	-12.581
rxn34412	>	-12.581
rxn34423	>	-11.863
rxn34424	=	-1.827
rxn34458	>	-12.581
rxn34513	>	-12.581
rxn34536	>	-12.581
rxn34546	>	-12.581
rxn34557	>	-17.797
rxn34558	>	-9.310
rxn34560	=	-3.083
rxn34563	>	-12.464
rxn34566	=	-3.994
rxn34567	=	-3.994
rxn34570	=	-0.861
rxn34571	=	-6.116
rxn34572	=	-6.116
rxn34576	=	0.197
rxn34579	>	-17.956
rxn34581	>	-16.616
rxn34582	>	-17.321
rxn34586	<	70.659
rxn34597	=	-0.244
rxn34599	=	0.244
rxn34613	=	-5.178
rxn34618	=	-3.153
rxn34626	=	-0.125
rxn34627	=	1.064
rxn34630	=	-1.321
rxn34632	=	-2.793
rxn34633	=	1.607
rxn34636	>	-62.314
rxn34638	>	-62.314
rxn34640	>	-62.314
rxn34641	>	-62.314
rxn34648	=	0.000
rxn34662	>	-8.718
rxn34663	>	-8.718
rxn34664	=	-3.437
rxn34665	>	-19.358
rxn34670	=	0.227
rxn34671	=	3.437
rxn34672	>	-21.269
rxn34674	<	8.411
rxn34676	>	-84.629
rxn34677	=	3.258
rxn34679	>	-17.861
rxn34680	>	-88.708
rxn34682	=	-5.593
rxn34683	>	-112.425
rxn34685	=	-5.562
rxn34692	>	-15.881
rxn34728	=	0.276
rxn34729	=	-0.174
rxn34730	=	-0.174
rxn34731	=	-0.174
rxn34732	=	-0.174
rxn34733	=	-0.174
rxn34734	=	-3.374
rxn34735	=	-3.152
rxn34736	=	-3.152
rxn34737	=	-3.152
rxn34738	=	-3.152
rxn34739	=	-3.152
rxn34755	=	-1.789
rxn34758	=	-5.090
rxn34759	=	-3.634
rxn34760	=	-0.194
rxn34763	>	-14.655
rxn34765	=	-0.614
rxn34768	=	2.082
rxn34769	=	-3.425
rxn34770	=	-3.285
rxn34771	>	-35.250
rxn34772	=	-5.169
rxn34773	=	-0.701
rxn34775	>	-7.047
rxn34776	>	-7.047
rxn34777	=	-0.374
rxn34778	=	-1.480
rxn34779	=	-5.414
rxn34780	>	-7.412
rxn34781	=	-4.005
rxn34782	>	-10.411
rxn34784	>	-10.455
rxn34785	=	-4.479
rxn34786	>	-10.183
rxn34787	>	-8.465
rxn34788	=	-4.797
rxn34789	=	-4.797
rxn34790	=	2.632
rxn34791	=	-2.058
rxn34792	=	-2.058
rxn34793	=	2.632
rxn34794	=	2.632
rxn34797	=	4.490
rxn35164	<	21.542
rxn35209	>	-17.977
rxn35211	=	6.622
rxn35212	=	-1.724
rxn35214	=	-1.916
rxn35215	>	-12.722
rxn35218	=	-1.538
rxn35234	=	1.806
rxn35241	=	-3.945
rxn35242	=	-5.051
rxn35245	>	-12.524
rxn35246	=	2.166
rxn35247	>	-13.043
rxn35251	>	-17.441
rxn35254	>	-9.421
rxn35258	=	-5.931
rxn35273	>	-13.013
rxn35274	>	-15.381
rxn35281	>	-13.017
rxn35282	=	-6.800
rxn35284	>	-7.850
rxn35310	=	-5.041
rxn35311	=	-0.631
rxn35314	=	-0.882
rxn35315	>	-12.524
rxn35317	>	-24.142
rxn35318	=	3.920
rxn35319	>	-15.987
rxn35343	=	1.373
rxn35344	<	9.680
rxn35345	=	-0.652
rxn35346	>	-8.167
rxn35351	=	-3.153
rxn35352	=	-6.736
rxn35353	=	3.221
rxn35355	=	-3.020
rxn35356	=	-0.215
rxn35359	>	-19.118
rxn35360	=	0.556
rxn35361	>	-24.095
rxn35362	=	-6.355
rxn35369	>	-13.913
rxn35370	>	-13.913
rxn35371	=	-5.144
rxn35372	>	-16.505
rxn35373	>	-11.784
rxn35374	>	-17.602
rxn35376	=	4.809
rxn35385	=	4.600
rxn35388	>	-19.823
rxn35404	>	-9.973
rxn35409	>	-13.395
rxn35412	>	-126.716
rxn35413	>	-36.177
rxn35415	>	-12.228
rxn35416	=	6.771
rxn35417	=	6.771
rxn35425	=	-0.718
rxn35427	<	11.605
rxn35428	=	2.865
rxn35429	=	-4.476
rxn35430	=	-4.694
rxn35431	>	-9.183
rxn35432	>	-17.615
rxn35433	=	-3.724
rxn35435	>	-24.307
rxn35436	>	-22.653
rxn35437	>	-17.997
rxn35438	>	-16.402
rxn35439	=	-4.569
rxn35440	>	-14.540
rxn35441	>	-42.804
rxn35442	=	-5.589
rxn35443	=	-5.728
rxn35444	<	63.245
rxn35447	>	-37.071
rxn35448	=	-4.534
rxn35449	=	2.942
rxn35450	>	-24.775
rxn35453	=	-2.109
rxn35454	=	1.322
rxn35456	>	-72.577
rxn35464	>	-13.257
rxn35465	=	-3.467
rxn35471	>	-8.656
rxn35472	>	-89.992
rxn35473	<	70.243
rxn35474	>	-19.929
rxn35475	>	-27.135
rxn35476	>	-19.545
rxn35479	=	-0.040
rxn35480	=	-0.040
rxn35484	>	-10.275
rxn35488	<	17.464
rxn35505	=	-5.415
rxn35517	=	0.976
rxn35518	=	2.763
rxn35519	=	-1.047
rxn35524	=	-0.000
rxn35525	>	-20.283
rxn35526	=	1.635
rxn35527	>	-14.906
rxn35528	>	-14.905
rxn35529	=	0.000
rxn35530	=	-3.153
rxn35531	=	-3.153
rxn35533	>	-11.080
rxn35536	>	-9.225
rxn35537	=	-0.597
rxn35538	=	-0.597
rxn35539	=	-0.597
rxn35540	=	2.241
rxn35541	=	-0.161
rxn35543	>	-12.640
rxn35544	=	3.556
rxn35545	=	3.152
rxn35547	<	7.556
rxn35548	=	-4.012
rxn35549	=	-4.198
rxn35550	=	-0.027
rxn35551	=	-0.027
rxn35552	=	-0.027
rxn35553	=	-4.199
rxn35554	=	-4.456
rxn35556	>	-18.176
rxn35560	>	-7.641
rxn35561	=	2.813
rxn35571	>	-10.419
rxn35572	=	1.820
rxn35580	>	-12.722
rxn35582	<	10.427
rxn35583	=	-3.698
rxn35584	=	-3.698
rxn35587	=	-3.122
rxn35588	=	-3.123
rxn35589	=	-3.122
rxn35590	=	-3.123
rxn35591	=	-0.835
rxn35592	=	-2.181
rxn35594	=	-6.710
rxn35595	=	-6.710
rxn35596	>	-23.956
rxn35597	>	-23.956
rxn35598	>	-23.956
rxn35599	=	-2.181
rxn35601	=	-6.710
rxn35602	=	-6.710
rxn35603	>	-23.956
rxn35604	>	-23.956
rxn35605	>	-23.956
rxn35606	=	-3.819
rxn35607	=	-3.819
rxn35608	=	-2.456
rxn35610	>	-6.984
rxn35611	>	-6.984
rxn35612	>	-24.231
rxn35613	>	-24.231
rxn35614	>	-24.231
rxn35615	>	-68.253
rxn35616	>	-68.253
rxn35617	>	-68.253
rxn35618	>	-77.892
rxn35619	>	-60.138
rxn35620	>	-60.138
rxn35621	>	-75.811
rxn35622	>	-34.275
rxn35623	<	10.167
rxn35624	<	10.744
rxn35625	<	10.167
rxn35626	>	-65.639
rxn35627	>	-62.314
rxn35628	>	-62.314
rxn35629	>	-67.683
rxn35630	>	-67.683
rxn35631	>	-89.010
rxn35632	>	-89.010
rxn35633	>	-89.010
rxn35634	>	-89.010
rxn35635	=	3.301
rxn35637	=	-2.737
rxn35638	=	-2.737
rxn35639	>	-25.732
rxn35640	>	-25.732
rxn35641	>	-25.732
rxn35642	>	-11.650
rxn35643	>	-11.651
rxn35644	>	-11.651
rxn35645	<	16.881
rxn35646	>	-11.474
rxn35647	>	-11.475
rxn35648	<	16.882
rxn35649	<	16.881
rxn35650	>	-11.475
rxn35651	=	2.860
rxn35653	=	2.854
rxn35654	=	2.854
rxn35655	=	2.869
rxn35656	=	2.869
rxn35657	=	2.869
rxn35658	=	2.860
rxn35660	=	2.854
rxn35661	=	2.854
rxn35662	=	2.869
rxn35663	=	2.869
rxn35664	=	2.869
rxn35665	=	-3.084
rxn35666	>	-10.400
rxn35669	=	-1.534
rxn35670	=	-1.305
rxn35674	=	1.578
rxn35675	=	1.578
rxn35676	>	-11.142
rxn35677	>	-13.210
rxn35678	>	-12.581
rxn35679	>	-17.064
rxn35680	=	3.874
rxn35683	>	-15.890
rxn35684	>	-14.767
rxn35685	>	-14.767
rxn35686	>	-14.767
rxn35687	>	-14.767
rxn35688	>	-14.767
rxn35689	>	-14.767
rxn35690	>	-14.767
rxn35691	>	-14.212
rxn35692	>	-14.767
rxn35693	>	-14.806
rxn35694	>	-14.767
rxn35695	>	-14.767
rxn35696	>	-14.767
rxn35697	>	-14.767
rxn35698	=	1.820
rxn35701	<	19.054
rxn35702	<	19.053
rxn35703	<	19.054
rxn35704	<	19.053
rxn35709	=	3.556
rxn35710	=	3.556
rxn35713	>	-108.379
rxn35714	>	-108.379
rxn35715	=	3.487
rxn35716	=	3.487
rxn35719	=	3.556
rxn35720	<	123.176
rxn35721	<	123.175
rxn35722	=	4.101
rxn35723	=	4.100
rxn35724	<	77.599
rxn35725	<	77.598
rxn35726	=	4.101
rxn35727	=	4.100
rxn35728	=	3.556
rxn35729	=	3.556
rxn35730	=	3.556
rxn35731	=	3.556
rxn35734	>	-108.379
rxn35735	>	-108.379
rxn35736	=	3.608
rxn35737	=	3.608
rxn35740	=	5.460
rxn35741	=	5.460
rxn35750	=	4.065
rxn35751	=	4.064
rxn35760	<	18.544
rxn35761	<	18.544
rxn35770	<	18.544
rxn35771	<	18.544
rxn35780	<	18.544
rxn35781	<	18.544
rxn35790	<	18.544
rxn35791	<	18.544
rxn35800	<	18.544
rxn35801	<	18.544
rxn35810	<	18.544
rxn35811	<	18.544
rxn35820	<	18.544
rxn35821	<	18.544
rxn35830	<	18.544
rxn35831	<	18.544
rxn35864	<	11.241
rxn35865	<	11.240
rxn35918	>	-107.835
rxn35919	>	-107.835
rxn35924	>	-34.336
rxn35925	>	-34.337
rxn35926	=	3.556
rxn35927	=	3.556
rxn35928	=	3.556
rxn35941	<	19.054
rxn35942	<	19.053
rxn35955	<	19.054
rxn35956	<	19.053
rxn35961	=	3.556
rxn35962	=	3.556
rxn35996	<	72.459
rxn35997	<	72.459
rxn36002	<	29.495
rxn36003	<	29.495
rxn36016	<	70.125
rxn36017	<	70.125
rxn36018	<	19.054
rxn36019	<	19.053
rxn36028	<	70.125
rxn36029	<	70.125
rxn36048	=	4.914
rxn36049	=	4.913
rxn36052	=	3.556
rxn36053	=	3.556
rxn36054	=	4.361
rxn36059	<	29.495
rxn36060	<	29.495
rxn36067	<	19.054
rxn36068	<	19.053
rxn36075	=	4.394
rxn36080	<	73.278
rxn36081	<	73.277
rxn36088	>	-107.835
rxn36089	>	-107.835
rxn36090	>	-108.379
rxn36091	>	-108.379
rxn36092	>	-108.379
rxn36093	>	-108.379
rxn36094	=	3.556
rxn36095	=	3.556
rxn36099	=	3.556
rxn36100	=	3.556
rxn36101	=	3.556
rxn36102	=	3.556
rxn36117	=	3.556
rxn36118	=	3.556
rxn36125	=	3.556
rxn36126	=	3.556
rxn36137	=	3.556
rxn36138	=	3.556
rxn36141	=	3.556
rxn36142	=	3.556
rxn36165	=	3.556
rxn36166	=	3.556
rxn36169	=	3.556
rxn36224	=	3.556
rxn36225	=	3.556
rxn36230	=	2.184
rxn36231	=	2.183
rxn36234	<	16.798
rxn36235	<	16.798
rxn36240	=	4.929
rxn36241	=	4.929
rxn36244	>	-9.685
rxn36245	>	-9.686
rxn36278	=	3.556
rxn36279	=	3.556
rxn36282	<	18.171
rxn36283	<	18.170
rxn36286	>	-11.058
rxn36287	>	-11.058
rxn36294	=	3.556
rxn36295	=	3.556
rxn36304	=	4.725
rxn36305	=	4.724
rxn36308	=	4.101
rxn36309	=	4.100
rxn36310	=	4.101
rxn36311	=	4.100
rxn36312	=	3.556
rxn36313	=	3.556
rxn36316	=	3.556
rxn36317	=	3.556
rxn36320	=	6.160
rxn36321	=	3.556
rxn36330	>	-8.891
rxn36335	<	159.873
rxn36336	<	159.873
rxn36341	<	161.246
rxn36342	<	161.245
rxn36345	<	146.632
rxn36346	<	146.631
rxn36349	<	159.873
rxn36350	<	159.873
rxn36355	<	161.246
rxn36356	<	161.246
rxn36359	<	146.632
rxn36360	<	146.631
rxn36389	>	-10.057
rxn36392	>	-11.363
rxn36393	>	-11.363
rxn36444	<	103.044
rxn36445	<	103.044
rxn36476	>	-8.890
rxn36495	>	-9.294
rxn36498	>	-8.772
rxn36499	>	-9.393
rxn36500	>	-9.394
rxn36505	>	-8.891
rxn36514	>	-8.891
rxn36515	>	-8.891
rxn36522	>	-8.891
rxn36531	>	-8.891
rxn36532	>	-8.891
rxn36541	>	-8.891
rxn36542	>	-8.891
rxn36543	>	-8.891
rxn36588	>	-8.892
rxn36641	>	-8.891
rxn36644	>	-9.941
rxn36645	>	-9.941
rxn36648	>	-8.891
rxn36655	>	-7.090
rxn36656	=	-5.418
rxn36659	=	-1.892
rxn36660	=	-1.892
rxn36661	=	-1.892
rxn36662	=	-1.892
rxn36663	=	-1.892
rxn36664	=	-1.892
rxn36665	=	-1.892
rxn36666	=	-1.892
rxn36667	=	-1.892
rxn36668	>	-10.936
rxn36671	=	-1.188
rxn36672	=	-4.811
rxn36673	>	-18.608
rxn36674	>	-18.608
rxn36675	>	-18.608
rxn36676	=	-1.188
rxn36677	=	-4.811
rxn36678	>	-18.608
rxn36679	>	-18.608
rxn36680	>	-18.608
rxn36681	=	-2.726
rxn36682	=	-3.156
rxn36683	=	-3.494
rxn36684	=	-3.031
rxn36685	=	-2.361
rxn36686	=	-2.136
rxn36687	=	-2.938
rxn36688	=	-2.697
rxn36689	=	-2.590
rxn36691	=	-1.504
rxn36693	=	-1.504
rxn36694	=	-2.939
rxn36695	=	-2.939
rxn36696	=	-3.481
rxn36697	>	-8.010
rxn36698	>	-25.256
rxn36699	>	-25.256
rxn36700	=	-3.481
rxn36701	>	-8.010
rxn36702	>	-25.256
rxn36703	>	-25.256
rxn36704	>	-25.256
rxn36705	=	-0.651
rxn36706	=	-5.180
rxn36707	>	-22.426
rxn36708	>	-22.426
rxn36709	=	-0.651
rxn36710	=	-5.180
rxn36711	>	-22.426
rxn36712	>	-22.426
rxn36713	>	-22.426
rxn36714	=	0.303
rxn36715	=	0.302
rxn36716	<	42.666
rxn36725	=	3.116
rxn36726	>	-28.424
rxn36727	>	-28.424
rxn36728	>	-28.424
rxn36729	>	-28.424
rxn36730	>	-28.424
rxn36731	>	-28.424
rxn36732	=	-0.194
rxn36733	=	-3.084
rxn36734	=	-3.068
rxn36735	=	-2.938
rxn36736	=	-2.840
rxn36737	=	-2.265
rxn36738	=	-2.938
rxn36739	=	-2.938
rxn36740	=	-2.582
rxn36741	=	-3.068
rxn36742	=	-2.938
rxn36743	=	-2.840
rxn36744	=	-2.265
rxn36745	=	-2.938
rxn36746	=	-2.938
rxn36747	=	-2.582
rxn36748	=	3.157
rxn36749	=	3.157
rxn36750	=	3.157
rxn36751	=	-1.074
rxn36752	>	-19.663
rxn36753	>	-42.873
rxn36757	=	0.534
rxn36759	=	-3.995
rxn36760	=	-3.995
rxn36761	>	-21.241
rxn36762	>	-21.241
rxn36763	=	0.534
rxn36765	=	-3.995
rxn36766	=	-3.995
rxn36767	>	-21.241
rxn36768	>	-21.241
rxn36769	>	-21.241
rxn36770	=	1.648
rxn36771	=	1.647
rxn36772	>	-26.590
rxn36773	>	-26.590
rxn36774	>	-26.590
rxn36775	>	-26.590
rxn36776	>	-26.590
rxn36777	>	-26.590
rxn36778	>	-26.590
rxn36779	>	-16.435
rxn36780	>	-16.434
rxn36781	>	-20.958
rxn36782	>	-20.957
rxn36783	=	-4.815
rxn36788	>	-20.958
rxn36789	>	-20.957
rxn36810	=	-4.815
rxn36811	=	-4.815
rxn36812	=	-4.815
rxn36813	=	-4.815
rxn36824	=	-1.757
rxn36825	=	-1.757
rxn36826	>	-9.344
rxn36827	>	-9.343
rxn36828	>	-26.589
rxn36829	>	-26.589
rxn36838	>	-26.590
rxn36839	>	-26.590
rxn36840	>	-26.590
rxn36841	>	-26.590
rxn36851	>	-26.590
rxn36852	>	-16.435
rxn36853	>	-16.434
rxn36854	>	-20.958
rxn36855	>	-20.957
rxn36856	=	-4.815
rxn36857	=	-4.815
rxn36862	>	-20.958
rxn36863	>	-20.957
rxn36870	>	-9.344
rxn36871	>	-9.343
rxn36886	=	-4.815
rxn36887	=	-4.815
rxn36888	=	-4.815
rxn36889	=	-4.815
rxn36890	=	-4.815
rxn36891	=	-4.815
rxn36902	=	-1.757
rxn36903	=	-1.757
rxn36904	>	-9.344
rxn36905	>	-9.343
rxn36906	>	-26.589
rxn36907	>	-26.589
rxn36916	>	-26.590
rxn36917	>	-26.590
rxn36918	>	-26.590
rxn36919	>	-26.590
rxn36920	>	-26.590
rxn36921	>	-26.590
rxn36922	>	-26.590
rxn36923	>	-26.590
rxn36934	>	-13.463
rxn36935	>	-12.819
rxn36959	>	-9.112
rxn36960	>	-9.112
rxn36961	>	-9.112
rxn36964	>	-9.112
rxn36965	>	-9.112
rxn36967	>	-9.112
rxn36982	>	-9.112
rxn36983	>	-9.112
rxn36984	>	-9.112
rxn36987	>	-9.112
rxn36988	>	-9.112
rxn36990	>	-9.112
rxn37005	<	43.432
rxn37007	<	43.432
rxn37008	>	-8.662
rxn37009	>	-8.662
rxn37010	>	-73.575
rxn37011	>	-73.575
rxn37012	=	4.109
rxn37013	=	4.109
rxn37014	=	-3.727
rxn37015	=	-3.726
rxn37018	=	-2.467
rxn37019	<	7.039
rxn37022	=	-5.991
rxn37023	=	-5.991
rxn37028	=	-4.946
rxn37033	=	-3.396
rxn37034	>	-22.944
rxn37035	>	-22.944
rxn37036	>	-22.944
rxn37037	=	-0.834
rxn37038	=	-0.835
rxn37039	=	0.834
rxn37040	=	0.835
rxn37041	>	-16.638
rxn37042	>	-16.638
rxn37043	>	-16.638
rxn37044	>	-22.988
rxn37045	>	-18.460
rxn37046	=	-1.213
rxn37047	=	-1.213
rxn37048	>	-7.723
rxn37049	>	-12.252
rxn37050	>	-29.498
rxn37051	>	-29.498
rxn37052	>	-29.498
rxn37053	=	6.527
rxn37054	=	1.999
rxn37055	>	-15.248
rxn37056	>	-15.248
rxn37057	>	-15.248
rxn37058	=	6.527
rxn37059	=	1.999
rxn37060	>	-15.248
rxn37061	>	-15.248
rxn37062	>	-15.248
rxn37075	>	-10.919
rxn37076	>	-35.205
rxn37077	>	-35.205
rxn37078	>	-35.205
rxn37079	>	-35.205
rxn37080	>	-35.205
rxn37081	=	2.290
rxn37082	>	-24.381
rxn37083	>	-24.381
rxn37084	>	-24.381
rxn37089	<	11.342
rxn37090	<	11.342
rxn37092	=	-4.654
rxn37098	=	1.214
rxn37099	=	0.734
rxn37102	=	-4.058
rxn37103	=	-5.470
rxn37107	=	-3.084
rxn37108	=	-3.084
rxn37109	=	-3.084
rxn37110	=	-3.084
rxn37111	=	-3.084
rxn37112	=	-3.084
rxn37113	>	-53.834
rxn37115	>	-50.211
rxn37116	>	-50.211
rxn37117	>	-36.414
rxn37118	>	-36.414
rxn37119	>	-36.414
rxn37120	>	-53.834
rxn37122	>	-50.211
rxn37123	>	-50.211
rxn37124	>	-36.414
rxn37125	>	-36.414
rxn37126	>	-36.414
rxn37127	=	-4.111
rxn37128	<	8.703
rxn37129	=	2.665
rxn37130	>	-20.330
rxn37131	>	-20.330
rxn37132	>	-20.330
rxn37151	=	-3.451
rxn37152	=	-0.834
rxn37153	=	-0.835
rxn37154	>	-27.448
rxn37155	>	-27.448
rxn37156	>	-27.448
rxn37157	>	-27.448
rxn37158	>	-27.448
rxn37159	>	-27.448
rxn37160	=	0.000
rxn37161	=	-1.831
rxn37162	=	0.472
rxn37163	=	0.471
rxn37168	>	-10.870
rxn37172	=	-0.834
rxn37173	=	-0.835
rxn37174	=	-2.254
rxn37175	=	-2.253
rxn37178	=	3.556
rxn37181	=	-0.845
rxn37182	>	-21.768
rxn37183	=	-3.049
rxn37184	>	-92.905
rxn37185	>	-92.904
rxn37186	>	-61.884
rxn37187	>	-61.883
rxn37188	>	-14.492
rxn37189	=	0.011
rxn37190	=	0.011
rxn37191	=	-0.544
rxn37193	=	1.811
rxn37195	=	1.811
rxn37196	=	1.811
rxn37197	=	1.811
rxn37200	=	1.811
rxn37201	=	1.811
rxn37203	=	1.811
rxn37217	=	-0.142
rxn37219	=	-0.697
rxn37220	=	-0.142
rxn37222	=	-0.697
rxn37223	=	-0.142
rxn37225	=	-0.697
rxn37226	=	-0.142
rxn37228	=	-0.697
rxn37229	=	-0.142
rxn37231	=	-0.697
rxn37232	>	-9.345
rxn37233	>	-9.345
rxn37236	>	-37.076
rxn37240	>	-22.553
rxn37242	>	-22.553
rxn37243	>	-22.553
rxn37245	>	-22.553
rxn37246	>	-22.553
rxn37247	>	-22.553
rxn37248	>	-22.553
rxn37249	>	-22.553
rxn37250	>	-22.553
rxn37251	>	-22.553
rxn37252	>	-22.553
rxn37253	>	-22.553
rxn37254	>	-22.553
rxn37255	<	41.798
rxn37256	<	41.798
rxn37263	=	0.406
rxn37264	=	0.982
rxn37265	=	-0.218
rxn37266	=	-0.973
rxn37267	=	-0.276
rxn37268	=	0.357
rxn37269	=	-0.398
rxn37270	=	0.300
rxn37271	>	-74.926
rxn37272	>	-62.313
rxn37273	>	-65.913
rxn37274	>	-27.478
rxn37276	=	-3.078
rxn37281	=	1.287
rxn37282	=	1.985
rxn37283	>	-9.978
rxn37284	>	-9.256
rxn37285	=	-0.174
rxn37286	=	-0.174
rxn37287	=	-0.174
rxn37288	=	-0.174
rxn37289	=	-0.174
rxn37290	=	-0.174
rxn37291	=	-0.174
rxn37292	>	-10.629
rxn37293	=	0.939
rxn37294	=	0.887
rxn37295	=	0.457
rxn37296	=	0.119
rxn37297	=	0.582
rxn37298	=	1.252
rxn37299	=	1.477
rxn37300	=	0.675
rxn37301	=	0.917
rxn37302	=	1.024
rxn37303	=	0.939
rxn37304	=	0.887
rxn37305	=	0.457
rxn37306	=	0.119
rxn37307	=	0.582
rxn37308	=	1.252
rxn37309	=	1.477
rxn37310	=	0.675
rxn37311	=	0.917
rxn37312	=	1.024
rxn37313	=	0.939
rxn37314	=	0.887
rxn37315	=	0.457
rxn37316	=	0.119
rxn37317	=	0.582
rxn37318	=	1.252
rxn37319	=	1.477
rxn37320	=	0.675
rxn37321	=	0.917
rxn37322	=	1.024
rxn37323	=	-1.789
rxn37324	=	-1.789
rxn37325	=	-1.789
rxn37326	=	-1.789
rxn37327	=	-1.789
rxn37328	=	-1.789
rxn37329	=	-1.789
rxn37330	=	-1.789
rxn37331	=	-1.789
rxn37332	=	-1.820
rxn37333	=	-1.789
rxn37334	=	-1.789
rxn37335	=	-1.789
rxn37336	=	-1.789
rxn37337	=	-1.820
rxn37338	=	-1.789
rxn37339	=	-1.789
rxn37340	=	-1.789
rxn37341	=	-1.789
rxn37349	>	-10.276
rxn37355	>	-10.872
rxn37356	>	-10.872
rxn37357	=	-4.946
rxn37358	=	-4.946
rxn37359	=	-4.946
rxn37360	=	-3.084
rxn37361	>	-68.228
rxn37362	>	-68.228
rxn37363	>	-68.228
rxn37364	>	-68.228
rxn37365	=	6.794
rxn37366	=	-3.122
rxn37367	=	-3.123
rxn37368	=	-3.122
rxn37369	=	-3.123
rxn37370	=	-3.122
rxn37371	=	-3.122
rxn37372	>	-8.694
rxn37373	>	-45.801
rxn37374	>	-45.801
rxn37377	=	-4.946
rxn37378	>	-60.113
rxn37379	>	-60.112
rxn37384	=	0.834
rxn37385	=	0.835
rxn37386	>	-27.327
rxn37406	=	-2.865
rxn37407	=	-4.946
rxn37408	=	0.903
rxn37409	=	2.296
rxn37410	=	2.297
rxn37411	=	-3.083
rxn37412	>	-84.023
rxn37413	>	-84.023
rxn37414	>	-84.023
rxn37415	>	-84.023
rxn37421	=	-3.763
rxn37422	=	-3.762
rxn37423	>	-61.508
rxn37424	=	-2.644
rxn37425	=	-2.644
rxn37426	>	-65.799
rxn37427	>	-65.799
rxn37428	>	-65.799
rxn37429	=	4.094
rxn37439	>	-7.736
rxn37440	>	-22.023
rxn37441	>	-22.023
rxn37442	>	-22.023
rxn37443	>	-22.023
rxn37444	>	-22.023
rxn37445	=	-0.248
rxn37446	=	-0.248
rxn37447	=	-4.777
rxn37448	>	-22.023
rxn37449	>	-22.023
rxn37450	=	-0.248
rxn37451	=	-4.777
rxn37452	>	-27.448
rxn37453	>	-27.448
rxn37454	=	-1.213
rxn37455	=	-1.213
rxn37456	=	-1.213
rxn37461	>	-60.140
rxn37462	>	-60.139
rxn37463	>	-60.140
rxn37464	>	-60.139
rxn37465	>	-60.140
rxn37466	>	-60.139
rxn37467	>	-67.147
rxn37468	>	-67.146
rxn37469	>	-67.147
rxn37470	>	-67.146
rxn37471	>	-67.147
rxn37472	>	-67.146
rxn37473	>	-77.104
rxn37474	>	-77.104
rxn37475	>	-77.104
rxn37476	>	-77.104
rxn37477	>	-77.104
rxn37478	>	-77.104
rxn37479	=	-6.651
rxn37480	=	-6.651
rxn37481	>	-60.140
rxn37482	>	-60.139
rxn37483	>	-60.140
rxn37484	>	-60.139
rxn37485	>	-60.140
rxn37486	>	-60.139
rxn37487	>	-67.147
rxn37488	>	-67.146
rxn37489	>	-67.147
rxn37490	>	-67.146
rxn37491	>	-67.147
rxn37492	>	-67.146
rxn37493	>	-77.104
rxn37494	>	-77.104
rxn37495	>	-77.104
rxn37496	>	-77.104
rxn37497	>	-77.104
rxn37498	>	-77.104
rxn37499	=	-5.089
rxn37500	=	-5.089
rxn37501	>	-67.683
rxn37502	>	-67.683
rxn37503	>	-67.683
rxn37504	>	-67.683
rxn37505	>	-60.139
rxn37506	>	-60.140
rxn37507	>	-60.139
rxn37508	>	-60.140
rxn37509	>	-60.139
rxn37510	>	-67.146
rxn37511	>	-67.147
rxn37512	>	-67.146
rxn37513	>	-67.147
rxn37514	>	-67.146
rxn37515	>	-77.104
rxn37516	>	-77.104
rxn37517	>	-77.104
rxn37518	>	-77.104
rxn37519	>	-77.104
rxn37520	=	-6.651
rxn37521	=	-6.651
rxn37545	=	-3.589
rxn37546	>	-10.419
rxn37547	=	-3.497
rxn37549	>	-8.026
rxn37550	>	-8.026
rxn37551	>	-25.272
rxn37552	>	-25.272
rxn37553	>	-25.272
rxn37554	=	-3.497
rxn37556	>	-8.026
rxn37557	>	-8.026
rxn37558	>	-25.272
rxn37559	>	-25.272
rxn37560	>	-25.272
rxn37562	>	-14.855
rxn37563	>	-14.855
rxn37564	>	-14.855
rxn37565	>	-14.855
rxn37566	>	-14.855
rxn37567	>	-14.855
rxn37568	>	-14.855
rxn37569	>	-26.590
rxn37570	>	-26.590
rxn37571	>	-26.590
rxn37572	>	-10.574
rxn37574	>	-10.574
rxn37576	=	-0.120
rxn37577	>	-8.685
rxn37578	>	-7.992
rxn37583	>	-34.276
rxn37584	>	-34.275
rxn37585	>	-10.189
rxn37586	>	-10.189
rxn37589	=	-3.481
rxn37590	>	-25.256
rxn37595	=	-0.651
rxn37596	>	-22.426
rxn37599	>	-10.310
rxn37600	>	-10.310
rxn37607	>	-26.590
rxn37609	>	-16.396
rxn37610	>	-16.396
rxn37611	>	-16.396
rxn37612	>	-16.396
rxn37625	=	-3.153
rxn37626	=	-3.152
rxn37627	=	-3.153
rxn37628	=	-3.152
rxn37631	>	-11.195
rxn37632	=	-4.777
rxn37635	=	-0.248
rxn37636	=	-4.777
rxn37637	>	-22.023
rxn37640	=	3.249
rxn37643	>	-14.855
rxn37645	=	-0.973
rxn37658	=	-3.003
rxn37659	>	-11.318
rxn37660	>	-11.318
rxn37662	=	3.263
rxn37663	=	3.262
rxn37664	=	1.032
rxn37665	=	1.031
rxn37667	=	3.263
rxn37668	=	3.262
rxn37669	=	1.032
rxn37670	=	1.031
rxn37671	<	7.284
rxn37672	<	7.283
rxn37674	=	6.138
rxn37675	=	3.315
rxn37676	>	-25.256
rxn37677	>	-22.426
rxn37681	=	-0.179
rxn37685	=	1.622
rxn37686	>	-11.224
rxn37687	=	-2.241
rxn37689	>	-26.590
rxn37691	>	-26.590
rxn37692	>	-9.331
rxn37694	=	-2.500
rxn37695	=	-2.131
rxn37696	>	-59.732
rxn37700	>	-10.763
rxn37706	=	0.149
rxn37712	=	-3.084
rxn37713	=	-3.084
rxn37714	=	-3.084
rxn37718	>	-8.295
rxn37719	>	-11.210
rxn37721	=	-6.022
rxn37722	=	-6.022
rxn37724	=	-3.153
rxn37725	=	-3.152
rxn37727	>	-12.640
rxn37732	<	76.673
rxn37733	=	3.824
rxn37734	=	3.993
rxn37735	<	25.150
rxn37736	=	-5.158
rxn37737	=	-5.158
rxn37739	=	0.000
rxn37740	>	-74.888
rxn37741	>	-123.527
rxn37747	>	-97.781
rxn37752	>	-92.905
rxn37753	>	-92.904
rxn37755	>	-92.905
rxn37756	>	-92.904
rxn37758	>	-92.904
rxn37759	>	-85.305
rxn37760	=	2.823
rxn37761	=	0.011
rxn37762	=	-0.544
rxn37764	=	0.011
rxn37765	=	-0.544
rxn37767	=	-0.511
rxn37768	=	1.620
rxn37770	>	-22.553
rxn37771	>	-22.553
rxn37772	>	-22.553
rxn37775	>	-22.553
rxn37776	=	-4.946
rxn37777	=	-4.946
rxn37778	=	-4.946
rxn37781	=	0.406
rxn37782	=	-0.276
rxn37789	=	-3.847
rxn37793	=	0.000
rxn37795	=	3.556
rxn37796	=	2.687
rxn37797	>	-9.079
rxn37798	=	0.330
rxn37800	>	-12.641
rxn37803	>	-22.023
rxn37804	>	-10.401
rxn37807	=	-3.409
rxn37809	=	3.152
rxn37810	<	9.925
rxn37811	>	-233.806
rxn37813	>	-26.590
rxn37814	>	-20.418
rxn37816	=	-0.174
rxn37840	>	-22.553
rxn37844	>	-7.186
rxn37855	>	-8.782
rxn37861	=	-1.488
rxn37862	>	-12.581
rxn37863	=	1.178
rxn37865	=	-0.835
rxn37866	=	-0.835
rxn37867	=	-0.835
rxn37868	=	-0.835
rxn37869	=	1.623
rxn37870	=	1.623
rxn37871	=	1.623
rxn37872	=	-0.809
rxn37873	=	4.566
rxn37874	>	-26.944
rxn37881	>	-60.140
rxn37882	>	-60.139
rxn37883	<	10.742
rxn37884	<	10.742
rxn37885	<	10.742
rxn37886	<	10.742
rxn37887	>	-60.139
rxn37888	=	2.951
rxn37890	=	-2.886
rxn37893	=	2.665
rxn37904	<	9.672
rxn37906	=	3.221
rxn37912	=	-3.649
rxn37920	=	-3.673
rxn37921	=	-3.673
rxn37930	=	-0.701
rxn37933	>	-32.099
rxn37934	=	-2.734
rxn37935	=	-2.267
rxn37937	=	0.076
rxn37938	=	-0.047
rxn37952	=	-1.538
rxn37953	=	-1.538
rxn37954	=	3.556
rxn37955	=	3.556
rxn37956	=	3.153
rxn37972	>	-11.318
rxn37980	<	97.242
rxn37982	>	-12.581
rxn37983	>	-12.581
rxn37984	>	-12.581
rxn37985	>	-12.581
rxn37986	>	-12.581
rxn37987	>	-12.581
rxn37988	>	-12.581
rxn37989	>	-12.581
rxn37990	>	-12.581
rxn37991	>	-12.581
rxn37992	>	-12.581
rxn37993	>	-11.863
rxn37994	>	-11.863
rxn37995	>	-110.879
rxn37997	>	-47.237
rxn37998	>	-19.961
rxn37999	>	-19.961
rxn38000	=	-0.882
rxn38002	=	-4.248
rxn38003	=	-4.248
rxn38004	=	-4.248
rxn38006	=	-1.098
rxn38007	=	-1.098
rxn38009	=	-1.098
rxn38010	=	-1.098
rxn38011	=	-1.224
rxn38015	>	-15.890
rxn38016	>	-14.767
rxn38020	=	-3.041
rxn38021	>	-12.581
rxn38022	>	-12.581
rxn38023	>	-12.581
rxn38024	=	4.411
rxn38026	=	-2.199
rxn38028	=	0.032
rxn38029	=	0.032
rxn38030	=	-0.017
rxn38033	=	3.645
rxn38034	=	3.645
rxn38037	>	-8.891
rxn38042	>	-20.374
rxn38043	>	-20.374
rxn38044	>	-10.936
rxn38046	=	-6.589
rxn38049	>	-12.581
rxn38050	>	-12.581
rxn38051	>	-12.581
rxn38052	>	-8.504
rxn38053	=	-1.196
rxn38054	=	0.065
rxn38055	=	0.348
rxn38059	=	-2.864
rxn38060	=	-2.884
rxn38064	=	-4.274
rxn38069	>	-15.005
rxn38070	=	-3.762
rxn38072	>	-12.476
rxn38073	>	-12.476
rxn38074	>	-12.476
rxn38075	>	-12.476
rxn38076	>	-12.476
rxn38077	=	1.872
rxn38078	=	0.319
rxn38079	=	1.198
rxn38081	>	-25.256
rxn38082	>	-24.775
rxn38087	=	-4.806
rxn38091	=	-0.835
rxn38092	=	-0.835
rxn38094	=	-5.042
rxn38096	>	-37.153
rxn38097	=	1.327
rxn38099	>	-16.396
rxn38101	>	-11.118
rxn38104	>	-16.396
rxn38105	>	-25.114
rxn38106	>	-25.114
rxn38113	=	2.951
rxn38114	>	-22.363
rxn38115	=	-2.756
rxn38116	=	0.024
rxn38117	=	-0.234
rxn38118	=	-0.713
rxn38119	=	-0.194
rxn38121	=	0.423
rxn38122	=	5.824
rxn38123	=	5.824
rxn38124	=	-3.099
rxn38130	=	-1.358
rxn38131	=	1.709
rxn38132	=	1.709
rxn38133	>	-40.317
rxn38134	>	-40.317
rxn38135	>	-16.115
rxn38136	=	-3.759
rxn38139	>	-8.953
rxn38140	>	-8.953
rxn38141	>	-7.850
rxn38142	>	-7.850
rxn38143	>	-11.120
rxn38145	=	-2.938
rxn38146	=	-2.840
rxn38147	=	-2.938
rxn38148	=	1.782
rxn38151	>	-7.953
rxn38152	>	-7.953
rxn38153	>	-7.953
rxn38157	>	-9.033
rxn38158	>	-9.033
rxn38159	=	-2.255
rxn38162	>	-7.641
rxn38163	>	-71.866
rxn38171	=	6.160
rxn38173	>	-24.037
rxn38174	>	-27.325
rxn38177	>	-26.590
rxn38179	>	-26.590
rxn38181	>	-15.378
rxn38182	<	27.803
rxn38185	>	-13.223
rxn38186	>	-13.674
rxn38187	>	-13.057
rxn38188	>	-12.163
rxn38189	>	-12.610
rxn38190	>	-12.468
rxn38192	>	-12.650
rxn38193	>	-13.223
rxn38194	>	-13.674
rxn38195	>	-13.057
rxn38196	>	-12.163
rxn38197	>	-12.610
rxn38198	>	-12.468
rxn38200	>	-12.650
rxn38201	>	-13.223
rxn38202	>	-13.674
rxn38203	>	-13.057
rxn38204	>	-12.163
rxn38205	>	-12.610
rxn38206	>	-12.468
rxn38208	>	-12.650
rxn38209	>	-13.223
rxn38210	>	-13.674
rxn38211	>	-13.057
rxn38212	>	-12.163
rxn38213	>	-12.610
rxn38214	>	-12.468
rxn38216	>	-12.650
rxn38217	>	-13.223
rxn38218	>	-13.674
rxn38219	>	-13.057
rxn38220	>	-12.163
rxn38221	>	-12.610
rxn38222	>	-12.468
rxn38224	>	-12.650
rxn38225	>	-13.223
rxn38226	>	-13.674
rxn38227	>	-13.057
rxn38228	>	-12.163
rxn38229	>	-11.863
rxn38230	>	-12.610
rxn38231	>	-12.468
rxn38233	>	-12.581
rxn38234	>	-12.650
rxn38235	>	-13.223
rxn38236	>	-13.674
rxn38237	>	-13.057
rxn38238	>	-12.163
rxn38239	>	-11.863
rxn38240	>	-12.610
rxn38241	>	-12.468
rxn38243	=	-0.751
rxn38244	>	-10.713
rxn38248	=	0.000
rxn38249	=	0.000
rxn38253	=	0.065
rxn38254	=	0.015
rxn38256	=	3.945
rxn38257	=	3.945
rxn38258	=	-0.185
rxn38263	=	-5.766
rxn38273	=	-0.685
rxn38274	<	12.676
rxn38275	=	4.555
rxn38276	=	-5.354
rxn38277	>	-8.286
rxn38278	>	-8.286
rxn38279	=	-5.645
rxn38280	=	-5.645
rxn38281	=	-0.835
rxn38282	=	-0.835
rxn38283	=	-0.835
rxn38284	=	0.864
rxn38285	=	-2.761
rxn38286	=	-6.455
rxn38305	>	-7.006
rxn38306	>	-7.006
rxn38309	=	-3.556
rxn38310	=	-3.556
rxn38311	=	-3.556
rxn38312	=	-3.556
rxn38313	>	-102.210
rxn38314	>	-102.210
rxn38315	=	-3.556
rxn38316	=	-3.556
rxn38317	=	-3.556
rxn38318	=	-3.556
rxn38319	=	3.556
rxn38320	=	3.556
rxn38321	=	3.556
rxn38322	=	3.556
rxn38325	>	-60.848
rxn38326	>	-60.848
rxn38340	>	-21.862
rxn38341	=	-4.479
rxn38342	=	-4.005
rxn38343	=	-2.682
rxn38344	=	-2.941
rxn38345	>	-60.848
rxn38356	<	15.294
rxn38359	=	-2.806
rxn38360	=	-0.832
rxn38362	>	-9.691
rxn38363	>	-9.345
rxn38370	=	6.289
rxn38372	<	17.831
rxn38373	<	17.878
rxn38374	=	2.745
rxn38375	=	2.745
rxn38376	=	-5.204
rxn38377	=	-4.946
rxn38378	=	-5.204
rxn38379	=	-4.946
rxn38380	=	-3.487
rxn38381	<	10.741
rxn38392	>	-9.148
rxn38393	>	-9.148
rxn38394	>	-62.314
rxn38395	=	1.204
rxn38396	=	2.949
rxn38397	=	2.949
rxn38398	=	2.949
rxn38399	=	-0.464
rxn38401	>	-77.104
rxn38402	>	-77.104
rxn38416	=	-2.582
rxn38417	=	-3.556
rxn38418	=	-3.556
rxn38419	=	-3.556
rxn38424	=	-3.556
rxn38425	=	-3.556
rxn38426	=	-3.556
rxn38427	=	-3.556
rxn38429	=	-3.556
rxn38430	=	-3.556
rxn38431	=	-3.556
rxn38432	=	-3.556
rxn38437	=	1.216
rxn38441	>	-55.232
rxn38444	>	-49.507
rxn38445	>	-49.507
rxn38447	>	-49.507
rxn38448	>	-49.507
rxn38459	=	3.179
rxn38464	=	0.106
rxn38465	>	-28.260
rxn38466	=	-0.185
rxn38467	>	-17.064
rxn38472	=	0.330
rxn38473	=	0.330
rxn38474	=	0.330
rxn38475	=	0.330
rxn38476	>	-17.064
rxn38477	>	-17.064
rxn38499	=	0.960
rxn38507	=	0.014
rxn38509	=	-2.864
rxn38512	=	0.650
rxn38529	>	-27.448
rxn38535	=	-6.089
rxn38540	<	22.142
rxn38541	<	22.400
rxn38543	=	-2.225
rxn38667	=	-3.548
rxn38668	=	-3.548
rxn38669	=	-3.548
rxn38670	=	0.044
rxn38671	=	-2.308
rxn38673	>	-76.980
rxn38674	=	-2.745
rxn38675	=	-2.745
rxn38677	=	-4.796
rxn38678	=	-4.795
rxn38679	>	-63.923
rxn38680	=	2.745
rxn38681	=	2.745
rxn38682	=	2.886
rxn38689	>	-8.737
rxn38691	=	-3.570
rxn38692	=	-2.043
rxn38693	>	-23.081
rxn38694	=	-3.219
rxn38696	=	-2.575
rxn38701	>	-8.287
rxn38702	>	-8.287
rxn38704	>	-6.997
rxn38705	>	-6.997
rxn38706	>	-6.909
rxn38708	=	-5.290
rxn38709	=	-5.290
rxn38710	=	-5.290
rxn38714	>	-14.855
rxn38716	>	-14.855
rxn38718	>	-9.976
rxn38721	=	1.562
rxn38722	=	1.562
rxn38723	>	-12.581
rxn38807	<	10.219
rxn38808	<	11.342
rxn38810	<	10.219
rxn38811	<	11.342
rxn38812	=	-6.573
rxn38818	>	-7.910
rxn38824	=	-0.458
rxn38825	=	0.663
rxn38826	=	0.663
rxn38827	=	1.178
rxn38828	=	0.663
rxn38829	=	1.178
rxn38830	=	-4.320
rxn38831	=	-4.320
rxn38832	=	-3.781
rxn38833	=	-3.781
rxn38834	>	-26.005
rxn38835	=	5.718
rxn38839	=	-0.511
rxn38840	=	1.620
rxn38853	<	73.433
rxn38855	>	-107.635
rxn38858	>	-12.581
rxn38862	>	-7.430
rxn38863	<	23.627
rxn38866	<	21.985
rxn38867	<	64.564
rxn38868	>	-70.270
rxn38870	>	-25.256
rxn38871	>	-25.256
rxn38876	>	-28.424
rxn38879	=	-4.027
rxn38880	=	-4.027
rxn38881	=	-3.776
rxn38882	=	-2.581
rxn38883	=	-2.938
rxn38884	=	-3.776
rxn38885	=	5.688
rxn38886	>	-18.230
rxn38887	>	-19.934
rxn38888	>	-16.876
rxn38889	>	-18.230
rxn38890	>	-18.194
rxn38892	>	-21.805
rxn38893	>	-21.805
rxn38894	>	-21.805
rxn38898	>	-26.590
rxn38899	>	-26.590
rxn38900	>	-26.590
rxn38902	<	77.071
rxn38903	>	-102.709
rxn38904	>	-16.396
rxn38905	=	1.238
rxn38906	=	-2.585
rxn38907	=	-0.892
rxn38908	=	-0.936
rxn38909	<	8.979
rxn38910	<	8.978
rxn38911	=	-3.158
rxn38969	=	-6.537
rxn38970	=	-6.538
rxn38971	=	0.692
rxn38972	=	0.693
rxn38973	<	68.177
rxn38974	>	-66.657
rxn38981	=	-4.619
rxn38988	>	-22.023
rxn38989	>	-22.023
rxn38990	>	-22.023
rxn38991	>	-14.855
rxn38992	>	-14.855
rxn38993	>	-14.855
rxn38994	>	-14.855
rxn38995	>	-14.855
rxn38996	>	-16.331
rxn38997	>	-15.889
rxn39001	>	-28.424
rxn39002	>	-28.424
rxn39003	>	-28.424
rxn39017	>	-12.581
rxn39022	>	-12.581
rxn39023	>	-12.581
rxn39024	>	-12.581
rxn39034	<	25.150
rxn39035	=	-5.158
rxn39036	=	-5.158
rxn39038	>	-74.927
rxn39039	>	-74.926
rxn39041	>	-73.783
rxn39045	<	83.386
rxn39047	>	-12.581
rxn39049	>	-74.098
rxn39050	>	-75.659
rxn39055	>	-7.793
rxn39056	>	-7.793
rxn39058	=	-4.692
rxn39067	<	46.433
rxn39071	=	-3.556
rxn39077	=	-1.789
rxn39078	=	-1.789
rxn39081	=	-1.789
rxn39084	=	-2.105
rxn39086	<	19.245
rxn39090	>	-9.504
rxn39091	>	-17.788
rxn39245	<	8.138
rxn39246	<	6.967
rxn39247	<	7.234
rxn39248	<	8.643
rxn39250	=	1.988
rxn39259	=	-2.964
rxn39260	>	-24.810
rxn39265	=	0.000
rxn39275	=	-4.007
rxn39276	=	-1.292
rxn39278	=	-3.830
rxn39279	=	-0.867
rxn39280	=	0.815
rxn39282	=	-0.074
rxn39284	=	0.000
rxn39287	>	-103.508
rxn39299	=	3.534
rxn39300	>	-35.000
rxn39301	=	1.870
rxn39302	>	-22.575
rxn39303	=	0.442
rxn39305	>	-7.775
rxn39310	=	-6.429
rxn39313	<	13.528
rxn39328	=	3.152
rxn39329	=	3.153
rxn39337	=	3.998
rxn39338	=	-0.301
rxn39339	>	-60.630
rxn39340	>	-8.946
rxn39344	>	-8.749
rxn39345	=	-1.883
rxn39346	>	-8.098
rxn39348	=	-3.556
rxn39351	=	-2.121
rxn39359	=	0.260
rxn39370	=	3.491
rxn39371	>	-19.740
rxn39372	=	-0.835
rxn39373	=	2.474
rxn39374	=	0.678
rxn39375	=	0.000
rxn39379	=	0.000
rxn39381	=	-3.003
rxn39386	=	-2.604
rxn39388	=	-3.721
rxn39395	=	-0.424
rxn39396	=	0.648
rxn39397	=	-1.419
rxn39404	<	9.068
rxn39406	>	-80.509
rxn39409	<	61.508
rxn39413	=	-1.948
rxn39414	>	-10.638
rxn39415	=	-0.666
rxn39416	>	-49.927
rxn39420	<	11.342
rxn39421	<	11.342
rxn39422	=	0.000
rxn39424	=	2.121
rxn39425	=	0.000
rxn39429	=	0.000
rxn39430	<	35.333
rxn39432	>	-16.927
rxn39433	>	-7.727
rxn39434	=	0.000
rxn39435	>	-9.997
rxn39436	=	2.725
rxn39437	=	-2.074
rxn39438	<	9.594
rxn39439	=	-4.777
rxn39443	=	-4.486
rxn39444	=	0.000
rxn39448	>	-8.074
rxn39449	=	-0.134
rxn39450	=	0.166
rxn39451	<	9.597
rxn39452	<	9.597
rxn39456	=	-0.623
rxn39457	=	-4.900
rxn39458	>	-60.139
rxn39465	=	-3.052
rxn39466	=	-0.002
rxn39468	=	0.000
rxn39472	=	-4.427
rxn39476	<	13.020
rxn39477	<	31.159
rxn39478	=	1.409
rxn39480	>	-12.640
rxn39484	=	-1.989
rxn39485	=	-1.975
rxn39487	=	-6.779
rxn39488	=	0.000
rxn39493	=	-2.118
rxn39497	=	0.000
rxn39498	=	3.152
rxn39499	=	-4.829
rxn39500	=	3.900
rxn39501	>	-68.355
rxn39502	>	-53.811
rxn39503	>	-62.851
rxn39504	>	-62.851
rxn39505	=	0.834
rxn39506	=	5.275
rxn39508	>	-31.345
rxn39509	=	-2.957
rxn39510	=	-0.185
rxn39512	=	2.835
rxn39513	<	9.251
rxn39598	<	19.510
rxn39608	=	-0.835
rxn39681	>	-127.790
rxn39682	>	-145.445
rxn39683	>	-145.445
rxn39684	>	-141.598
rxn39685	>	-147.276
rxn39686	>	-19.432
rxn39688	>	-60.140
rxn39689	>	-67.147
rxn39690	>	-8.891
rxn39694	=	-0.835
rxn39695	=	-0.835
rxn39696	=	-0.835
rxn39697	=	-0.835
rxn39698	=	-0.835
rxn39699	=	-0.835
rxn39700	=	-0.835
rxn39701	=	-0.835
rxn39702	>	-52.749
rxn39703	>	-52.749
rxn39704	>	-52.749
rxn39705	>	-52.749
rxn39706	>	-19.624
rxn39707	>	-16.909
rxn39708	>	-16.909
rxn39709	=	-0.835
rxn39710	>	-52.749
rxn39712	>	-45.866
rxn39713	>	-84.023
rxn39714	<	9.838
rxn39715	=	-2.121
rxn39716	=	-2.121
rxn39717	=	6.600
rxn39718	=	6.649
rxn39719	=	1.830
rxn39720	=	-0.835
rxn39722	>	-79.558
rxn39723	>	-7.194
rxn39724	>	-77.696
rxn39725	=	-5.092
rxn39726	=	-5.092
rxn39727	=	-5.091
rxn39731	>	-68.232
rxn39732	>	-15.982
rxn39733	=	6.543
rxn39734	=	-2.325
rxn39736	>	-12.959
rxn39737	>	-23.404
rxn39738	=	-1.408
rxn39747	=	1.629
rxn39748	>	-47.351
rxn39749	=	1.629
rxn39750	>	-68.284
rxn39751	=	-6.817
rxn39752	=	-2.019
rxn39753	>	-60.850
rxn39754	>	-67.507
rxn39755	>	-60.140
rxn39756	>	-60.852
rxn39757	>	-67.513
rxn39758	=	-2.010
rxn39759	>	-105.173
rxn39761	>	-106.239
rxn39762	<	9.501
rxn39763	>	-66.070
rxn39764	=	-5.085
rxn39770	>	-42.374
rxn39771	>	-26.981
rxn39774	=	-1.937
rxn39775	<	21.811
rxn39780	>	-65.372
rxn39781	>	-24.625
rxn39782	>	-65.721
rxn39784	=	0.086
rxn39785	>	-8.638
rxn39786	=	0.001
rxn39787	>	-90.157
rxn39788	<	10.427
rxn39792	>	-25.653
rxn39793	=	0.000
rxn39795	=	-4.669
rxn39801	<	48.945
rxn39802	=	1.373
rxn39804	>	-51.077
rxn39805	>	-75.026
rxn39817	>	-62.314
rxn39819	=	6.108
rxn39821	>	-62.314
rxn39822	>	-62.314
rxn39823	>	-62.314
rxn39824	>	-62.314
rxn39829	>	-11.041
rxn39845	>	-14.164
rxn39847	<	12.319
rxn39853	<	9.974
rxn39854	>	-73.685
rxn39855	>	-17.878
rxn39858	>	-18.345
rxn39859	=	-1.373
rxn39860	>	-8.768
rxn39862	=	-1.315
rxn39863	>	-49.982
rxn39880	<	15.483
rxn39881	>	-14.397
rxn39882	>	-10.872
rxn39883	>	-10.872
rxn39884	>	-16.554
rxn39886	=	-2.439
rxn39887	=	-2.439
rxn39890	=	0.294
rxn39891	>	-9.209
rxn39892	=	-6.333
rxn39895	>	-47.916
rxn39898	>	-16.396
rxn39900	=	-0.200
rxn39901	=	1.142
rxn39903	=	0.905
rxn39904	=	-0.808
rxn39908	>	-10.520
rxn39909	=	-0.908
rxn39911	>	-13.000
rxn39912	>	-9.673
rxn39915	=	0.000
rxn39917	=	4.251
rxn39918	=	0.000
rxn39921	>	-57.607
rxn39922	=	0.117
rxn39923	=	-4.392
rxn39924	>	-73.901
rxn39925	=	-1.067
rxn39926	=	-0.951
rxn39927	=	0.000
rxn39929	>	-16.751
rxn39930	>	-20.409
rxn39932	>	-28.693
rxn39934	>	-7.875
rxn39954	>	-45.182
rxn39957	<	6.957
rxn39958	=	0.898
rxn39964	>	-19.401
rxn39965	>	-19.432
rxn39967	=	3.287
rxn39972	>	-92.905
rxn39973	>	-141.670
rxn39974	=	0.000
rxn39975	>	-65.565
rxn39976	>	-65.565
rxn39977	=	0.000
rxn39978	>	-68.226
rxn39979	>	-68.232
rxn39980	>	-52.749
rxn39981	>	-62.314
rxn39982	=	-6.642
rxn39985	=	3.026
rxn39986	<	74.164
rxn39988	>	-14.492
rxn39989	>	-85.292
rxn39991	>	-57.607
rxn39992	<	10.741
rxn39993	=	0.000
rxn39994	=	-5.765
rxn39995	=	-5.022
rxn39998	=	3.416
rxn39999	=	-6.024
rxn40000	=	-6.606
rxn40001	>	-16.554
rxn40003	=	-5.943
rxn40004	=	-6.267
rxn40005	>	-17.077
rxn40007	>	-61.558
rxn40008	=	3.247
rxn40009	=	3.705
rxn40010	>	-7.763
rxn40011	>	-10.055
rxn40012	=	-3.964
rxn40013	>	-8.361
rxn40023	=	3.556
rxn40024	=	0.361
rxn40025	=	1.581
rxn40026	=	1.582
rxn40027	<	60.521
rxn40028	>	-12.526
rxn40029	=	1.079
rxn40032	=	-0.835
rxn40033	<	6.947
rxn40034	=	-0.001
rxn40035	=	-0.001
rxn40036	=	-0.001
rxn40037	>	-22.773
rxn40038	>	-10.508
rxn40039	<	11.206
rxn40042	=	2.799
rxn40043	<	10.741
rxn40044	<	10.741
rxn40045	>	-9.251
rxn40046	=	-0.001
rxn40049	>	-39.999
rxn40050	<	11.605
rxn40051	<	11.842
rxn40052	<	15.107
rxn40055	=	-2.840
rxn40056	=	-2.840
rxn40057	=	-3.787
rxn40058	=	-0.755
rxn40060	<	21.324
rxn40061	=	-2.765
rxn40062	=	-4.244
rxn40063	>	-21.401
rxn40064	=	0.746
rxn40065	>	-12.161
rxn40067	=	-0.835
rxn40068	>	-100.803
rxn40069	>	-73.783
rxn40071	=	2.863
rxn40072	=	-2.840
rxn40073	=	-2.840
rxn40074	=	-2.840
rxn40075	=	-2.840
rxn40076	=	-3.787
rxn40077	=	1.091
rxn40078	>	-15.028
rxn40080	>	-120.428
rxn40081	=	-4.413
rxn40083	>	-11.904
rxn40084	<	10.595
rxn40087	=	6.104
rxn40088	<	15.203
rxn40089	=	2.763
rxn40092	=	-4.768
rxn40093	>	-13.807
rxn40094	=	3.762
rxn40097	<	36.154
rxn40098	>	-14.164
rxn40099	=	4.882
rxn40100	=	2.510
rxn40103	>	-17.224
rxn40104	=	-0.785
rxn40106	=	-3.327
rxn40107	>	-68.401
rxn40108	>	-16.001
rxn40109	>	-80.013
rxn40110	>	-16.942
rxn40115	<	327.039
rxn40116	>	-16.118
rxn40117	>	-235.346
rxn40118	>	-19.432
rxn40119	>	-172.172
rxn40120	>	-48.024
rxn40121	>	-168.405
rxn40122	>	-14.056
rxn40123	>	-56.954
rxn40124	=	0.000
rxn40125	=	-0.053
rxn40126	>	-56.486
rxn40127	=	4.723
rxn40128	=	-2.697
rxn40129	=	-2.697
rxn40130	=	-3.327
rxn40131	=	-3.327
rxn40132	=	-3.327
rxn40133	>	-10.410
rxn40134	>	-15.801
rxn40135	>	-15.722
rxn40136	>	-10.835
rxn40137	>	-15.758
rxn40138	>	-11.551
rxn40139	>	-16.863
rxn40140	>	-9.101
rxn40141	=	-4.254
rxn40142	>	-11.960
rxn40144	=	-2.011
rxn40145	=	3.152
rxn40146	>	-59.179
rxn40147	>	-60.140
rxn40148	>	-67.147
rxn40149	>	-77.104
rxn40150	>	-92.905
rxn40151	>	-60.848
rxn40152	>	-52.336
rxn40153	>	-68.231
rxn40154	<	12.510
rxn40155	<	10.710
rxn40157	<	18.996
rxn40158	<	18.996
rxn40159	>	-23.589
rxn40160	=	0.237
rxn40161	=	-0.014
rxn40164	=	3.825
rxn40168	>	-16.776
rxn40169	>	-11.079
rxn40170	=	2.581
rxn40171	>	-9.176
rxn40172	>	-15.470
rxn40173	>	-63.923
rxn40174	<	10.741
rxn40175	=	0.000
rxn40176	=	0.000
rxn40177	=	0.673
rxn40178	<	10.741
rxn40179	<	10.741
rxn40180	<	10.741
rxn40181	>	-14.772
rxn40182	<	10.741
rxn40183	<	10.741
rxn40184	>	-11.079
rxn40185	<	10.741
rxn40186	<	14.647
rxn40187	<	10.741
rxn40188	>	-14.772
rxn40189	>	-11.079
rxn40190	<	13.427
rxn40192	<	10.741
rxn40193	<	11.011
rxn40194	<	14.647
rxn40195	>	-11.079
rxn40196	<	10.741
rxn40198	>	-14.772
rxn40199	>	-14.772
rxn40204	=	1.649
rxn40205	=	1.649
rxn40207	>	-14.254
rxn40208	<	6.957
rxn40209	<	8.195
rxn40210	>	-12.604
rxn40211	>	-149.817
rxn40215	>	-12.933
rxn40218	>	-60.712
rxn40219	>	-60.355
rxn40220	>	-72.317
rxn40221	=	-0.838
rxn40222	<	12.788
rxn40223	=	5.841
rxn40224	=	-0.835
rxn40225	=	-0.834
rxn40226	=	-3.698
rxn40227	=	-3.698
rxn40228	>	-8.637
rxn40229	=	-6.273
rxn40230	=	-3.672
rxn40231	=	-3.672
rxn40232	=	-3.083
rxn40233	=	-3.343
rxn40234	=	-3.672
rxn40235	=	5.841
rxn40236	=	-3.299
rxn40237	=	-3.672
rxn40238	<	43.432
rxn40241	>	-62.116
rxn40243	>	-60.455
rxn40244	=	0.324
rxn40245	=	0.324
rxn40246	<	9.221
rxn40247	=	-5.326
rxn40248	=	-4.925
rxn40250	>	-15.018
rxn40251	=	-6.048
rxn40252	=	-2.724
rxn40253	=	0.835
rxn40254	=	-6.341
rxn40255	>	-37.371
rxn40256	=	3.454
rxn40257	<	197.627
rxn40258	<	44.716
rxn40259	=	0.771
rxn40260	<	6.932
rxn40262	>	-69.898
rxn40263	>	-21.786
rxn40264	>	-88.116
rxn40265	=	-2.072
rxn40266	=	-0.785
rxn40267	>	-26.973
rxn40268	>	-65.639
rxn40269	>	-65.639
rxn40270	>	-78.814
rxn40273	>	-8.759
rxn40274	>	-54.919
rxn40275	=	0.000
rxn40276	=	-5.178
rxn40277	=	-5.178
rxn40278	>	-59.538
rxn40279	>	-11.273
rxn40280	=	-6.871
rxn40284	>	-8.268
rxn40285	=	1.649
rxn40286	=	-2.699
rxn40289	>	-129.412
rxn40293	=	-5.676
rxn40296	>	-69.992
rxn40297	=	0.678
rxn40299	=	-0.086
rxn40300	=	-3.131
rxn40302	=	1.490
rxn40303	>	-54.594
rxn40305	=	1.590
rxn40306	=	-5.601
rxn40307	=	1.090
rxn40309	>	-24.831
rxn40310	>	-54.594
rxn40311	>	-62.314
rxn40312	<	181.561
rxn40313	>	-54.919
rxn40314	>	-178.166
rxn40315	>	-178.164
rxn40316	>	-6.932
rxn40317	>	-9.592
rxn40318	>	-9.481
rxn40323	=	0.000
rxn40324	>	-9.807
rxn40325	=	-1.130
rxn40331	=	-0.834
rxn40334	=	4.606
rxn40335	=	4.605
rxn40336	=	4.605
rxn40337	>	-7.641
rxn40338	=	-5.601
rxn40339	>	-13.694
rxn40340	>	-11.054
rxn40341	>	-15.414
rxn40344	=	-2.115
rxn40345	>	-19.513
rxn40346	>	-62.314
rxn40347	=	3.905
rxn40348	=	-1.439
rxn40349	=	-3.136
rxn40351	>	-35.003
rxn40352	=	-2.009
rxn40354	>	-69.456
rxn40355	=	2.016
rxn40356	>	-8.708
rxn40357	=	-4.946
rxn40358	>	-12.513
rxn40359	<	22.156
rxn40362	>	-10.654
rxn40364	=	-3.948
rxn40365	>	-11.537
rxn40366	=	2.008
rxn40371	<	25.645
rxn40372	<	25.647
rxn40373	=	0.000
rxn40374	>	-60.846
rxn40375	>	-77.311
rxn40376	>	-77.312
rxn40377	>	-17.851
rxn40378	=	-0.004
rxn40379	>	-18.719
rxn40380	<	16.556
rxn40383	>	-26.001
rxn40384	>	-26.201
rxn40385	>	-64.904
rxn40386	=	-3.589
rxn40387	=	-4.946
rxn40388	=	2.151
rxn40389	=	1.668
rxn40390	=	-0.124
rxn40401	>	-9.311
rxn40402	>	-60.140
rxn40403	=	-2.375
rxn40404	<	56.572
rxn40405	=	-5.273
rxn40406	>	-35.190
rxn40407	<	10.741
rxn40408	<	8.664
rxn40409	=	-0.844
rxn40410	>	-44.427
rxn40411	>	-10.978
rxn40413	>	-53.526
rxn40414	>	-90.493
rxn40415	>	-53.533
rxn40416	=	5.330
rxn40417	=	-2.703
rxn40418	=	0.000
rxn40419	=	-3.673
rxn40420	=	-3.934
rxn40421	=	-4.852
rxn40422	>	-16.923
rxn40423	=	-4.226
rxn40429	=	-4.714
rxn40430	=	-4.276
rxn40431	>	-8.708
rxn40432	=	3.096
rxn40433	<	14.647
rxn40434	=	-4.153
rxn40435	<	14.647
rxn40436	>	-9.489
rxn40437	=	5.760
rxn40438	=	-6.329
rxn40439	=	1.084
rxn40440	>	-7.619
rxn40441	>	-63.587
rxn40442	=	0.743
rxn40443	>	-62.305
rxn40444	>	-10.076
rxn40446	>	-18.744
rxn40447	=	-5.177
rxn40448	>	-12.829
rxn40449	=	0.000
rxn40450	=	0.000
rxn40452	=	4.322
rxn40453	=	3.556
rxn40454	>	-75.532
rxn40455	>	-78.902
rxn40456	>	-111.778
rxn40457	>	-60.374
rxn40458	>	-60.627
rxn40459	>	-68.245
rxn40460	>	-19.432
rxn40461	<	13.426
rxn40462	>	-60.140
rxn40463	>	-44.398
rxn40464	=	3.860
rxn40466	>	-60.629
rxn40467	=	0.481
rxn40468	=	-4.677
rxn40469	=	-3.821
rxn40471	>	-72.108
rxn40472	>	-60.686
rxn40473	=	-0.000
rxn40476	=	-5.424
rxn40477	=	-5.738
rxn40478	=	-6.653
rxn40480	=	0.000
rxn40481	>	-51.579
rxn40482	=	-4.918
rxn40484	=	-4.331
rxn40487	>	-17.672
rxn40507	>	-7.005
rxn40518	>	-12.437
rxn40522	>	-62.781
rxn40532	<	235.351
rxn40541	>	-159.708
rxn40543	=	-0.555
rxn40559	>	-17.105
rxn40561	>	-66.637
rxn40567	>	-118.643
rxn40575	=	0.000
rxn40577	=	-1.243
rxn40579	=	1.229
rxn40580	=	-0.174
rxn40581	=	0.000
rxn40604	>	-6.960
rxn40605	<	9.123
rxn40606	=	3.152
rxn40610	=	-1.061
rxn40611	>	-71.731
rxn40613	=	-2.123
rxn40616	=	-1.790
rxn40627	=	-3.299
rxn40628	>	-74.888
rxn40639	>	-65.217
rxn40649	=	-0.196
rxn40653	<	26.210
rxn40664	>	-81.227
rxn40668	=	-0.747
rxn40691	=	0.161
rxn40710	>	-8.672
rxn40715	=	-5.404
rxn40717	<	10.741
rxn40720	>	-8.021
rxn40728	=	-0.690
rxn40732	=	-0.834
rxn40734	=	-2.840
rxn40737	<	11.599
rxn40741	>	-13.108
rxn40743	=	-6.424
rxn40753	=	-0.215
rxn40755	>	-15.306
rxn40756	>	-9.074
rxn40761	=	-6.552
rxn40770	=	-3.672
rxn40775	=	-3.698
rxn40781	=	-1.862
rxn40785	>	-12.640
rxn40789	>	-9.217
rxn40791	=	-5.601
rxn40804	<	26.394
rxn40807	>	-9.813
rxn40814	>	-10.678
rxn40821	>	-16.457
rxn40833	>	-86.174
rxn40843	=	-3.475
rxn40844	>	-23.205
rxn40852	>	-78.274
rxn40871	=	-1.510
rxn40890	>	-12.581
rxn40897	=	-1.379
rxn40905	=	-0.174
rxn40907	<	139.230
rxn40908	>	-12.581
rxn40917	=	1.238
rxn40933	=	-2.868
rxn40946	=	0.431
rxn40956	<	235.351
rxn40958	=	-1.514
rxn40959	=	-5.246
rxn40964	=	-1.271
rxn40971	>	-49.550
rxn40972	=	-4.794
rxn40974	>	-49.343
rxn40977	<	43.131
rxn40978	=	-5.598
rxn40993	>	-8.952
rxn40996	<	7.109
rxn40999	>	-8.155
rxn41002	<	71.746
rxn41004	=	-0.835
rxn41006	=	-6.642
rxn41013	>	-14.206
rxn41018	>	-19.306
rxn41021	>	-16.486
rxn41024	=	-1.805
rxn41027	>	-47.716
rxn41029	=	-4.852
rxn41032	=	-6.311
rxn41038	>	-31.848
rxn41039	=	-6.605
rxn41049	>	-61.710
rxn41058	>	-14.598
rxn41062	>	-60.140
rxn41063	=	-3.125
rxn41073	=	-3.472
rxn41076	=	-5.858
rxn41078	=	6.089
rxn41085	>	-60.510
rxn41096	<	10.406
rxn41098	=	-3.673
rxn41107	<	11.342
rxn41113	=	-4.917
rxn41120	=	-2.332
rxn41127	>	-10.899
rxn41132	>	-46.389
rxn41135	=	0.000
rxn41162	>	-233.316
rxn41169	=	3.554
rxn41184	>	-19.666
rxn41199	=	0.449
rxn41204	=	-2.644
rxn41205	>	-10.141
rxn41208	=	5.188
rxn41210	>	-16.873
rxn41213	=	0.742
rxn41224	=	-2.944
rxn41228	=	-1.789
rxn41233	>	-7.641
rxn41236	>	-60.140
rxn41259	=	-2.926
rxn41263	>	-12.004
rxn41265	<	15.332
rxn41267	>	-120.542
rxn41271	=	-2.246
rxn41272	=	4.605
rxn41276	>	-59.696
rxn41284	=	-2.369
rxn41286	=	-2.110
rxn41288	<	16.038
rxn41297	>	-25.339
rxn41301	=	-0.141
rxn41305	=	4.605
rxn41308	>	-62.314
rxn41313	>	-11.886
rxn41316	=	-0.517
rxn41317	=	-4.392
rxn41323	=	-0.834
rxn41333	=	-4.677
rxn41338	>	-31.975
rxn41347	>	-10.786
rxn41351	>	-68.279
rxn41354	>	-21.899
rxn41356	>	-30.349
rxn41371	>	-20.015
rxn41372	=	-5.506
rxn41375	=	2.038
rxn41384	>	-10.865
rxn41388	>	-68.225
rxn41389	=	-0.134
rxn41390	>	-16.969
rxn41399	>	-7.768
rxn41401	=	-5.445
rxn41413	<	43.432
rxn41418	>	-62.610
rxn41421	>	-30.349
rxn41424	>	-19.878
rxn41435	<	45.186
rxn41470	>	-25.590
rxn41472	=	3.157
rxn41476	=	-5.223
rxn41484	>	-71.024
rxn41489	=	-3.988
rxn41492	>	-9.868
rxn41496	>	-41.426
rxn41497	>	-434.184
rxn41505	>	-47.968
rxn41510	>	-55.061
rxn41512	=	-3.034
rxn41531	<	7.383
rxn41534	=	-1.438
rxn41535	>	-29.807
rxn41538	=	-2.731
rxn41553	>	-8.638
rxn41559	=	2.904
rxn41564	>	-7.711
rxn41566	=	0.001
rxn41577	>	-7.452
rxn41578	>	-35.372
rxn41581	=	-0.688
rxn41583	<	11.342
rxn41587	>	-66.634
rxn41595	>	-91.126
rxn41602	=	0.118
rxn41608	>	-10.330
rxn41609	=	0.185
rxn41610	=	1.075
rxn41611	<	7.377
rxn41620	>	-7.671
rxn41625	<	20.659
rxn41630	>	-9.543
rxn41641	=	-3.084
rxn41644	=	-4.236
rxn41645	>	-72.379
rxn41649	>	-68.208
rxn41663	=	-4.530
rxn41671	>	-26.201
rxn41673	>	-7.641
rxn41691	=	3.838
rxn41692	>	-9.361
rxn41699	>	-16.554
rxn41703	<	8.007
rxn41705	=	-4.146
rxn41711	=	-0.001
rxn41718	<	13.038
rxn41725	>	-14.399
rxn41737	>	-106.374
rxn41748	=	-3.594
rxn41751	<	10.741
rxn41754	>	-17.389
rxn41759	>	-21.324
rxn41760	>	-65.730
rxn41768	<	10.840
rxn41769	=	0.158
rxn41776	=	-3.592
rxn41777	>	-19.061
rxn41778	>	-9.287
rxn41782	=	-5.991
rxn41783	=	-4.212
rxn41788	>	-8.664
rxn41789	>	-13.363
rxn41790	=	-4.380
rxn41801	=	-0.835
rxn41802	=	-4.755
rxn41806	=	-1.147
rxn41812	>	-19.900
rxn41813	=	0.786
rxn41822	>	-13.169
rxn41823	=	1.969
rxn41825	>	-14.330
rxn41833	=	-6.599
rxn41839	>	-16.559
rxn41852	=	5.668
rxn41866	>	-12.965
rxn41871	>	-26.485
rxn41874	>	-12.965
rxn41875	=	-5.601
rxn41881	>	-145.145
rxn41884	>	-15.597
rxn41886	>	-10.142
rxn41887	>	-61.398
rxn41893	=	3.152
rxn41907	>	-11.482
rxn41914	=	-1.789
rxn41922	>	-8.092
rxn41923	>	-9.953
rxn41939	>	-10.630
rxn41949	=	-0.836
rxn41954	=	-0.835
rxn41960	=	-4.621
rxn41961	=	-1.816
rxn41965	>	-128.228
rxn41969	=	-0.669
rxn41978	=	-6.511
rxn41979	=	-0.829
rxn41984	>	-9.973
rxn41997	>	-16.313
rxn42006	=	-0.808
rxn42010	=	-3.309
rxn42013	=	-0.834
rxn42019	>	-19.040
rxn42021	=	-1.951
rxn42022	=	2.198
rxn42042	>	-21.796
rxn42050	>	-12.965
rxn42051	=	-4.081
rxn42053	=	-1.346
rxn42055	>	-35.205
rxn42059	>	-16.038
rxn42073	<	10.145
rxn42090	<	10.203
rxn42095	>	-12.581
rxn42096	>	-43.346
rxn42109	>	-12.581
rxn42115	=	1.572
rxn42120	>	-60.140
rxn42123	>	-55.782
rxn42127	=	0.000
rxn42130	>	-12.581
rxn42137	>	-17.691
rxn42145	>	-28.253
rxn42153	>	-45.109
rxn42158	>	-65.717
rxn42166	>	-66.065
rxn42171	>	-12.640
rxn42184	=	-1.946
rxn42185	>	-9.217
rxn42187	=	-5.567
rxn42188	=	-3.084
rxn42194	>	-36.439
rxn42196	=	-0.181
rxn42202	=	-0.697
rxn42203	=	-2.121
rxn42208	<	27.878
rxn42210	<	14.641
rxn42212	>	-18.408
rxn42218	>	-62.867
rxn42229	>	-8.656
rxn42231	=	0.471
rxn42237	=	3.079
rxn42241	<	54.484
rxn42245	=	-0.691
rxn42249	=	6.649
rxn42251	>	-19.750
rxn42260	>	-58.962
rxn42263	>	-8.961
rxn42264	>	-13.234
rxn42267	=	0.000
rxn42270	>	-8.873
rxn42277	=	-2.343
rxn42307	=	-3.673
rxn42309	>	-17.178
rxn42315	=	3.160
rxn42322	>	-22.956
rxn42327	>	-73.783
rxn42328	=	-3.782
rxn42329	=	3.152
rxn42332	=	2.010
rxn42342	>	-123.765
rxn42344	<	46.523
rxn42351	<	10.653
rxn42355	>	-45.508
rxn42356	=	2.538
rxn42361	=	-3.344
rxn42366	=	3.153
rxn42369	=	-2.656
rxn42375	>	-10.294
rxn42383	=	-2.408
rxn42391	=	-2.251
rxn42417	=	-0.463
rxn42420	>	-67.737
rxn42425	>	-11.591
rxn42428	=	-3.698
rxn42430	>	-18.737
rxn42433	<	11.342
rxn42449	>	-60.771
rxn42452	=	-0.413
rxn42471	>	-7.922
rxn42483	<	288.855
rxn42485	>	-12.640
rxn42493	=	1.059
rxn42501	=	-0.702
rxn42503	>	-8.875
rxn42508	=	0.020
rxn42512	>	-13.467
rxn42517	>	-14.504
rxn42518	>	-8.071
rxn42526	=	-2.369
rxn42530	>	-19.605
rxn42535	=	0.000
rxn42536	=	-5.248
rxn42537	>	-31.279
rxn42569	>	-9.033
rxn42570	=	-3.344
rxn42572	=	0.002
rxn42574	=	-3.553
rxn42578	>	-12.128
rxn42582	=	4.605
rxn42586	>	-16.474
rxn42591	=	-3.906
rxn42596	>	-12.753
rxn42611	=	-3.084
rxn42621	>	-8.085
rxn42623	<	10.456
rxn42629	=	-4.006
rxn42632	>	-18.579
rxn42639	=	0.623
rxn42643	<	27.877
rxn42645	=	-3.116
rxn42666	=	0.149
rxn42671	>	-13.036
rxn42682	>	-35.549
rxn42689	=	-0.834
rxn42700	>	-12.823
rxn42709	>	-10.315
rxn42716	=	0.471
rxn42732	=	-4.889
rxn42738	<	235.351
rxn42740	>	-68.090
rxn42745	=	-2.369
rxn42748	>	-12.128
rxn42753	=	-4.332
rxn42755	=	-1.789
rxn42761	>	-20.000
rxn42766	>	-25.899
rxn42769	<	38.162
rxn42773	=	-0.001
rxn42774	>	-12.581
rxn42776	=	-2.941
rxn42785	>	-14.306
rxn42791	=	-0.902
rxn42805	>	-12.156
rxn42815	>	-23.659
rxn42818	=	-0.835
rxn42833	=	-3.673
rxn42840	=	-5.989
rxn42846	>	-26.872
rxn42850	>	-16.897
rxn42866	=	-0.834
rxn42867	=	-3.673
rxn42868	=	-0.174
rxn42874	>	-12.581
rxn42882	>	-12.581
rxn42897	>	-11.474
rxn42899	>	-9.490
rxn42907	=	3.153
rxn42916	=	-0.378
rxn42926	=	-3.084
rxn42927	=	-0.835
rxn42928	>	-11.688
rxn42929	>	-164.024
rxn42933	=	-2.783
rxn42934	=	-2.087
rxn42946	=	-2.365
rxn42950	=	3.153
rxn42953	=	-4.267
rxn42965	=	0.002
rxn42974	>	-12.379
rxn42977	>	-19.014
rxn42978	=	-1.450
rxn42980	=	-1.988
rxn42986	>	-12.024
rxn42989	=	3.918
rxn42994	>	-78.555
rxn42997	=	-0.025
rxn43002	=	-0.174
rxn43012	>	-11.146
rxn43020	=	-1.720
rxn43028	=	0.000
rxn43030	>	-68.273
rxn43033	=	-6.165
rxn43039	=	-2.934
rxn43043	>	-49.550
rxn43062	<	16.034
rxn43079	=	0.888
rxn43082	=	-4.546
rxn43088	=	4.605
rxn43095	>	-9.595
rxn43098	>	-17.856
rxn43103	=	0.442
rxn43122	>	-58.962
rxn43129	>	-13.438
rxn43130	>	-17.060
rxn43133	=	-2.699
rxn43135	=	0.872
rxn43138	>	-13.721
rxn43142	=	-0.823
rxn43144	>	-74.888
rxn43148	=	-3.672
rxn43153	>	-48.360
rxn43157	=	3.821
rxn43163	=	0.000
rxn43168	>	-8.286
rxn43172	>	-9.652
rxn43176	<	26.839
rxn43181	=	-0.835
rxn43183	>	-60.266
rxn43189	=	-0.351
rxn43200	>	-16.163
rxn43212	=	-0.174
rxn43214	<	18.060
rxn43215	>	-16.792
rxn43223	=	5.668
rxn43231	=	1.132
rxn43236	=	4.310
rxn43248	>	-161.368
rxn43253	=	-2.699
rxn43254	<	10.685
rxn43275	>	-68.485
rxn43277	>	-10.067
rxn43278	>	-22.553
rxn43285	=	4.189
rxn43314	=	-3.224
rxn43315	>	-62.867
rxn43320	=	-2.153
rxn43321	=	-6.605
rxn43329	=	-2.266
rxn43333	<	8.962
rxn43339	>	-17.095
rxn43340	>	-15.424
rxn43341	>	-8.479
rxn43347	>	-62.851
rxn43358	<	14.857
rxn43368	<	32.934
rxn43373	=	-3.699
rxn43375	>	-14.767
rxn43387	>	-8.490
rxn43390	>	-44.398
rxn43392	=	-0.555
rxn43395	=	3.556
rxn43399	=	-3.889
rxn43414	=	-5.579
rxn43421	>	-17.064
rxn43439	=	0.863
rxn43441	=	5.057
rxn43447	=	4.561
rxn43449	=	-2.022
rxn43451	>	-12.581
rxn43454	=	0.000
rxn43458	=	3.152
rxn43470	>	-50.123
rxn43482	=	-5.563
rxn43486	=	-2.112
rxn43519	=	-5.958
rxn43527	=	-0.686
rxn43531	=	0.904
rxn43532	=	2.886
rxn43542	=	-2.644
rxn43543	=	0.546
rxn43545	>	-79.198
rxn43551	>	-20.262
rxn43556	>	-8.639
rxn43559	=	-0.690
rxn43560	>	-8.782
rxn43562	=	1.091
rxn43568	=	3.556
rxn43573	=	-4.381
rxn43583	=	1.354
rxn43596	>	-7.641
rxn43599	=	1.491
rxn43611	=	-4.167
rxn43612	<	21.324
rxn43615	>	-65.217
rxn43624	<	8.300
rxn43625	=	-0.174
rxn43627	<	13.333
rxn43640	=	-2.118
rxn43642	=	-1.840
rxn43658	=	0.764
rxn43672	>	-7.411
rxn43673	>	-17.642
rxn43674	<	8.147
rxn43693	=	-1.789
rxn43719	>	-12.053
rxn43724	<	8.434
rxn43734	>	-7.735
rxn43751	>	-14.767
rxn43763	=	0.001
rxn43766	=	1.915
rxn43768	=	4.377
rxn43772	=	0.000
rxn43780	=	-4.258
rxn43781	<	11.342
rxn43782	>	-12.581
rxn43783	>	-9.483
rxn43798	=	-6.844
rxn43802	=	-5.092
rxn43806	>	-48.162
rxn43812	<	48.945
rxn43819	=	3.512
rxn43834	=	0.002
rxn43835	>	-12.156
rxn43838	>	-16.935
rxn43845	>	-8.884
rxn43849	=	-4.845
rxn43858	>	-15.070
rxn43870	>	-16.554
rxn43898	=	-0.174
rxn43900	=	-1.059
rxn43912	>	-9.895
rxn43917	=	2.886
rxn43922	>	-161.320
rxn43923	=	-3.350
rxn43924	>	-11.025
rxn43926	>	-67.803
rxn43931	=	0.001
rxn43934	=	-3.698
rxn43946	=	1.677
rxn43948	>	-97.793
rxn43957	>	-8.672
rxn43971	>	-9.287
rxn43974	>	-7.799
rxn43975	=	-1.288
rxn43980	>	-11.474
rxn43982	>	-9.401
rxn43985	>	-17.635
rxn43993	=	-6.817
rxn43998	>	-8.656
rxn44002	=	-1.255
rxn44003	=	-0.209
rxn44005	=	-2.121
rxn44010	>	-12.581
rxn44015	=	-1.455
rxn44029	=	-4.309
rxn44030	=	-6.483
rxn44034	=	-3.382
rxn44037	>	-7.411
rxn44039	=	-4.127
rxn44042	>	-59.669
rxn44046	>	-12.128
rxn44047	=	5.657
rxn44056	=	-0.555
rxn44063	<	10.214
rxn44071	=	3.875
rxn44073	<	235.176
rxn44076	=	-3.672
rxn44084	=	-1.894
rxn44089	>	-20.861
rxn44108	>	-78.834
rxn44128	<	8.273
rxn44144	=	-0.420
rxn44148	>	-25.681
rxn44151	<	36.154
rxn44155	>	-61.988
rxn44157	=	-4.614
rxn44158	=	-2.099
rxn44167	>	-44.814
rxn44168	>	-9.956
rxn44169	>	-17.662
rxn44174	=	-1.789
rxn44178	>	-16.241
rxn44182	=	-3.497
rxn44184	=	6.089
rxn44188	=	3.556
rxn44190	>	-63.646
rxn44193	=	0.770
rxn44195	=	-2.352
rxn44201	>	-32.713
rxn44204	=	-0.600
rxn44210	>	-118.540
rxn44217	=	-2.546
rxn44223	=	-2.098
rxn44242	=	-0.174
rxn44243	=	-2.957
rxn44245	=	-1.789
rxn44251	>	-25.347
rxn44254	=	3.807
rxn44262	>	-86.174
rxn44265	=	2.745
rxn44267	>	-12.103
rxn44278	=	-1.345
rxn44279	=	-2.699
rxn44288	>	-12.581
rxn44289	=	-5.578
rxn44317	=	1.668
rxn44318	>	-17.666
rxn44326	>	-12.640
rxn44329	=	-2.391
rxn44335	=	-3.698
rxn44344	=	4.260
rxn44345	=	-0.785
rxn44347	>	-11.682
rxn44350	>	-9.331
rxn44372	>	-62.173
rxn44376	>	-58.713
rxn44384	=	-0.174
rxn44391	=	-0.835
rxn44402	>	-15.120
rxn44405	>	-16.271
rxn44420	>	-7.006
rxn44437	=	0.185
rxn44458	>	-178.166
rxn44463	>	-15.060
rxn44465	=	1.738
rxn44466	=	2.362
rxn44468	=	-2.126
rxn44469	=	-3.342
rxn44476	=	-2.120
rxn44481	>	-49.550
rxn44483	=	-5.858
rxn44490	<	8.717
rxn44493	=	-4.498
rxn44495	>	-14.506
rxn44497	>	-10.860
rxn44504	>	-7.703
rxn44519	>	-62.746
rxn44524	=	0.000
rxn44527	=	-0.003
rxn44533	=	-0.460
rxn44541	>	-34.243
rxn44542	>	-62.616
rxn44544	>	-12.640
rxn44557	<	10.741
rxn44560	>	-9.488
rxn44563	=	-0.873
rxn44569	=	4.605
rxn44578	=	0.091
rxn44585	=	0.000
rxn44592	>	-20.324
rxn44594	>	-11.650
rxn44596	>	-8.510
rxn44602	=	0.164
rxn44615	>	-7.851
rxn44618	=	2.112
rxn44624	=	-4.871
rxn44630	=	4.029
rxn44631	=	-3.631
rxn44634	=	-4.240
rxn44644	<	7.437
rxn44651	=	-2.117
rxn44664	<	23.461
rxn44667	>	-16.529
rxn44674	>	-65.728
rxn44677	<	20.664
rxn44685	<	45.918
rxn44697	=	-2.574
rxn44711	=	-4.530
rxn44712	>	-17.150
rxn44719	>	-52.179
rxn44722	=	-5.535
rxn44730	=	-1.970
rxn44734	>	-19.563
rxn44737	>	-43.689
rxn44762	>	-43.011
rxn44770	>	-61.412
rxn44780	=	-0.835
rxn44793	>	-8.672
rxn44794	=	-2.097
rxn44806	>	-68.238
rxn44810	=	3.499
rxn44816	=	-0.834
rxn44828	=	-1.438
rxn44832	>	-228.450
rxn44833	=	-2.016
rxn44847	>	-13.298
rxn44853	>	-18.559
rxn44856	>	-7.081
rxn44858	<	10.741
rxn44861	=	1.088
rxn44864	=	-5.516
rxn44874	>	-9.297
rxn44875	>	-8.843
rxn44877	>	-30.349
rxn44879	=	-1.688
rxn44890	=	0.523
rxn44896	>	-16.554
rxn44900	>	-8.953
rxn44908	>	-6.968
rxn44915	=	-0.533
rxn44937	=	0.619
rxn44939	>	-19.060
rxn44953	=	-2.517
rxn44954	>	-7.435
rxn44961	=	5.624
rxn44965	>	-30.896
rxn44968	=	6.089
rxn44969	<	11.342
rxn44971	=	0.712
rxn44973	=	0.834
rxn44976	<	32.041
rxn44987	>	-23.120
rxn44991	>	-17.777
rxn44994	<	44.716
rxn45006	=	1.028
rxn45011	=	-2.644
rxn45017	>	-64.672
rxn45025	>	-12.581
rxn45032	<	27.877
rxn45044	=	-0.174
rxn45047	>	-12.581
rxn45051	=	-1.674
rxn45054	>	-7.876
rxn45058	>	-9.096
rxn45062	>	-16.031
rxn45072	=	-3.084
rxn45082	>	-11.697
rxn45084	>	-7.038
rxn45097	=	-0.835
rxn45115	=	3.077
rxn45152	=	0.091
rxn45161	>	-182.607
rxn45167	>	-11.705
rxn45169	=	-2.128
rxn45174	<	7.596
rxn45175	>	-18.889
rxn45180	>	-16.554
rxn45198	=	-3.592
rxn45217	=	-0.555
rxn45220	=	-3.084
rxn45222	=	1.581
rxn45225	>	-96.963
rxn45229	=	-2.117
rxn45231	=	0.091
rxn45233	=	3.410
rxn45247	=	-4.621
rxn45255	=	6.361
rxn45259	=	0.091
rxn45274	=	0.030
rxn45276	=	-1.729
rxn45284	=	-2.665
rxn45298	=	-2.699
rxn45299	=	-3.698
rxn45301	=	-5.283
rxn45305	=	6.089
rxn45306	=	-2.115
rxn45314	<	21.811
rxn45327	>	-28.541
rxn45339	>	-9.361
rxn45340	=	-1.876
rxn45360	>	-24.831
rxn45364	>	-133.237
rxn45369	=	3.719
rxn45375	>	-15.285
rxn45377	=	-3.117
rxn45379	>	-62.746
rxn45386	=	-3.926
rxn45389	>	-12.581
rxn45391	=	-0.834
rxn45410	>	-13.451
rxn45414	>	-7.603
rxn45418	>	-45.685
rxn45427	=	-3.083
rxn45429	=	1.846
rxn45443	=	0.091
rxn45458	=	-1.898
rxn45472	=	-3.084
rxn45473	>	-8.590
rxn45475	=	-2.023
rxn45477	=	3.153
rxn45484	=	-2.699
rxn45491	=	4.587
rxn45494	=	-5.194
rxn45504	=	2.568
rxn45527	>	-12.581
rxn45530	=	-3.845
rxn45532	=	0.319
rxn45535	>	-38.617
rxn45536	>	-8.086
rxn45546	<	55.524
rxn45562	=	-4.755
rxn45564	>	-53.468
rxn45565	=	-3.153
rxn45568	=	0.343
rxn45580	>	-57.678
rxn45587	<	21.823
rxn45590	>	-7.702
rxn45598	>	-60.139
rxn45602	=	-0.000
rxn45610	>	-58.545
rxn45613	<	10.741
rxn45643	=	2.729
rxn45649	=	-0.174
rxn45651	=	-2.059
rxn45672	=	0.124
rxn45677	>	-7.867
rxn45684	=	0.000
rxn45686	>	-17.666
rxn45703	>	-31.849
rxn45735	<	8.871
rxn45738	=	-0.001
rxn45750	=	-0.834
rxn45772	>	-15.450
rxn45777	=	-0.010
rxn45782	>	-10.759
rxn45787	=	-0.595
rxn45791	>	-11.252
rxn45796	>	-9.976
rxn45810	=	4.896
rxn45817	=	-0.525
rxn45821	=	0.052
rxn45826	>	-8.085
rxn45827	=	1.940
rxn45829	<	7.246
rxn45837	=	-3.343
rxn45843	>	-49.233
rxn45844	=	-0.002
rxn45847	>	-8.361
rxn45853	<	11.204
rxn45857	=	-1.302
rxn45861	<	8.883
rxn45870	>	-8.048
rxn45872	=	-0.174
rxn45883	>	-6.992
rxn45886	<	15.610
rxn45891	=	-4.513
rxn45899	=	2.434
rxn45904	>	-11.342
rxn45908	=	-2.845
rxn45909	>	-11.650
rxn45916	>	-8.891
rxn45925	=	-1.924
rxn45926	=	-0.668
rxn45929	=	-0.462
rxn45935	>	-45.076
rxn45937	>	-79.731
rxn45938	=	2.886
rxn45941	=	-4.594
rxn45945	=	1.178
rxn45951	=	0.358
rxn45953	=	0.161
rxn45956	>	-17.631
rxn45957	>	-8.441
rxn45965	<	39.463
rxn45968	>	-7.641
rxn45969	=	0.000
rxn45981	>	-9.592
rxn45989	=	4.431
rxn46002	>	-10.059
rxn46018	>	-148.084
rxn46020	>	-8.664
rxn46027	=	-3.698
rxn46033	=	0.002
rxn46034	=	-0.001
rxn46045	=	-3.766
rxn46049	=	1.854
rxn46056	>	-16.942
rxn46059	=	-5.020
rxn46061	<	11.056
rxn46064	=	0.888
rxn46068	=	6.813
rxn46078	=	2.302
rxn46088	>	-62.314
rxn46094	=	-1.398
rxn46099	=	3.062
rxn46104	>	-26.873
rxn46114	=	0.041
rxn46118	=	-6.356
rxn46119	>	-8.085
rxn46120	=	1.090
rxn46121	>	-11.149
rxn46123	=	-3.253
rxn46126	>	-11.228
rxn46130	=	-5.998
rxn46141	=	-5.601
rxn46145	>	-8.948
rxn46147	=	0.000
rxn46151	>	-55.232
rxn46163	=	-2.114
rxn46181	>	-11.028
rxn46182	=	-2.035
rxn46188	>	-11.292
rxn46194	=	-0.004
rxn46201	=	-0.835
rxn46203	<	235.860
rxn46208	=	-0.174
rxn46219	=	-0.836
rxn46223	=	3.152
rxn46232	=	-0.360
rxn46235	=	2.016
rxn46241	=	-2.820
rxn46244	>	-12.072
rxn46252	>	-8.838
rxn46257	=	-1.789
rxn46259	>	-28.585
rxn46260	>	-16.776
rxn46268	>	-19.512
rxn46270	=	0.990
rxn46273	>	-26.001
rxn46316	>	-64.672
rxn46320	<	6.932
rxn46324	=	-1.588
rxn46335	>	-15.028
rxn46339	=	3.152
rxn46341	>	-16.554
rxn46353	>	-22.007
rxn46354	=	-5.158
rxn46362	=	-5.045
rxn46369	>	-15.563
rxn46370	=	0.004
rxn46387	>	-152.609
rxn46396	=	5.281
rxn46398	>	-13.828
rxn46399	>	-58.907
rxn46403	=	-4.253
rxn46421	=	-3.122
rxn46431	=	-3.017
rxn46433	=	0.159
rxn46442	>	-11.104
rxn46444	=	0.771
rxn46447	>	-7.075
rxn46459	<	7.932
rxn46471	>	-8.656
rxn46472	<	8.190
rxn46479	=	-2.114
rxn46480	=	1.675
rxn46500	>	-68.227
rxn46502	>	-58.962
rxn46507	>	-10.717
rxn46516	>	-13.819
rxn46518	=	-5.858
rxn46521	=	2.061
rxn46523	=	3.153
rxn46524	>	-22.553
rxn46537	=	-1.540
rxn46543	>	-8.766
rxn46549	>	-10.733
rxn46554	=	-0.757
rxn46555	>	-14.820
rxn46560	=	-6.722
rxn46564	>	-14.839
rxn46571	=	4.081
rxn46573	>	-14.398
rxn46576	=	3.152
rxn46578	=	-4.244
rxn46591	=	2.701
rxn46601	=	3.764
rxn46602	>	-9.465
rxn46612	>	-65.747
rxn46615	>	-141.663
rxn46622	<	10.741
rxn46632	>	-11.342
rxn46637	>	-8.768
rxn46640	>	-53.519
rxn46654	>	-17.014
rxn46664	=	5.624
rxn46667	>	-53.743
rxn46690	=	1.241
rxn46692	=	-1.789
rxn46698	=	-2.873
rxn46705	>	-73.709
rxn46706	=	0.888
rxn46711	=	3.152
rxn46723	=	3.152
rxn46732	>	-9.080
rxn46744	=	-0.303
rxn46747	<	77.078
rxn46752	=	-5.592
rxn46755	=	-1.790
rxn46778	=	-1.789
rxn46779	<	26.231
rxn46783	=	-2.947
rxn46792	=	3.152
rxn46803	=	0.000
rxn46808	=	-4.099
rxn46812	>	-13.202
rxn46814	=	-1.849
rxn46817	=	-4.020
rxn46818	>	-15.788
rxn46824	=	-2.545
rxn46831	>	-10.019
rxn46837	=	-1.067
rxn46847	=	-0.697
rxn46862	<	8.962
rxn46865	=	-3.588
rxn46877	>	-42.306
rxn46886	>	-90.760
rxn46890	=	0.802
rxn46894	=	-0.147
rxn46895	=	0.091
rxn46901	<	10.741
rxn46902	=	-2.014
rxn46905	=	-6.651
rxn46907	>	-30.115
rxn46927	>	-12.197
rxn46929	>	-39.332
rxn46934	<	15.296
rxn46937	>	-7.752
rxn46943	>	-69.052
rxn46950	=	-6.429
rxn46959	>	-9.673
rxn46963	>	-8.080
rxn46977	=	-1.830
rxn46991	=	-0.948
rxn46998	>	-8.774
rxn47004	>	-46.439
rxn47022	=	-0.215
rxn47023	<	40.195
rxn47026	=	-0.834
rxn47033	=	-2.076
rxn47042	>	-13.833
rxn47054	=	0.280
rxn47070	>	-8.529
rxn47079	>	-12.128
rxn47080	>	-64.033
rxn47081	=	-3.672
rxn47082	=	-5.858
rxn47087	>	-26.297
rxn47088	=	-0.555
rxn47089	>	-69.399
rxn47090	<	235.351
rxn47103	>	-119.952
rxn47105	=	0.000
rxn47107	<	8.866
rxn47115	=	5.330
rxn47121	=	-2.638
rxn47122	=	-0.287
rxn47131	=	-2.438
rxn47136	>	-19.890
rxn47141	=	6.089
rxn47164	>	-10.705
rxn47167	<	16.038
rxn47172	=	-0.000
rxn47175	=	0.519
rxn47176	=	3.153
rxn47181	>	-9.228
rxn47182	>	-12.384
rxn47187	=	0.000
rxn47191	>	-8.961
rxn47208	=	-3.098
rxn47214	>	-78.037
rxn47216	=	-6.871
rxn47220	=	-5.283
rxn47223	>	-59.715
rxn47230	=	2.563
rxn47234	=	1.091
rxn47244	>	-51.270
rxn47246	<	44.751
rxn47251	=	-2.252
rxn47252	>	-8.793
rxn47256	>	-10.282
rxn47260	=	-0.174
rxn47261	=	2.332
rxn47270	>	-33.538
rxn47287	=	-3.445
rxn47298	=	2.362
rxn47299	=	-0.364
rxn47306	=	3.410
rxn47309	=	4.771
rxn47314	=	-5.869
rxn47320	>	-8.891
rxn47321	>	-14.767
rxn47324	>	-11.509
rxn47334	>	-67.157
rxn47341	=	0.000
rxn47342	=	-6.851
rxn47351	>	-10.102
rxn47363	<	9.145
rxn47366	=	-0.183
rxn47370	=	-6.043
rxn47372	>	-8.086
rxn47376	=	3.157
rxn47401	=	0.203
rxn47402	<	140.182
rxn47403	>	-62.116
rxn47404	<	9.949
rxn47405	=	-1.765
rxn47406	>	-56.805
rxn47409	>	-80.679
rxn47411	=	-1.620
rxn47419	=	-4.537
rxn47432	>	-27.610
rxn47450	=	-1.681
rxn47463	=	-5.100
rxn47482	=	0.000
rxn47487	>	-10.110
rxn47488	=	3.529
rxn47492	=	0.000
rxn47493	<	50.027
rxn47509	=	0.322
rxn47512	=	0.174
rxn47516	=	-3.310
rxn47524	>	-61.845
rxn47527	=	-5.836
rxn47531	>	-28.538
rxn47545	>	-90.066
rxn47548	=	6.075
rxn47557	=	-3.125
rxn47567	>	-49.507
rxn47568	>	-18.820
rxn47572	>	-12.379
rxn47574	<	8.550
rxn47577	=	3.079
rxn47591	>	-17.851
rxn47593	=	-2.038
rxn47596	=	-4.428
rxn47598	=	-0.537
rxn47602	=	0.407
rxn47608	=	-5.974
rxn47609	=	-2.121
rxn47619	=	-5.538
rxn47621	>	-60.420
rxn47627	>	-11.359
rxn47631	<	24.044
rxn47640	=	0.091
rxn47649	=	-0.000
rxn47650	=	-6.045
rxn47653	=	3.557
rxn47654	=	3.556
rxn47659	>	-8.788
rxn47660	=	-3.957
rxn47665	=	3.907
rxn47673	>	-9.230
rxn47679	=	-6.000
rxn47685	<	11.790
rxn47686	=	-0.802
rxn47687	=	3.153
rxn47700	>	-62.141
rxn47715	=	2.970
rxn47717	=	3.568
rxn47720	=	0.091
rxn47737	>	-52.944
rxn47738	=	-2.580
rxn47742	>	-76.120
rxn47744	>	-19.889
rxn47754	>	-8.265
rxn47772	>	-9.488
rxn47783	>	-12.581
rxn47790	>	-20.325
rxn47791	=	6.378
rxn47795	=	3.152
rxn47796	=	-0.000
rxn47798	<	10.426
rxn47816	>	-39.122
rxn47821	>	-69.898
rxn47827	=	0.000
rxn47840	>	-62.750
rxn47845	>	-77.892
rxn47857	>	-10.001
rxn47869	=	-1.886
rxn47875	=	-0.138
rxn47876	>	-11.120
rxn47882	=	-5.904
rxn47886	=	-6.027
rxn47888	>	-7.369
rxn47900	>	-14.164
rxn47906	=	0.064
rxn47910	>	-12.581
rxn47913	=	-2.665
rxn47918	=	-2.110
rxn47941	<	13.356
rxn47948	=	-1.969
rxn47950	<	139.231
rxn47952	>	-35.372
rxn47962	<	6.980
rxn47963	=	0.000
rxn47964	=	0.000
rxn47969	>	-9.983
rxn47974	=	-5.362
rxn47989	=	-0.199
rxn47994	=	0.057
rxn47998	>	-16.656
rxn48008	>	-9.086
rxn48013	>	-73.783
rxn48031	>	-73.683
rxn48035	=	-0.834
rxn48038	>	-26.001
rxn48049	=	-4.530
rxn48062	=	-2.692
rxn48063	=	5.668
rxn48068	>	-47.968
rxn48071	>	-53.743
rxn48083	>	-12.384
rxn48084	<	15.295
rxn48098	=	-0.001
rxn48101	>	-7.175
rxn48105	>	-14.102
rxn48112	=	-2.142
rxn48118	=	0.161
rxn48122	=	2.886
rxn48128	=	2.184
rxn48130	=	-0.697
rxn48144	<	9.221
rxn48146	>	-12.581
rxn48147	=	-1.295
rxn48149	=	-3.886
rxn48153	=	-0.196
rxn48154	>	-11.342
rxn48158	<	29.212
rxn48171	=	-4.212
rxn48172	>	-8.656
rxn48181	=	1.536
rxn48187	=	-4.605
rxn48196	=	1.491
rxn48197	>	-65.729
rxn48199	>	-51.200
rxn48204	>	-47.746
rxn48209	=	-2.127
rxn48212	>	-8.085
rxn48225	=	-2.086
rxn48229	>	-10.602
rxn48231	>	-8.075
rxn48246	>	-39.999
rxn48247	>	-90.535
rxn48250	<	11.342
rxn48261	=	-0.501
rxn48264	=	-3.157
rxn48267	>	-12.581
rxn48270	=	-0.174
rxn48272	=	-3.084
rxn48274	=	-4.735
rxn48296	=	-2.052
rxn48302	<	11.502
rxn48307	>	-16.888
rxn48322	=	-3.751
rxn48332	=	-1.509
rxn48336	>	-60.139
rxn48348	>	-22.553
rxn48360	<	9.462
rxn48365	>	-19.625
rxn48366	>	-73.783
rxn48368	>	-32.865
rxn48378	=	-0.834
rxn48389	=	-0.053
rxn48401	=	3.152
rxn48415	=	-6.107
rxn48423	<	167.153
rxn48429	=	-5.637
rxn48435	=	-0.432
rxn48436	=	-3.520
rxn48438	=	0.000
rxn48448	=	-6.188
rxn48459	=	-2.117
rxn48461	<	8.509
rxn48462	=	-0.197
rxn48470	<	24.817
rxn48478	>	-8.845
rxn48480	>	-8.228
rxn48484	=	-3.099
rxn48492	=	-1.789
rxn48498	>	-8.085
rxn48508	=	0.941
rxn48520	=	-1.789
rxn48521	>	-52.586
rxn48523	=	3.416
rxn48535	>	-43.092
rxn48538	>	-68.889
rxn48557	=	0.980
rxn48576	=	4.561
rxn48580	=	1.656
rxn48581	>	-9.399
rxn48587	>	-41.241
rxn48588	=	-4.126
rxn48599	=	-0.001
rxn48613	>	-65.683
rxn48616	=	-5.591
rxn48617	>	-10.678
rxn48618	>	-46.907
rxn48620	=	1.149
rxn48621	>	-10.045
rxn48624	>	-26.611
rxn48626	>	-10.484
rxn48633	=	3.556
rxn48634	=	3.556
rxn48635	>	-97.776
rxn48640	<	73.652
rxn48641	=	0.435
rxn48642	>	-12.754
rxn48656	=	-0.647
rxn48657	>	-26.000
rxn48659	>	-12.581
rxn48661	=	0.000
rxn48665	>	-16.088
rxn48666	>	-9.962
rxn48668	>	-58.427
rxn48695	=	5.297
rxn48707	=	-0.835
rxn48709	=	3.153
rxn48720	>	-15.315
rxn48721	>	-24.831
rxn48723	=	4.609
rxn48734	=	-3.649
rxn48739	>	-11.248
rxn48745	>	-47.394
rxn48749	>	-27.126
rxn48750	=	-0.194
rxn48753	=	-2.864
rxn48755	=	-4.183
rxn48757	=	-5.601
rxn48759	=	3.912
rxn48760	=	3.911
rxn48762	=	-6.612
rxn48766	>	-9.193
rxn48767	>	-61.862
rxn48770	=	0.000
rxn48780	<	10.685
rxn48786	>	-112.394
rxn48803	=	-0.808
rxn48809	=	4.070
rxn48813	=	6.107
rxn48814	=	6.108
rxn48818	=	3.556
rxn48829	=	-4.900
rxn48832	=	-6.088
rxn48845	=	-0.925
rxn48846	>	-71.866
rxn48853	=	0.815
rxn48863	>	-61.970
rxn48873	>	-9.033
rxn48875	>	-22.384
rxn48877	>	-6.968
rxn48882	=	3.069
rxn48883	=	3.069
rxn48887	=	-3.040
rxn48895	=	-3.772
rxn48909	>	-9.971
rxn48910	>	-7.840
rxn48920	=	-4.249
rxn48922	>	-12.581
rxn48924	=	0.000
rxn48926	=	-5.190
rxn48930	=	-2.763
rxn48934	=	-2.236
rxn48935	=	1.453
rxn48938	=	2.607
rxn48946	=	-0.001
rxn48947	=	6.221
rxn48951	>	-18.006
rxn48952	=	-6.108
rxn48957	=	3.152
rxn48960	>	-12.581
rxn48963	=	-2.046
rxn48965	=	2.446
rxn48973	=	0.365
rxn48979	>	-12.640
rxn48981	>	-26.777
rxn48982	=	-6.107
rxn48985	=	0.000
rxn48991	<	40.152
rxn48999	>	-9.251
rxn49011	=	-0.077
rxn49014	=	0.000
rxn49021	=	0.000
rxn49027	>	-18.323
rxn49029	>	-60.630
rxn49039	>	-9.494
rxn49049	>	-63.232
rxn49051	>	-53.793
rxn49054	=	4.606
rxn49060	=	0.618
rxn49065	>	-12.581
rxn49067	=	-0.495
rxn49068	>	-9.359
rxn49069	>	-7.411
rxn49070	>	-157.797
rxn49075	>	-8.576
rxn49084	<	10.427
rxn49091	<	18.149
rxn49099	=	-0.241
rxn49103	=	0.000
rxn49121	>	-26.299
rxn49122	>	-19.061
rxn49123	=	0.051
rxn49127	=	5.668
rxn49131	=	-2.183
rxn49132	=	-0.835
rxn49133	=	-5.550
rxn49134	=	-6.770
rxn49140	>	-52.586
rxn49143	>	-18.087
rxn49145	>	-6.913
rxn49151	=	5.668
rxn49159	>	-15.077
rxn49165	=	0.650
rxn49175	<	7.344
rxn49178	=	-4.006
rxn49183	=	-2.763
rxn49184	<	12.209
rxn49194	=	-0.005
rxn49200	=	1.264
rxn49204	>	-11.014
rxn49209	>	-28.338
rxn49223	=	0.000
rxn49230	=	2.446
rxn49237	=	-1.488
rxn49241	=	1.964
rxn49247	=	0.000
rxn49250	<	97.242
rxn49255	=	-0.337
rxn49258	>	-49.583
rxn49259	>	-12.581
rxn49271	>	-12.585
rxn49276	=	6.595
rxn49279	=	-0.000
rxn49282	=	-3.355
rxn49283	=	-3.084
rxn49285	>	-106.204
rxn49287	=	5.105
rxn49292	<	11.342
rxn49293	=	-1.789
rxn49294	>	-13.135
rxn49298	>	-9.678
rxn49304	>	-9.973
rxn49310	>	-12.083
rxn49311	=	-0.834
rxn49312	=	-0.835
rxn49320	=	0.000
rxn49323	=	-1.439
rxn49324	>	-9.936
rxn49325	=	4.124
rxn49334	=	3.556
rxn49336	=	-1.439
rxn49344	>	-68.126
rxn49345	>	-68.127
rxn49347	=	-2.762
rxn49354	=	-1.762
rxn49356	=	3.310
rxn49370	=	-4.065
rxn49372	=	0.759
rxn49379	=	0.000
rxn49391	=	-3.673
rxn49405	>	-74.426
rxn49406	>	-13.103
rxn49407	=	-1.789
rxn49408	>	-9.063
rxn49416	>	-16.544
rxn49417	=	0.000
rxn49420	<	12.269
rxn49423	>	-22.956
rxn49430	=	-1.789
rxn49433	>	-26.777
rxn49439	=	4.258
rxn49440	>	-10.151
rxn49442	=	-2.577
rxn49454	>	-16.626
rxn49455	=	-0.835
rxn49456	<	10.738
rxn49464	=	-1.112
rxn49465	=	-4.795
rxn49466	=	-4.796
rxn49473	=	-2.763
rxn49482	<	41.622
rxn49484	=	-5.206
rxn49485	=	0.174
rxn49490	>	-43.308
rxn49491	>	-13.215
rxn49494	>	-32.099
rxn49495	<	10.775
rxn49502	=	-2.938
rxn49505	=	-2.767
rxn49506	=	-2.943
rxn49507	=	0.000
rxn49512	=	3.152
rxn49516	>	-14.767
rxn49519	=	-1.789
rxn49521	>	-83.403
rxn49542	=	-1.176
rxn49544	>	-75.467
rxn49545	>	-20.895
rxn49558	>	-37.153
rxn49561	=	-5.351
rxn49562	=	0.000
rxn49565	>	-24.470
rxn49568	<	43.343
rxn49569	=	-2.957
rxn49574	>	-16.624
rxn49580	>	-52.033
rxn49581	=	0.000
rxn49583	>	-8.392
rxn49589	=	0.081
rxn49606	>	-13.862
rxn49607	>	-13.863
rxn49610	>	-8.075
rxn49611	<	10.741
rxn49618	=	0.000
rxn49621	=	-4.245
rxn49622	>	-24.665
rxn49624	=	5.734
rxn49634	=	3.824
rxn49635	>	-10.277
rxn49638	=	1.523
rxn49639	=	4.206
rxn49640	=	1.104
rxn49642	<	10.737
rxn49643	>	-9.256
rxn49644	>	-9.977
rxn49646	>	-10.410
rxn49647	=	-0.020
rxn49649	=	4.251
rxn49650	>	-13.363
rxn49651	<	72.609
rxn49652	=	-5.945
rxn49664	>	-9.415
rxn49667	=	0.000
rxn49669	>	-17.182
rxn49670	=	-2.759
rxn49671	=	0.866
rxn49675	=	2.013
rxn49676	>	-9.848
rxn49683	>	-47.916
rxn49684	>	-180.125
rxn49685	>	-57.407
rxn49686	>	-58.703
rxn49687	>	-51.084
rxn49690	>	-15.697
rxn49692	>	-213.126
rxn49694	>	-171.046
rxn49695	>	-161.440
rxn49708	=	3.153
rxn49709	>	-9.544
rxn49711	=	-0.835
rxn49714	>	-16.906
rxn49715	=	4.609
rxn49726	=	3.153
rxn49732	=	1.390
rxn49733	>	-37.626
rxn49736	=	-0.598
rxn49740	=	0.658
rxn49741	>	-84.023
rxn49742	>	-84.023
rxn49743	>	-84.023
rxn49744	>	-84.023
rxn49745	>	-19.432
rxn49747	>	-19.929
rxn49748	=	3.781
rxn49750	>	-11.155
rxn49753	<	16.028
rxn49755	>	-169.856
rxn49756	>	-249.896
rxn49757	>	-67.147
rxn49758	>	-67.147
rxn49759	<	10.741
rxn49760	>	-8.891
rxn49761	>	-18.935
rxn49763	>	-18.345
rxn49764	>	-8.638
rxn49768	>	-118.516
rxn49770	>	-73.783
rxn49771	>	-57.962
rxn49772	>	-19.432
rxn49774	=	-6.060
rxn49779	>	-11.462
rxn49788	>	-82.804
rxn49789	>	-62.104
rxn49796	=	0.898
rxn49798	>	-29.513
rxn49800	>	-29.811
rxn49801	>	-30.060
rxn49802	>	-28.693
rxn49803	=	1.170
rxn49804	>	-12.017
rxn49805	=	1.993
rxn49807	>	-28.901
rxn49808	>	-14.398
rxn49811	=	3.819
rxn49812	>	-169.573
rxn49813	<	158.835
rxn49822	=	-3.052
rxn49823	=	-3.932
rxn49825	=	0.000
rxn49826	=	-0.808
rxn49829	=	-2.745
rxn49830	=	-0.194
rxn49833	>	-61.508
rxn49842	=	-4.254
rxn49844	=	-0.000
rxn49845	>	-8.473
rxn49846	=	-2.994
rxn49848	=	3.012
rxn49849	=	-3.116
rxn49854	>	-7.723
rxn49856	>	-29.498
rxn49859	=	-4.815
rxn49861	=	-1.213
rxn49863	>	-22.988
rxn49865	>	-22.988
rxn49867	=	-1.213
rxn49869	=	1.670
rxn49871	>	-30.992
rxn49879	=	-1.789
rxn49880	=	-4.406
rxn49881	>	-19.432
rxn49890	>	-12.962
rxn49891	>	-14.522
rxn49892	>	-13.861
rxn49893	=	-4.238
rxn49896	=	0.071
rxn49897	=	0.071
rxn49898	=	0.071
rxn49899	=	0.071
rxn49900	>	-7.641
rxn49901	>	-8.086
rxn49902	>	-7.641
rxn49903	>	-7.197
rxn49904	=	0.742
rxn49905	=	0.742
rxn49906	=	0.742
rxn49907	=	0.742
rxn49909	>	-12.581
rxn49910	>	-12.581
rxn49911	=	0.000
rxn49912	>	-13.375
rxn49913	=	-4.391
rxn49914	>	-75.659
rxn49915	>	-12.581
rxn49916	=	-3.084
rxn49917	=	-4.988
rxn49918	=	-4.608
rxn49919	=	-6.296
rxn49920	=	-5.535
rxn49922	=	-3.084
rxn49923	=	-3.084
rxn49924	=	-4.608
rxn49925	=	-0.957
rxn49938	=	4.603
rxn49942	<	9.524
rxn49952	<	13.446
rxn49953	=	-5.811
rxn49957	>	-19.432
rxn49963	=	-0.785
rxn49964	=	-0.019
rxn49973	>	-7.604
rxn49974	>	-10.850
rxn49979	=	-3.472
rxn49986	>	-336.546
rxn49989	>	-430.358
rxn49991	=	0.469
rxn49992	=	-4.380
rxn49997	=	-2.678
rxn49998	=	-4.274
rxn49999	>	-12.378
rxn50002	>	-63.182
rxn50003	>	-19.432
rxn50004	>	-19.432
rxn50006	=	-2.665
rxn50007	=	-3.673
rxn50010	<	7.130
rxn50011	>	-42.552
rxn50014	=	-3.309
rxn50015	=	-3.751
rxn50016	=	-4.428
rxn50017	=	-3.751
rxn50025	>	-65.030
rxn50029	>	-10.196
rxn50031	<	13.702
rxn50046	>	-127.790
rxn50047	>	-18.813
rxn50048	>	-148.084
rxn50049	>	-112.161
rxn50051	=	-2.107
rxn50052	>	-66.805
rxn50054	>	-16.205
rxn50060	>	-105.253
rxn50061	=	-2.613
rxn50064	=	-0.835
rxn50065	=	-0.834
rxn50066	=	-0.834
rxn50067	=	-0.835
rxn50068	>	-14.492
rxn50070	>	-35.703
rxn50073	>	-52.749
rxn50081	>	-103.985
rxn50082	>	-52.749
rxn50083	=	1.931
rxn50088	>	-129.412
rxn50099	>	-12.581
rxn50101	=	0.000
rxn50102	=	0.000
rxn50103	=	0.000
rxn50104	=	0.000
rxn50105	=	0.000
rxn50106	=	0.000
rxn50113	>	-75.659
rxn50120	>	-7.946
rxn50141	>	-19.432
rxn50142	=	1.572
rxn50144	=	1.872
rxn50150	=	-0.697
rxn50155	=	4.605
rxn50156	<	14.636
rxn50158	>	-22.504
rxn50159	>	-20.258
rxn50161	<	7.365
rxn50165	>	-66.469
rxn50175	>	-8.662
rxn50176	=	-6.367
rxn50177	=	-6.383
rxn50183	>	-9.504
rxn50184	>	-9.506
rxn50187	=	0.000
rxn50188	=	-6.651
rxn50190	>	-67.683
rxn50191	>	-60.918
rxn50192	=	0.000
rxn50193	=	0.000
rxn50196	=	-6.348
rxn50197	=	-6.359
rxn50198	>	-8.074
rxn50199	>	-12.581
rxn50201	>	-15.449
rxn50202	=	1.078
rxn50205	>	-13.057
rxn50206	>	-13.057
rxn50212	=	-6.383
rxn50213	=	-6.367
rxn50215	>	-60.829
rxn50216	=	-1.789
rxn50217	=	-1.789
rxn50218	>	-60.829
rxn50220	>	-60.833
rxn50222	<	60.848
rxn50224	=	-1.814
rxn50226	=	-6.367
rxn50227	=	-4.308
rxn50231	=	0.000
rxn50234	=	-4.830
rxn50240	>	-7.641
rxn50241	<	44.715
rxn50242	=	-2.778
rxn50243	=	-4.151
rxn50244	=	-4.130
rxn50245	=	-4.151
rxn50248	<	6.920
rxn50249	>	-12.578
rxn50250	>	-12.379
rxn50252	=	3.705
rxn50253	=	3.247
rxn50254	=	-3.078
rxn50255	>	-8.086
rxn50256	>	-8.092
rxn50257	>	-19.432
rxn50258	=	-2.840
rxn50259	<	61.036
rxn50260	>	-60.918
rxn50263	=	0.000
rxn50265	>	-10.245
rxn50266	=	-0.582
rxn50267	<	7.964
rxn50268	>	-127.393
rxn50269	>	-118.922
rxn50271	=	2.965
rxn50272	=	3.038
rxn50275	>	-10.872
rxn50277	>	-8.742
rxn50278	>	-8.938
rxn50280	=	-5.015
rxn50281	=	-3.083
rxn50282	=	-0.766
rxn50284	=	2.863
rxn50286	=	-1.814
rxn50287	=	2.836
rxn50289	=	0.000
rxn50293	<	10.741
rxn50294	=	-3.787
rxn50295	=	-2.840
rxn50296	=	-2.840
rxn50297	=	-2.840
rxn50298	=	-2.840
rxn50302	=	-2.305
rxn50303	=	-4.325
rxn50304	>	-9.507
rxn50309	=	-4.325
rxn50310	=	-2.306
rxn50315	=	-0.835
rxn50316	=	-0.834
rxn50317	=	6.089
rxn50318	=	-4.768
rxn50320	<	15.115
rxn50324	=	0.000
rxn50325	<	15.295
rxn50326	<	15.296
rxn50327	=	0.174
rxn50328	=	-1.789
rxn50329	=	-3.345
rxn50330	<	15.296
rxn50332	<	10.902
rxn50333	=	0.014
rxn50336	>	-12.581
rxn50341	=	-6.871
rxn50344	>	-18.087
rxn50345	=	-0.027
rxn50346	>	-7.129
rxn50351	>	-9.208
rxn50355	>	-20.536
rxn50358	>	-13.806
rxn50359	>	-13.807
rxn50360	>	-14.432
rxn50365	>	-12.581
rxn50366	>	-12.581
rxn50369	=	0.000
rxn50370	>	-12.581
rxn50371	=	0.091
rxn50373	=	3.153
rxn50374	=	3.153
rxn50375	=	0.091
rxn50376	=	3.153
rxn50377	=	3.153
rxn50378	=	-0.174
rxn50379	=	-0.174
rxn50380	>	-11.342
rxn50381	>	-11.342
rxn50382	=	2.413
rxn50383	>	-12.581
rxn50384	>	-10.110
rxn50385	=	3.762
rxn50386	=	-0.015
rxn50391	=	-3.327
rxn50393	>	-92.905
rxn50394	=	-0.835
rxn50395	=	-4.677
rxn50397	=	-5.147
rxn50402	=	-1.160
rxn50403	=	-4.258
rxn50406	=	-1.146
rxn50407	=	0.270
rxn50410	<	36.154
rxn50413	=	3.454
rxn50417	=	-1.814
rxn50418	=	-1.814
rxn50419	=	2.836
rxn50420	=	2.836
rxn50421	=	-0.544
rxn50423	>	-56.486
rxn50428	=	0.000
rxn50429	=	-0.147
rxn50430	=	-0.147
rxn50431	=	-0.147
rxn50432	=	-0.147
rxn50433	=	-0.702
rxn50434	=	-0.147
rxn50435	=	-0.702
rxn50436	=	-0.702
rxn50437	=	-0.702
rxn50438	=	-0.702
rxn50439	=	-0.702
rxn50440	=	-0.702
rxn50441	=	-0.697
rxn50442	=	-0.697
rxn50443	=	-0.697
rxn50444	=	-3.029
rxn50445	>	-16.254
rxn50447	>	-72.317
rxn50451	=	-0.702
rxn50452	=	-0.702
rxn50453	=	-0.702
rxn50454	=	-0.702
rxn50455	=	-0.147
rxn50456	=	-0.702
rxn50457	=	-0.702
rxn50458	=	-0.702
rxn50459	=	-0.702
rxn50463	=	-1.373
rxn50464	=	0.000
rxn50466	>	-73.575
rxn50467	=	0.324
rxn50468	=	0.324
rxn50469	=	0.324
rxn50470	=	0.324
rxn50471	=	0.324
rxn50472	=	0.324
rxn50476	=	0.000
rxn50493	=	-2.369
rxn50500	=	-2.369
rxn50501	>	-17.782
rxn50502	=	4.605
rxn50509	>	-12.581
rxn50510	=	0.091
rxn50511	=	0.091
rxn50512	=	0.091
rxn50513	=	0.091
rxn50514	=	0.091
rxn50515	=	-6.383
rxn50516	=	-5.828
rxn50518	=	-6.383
rxn50520	=	-6.383
rxn50522	=	-6.383
rxn50523	=	-6.384
rxn50524	=	2.272
rxn50526	=	-6.359
rxn50527	=	-6.359
rxn50528	=	-6.359
rxn50531	=	-6.359
rxn50532	=	-6.383
rxn50533	=	-6.383
rxn50534	=	-6.383
rxn50536	=	-5.825
rxn50537	=	-6.380
rxn50540	>	-9.953
rxn50541	=	-6.380
rxn50543	=	-3.672
rxn50548	=	0.091
rxn50549	=	0.091
rxn50550	=	-0.702
rxn50551	=	-0.702
rxn50552	=	0.091
rxn50554	=	0.091
rxn50556	=	0.091
rxn50559	=	0.091
rxn50560	=	0.091
rxn50568	=	0.091
rxn50569	=	0.091
rxn50570	=	0.091
rxn50571	=	0.091
rxn50572	=	0.091
rxn50573	=	0.091
rxn50577	=	0.091
rxn50578	=	0.091
rxn50581	=	6.677
rxn50582	=	0.091
rxn50583	=	0.091
rxn50584	=	0.091
rxn50585	=	0.091
rxn50586	=	0.091
rxn50588	=	0.091
rxn50589	=	0.091
rxn50594	>	-18.579
rxn50595	=	1.241
rxn50605	=	0.091
rxn50606	=	0.091
rxn50609	=	-6.380
rxn50610	=	-6.380
rxn50615	=	-0.697
rxn50616	=	-0.697
rxn50619	=	-0.697
rxn50622	=	-0.697
rxn50625	=	-0.697
rxn50626	=	-0.697
rxn50627	=	-0.697
rxn50629	=	-0.544
rxn50630	=	-0.702
rxn50632	>	-7.830
rxn50633	>	-8.470
rxn50634	=	0.091
rxn50636	=	0.857
rxn50640	=	-0.702
rxn50641	=	-0.702
rxn50642	=	-0.147
rxn50643	=	-0.702
rxn50644	=	-0.702
rxn50645	=	-0.702
rxn50646	=	-0.702
rxn50647	=	-0.702
rxn50648	=	-0.702
rxn50649	=	-0.147
rxn50650	=	-0.702
rxn50657	=	-0.697
rxn50658	=	-0.544
rxn50659	=	-0.702
rxn50660	=	-0.702
rxn50661	=	-0.702
rxn50662	=	-0.702
rxn50663	=	1.590
rxn50664	=	-0.702
rxn50665	=	-0.702
rxn50666	=	-0.702
rxn50667	=	-0.147
rxn50668	=	-0.702
rxn50669	=	-0.702
rxn50670	=	-0.702
rxn50671	=	-0.147
rxn50672	=	-0.702
rxn50673	=	-0.702
rxn50674	=	-0.702
rxn50693	=	-0.702
rxn50694	=	-0.702
rxn50695	=	-0.702
rxn50696	=	-0.702
rxn50697	=	-0.147
rxn50705	=	0.572
rxn50706	=	0.572
rxn50707	=	0.572
rxn50710	=	0.572
rxn50716	>	-38.520
rxn50717	=	-0.702
rxn50724	=	-0.702
rxn50725	=	-0.702
rxn50726	=	-0.702
rxn50729	=	-0.147
rxn50731	=	-0.147
rxn50732	=	-0.147
rxn50733	=	-0.702
rxn50734	=	-0.702
rxn50735	=	-0.702
rxn50736	=	-0.702
rxn50739	=	-2.059
rxn50740	=	-0.702
rxn50741	=	0.000
rxn50742	=	0.000
rxn50743	>	-60.918
rxn50744	>	-16.522
rxn50745	=	-0.702
rxn50749	=	-1.966
rxn50750	=	-2.059
rxn50751	=	-2.059
rxn50752	=	-2.059
rxn50753	=	-1.504
rxn50754	=	-2.059
rxn50755	=	-2.059
rxn50756	=	-2.059
rxn50757	=	-2.059
rxn50759	=	-0.702
rxn50760	=	-0.702
rxn50761	=	-0.702
rxn50762	=	-0.702
rxn50763	=	-0.702
rxn50764	=	-0.702
rxn50765	=	-0.702
rxn50766	=	-1.504
rxn50767	=	-1.504
rxn50768	=	-1.504
rxn50777	=	-1.101
rxn50778	=	-2.059
rxn50779	=	-2.059
rxn50780	=	-2.059
rxn50781	=	-2.059
rxn50782	=	-2.059
rxn50783	=	-2.059
rxn50784	=	-2.059
rxn50785	=	-2.059
rxn50786	=	-2.059
rxn50787	=	-0.553
rxn50788	=	-1.488
rxn50790	=	-1.504
rxn50791	=	-2.059
rxn50792	=	0.260
rxn50793	=	-1.098
rxn50794	=	0.260
rxn50795	<	10.517
rxn50796	>	-11.359
rxn50798	<	9.895
rxn50799	>	-9.895
rxn50800	>	-11.705
rxn50801	>	-9.895
rxn50802	>	-11.705
rxn50803	>	-9.895
rxn50804	>	-10.289
rxn50805	>	-8.479
rxn50806	>	-11.705
rxn50807	>	-9.895
rxn50808	>	-12.384
rxn50809	>	-11.705
rxn50810	>	-10.574
rxn50811	>	-9.895
rxn50812	=	-0.702
rxn50813	=	-2.059
rxn50819	>	-11.359
rxn50823	>	-9.895
rxn50824	>	-9.895
rxn50825	>	-9.895
rxn50826	>	-9.895
rxn50827	>	-9.895
rxn50828	>	-9.895
rxn50833	>	-14.775
rxn50834	>	-12.581
rxn50838	>	-12.581
rxn50839	>	-9.895
rxn50845	>	-9.895
rxn50846	>	-11.705
rxn50847	>	-9.895
rxn50848	>	-13.716
rxn50849	>	-9.895
rxn50852	>	-12.581
rxn50853	>	-12.581
rxn50854	>	-12.581
rxn50858	=	-1.350
rxn50869	=	-1.350
rxn50870	=	0.007
rxn50871	=	-1.350
rxn50872	=	0.007
rxn50873	=	-1.352
rxn50874	=	0.007
rxn50875	>	-11.705
rxn50876	>	-10.574
rxn50877	>	-9.895
rxn50878	=	0.007
rxn50879	=	-1.350
rxn50880	=	0.007
rxn50881	=	-1.350
rxn50882	=	-1.350
rxn50883	=	0.007
rxn50884	=	0.007
rxn50885	=	-1.351
rxn50886	=	-1.350
rxn50887	=	0.007
rxn50888	=	0.007
rxn50889	=	-1.350
rxn50890	=	-1.352
rxn50891	=	0.007
rxn50892	>	-12.384
rxn50893	>	-54.013
rxn50899	=	-4.128
rxn50900	=	-4.812
rxn50902	>	-12.581
rxn50904	>	-70.958
rxn50909	>	-12.581
rxn50911	>	-12.581
rxn50914	>	-12.581
rxn50915	>	-12.581
rxn50916	>	-71.802
rxn50917	>	-71.802
rxn50918	>	-71.802
rxn50919	>	-14.767
rxn50920	>	-71.802
rxn50926	>	-9.217
rxn50932	>	-12.581
rxn50935	=	-6.089
rxn50936	>	-14.767
rxn50937	=	0.174
rxn50938	=	3.152
rxn50939	=	-6.089
rxn50940	>	-14.767
rxn50941	=	0.174
rxn50942	=	3.152
rxn50943	=	-6.089
rxn50944	>	-12.581
rxn50945	=	0.000
rxn50946	=	-0.174
rxn50947	=	-3.153
rxn50948	=	-3.153
rxn50949	=	-0.174
rxn50950	>	-11.342
rxn50951	=	-3.153
rxn50952	=	-0.174
rxn50953	>	-11.342
rxn50954	=	-3.153
rxn50955	=	-0.174
rxn50956	>	-11.342
rxn50957	=	-3.153
rxn50958	=	-0.174
rxn50959	>	-11.342
rxn50960	>	-12.581
rxn50962	=	0.091
rxn50964	>	-11.342
rxn50965	=	-3.153
rxn50966	=	-0.174
rxn50967	>	-11.342
rxn50968	=	-3.153
rxn50969	=	-0.174
rxn50970	>	-11.342
rxn50971	=	-3.153
rxn50972	=	-0.174
rxn50973	>	-11.342
rxn50974	=	-3.153
rxn50975	=	-0.174
rxn50976	>	-11.342
rxn50977	=	-3.153
rxn50978	=	-0.174
rxn50979	>	-11.342
rxn50980	=	-3.153
rxn50981	=	-0.174
rxn50982	>	-11.342
rxn50983	=	-3.153
rxn50984	=	-0.174
rxn50985	>	-11.342
rxn50987	>	-11.342
rxn50988	=	-3.153
rxn50989	>	-11.342
rxn50990	>	-11.342
rxn50991	=	-3.153
rxn50992	=	-0.174
rxn50993	>	-11.342
rxn50994	=	-3.153
rxn50995	=	-0.174
rxn50996	>	-11.342
rxn50997	=	-3.153
rxn50998	=	-0.174
rxn50999	>	-11.342
rxn51000	=	-3.153
rxn51001	=	-0.174
rxn51002	>	-11.342
rxn51003	=	-3.153
rxn51004	=	-0.174
rxn51005	>	-11.342
rxn51006	=	-3.153
rxn51007	=	-0.174
rxn51008	>	-11.342
rxn51009	=	-3.153
rxn51010	=	-0.174
rxn51011	>	-11.342
rxn51014	=	-3.153
rxn51015	=	-0.174
rxn51016	>	-11.342
rxn51017	=	-3.153
rxn51018	=	-0.174
rxn51019	>	-11.342
rxn51020	=	-3.153
rxn51021	=	-0.174
rxn51022	>	-11.342
rxn51023	=	-3.153
rxn51024	=	-0.174
rxn51025	>	-11.342
rxn51026	=	-3.153
rxn51027	=	-0.174
rxn51028	>	-11.342
rxn51029	=	-3.153
rxn51030	=	-0.174
rxn51031	>	-11.342
rxn51034	=	0.000
rxn51038	=	0.091
rxn51039	=	0.091
rxn51040	=	-3.153
rxn51041	=	-0.174
rxn51042	>	-11.342
rxn51043	=	-3.153
rxn51044	=	-0.174
rxn51045	>	-11.342
rxn51054	>	-60.140
rxn51066	>	-12.581
rxn51067	=	3.556
rxn51068	>	-9.217
rxn51079	=	0.000
rxn51081	=	0.000
rxn51082	=	0.000
rxn51083	=	0.000
rxn51085	=	-3.136
rxn51088	>	-73.575
rxn51090	>	-9.895
rxn51095	=	-2.059
rxn51097	>	-12.038
rxn51098	>	-13.848
rxn51099	>	-8.788
rxn51100	<	29.212
rxn51105	>	-9.896
rxn51106	>	-9.896
rxn51109	=	3.556
rxn51110	=	3.556
rxn51111	>	-9.217
rxn51112	=	-0.702
rxn51113	=	-0.702
rxn51114	>	-15.183
rxn51117	>	-12.641
rxn51119	=	0.844
rxn51123	=	0.174
rxn51124	=	3.152
rxn51125	>	-22.980
rxn51126	>	-10.876
rxn51127	>	-12.642
rxn51128	>	-9.311
rxn51130	=	-2.442
rxn51131	=	3.152
rxn51132	=	-6.686
rxn51133	=	0.174
rxn51134	=	0.174
rxn51135	=	3.152
rxn51136	=	3.152
rxn51137	>	-14.767
rxn51138	>	-14.767
rxn51139	=	0.750
rxn51140	=	-2.440
rxn51141	=	-2.442
rxn51142	=	-2.442
rxn51146	>	-14.767
rxn51147	=	-2.939
rxn51148	=	-2.939
rxn51149	=	-2.939
rxn51150	=	-2.939
rxn51151	=	-2.939
rxn51152	=	-6.089
rxn51153	=	-6.089
rxn51154	=	-2.939
rxn51155	=	-2.939
rxn51156	=	-2.939
rxn51157	=	-3.026
rxn51158	=	-3.026
rxn51160	=	-1.724
rxn51161	=	-1.724
rxn51162	=	-1.724
rxn51163	=	-1.724
rxn51165	>	-26.202
rxn51166	=	-2.939
rxn51167	=	-2.939
rxn51168	<	45.076
rxn51169	>	-12.641
rxn51170	>	-12.641
rxn51172	>	-11.834
rxn51173	>	-11.834
rxn51174	>	-10.574
rxn51176	=	0.000
rxn51177	>	-11.841
rxn51178	=	0.000
rxn51179	>	-15.423
rxn51180	>	-11.705
rxn51181	>	-11.705
rxn51182	>	-15.423
rxn51184	>	-14.775
rxn51185	>	-11.704
rxn51186	>	-10.574
rxn51187	>	-9.895
rxn51189	>	-9.895
rxn51190	=	0.000
rxn51192	=	-0.378
rxn51193	>	-11.834
rxn51202	>	-10.574
rxn51203	>	-11.340
rxn51204	>	-11.834
rxn51205	>	-11.338
rxn51206	>	-11.340
rxn51207	>	-11.339
rxn51208	>	-11.334
rxn51210	>	-9.943
rxn51211	>	-11.359
rxn51212	>	-9.896
rxn51213	>	-9.895
rxn51214	>	-9.895
rxn51215	>	-9.895
rxn51216	>	-10.574
rxn51217	>	-9.895
rxn51218	>	-10.574
rxn51223	=	-5.925
rxn51224	=	2.434
rxn51225	=	-5.925
rxn51226	=	-5.925
rxn51227	=	-5.925
rxn51228	=	-5.925
rxn51229	=	-5.925
rxn51230	=	-5.925
rxn51231	=	-5.925
rxn51232	=	-5.925
rxn51233	=	-5.416
rxn51234	=	-1.396
rxn51236	>	-12.641
rxn51238	>	-12.128
rxn51239	>	-12.128
rxn51240	>	-60.919
rxn51241	=	-0.509
rxn51242	=	-1.571
rxn51243	=	-0.412
rxn51244	>	-7.369
rxn51245	=	-4.816
rxn51246	>	-8.085
rxn51247	<	19.750
rxn51248	<	19.911
rxn51249	>	-12.640
rxn51250	>	-12.640
rxn51251	<	61.810
rxn51252	>	-9.895
rxn51253	>	-10.289
rxn51254	>	-10.289
rxn51255	>	-11.705
rxn51256	>	-9.895
rxn51257	>	-11.834
rxn51258	>	-10.024
rxn51259	>	-16.200
rxn51260	<	8.213
rxn51261	<	8.213
rxn51262	<	8.213
rxn51263	<	8.213
rxn51264	<	8.213
rxn51265	<	8.213
rxn51266	<	8.213
rxn51267	<	8.213
rxn51268	<	8.213
rxn51269	=	1.358
rxn51270	<	8.213
rxn51271	>	-9.895
rxn51272	>	-10.574
rxn51273	=	1.358
rxn51274	>	-12.384
rxn51275	=	-1.358
rxn51276	>	-11.705
rxn51277	>	-11.705
rxn51278	>	-11.705
rxn51279	>	-11.705
rxn51280	>	-10.289
rxn51281	>	-61.528
rxn51283	=	-3.160
rxn51284	>	-10.574
rxn51285	=	-1.358
rxn51286	>	-11.705
rxn51287	>	-10.574
rxn51288	>	-17.218
rxn51289	>	-10.574
rxn51290	>	-11.705
rxn51291	=	0.195
rxn51292	=	-5.446
rxn51293	>	-73.575
rxn51294	>	-73.575
rxn51296	=	-2.059
rxn51297	=	-2.059
rxn51298	=	-2.059
rxn51299	=	-2.059
rxn51300	=	-2.059
rxn51301	=	-1.504
rxn51302	=	-2.059
rxn51303	=	-2.059
rxn51304	=	-2.059
rxn51305	=	-2.059
rxn51306	=	-2.059
rxn51307	=	-2.059
rxn51308	>	-10.574
rxn51309	>	-11.834
rxn51310	>	-12.384
rxn51311	>	-11.834
rxn51313	>	-10.289
rxn51314	=	-0.260
rxn51315	>	-73.575
rxn51316	>	-73.583
rxn51317	=	-0.260
rxn51318	>	-11.705
rxn51319	>	-10.574
rxn51320	>	-9.895
rxn51321	>	-73.575
rxn51322	>	-73.575
rxn51323	>	-11.705
rxn51324	>	-73.575
rxn51325	>	-71.802
rxn51326	>	-71.802
rxn51327	>	-71.802
rxn51328	>	-71.802
rxn51330	>	-16.554
rxn51331	>	-16.555
rxn51332	>	-12.146
rxn51333	=	-2.307
rxn51337	>	-11.705
rxn51338	>	-14.775
rxn51339	>	-10.574
rxn51340	>	-14.646
rxn51341	>	-14.372
rxn51342	>	-11.705
rxn51343	>	-14.775
rxn51345	>	-72.366
rxn51346	>	-11.834
rxn51347	>	-11.705
rxn51348	>	-11.705
rxn51350	=	0.000
rxn51351	=	4.605
rxn51352	=	0.000
rxn51353	>	-8.662
rxn51354	=	-6.893
rxn51355	=	-4.134
rxn51356	>	-10.024
rxn51357	=	-4.134
rxn51358	=	-4.134
rxn51359	=	-4.134
rxn51360	=	-4.134
rxn51361	=	-4.134
rxn51362	=	-4.132
rxn51363	=	-4.133
rxn51364	=	-4.151
rxn51365	>	-11.705
rxn51366	=	4.605
rxn51367	=	4.605
rxn51368	>	-9.895
rxn51369	=	4.605
rxn51370	=	4.605
rxn51371	=	4.605
rxn51372	=	4.605
rxn51373	=	4.605
rxn51374	>	-10.574
rxn51376	<	16.028
rxn51379	>	-14.775
rxn51380	>	-14.775
rxn51381	>	-14.775
rxn51383	>	-12.146
rxn51384	>	-71.795
rxn51386	>	-71.802
rxn51387	=	-5.682
rxn51388	>	-71.795
rxn51389	>	-71.795
rxn51390	=	-0.196
rxn51392	=	0.000
rxn51398	=	1.811
rxn51399	=	1.811
rxn51400	=	1.811
rxn51401	=	1.811
rxn51402	>	-35.548
rxn51407	=	3.152
rxn51409	>	-11.342
rxn51410	=	-3.152
rxn51411	=	1.811
rxn51412	=	1.811
rxn51413	>	-228.450
rxn51416	=	-4.244
rxn51417	=	-2.297
rxn51418	=	-2.296
rxn51419	=	-2.944
rxn51420	=	-2.939
rxn51422	>	-71.802
rxn51423	>	-14.646
rxn51424	>	-14.372
rxn51425	>	-12.644
rxn51426	>	-12.146
rxn51427	>	-14.782
rxn51428	>	-14.775
rxn51437	>	-11.705
rxn51438	=	4.605
rxn51439	>	-49.761
rxn51441	>	-49.762
rxn51469	=	-0.835
rxn51470	=	-0.835
rxn51473	=	3.152
rxn51474	=	3.556
rxn51475	=	3.556
rxn51476	=	3.556
rxn51477	=	-0.835
rxn51478	=	-0.835
rxn51484	=	-0.834
rxn51485	=	-0.835
rxn51487	=	0.000
rxn51490	=	0.000
rxn51491	=	0.000
rxn51492	=	0.834
rxn51495	=	3.153
rxn51499	=	-0.835
rxn51502	=	-0.834
rxn51503	=	-0.835
rxn51506	=	-0.702
rxn51507	=	-0.697
rxn51510	=	-0.702
rxn51511	=	-0.147
rxn51512	=	-0.702
rxn51521	=	4.605
rxn51526	>	-7.793
rxn51527	>	-10.282
rxn51531	>	-10.282
rxn51532	=	-3.713
rxn51534	=	-3.026
rxn51536	=	0.091
rxn51543	<	290.917
rxn51545	>	-60.916
rxn51549	=	3.157
rxn51562	>	-8.703
rxn51563	>	-19.060
rxn51564	>	-10.282
rxn51565	=	-0.697
rxn51568	>	-11.705
rxn51572	>	-19.284
rxn51581	=	5.976
rxn51584	>	-7.161
rxn51605	=	0.358
rxn51606	=	-0.196
rxn51609	=	-0.196
rxn51610	=	-0.196
rxn51611	>	-66.069
rxn51613	>	-7.047
rxn51615	>	-13.809
rxn51616	>	-8.662
rxn51617	=	-5.402
rxn51638	>	-79.675
rxn51639	>	-68.364
rxn51640	>	-67.577
rxn51641	=	2.103
rxn51643	=	-5.828
rxn51644	=	-6.383
rxn51645	=	-6.901
rxn51683	=	0.505
rxn51685	>	-8.662
rxn51686	>	-8.662
rxn51687	>	-8.662
rxn51688	>	-8.662
rxn51689	>	-8.662
rxn51690	>	-8.662
rxn51691	=	-0.702
rxn51695	>	-8.662
rxn51696	>	-8.662
rxn51697	>	-8.662
rxn51698	>	-8.662
rxn51699	>	-8.662
rxn51702	=	-2.944
rxn51703	=	-2.923
rxn51704	=	-2.939
rxn51705	=	0.000
rxn51707	=	-2.944
rxn51717	<	12.929
rxn51719	=	1.466
rxn51723	=	-5.535
rxn51724	=	-5.535
rxn51725	=	-5.538
rxn51727	=	-2.939
rxn51728	=	-2.939
rxn51729	=	-2.939
rxn51730	=	-2.939
rxn51732	=	4.809
rxn51733	=	-2.939
rxn51736	<	17.264
rxn51738	=	4.605
rxn51739	=	4.605
rxn51740	=	4.605
rxn51741	=	4.605
rxn51743	>	-9.256
rxn51744	>	-9.978
rxn51747	=	-6.802
rxn51748	=	-6.802
rxn51749	=	-6.802
rxn51750	=	-6.802
rxn51751	<	61.810
rxn51753	>	-8.547
rxn51767	=	-2.990
rxn51768	=	0.446
rxn51769	=	-1.509
rxn51770	=	-0.702
rxn51771	=	-0.702
rxn51772	=	-0.147
rxn51777	<	235.351
rxn51778	<	235.352
rxn51785	=	-1.789
rxn51796	=	0.000
rxn51797	=	-1.358
rxn51798	=	0.000
rxn51799	=	-0.000
rxn51800	=	0.000
rxn51801	=	-0.000
rxn51802	=	0.000
rxn51803	=	-0.005
rxn51804	=	-0.000
rxn51805	=	-1.789
rxn51807	>	-77.104
rxn51809	=	0.091
rxn51814	=	-1.789
rxn51815	=	-1.823
rxn51816	=	-1.789
rxn51817	=	4.258
rxn51821	>	-16.544
rxn51823	=	-3.701
rxn51827	>	-60.140
rxn51828	>	-60.140
rxn51831	>	-10.574
rxn51833	>	-60.441
rxn51834	>	-60.441
rxn51835	>	-60.140
rxn51836	>	-60.140
rxn51837	>	-60.140
rxn51839	>	-60.630
rxn51843	>	-8.891
rxn51844	=	-0.174
rxn51845	<	10.427
rxn51846	=	0.358
rxn51847	=	-1.102
rxn51850	=	-1.789
rxn51851	=	-1.789
rxn51852	=	-1.789
rxn51853	=	-1.789
rxn51854	=	-1.789
rxn51855	=	-1.504
rxn51856	=	-1.504
rxn51857	=	-1.504
rxn51858	=	-1.504
rxn51859	=	-1.504
rxn51860	=	-2.059
rxn51861	=	-2.059
rxn51863	>	-7.320
rxn51866	=	-0.544
rxn51867	=	-1.789
rxn51868	=	-1.789
rxn51869	=	-1.789
rxn51870	=	-1.789
rxn51871	=	-1.789
rxn51872	=	-1.789
rxn51873	=	-1.789
rxn51874	=	-1.789
rxn51875	=	-1.789
rxn51876	=	-1.358
rxn51877	=	-1.358
rxn51879	=	-1.358
rxn51880	=	-1.358
rxn51881	=	-1.358
rxn51882	=	-1.358
rxn51883	<	17.511
rxn51884	<	17.264
rxn51885	<	13.114
rxn51886	<	12.929
rxn51887	<	12.929
rxn51888	<	17.264
rxn51889	<	17.264
rxn51890	<	41.798
rxn51891	<	42.666
rxn51892	<	15.092
rxn51893	<	14.845
rxn51895	=	-0.702
rxn51896	>	-11.359
rxn51897	>	-11.359
rxn51898	>	-11.359
rxn51899	>	-14.026
rxn51900	>	-11.360
rxn51902	=	-5.290
rxn51903	=	-6.011
rxn51906	=	-0.697
rxn51907	=	-0.697
rxn51908	=	-0.697
rxn51909	=	-0.142
rxn51921	=	0.000
rxn51922	=	0.000
rxn51923	=	0.000
rxn51924	=	0.000
rxn51925	=	0.000
rxn51927	=	0.000
rxn51928	>	-11.834
rxn51932	>	-10.289
rxn51933	>	-11.834
rxn51934	>	-11.705
rxn51935	>	-11.705
rxn51938	>	-11.834
rxn51939	>	-12.581
rxn51941	>	-10.574
rxn51942	=	-6.694
rxn51943	>	-9.895
rxn51944	>	-9.895
rxn51949	=	0.000
rxn51954	=	0.000
rxn51961	=	0.000
rxn51972	>	-11.488
rxn51973	>	-11.753
rxn51974	=	0.000
rxn51976	=	-0.555
rxn51977	=	-0.555
rxn51978	=	-0.555
rxn51979	=	-0.555
rxn51980	=	-0.556
rxn51983	>	-71.795
rxn51990	>	-11.342
rxn51991	>	-11.342
rxn51992	>	-11.342
rxn51993	=	-1.789
rxn51997	=	-0.555
rxn51998	=	-0.555
rxn51999	=	-0.555
rxn52000	=	1.766
rxn52001	=	-0.527
rxn52002	=	-0.555
rxn52003	=	-4.130
rxn52004	=	-4.151
rxn52006	>	-67.683
rxn52012	=	0.662
rxn52013	=	-1.146
rxn52014	=	1.251
rxn52018	=	-3.136
rxn52021	=	-4.129
rxn52023	>	-17.631
rxn52024	>	-17.635
rxn52026	>	-60.140
rxn52027	=	2.643
rxn52028	=	2.642
rxn52029	>	-9.896
rxn52030	>	-10.574
rxn52032	>	-10.574
rxn52033	=	-4.641
rxn52034	=	-5.998
rxn52035	=	0.000
rxn52036	=	0.000
rxn52044	=	0.000
rxn52045	=	0.000
rxn52048	=	0.000
rxn52050	>	-9.598
rxn52051	>	-9.598
rxn52052	>	-9.595
rxn52053	=	-6.380
rxn52054	=	6.908
rxn52058	=	0.836
rxn52059	>	-62.885
rxn52060	>	-73.590
rxn52061	>	-73.590
rxn52062	>	-90.760
rxn52064	=	-4.267
rxn52065	=	-4.134
rxn52066	=	-4.130
rxn52067	=	-4.151
rxn52068	=	-4.151
rxn52069	=	-4.129
rxn52070	=	-4.263
rxn52071	=	-4.284
rxn52072	>	-9.896
rxn52073	>	-9.896
rxn52074	>	-9.896
rxn52075	>	-9.896
rxn52076	>	-9.896
rxn52077	=	-0.697
rxn52078	>	-11.358
rxn52079	>	-13.168
rxn52081	>	-11.707
rxn52082	>	-74.100
rxn52083	>	-74.242
rxn52084	>	-77.318
rxn52085	>	-74.240
rxn52086	>	-74.231
rxn52087	=	-4.130
rxn52088	=	-1.149
rxn52089	=	-1.149
rxn52092	>	-12.384
rxn52093	=	-5.997
rxn52104	>	-72.076
rxn52105	>	-72.218
rxn52106	>	-72.216
rxn52107	>	-75.294
rxn52110	>	-72.216
rxn52111	>	-72.216
rxn52114	=	1.090
rxn52116	>	-75.299
rxn52117	>	-75.294
rxn52118	>	-27.005
rxn52119	>	-27.005
rxn52120	>	-72.216
rxn52121	>	-72.237
rxn52122	>	-72.227
rxn52123	>	-72.214
rxn52126	>	-8.546
rxn52127	>	-8.546
rxn52128	>	-10.282
rxn52129	>	-73.590
rxn52130	=	-1.892
rxn52131	=	-1.892
rxn52132	=	-1.892
rxn52133	=	-1.892
rxn52134	=	-1.892
rxn52135	=	-1.892
rxn52136	=	-1.892
rxn52137	=	-1.892
rxn52143	>	-11.091
rxn52144	=	-1.003
rxn52145	=	-5.981
rxn52146	>	-13.945
rxn52148	=	-0.078
rxn52149	=	2.301
rxn52150	=	-0.078
rxn52151	>	-9.648
rxn52154	=	-2.059
rxn52157	=	-5.210
rxn52160	=	3.151
rxn52161	=	3.152
rxn52162	>	-10.282
rxn52163	=	3.153
rxn52164	=	3.153
rxn52165	=	3.153
rxn52166	<	12.482
rxn52167	<	17.225
rxn52168	<	17.264
rxn52169	<	17.264
rxn52170	<	17.264
rxn52171	<	17.264
rxn52172	<	17.271
rxn52173	<	17.275
rxn52174	<	17.264
rxn52175	<	17.264
rxn52178	=	0.000
rxn52179	=	-3.136
rxn52180	=	-3.465
rxn52182	<	12.929
rxn52183	<	12.929
rxn52184	<	12.929
rxn52185	<	12.929
rxn52186	<	12.942
rxn52187	<	12.942
rxn52188	<	12.929
rxn52189	<	12.929
rxn52193	>	-107.614
rxn52194	>	-34.252
rxn52195	>	-65.030
rxn52197	>	-11.120
rxn52198	=	0.471
rxn52200	=	3.152
rxn52202	>	-66.601
rxn52203	>	-66.601
rxn52204	>	-66.601
rxn52209	=	0.000
rxn52210	>	-11.342
rxn52211	>	-11.342
rxn52215	>	-90.157
rxn52216	=	-3.194
rxn52220	>	-61.508
rxn52221	>	-64.557
rxn52233	=	0.834
rxn52234	>	-12.580
rxn52257	>	-9.033
rxn52259	<	13.609
rxn52260	=	-2.925
rxn52261	=	5.040
rxn52262	=	0.174
rxn52263	=	0.174
rxn52287	=	-2.886
rxn52290	>	-12.581
rxn52317	<	18.034
rxn52321	=	-0.196
rxn52323	=	-0.196
rxn52324	>	-7.850
rxn52325	=	-2.886
rxn52326	=	-2.886
rxn52331	<	236.443
rxn52335	=	-0.171
rxn52336	=	0.000
rxn52337	>	-15.423
rxn52338	=	0.000
rxn52370	=	-0.174
rxn52371	=	0.000
rxn52374	<	8.354
rxn52392	=	-3.178
rxn52394	>	-113.348
rxn52400	=	-2.886
rxn52401	=	-2.886
rxn52402	=	-4.078
rxn52403	=	4.772
rxn52404	=	4.772
rxn52405	=	4.772
rxn52406	=	-1.789
rxn52407	>	-11.047
rxn52408	=	-1.789
rxn52412	=	-6.651
rxn52413	=	-2.609
rxn52414	=	-0.835
rxn52418	=	-0.835
rxn52444	=	-1.590
rxn52445	=	-1.622
rxn52446	>	-11.705
rxn52462	=	3.152
rxn52463	=	1.488
rxn52468	>	-10.678
rxn52475	>	-15.292
rxn52477	>	-39.241
rxn52478	>	-8.086
rxn52479	=	4.536
rxn52480	=	4.537
rxn52483	=	-3.935
rxn52484	=	-3.935
rxn52485	=	-5.364
rxn52486	>	-8.855
rxn52492	=	3.900
rxn52494	>	-7.799
rxn52495	<	10.745
rxn52496	<	10.741
rxn52497	=	0.000
rxn52498	=	3.152
rxn52514	>	-60.140
rxn52515	>	-60.140
rxn52516	>	-60.140
rxn52528	=	-2.922
rxn52529	=	-2.927
rxn52530	>	-11.401
rxn52531	>	-9.217
rxn52532	>	-9.217
rxn52537	<	7.246
rxn52538	>	-62.702
rxn52543	=	-6.189
rxn52560	>	-9.416
rxn52561	>	-10.525
rxn52562	>	-10.289
rxn52564	=	0.449
rxn52565	>	-10.287
rxn52583	>	-50.090
rxn52593	>	-11.358
rxn52594	>	-11.358
rxn52615	<	11.934
rxn52619	=	-1.710
rxn52620	>	-9.943
rxn52626	>	-9.896
rxn52627	>	-9.896
rxn52632	=	-5.535
rxn52635	=	-5.535
rxn52637	>	-6.934
rxn52638	=	-0.834
rxn52639	>	-12.581
rxn52649	>	-9.895
rxn52651	>	-43.364
rxn52652	>	-43.364
rxn52657	=	0.000
rxn52659	=	4.605
rxn52661	=	0.000
rxn52662	=	0.000
rxn52663	=	3.152
rxn52664	<	107.093
rxn52674	=	-4.393
rxn52678	=	4.605
rxn52680	>	-15.753
rxn52681	=	0.000
rxn52682	>	-9.251
rxn52686	>	-9.299
rxn52687	>	-37.577
rxn52698	=	4.605
rxn52701	=	4.606
rxn52702	=	4.605
rxn52705	=	4.605
rxn52708	>	-9.971
rxn52709	=	2.531
rxn52725	=	3.152
rxn52729	>	-12.581
rxn52730	>	-76.792
rxn52731	<	17.457
rxn52732	<	10.164
rxn52733	<	10.741
rxn52734	<	10.741
rxn52735	<	10.164
rxn52739	>	-96.888
rxn52740	>	-96.889
rxn52745	>	-12.593
rxn52746	>	-13.202
rxn52747	>	-9.673
rxn52748	>	-17.105
rxn52749	=	-2.266
rxn52756	>	-8.729
rxn52757	>	-8.547
rxn52758	>	-8.638
rxn52760	=	-6.869
rxn52767	>	-7.789
rxn52768	<	45.610
rxn52770	>	-19.980
rxn52774	=	3.152
rxn52779	>	-7.619
rxn52788	>	-12.493
rxn52790	>	-9.145
rxn52791	>	-9.145
rxn52798	>	-68.238
rxn52805	=	-3.298
rxn52806	=	-0.000
rxn52807	=	-0.000
rxn52811	>	-12.581
rxn52819	>	-57.256
rxn52821	>	-48.646
rxn52823	=	-2.439
rxn52824	>	-11.581
rxn52825	>	-72.451
rxn52826	>	-72.449
rxn52829	>	-102.217
rxn52830	>	-102.217
rxn52831	>	-102.223
rxn52832	>	-102.223
rxn52833	>	-89.560
rxn52834	>	-89.559
rxn52835	=	-5.901
rxn52836	=	-5.901
rxn52837	=	-5.901
rxn52842	=	-0.555
rxn52846	=	0.000
rxn52860	=	0.000
rxn52864	>	-15.489
rxn52865	>	-15.615
rxn52867	>	-15.614
rxn52868	>	-15.614
rxn52869	>	-15.614
rxn52870	>	-15.614
rxn52871	>	-14.874
rxn52872	>	-15.610
rxn52873	>	-15.612
rxn52875	>	-12.581
rxn52876	>	-12.581
rxn52877	>	-12.581
rxn52878	>	-12.581
rxn52879	>	-12.581
rxn52880	>	-12.581
rxn52881	>	-12.581
rxn52883	>	-12.581
rxn52884	>	-12.581
rxn52888	=	-6.691
rxn52889	=	-6.691
rxn52890	=	-6.137
rxn52891	=	-6.691
rxn52892	=	-6.691
rxn52893	=	-6.691
rxn52894	=	3.152
rxn52895	=	3.152
rxn52896	>	-10.647
rxn52897	=	0.000
rxn52898	>	-9.968
rxn52900	=	4.605
rxn52901	=	4.604
rxn52903	=	4.604
rxn52904	=	4.604
rxn52905	=	4.600
rxn52906	=	4.605
rxn52907	=	4.605
rxn52908	=	4.605
rxn52912	=	4.605
rxn52913	=	0.000
rxn52914	=	0.001
rxn52915	=	0.000
rxn52922	=	4.695
rxn52924	=	0.000
rxn52925	<	10.426
rxn52926	=	4.605
rxn52927	=	4.605
rxn52928	=	4.605
rxn52929	=	4.605
rxn52935	>	-9.968
rxn52947	>	-12.581
rxn52955	<	6.908
rxn52957	<	127.748
rxn52958	<	124.102
rxn52959	<	6.908
rxn52961	<	124.102
rxn52962	<	124.102
rxn52981	>	-14.324
rxn52982	>	-10.045
rxn52989	<	9.519
rxn52990	<	11.342
rxn52991	<	11.342
rxn52995	<	11.342
rxn52996	<	11.342
rxn53006	=	2.531
rxn53009	=	-4.786
rxn53010	>	-23.120
rxn53012	<	10.940
rxn53013	<	11.342
rxn53016	=	5.536
rxn53017	=	5.536
rxn53018	<	16.955
rxn53019	<	16.955
rxn53021	=	4.605
rxn53022	=	4.605
rxn53023	=	4.605
rxn53024	=	4.605
rxn53025	=	0.000
rxn53031	>	-86.174
rxn53032	>	-86.174
rxn53034	<	42.524
rxn53038	<	10.427
rxn53041	<	42.524
rxn53043	>	-62.103
rxn53044	<	6.908
rxn53045	=	6.907
rxn53046	=	4.605
rxn53047	=	-4.845
rxn53054	=	4.605
rxn53067	>	-51.081
rxn53068	>	-58.541
rxn53083	=	6.908
rxn53084	=	6.908
rxn53085	=	6.908
rxn53086	=	0.000
rxn53094	>	-9.895
rxn53095	=	4.574
rxn53096	=	4.906
rxn53099	=	3.153
rxn53100	=	3.153
rxn53101	=	3.153
rxn53103	>	-58.545
rxn53104	<	124.102
rxn53106	=	4.605
rxn53107	=	4.605
rxn53108	=	4.605
rxn53109	=	4.605
rxn53112	=	-5.902
rxn53113	=	0.001
rxn53114	=	0.001
rxn53115	=	0.001
rxn53116	=	0.000
rxn53119	=	1.911
rxn53120	=	0.000
rxn53122	=	2.043
rxn53123	=	4.772
rxn53124	=	4.606
rxn53125	=	4.605
rxn53126	=	4.605
rxn53127	=	4.605
rxn53128	=	4.605
rxn53129	=	0.000
rxn53131	=	-3.639
rxn53132	=	-5.393
rxn53133	=	-5.568
rxn53134	=	-5.899
rxn53135	=	-5.901
rxn53136	=	-5.902
rxn53137	=	-5.857
rxn53138	=	-6.413
rxn53139	=	-5.882
rxn53140	=	-5.121
rxn53141	=	-6.439
rxn53142	=	-6.429
rxn53143	=	-6.437
rxn53144	>	-75.294
rxn53145	=	4.605
rxn53149	=	4.605
rxn53150	=	5.700
rxn53153	=	-4.230
rxn53154	=	-5.142
rxn53162	=	-3.587
rxn53164	>	-8.441
rxn53165	=	-6.699
rxn53166	>	-78.761
rxn53169	=	-2.472
rxn53170	=	-5.006
rxn53171	>	-7.934
rxn53172	>	-7.959
rxn53182	>	-12.608
rxn53183	>	-11.704
rxn53184	>	-11.437
rxn53185	>	-13.113
rxn53188	=	4.605
rxn53189	>	-67.683
rxn53191	=	3.070
rxn53195	=	-1.853
rxn53196	=	-1.820
rxn53197	=	-1.789
rxn53198	=	-6.243
rxn53199	>	-8.624
rxn53201	=	0.000
rxn53202	=	0.000
rxn53204	>	-68.233
rxn53205	=	-1.789
rxn53206	=	-1.789
rxn53207	=	-1.789
rxn53208	=	-1.789
rxn53209	=	-1.789
rxn53210	=	-1.789
rxn53211	=	-1.789
rxn53212	=	-1.789
rxn53214	<	6.920
rxn53215	=	-2.497
rxn53216	=	-1.789
rxn53217	>	-7.011
rxn53218	>	-7.808
rxn53221	>	-14.342
rxn53225	=	-2.242
rxn53233	<	10.426
rxn53237	=	-1.790
rxn53238	=	-1.789
rxn53239	=	-1.789
rxn53243	<	11.380
rxn53244	>	-11.705
rxn53245	>	-12.384
rxn53246	>	-12.384
rxn53247	>	-11.705
rxn53248	>	-11.705
rxn53249	>	-11.705
rxn53250	>	-11.705
rxn53251	>	-11.705
rxn53252	>	-11.705
rxn53253	>	-11.705
rxn53254	=	-1.789
rxn53255	>	-11.705
rxn53256	>	-11.705
rxn53257	>	-11.706
rxn53259	=	-1.789
rxn53260	=	-1.789
rxn53261	=	-1.789
rxn53268	=	-6.190
rxn53277	=	4.584
rxn53297	=	3.676
rxn53298	=	-3.698
rxn53304	>	-51.259
rxn53305	>	-50.754
rxn53306	>	-51.081
rxn53310	>	-11.342
rxn53311	=	-6.133
rxn53314	>	-10.455
rxn53315	=	-2.666
rxn53316	>	-10.455
rxn53326	>	-17.665
rxn53329	=	-1.302
rxn53330	=	-3.497
rxn53331	=	-0.181
rxn53332	=	-2.665
rxn53336	=	2.522
rxn53343	=	-2.840
rxn53350	=	4.555
rxn53351	>	-9.593
rxn53352	=	-6.646
rxn53353	>	-12.541
rxn53363	>	-10.289
rxn53366	>	-52.749
rxn53367	>	-52.749
rxn53368	=	0.441
rxn53374	>	-10.455
rxn53375	=	-2.666
rxn53383	>	-38.057
rxn53391	=	-2.991
rxn53413	>	-10.455
rxn53418	=	-2.119
rxn53420	=	-2.119
rxn53426	>	-48.917
rxn53427	>	-48.917
rxn53438	>	-69.664
rxn53440	=	-0.983
rxn53462	=	4.103
rxn53464	=	-1.068
rxn53468	<	11.342
rxn53501	=	0.505
rxn53503	=	0.505
rxn53504	=	0.505
rxn53505	=	0.505
rxn53506	=	0.505
rxn53507	=	0.505
rxn53508	=	0.505
rxn53509	=	0.834
rxn53510	=	0.834
rxn53511	>	-8.420
rxn53518	=	0.505
rxn53521	=	0.000
rxn53535	>	-8.656
rxn53553	>	-7.799
rxn53564	=	-0.000
rxn53569	=	-0.000
rxn53570	=	-0.000
rxn53575	=	-0.834
rxn53588	=	-3.016
rxn53652	=	-4.980
rxn53662	<	41.798
rxn53663	<	41.798
rxn53664	<	41.798
rxn53665	<	41.798
rxn53666	<	42.666
rxn53667	<	42.666
rxn53675	>	-73.590
rxn53685	<	41.798
rxn53686	<	41.798
rxn53688	<	41.798
rxn53689	<	41.798
rxn53690	<	41.798
rxn53691	>	-9.895
rxn53692	>	-10.289
rxn53693	>	-9.895
rxn53694	>	-9.895
rxn53695	>	-9.895
rxn53696	>	-14.775
rxn53697	=	2.886
rxn53704	>	-11.705
rxn53710	>	-11.705
rxn53732	>	-60.260
rxn53739	>	-60.630
rxn53744	=	1.088
rxn53771	>	-65.639
rxn53772	>	-65.639
rxn53773	>	-65.639
rxn53774	>	-65.639
rxn53775	>	-65.639
rxn53776	>	-65.639
rxn53788	=	3.556
rxn53795	=	-1.789
rxn53807	>	-65.217
rxn53808	>	-52.749
rxn53815	>	-12.641
rxn53818	>	-12.641
rxn53820	=	-5.950
rxn53854	=	-4.641
rxn53855	=	-4.641
rxn53856	=	-4.640
rxn53857	=	-4.641
rxn53866	=	-0.697
rxn53867	=	-0.697
rxn53868	=	-0.697
rxn53875	=	-5.142
rxn53876	=	-5.142
rxn53877	=	0.000
rxn53878	=	0.000
rxn53879	>	-28.108
rxn53923	=	0.000
rxn53927	=	0.000
rxn53928	=	0.000
rxn53933	=	-4.334
rxn53944	=	3.455
rxn53945	>	-28.946
rxn53994	=	3.556
rxn53999	=	-1.136
rxn54000	=	-2.487
rxn54003	=	-3.026
rxn54018	<	8.962
rxn54090	=	-0.702
rxn54091	=	0.000
rxn54093	>	-10.291
rxn54094	>	-10.289
rxn54095	>	-11.705
rxn54096	>	-10.574
rxn54097	>	-12.384
rxn54098	>	-9.895
rxn54099	>	-9.895
rxn54110	=	-5.998
rxn54114	>	-8.565
rxn54126	<	8.147
rxn54132	>	-90.282
rxn54133	>	-9.895
rxn54134	>	-8.479
rxn54147	>	-35.602
rxn54176	=	-0.834
rxn54182	=	-0.834
rxn54190	=	4.231
rxn54221	=	-1.350
rxn54222	=	0.007
rxn54223	=	-1.352
rxn54224	=	0.007
rxn54227	>	-61.796
rxn54228	=	-1.350
rxn54229	=	0.007
rxn54231	=	-1.350
rxn54275	=	-6.577
rxn54278	<	10.862
rxn54279	<	10.862
rxn54283	=	3.151
rxn54294	=	0.480
rxn54297	>	-8.152
rxn54298	=	-1.152
rxn54317	=	-0.013
rxn54344	>	-12.581
rxn54353	>	-11.164
rxn54355	>	-13.507
rxn54356	>	-14.223
rxn54357	>	-16.229
rxn54359	>	-66.726
rxn54366	>	-9.033
rxn54378	>	-44.827
rxn54379	>	-29.953
rxn54383	=	-2.644
rxn54384	=	-2.644
rxn54385	=	-2.644
rxn54386	=	-3.084
rxn54387	=	-3.084
rxn54388	=	-3.084
rxn54389	=	-3.084
rxn54390	=	-3.084
rxn54397	>	-11.359
rxn54400	>	-74.078
rxn54419	>	-12.581
rxn54445	=	1.851
rxn54457	=	3.556
rxn54458	=	3.556
rxn54461	=	3.556
rxn54464	=	3.556
rxn54467	=	3.556
rxn54472	=	-6.712
rxn54479	>	-7.199
rxn54480	>	-48.280
rxn54481	>	-47.370
rxn54482	>	-47.086
rxn54548	=	3.557
rxn54555	>	-37.398
rxn54561	=	3.556
rxn54562	=	3.556
rxn54582	>	-35.000
rxn54583	>	-34.672
rxn54584	>	-34.281
rxn54586	>	-34.999
rxn54588	>	-34.999
rxn54589	>	-37.206
rxn54590	>	-35.000
rxn54591	>	-34.891
rxn54599	>	-9.221
rxn54600	>	-10.566
rxn54601	=	4.884
rxn54602	>	-8.085
rxn54619	=	3.932
rxn54628	>	-8.509
rxn54636	=	0.570
rxn54637	=	-5.618
rxn54638	=	-5.598
rxn54639	=	-3.721
rxn54643	>	-9.718
rxn54644	>	-31.926
rxn54659	=	-0.008
rxn54660	=	0.001
rxn54664	=	3.556
rxn54665	=	3.556
rxn54680	=	-1.446
rxn54681	>	-7.522
rxn54726	=	5.162
rxn54729	>	-24.699
rxn54730	>	-24.215
rxn54734	=	-2.704
rxn54735	>	-19.893
rxn54739	=	4.682
rxn54751	>	-65.034
rxn54760	=	3.571
rxn54761	>	-12.640
rxn54766	=	-1.023
rxn54770	>	-8.698
rxn54771	>	-13.721
rxn54773	=	-0.764
rxn54776	>	-108.642
rxn54783	>	-50.263
rxn54799	<	36.743
rxn54801	>	-60.189
rxn54804	>	-12.581
rxn54810	>	-12.581
rxn54815	>	-12.581
rxn54832	=	3.846
rxn54875	<	66.910
rxn54887	=	-5.928
rxn54892	=	-2.937
rxn54901	>	-16.200
rxn54905	>	-50.754
rxn54910	>	-8.891
rxn54913	>	-13.438
rxn54917	=	3.556
rxn54921	>	-8.891
rxn54929	=	3.095
rxn54930	<	9.288
rxn54932	=	3.095
rxn54933	<	9.288
rxn54934	=	-6.193
rxn54935	=	-6.193
rxn54936	>	-15.448
rxn54971	=	3.556
rxn54972	>	-18.203
rxn54995	<	22.150
rxn54998	=	1.082
rxn55009	<	44.716
rxn55010	>	-19.297
rxn55011	>	-20.295
rxn55012	>	-17.977
rxn55013	>	-21.005
rxn55014	>	-20.041
rxn55015	>	-19.525
rxn55016	>	-19.646
rxn55017	>	-20.338
rxn55018	>	-17.204
rxn55020	=	-1.367
rxn55021	=	3.221
rxn55032	>	-12.581
rxn55033	>	-17.558
rxn55034	>	-12.581
rxn55035	>	-12.581
rxn55036	>	-12.581
rxn55037	>	-12.581
rxn55038	>	-12.581
rxn55039	>	-12.581
rxn55040	>	-12.581
rxn55041	>	-12.581
rxn55042	>	-12.581
rxn55043	>	-12.581
rxn55053	=	-3.698
rxn55069	<	36.726
rxn55094	=	6.114
rxn55096	=	0.818
rxn55097	>	-8.565
rxn55125	=	-0.639
rxn55140	=	4.605
rxn55145	=	-3.084
rxn55151	>	-12.581
rxn55152	>	-12.581
rxn55153	>	-12.581
rxn55154	>	-12.581
rxn55155	>	-12.581
rxn55156	>	-12.581
rxn55157	>	-12.581
rxn55176	>	-8.085
rxn55178	>	-8.085
rxn55181	>	-8.686
rxn55194	>	-8.662
rxn55195	>	-12.384
rxn55198	=	-3.942
rxn55202	=	1.572
rxn55203	=	0.677
rxn55204	=	-0.692
rxn55205	=	1.012
rxn55222	>	-8.891
rxn55247	>	-746.164
rxn55252	>	-98.321
rxn55257	>	-8.637
rxn55282	>	-8.483
rxn55285	>	-7.317
rxn55290	>	-11.434
rxn55301	>	-14.261
rxn55326	=	-0.000
rxn55330	>	-55.776
rxn55339	=	-3.299
rxn55344	=	-3.298
rxn55355	=	-3.946
rxn55357	=	-3.298
rxn55358	=	-3.299
rxn55364	>	-8.574
rxn55367	=	-3.298
rxn55368	=	4.164
rxn55371	>	-8.965
rxn55372	>	-8.286
rxn55380	=	-6.870
rxn55383	>	-8.286
rxn55386	>	-7.135
rxn55389	<	13.322
rxn55390	>	-14.938
rxn55391	>	-10.865
rxn55402	=	-1.149
rxn55406	=	-3.718
rxn55416	=	-5.307
rxn55419	>	-81.867
rxn55420	>	-81.425
rxn55436	>	-12.390
rxn55441	=	-2.939
rxn55442	=	0.000
rxn55443	=	0.000
rxn55451	>	-12.581
rxn55472	=	3.152
rxn55473	=	3.153
rxn55475	>	-11.738
rxn55476	>	-9.332
rxn55478	=	-3.106
rxn55481	<	76.343
rxn55485	<	85.192
rxn55486	=	-4.076
rxn55509	=	1.358
rxn55528	=	1.358
rxn55529	=	1.358
rxn55530	=	1.358
rxn55532	=	0.000
rxn55535	=	0.000
rxn55540	=	-0.140
rxn55554	>	-92.166
rxn55556	>	-12.102
rxn55557	<	13.816
rxn55560	>	-12.581
rxn55562	=	-6.380
rxn55565	>	-12.581
rxn55571	>	-12.581
rxn55580	>	-11.712
rxn55581	=	-6.367
rxn55582	=	-5.812
rxn55589	=	-6.380
rxn55605	=	-4.904
rxn55619	=	0.748
rxn55621	=	0.000
rxn55633	=	-3.850
rxn55641	=	-5.901
rxn55645	=	0.467
rxn55646	>	-105.280
rxn55648	=	0.462
rxn55654	=	-6.213
rxn55657	=	-0.196
rxn55658	=	-0.196
rxn55704	=	3.556
rxn55715	=	3.152
rxn55727	=	-0.383
rxn55737	=	3.152
rxn55743	=	-2.224
rxn55744	=	2.685
rxn55749	>	-8.286
rxn55761	>	-21.112
rxn55764	>	-13.914
rxn55794	=	-2.004
rxn55799	>	-68.805
rxn55808	>	-66.326
rxn55809	>	-95.089
rxn55810	>	-76.906
rxn55813	>	-13.953
rxn55814	>	-12.640
rxn55815	>	-12.640
rxn55816	>	-16.998
rxn55817	>	-17.793
rxn55819	>	-12.640
rxn55831	>	-10.862
rxn55845	=	-3.026
rxn55854	>	-22.612
rxn55856	=	-0.627
rxn55864	=	-1.966
rxn55865	=	-1.910
rxn55866	=	-2.004
rxn55867	=	-0.785
rxn55868	=	-0.785
rxn55870	=	-2.004
rxn55871	=	-1.128
rxn55884	=	-2.059
rxn55892	>	-24.388
rxn55897	>	-13.752
rxn55903	=	-6.367
rxn55904	=	-6.367
rxn55934	>	-39.011
rxn55936	>	-39.241
rxn55937	>	-39.241
rxn55938	>	-59.733
rxn55957	>	-13.438
rxn55971	>	-24.434
rxn55972	>	-26.112
rxn55973	>	-26.158
rxn55974	=	-3.308
rxn55975	>	-24.466
rxn55976	=	-1.615
rxn55977	>	-24.420
rxn55978	=	-1.605
rxn55982	=	0.000
rxn55986	>	-12.581
rxn55987	>	-12.581
rxn55988	>	-12.581
rxn55990	=	4.605
rxn55993	<	8.103
rxn55999	<	16.553
rxn56003	=	-1.235
rxn56004	>	-12.581
rxn56006	>	-22.169
rxn56007	=	0.645
rxn56008	>	-16.478
rxn56009	=	6.337
rxn56010	>	-22.801
rxn56011	=	0.014
rxn56012	>	-24.453
rxn56013	=	-1.638
rxn56014	>	-22.650
rxn56015	=	0.165
rxn56016	>	-24.960
rxn56017	=	-2.145
rxn56018	>	-24.373
rxn56019	=	-1.558
rxn56020	>	-24.464
rxn56021	=	-1.649
rxn56022	=	-1.218
rxn56023	=	2.294
rxn56024	=	-0.014
rxn56025	=	0.120
rxn56026	=	-0.332
rxn56027	=	2.203
rxn56028	>	-12.581
rxn56029	=	-5.145
rxn56030	=	-5.101
rxn56031	=	-5.150
rxn56032	=	-5.213
rxn56036	=	-6.331
rxn56040	>	-12.581
rxn56041	>	-12.581
rxn56042	>	-12.581
rxn56043	>	-12.581
rxn56044	=	-5.223
rxn56045	>	-14.767
rxn56063	>	-12.581
rxn56075	>	-12.581
rxn56077	>	-9.921
rxn56078	>	-12.581
rxn56079	>	-12.581
rxn56080	>	-12.581
rxn56081	>	-12.581
rxn56082	>	-12.581
rxn56083	>	-12.581
rxn56084	>	-12.581
rxn56085	>	-12.581
rxn56086	>	-12.581
rxn56087	>	-12.581
rxn56088	>	-12.581
rxn56121	>	-66.464
rxn56135	>	-8.283
rxn56136	>	-12.581
rxn56137	>	-12.581
rxn56141	>	-12.581
rxn56150	=	-1.504
rxn56153	>	-12.581
rxn56154	>	-12.581
rxn56155	>	-12.581
rxn56156	>	-12.581
rxn56157	>	-12.581
rxn56159	>	-12.581
rxn56160	>	-12.581
rxn56161	>	-12.581
rxn56162	>	-12.581
rxn56163	>	-12.581
rxn56164	>	-12.581
rxn56175	>	-12.581
rxn56182	>	-21.862
rxn56183	>	-24.594
rxn56184	>	-26.121
rxn56199	=	-1.315
rxn56212	>	-12.640
rxn56213	=	-1.789
rxn56234	>	-12.581
rxn56235	>	-12.581
rxn56236	>	-12.581
rxn56237	>	-12.581
rxn56249	>	-60.039
rxn56252	>	-11.705
rxn56261	>	-7.141
rxn56262	>	-7.152
rxn56263	>	-7.049
rxn56271	>	-7.588
rxn56273	>	-8.173
rxn56291	>	-8.891
rxn56297	>	-9.166
rxn56298	=	-6.359
rxn56301	=	-3.440
rxn56314	=	0.000
rxn56315	=	-0.000
rxn56319	=	0.000
rxn56327	=	-0.000
rxn56330	=	0.000
rxn56351	=	0.000
rxn56366	>	-19.686
rxn56367	>	-13.381
rxn56371	=	0.000
rxn56372	=	0.000
rxn56373	=	0.000
rxn56374	>	-12.581
rxn56375	>	-12.581
rxn56376	>	-11.334
rxn56377	>	-12.581
rxn56378	>	-12.581
rxn56386	=	0.000
rxn56390	=	-0.000
rxn56395	=	-0.000
rxn56396	=	0.000
rxn56408	=	0.000
rxn56411	=	-1.789
rxn56418	>	-58.218
rxn56428	>	-12.581
rxn56470	=	-3.153
rxn56472	=	-3.149
rxn56473	=	-3.153
rxn56498	>	-12.228
rxn56508	>	-9.409
rxn56517	=	-1.334
rxn56518	=	-2.174
rxn56527	>	-74.888
rxn56532	>	-59.336
rxn56533	>	-47.916
rxn56538	>	-13.377
rxn56539	>	-13.377
rxn56543	>	-47.237
rxn56544	>	-47.237
rxn56545	>	-47.916
rxn56546	>	-19.432
rxn56547	>	-13.377
rxn56554	>	-12.581
rxn56555	>	-12.581
rxn56557	>	-12.581
rxn56560	=	0.848
rxn56566	>	-113.722
rxn56567	>	-47.237
rxn56568	>	-119.124
rxn56569	=	0.834
rxn56587	=	0.834
rxn56595	>	-73.352
rxn56596	>	-57.407
rxn56597	>	-64.106
rxn56598	>	-63.182
rxn56599	>	-59.336
rxn56600	>	-13.665
rxn56601	>	-7.991
rxn56602	>	-8.085
rxn56603	>	-8.530
rxn56604	=	-5.504
rxn56605	>	-47.237
rxn56606	>	-47.916
rxn56611	>	-47.916
rxn56613	>	-13.377
rxn56615	=	-1.119
rxn56617	=	-1.933
rxn56618	=	-2.562
rxn56621	=	-2.253
rxn56622	=	-1.871
rxn56624	=	-1.869
rxn56625	=	-0.610
rxn56626	=	-1.204
rxn56627	=	-1.870
rxn56628	=	-1.870
rxn56629	=	-1.870
rxn56630	=	-1.640
rxn56631	=	-1.870
rxn56632	=	-1.980
rxn56633	>	-22.956
rxn56634	>	-22.956
rxn56639	=	1.358
rxn56641	=	-0.001
rxn56645	=	0.834
rxn56648	=	0.834
rxn56650	=	0.834
rxn56658	>	-8.891
rxn56659	>	-22.289
rxn56660	=	0.526
rxn56661	>	-20.951
rxn56662	=	1.864
rxn56663	=	-1.868
rxn56664	=	-1.649
rxn56665	=	-1.740
rxn56666	>	-9.634
rxn56667	=	-1.659
rxn56670	>	-17.600
rxn56699	=	-0.835
rxn56700	>	-22.956
rxn56702	>	-22.699
rxn56704	>	-12.772
rxn56708	=	2.531
rxn56710	<	16.553
rxn56711	>	-11.018
rxn56721	>	-21.748
rxn56722	>	-22.553
rxn56726	>	-34.662
rxn56729	>	-24.360
rxn56730	=	-5.711
rxn56731	=	0.226
rxn56735	>	-8.233
rxn56737	=	2.356
rxn56738	=	-4.989
rxn56739	=	-2.370
rxn56741	=	-1.770
rxn56742	=	-0.454
rxn56743	=	-0.570
rxn56744	=	-1.720
rxn56745	=	-1.849
rxn56754	=	2.806
rxn56757	=	2.531
rxn56759	>	-41.620
rxn56760	=	3.419
rxn56762	=	2.421
rxn56764	=	3.416
rxn56765	=	3.438
rxn56767	=	-5.174
rxn56768	=	-5.174
rxn56769	=	-5.175
rxn56770	=	-5.175
rxn56778	=	0.290
rxn56788	<	235.352
rxn56789	>	-238.035
rxn56792	>	-107.277
rxn56830	=	2.886
rxn56842	>	-24.244
rxn56843	=	-1.429
rxn56882	=	-2.219
rxn56889	=	1.308
rxn56890	=	1.308
rxn56892	=	6.823
rxn56893	=	1.847
rxn56894	=	1.851
rxn56895	=	1.851
rxn56896	=	1.851
rxn56899	=	1.744
rxn56900	=	1.808
rxn56916	>	-12.508
rxn56928	=	-1.519
rxn56935	>	-14.077
rxn56936	>	-13.459
rxn56939	=	0.909
rxn56951	=	-2.059
rxn56954	=	-1.504
rxn56957	>	-58.545
rxn56960	=	0.904
rxn56961	=	-2.100
rxn56974	=	0.908
rxn57007	>	-10.690
rxn57009	=	-3.821
rxn57032	=	-4.331
rxn57041	>	-50.163
rxn57045	>	-155.814
rxn57057	=	-4.333
rxn57065	=	-0.779
rxn57095	>	-8.891
rxn57112	>	-11.316
rxn57116	=	1.619
rxn57125	<	10.741
rxn57130	=	-1.312
rxn57147	=	-3.354
rxn57158	>	-8.238
rxn57180	=	-0.302
rxn57192	=	-1.789
rxn57199	>	-85.090
rxn57207	>	-73.899
rxn57219	=	0.000
rxn57220	=	-0.625
rxn57226	=	3.510
rxn57274	>	-7.082
rxn57282	>	-8.383
rxn57291	>	-12.003
rxn57292	>	-86.174
rxn57293	>	-17.807
rxn57296	=	4.260
rxn57297	=	2.975
rxn57322	=	4.390
rxn57323	=	-6.893
rxn57325	=	2.840
rxn57327	>	-9.361
rxn57328	<	9.417
rxn57371	>	-12.476
rxn57467	>	-10.568
rxn57491	>	-65.639
rxn57507	<	64.447
rxn57518	=	1.106
rxn57564	=	3.152
rxn57608	>	-16.838
rxn57628	=	-3.464
rxn57704	=	0.475
rxn57708	=	-0.196
rxn57729	>	-14.141
rxn57773	=	3.556
rxn57776	>	-109.817
rxn57783	<	64.447
rxn57791	=	4.103
rxn57859	<	8.466
rxn57873	=	-0.828
rxn57875	>	-60.918
rxn57931	=	-2.299
rxn57938	>	-17.568
rxn57966	>	-49.578
rxn58006	=	-2.408
rxn58008	=	-3.189
rxn58025	>	-67.180
rxn58030	>	-15.449
rxn58081	>	-67.180
rxn58139	=	-6.691
rxn58151	>	-60.474
rxn58158	>	-61.606
rxn58223	=	-0.196
rxn58247	=	-5.234
rxn58251	=	4.587
rxn58265	>	-12.581
rxn58269	>	-12.581
rxn58287	=	2.886
rxn58344	>	-15.885
rxn58364	=	-4.815
rxn58372	>	-12.342
rxn58377	>	-62.288
rxn58379	>	-68.230
rxn58393	=	-1.757
rxn58398	<	6.920
rxn58404	>	-17.716
rxn58429	=	0.051
rxn58430	>	-14.680
rxn58435	>	-182.823
rxn58440	>	-22.023
rxn58453	>	-12.581
rxn58456	=	0.377
rxn58486	=	-5.096
rxn58495	>	-6.920
rxn58501	=	-4.483
rxn58527	>	-45.715
rxn58552	>	-12.581
rxn58554	>	-14.699
rxn58560	=	-5.599
rxn58595	>	-12.581
rxn58596	>	-27.022
rxn58639	=	-3.721
rxn58650	>	-11.688
rxn58655	=	-0.050
rxn58660	=	3.152
rxn58675	=	-4.815
rxn58710	>	-13.794
rxn58717	>	-14.855
rxn58720	>	-12.581
rxn58732	>	-12.581
rxn58756	>	-35.205
rxn58760	>	-23.570
rxn58761	<	10.685
rxn58766	<	9.978
rxn58771	>	-62.288
rxn58787	<	11.195
rxn58813	=	3.565
rxn58815	=	6.699
rxn58827	=	1.694
rxn58829	=	0.534
rxn58832	=	4.520
rxn58853	>	-22.988
rxn58857	=	6.813
rxn58861	=	-0.030
rxn58870	=	-0.248
rxn58872	=	-5.241
rxn58897	=	3.516
rxn58906	=	-5.089
rxn58910	=	-2.470
rxn58913	<	77.769
rxn58916	>	-85.083
rxn58929	>	-16.069
rxn58932	=	-3.181
rxn58982	>	-15.171
rxn58985	=	2.972
rxn58990	>	-11.315
rxn58992	=	0.904
rxn59004	=	3.228
rxn59006	>	-92.402
rxn59025	=	-4.640
rxn59060	>	-85.086
rxn59075	=	2.575
rxn59089	=	3.487
rxn59114	=	-0.927
rxn59126	=	-2.890
rxn59127	>	-8.708
rxn59145	<	26.394
rxn59148	<	13.355
rxn59149	<	17.594
rxn59152	>	-32.713
rxn59153	<	14.857
rxn59156	>	-64.033
rxn59157	<	26.210
rxn59158	=	5.188
rxn59159	<	11.599
rxn59162	<	8.571
rxn59165	>	-17.095
rxn59167	<	10.226
rxn59168	=	4.431
rxn59169	>	-36.692
rxn59170	<	8.541
rxn59172	=	5.057
rxn59177	<	8.789
rxn59179	<	23.461
rxn59180	<	8.021
rxn59181	<	16.264
rxn59182	=	-0.225
rxn59183	<	24.617
rxn59185	>	-13.234
rxn59187	<	9.949
rxn59188	>	-9.228
rxn59190	>	-13.234
rxn59191	<	13.356
rxn59192	>	-20.324
rxn59193	>	-18.889
rxn59197	>	-34.953
rxn59199	<	10.406
rxn59200	<	26.839
rxn59201	<	11.599
rxn59202	>	-48.623
rxn59207	>	-18.181
rxn59209	=	-0.225
rxn59210	<	8.007
rxn59213	>	-47.716
rxn59215	=	1.621
rxn59216	<	13.356
rxn59219	<	26.839
rxn59220	>	-18.181
rxn59221	>	-14.447
rxn59222	>	-14.447
rxn59224	>	-12.753
rxn59225	<	16.034
rxn59227	<	36.780
rxn59229	>	-48.623
rxn59231	<	23.239
rxn59232	<	26.231
rxn59234	<	11.206
rxn59235	<	23.595
rxn59236	=	1.621
rxn59237	<	9.192
rxn59239	<	8.541
rxn59240	<	10.203
rxn59244	<	8.434
rxn59245	=	4.377
rxn59246	<	23.595
rxn59247	<	13.355
rxn59262	=	-3.698
rxn59267	>	-12.581
rxn59276	>	-12.581
rxn59279	>	-12.581
rxn59312	>	-12.581
rxn59317	>	-65.639
rxn59326	>	-12.581
rxn59350	>	-12.581
rxn59382	=	-0.661
rxn59407	=	1.314
rxn59421	=	0.000
rxn59443	>	-17.740
rxn59463	>	-57.430
rxn59474	>	-7.432
rxn59475	<	8.289
rxn59479	=	2.362
rxn59480	>	-50.754
rxn59483	>	-43.311
rxn59490	>	-21.641
rxn59500	=	-0.834
rxn59503	=	-2.004
rxn59506	=	0.952
rxn59508	>	-8.955
rxn59512	=	-1.082
rxn59525	=	-4.187
rxn59533	=	-1.927
rxn59543	>	-10.422
rxn59585	>	-8.243
rxn59599	>	-8.727
rxn59628	>	-74.741
rxn59640	=	0.682
rxn59647	<	10.426
rxn59654	>	-20.089
rxn59657	>	-8.085
rxn59674	=	0.658
rxn59682	>	-68.228
rxn59696	>	-8.465
rxn59705	=	-2.990
rxn59726	>	-9.350
rxn59731	>	-28.108
rxn59769	>	-17.748
rxn59783	=	-5.530
rxn59785	>	-11.635
rxn59786	=	-3.722
rxn59790	>	-16.554
rxn59795	<	12.503
rxn59805	=	3.153
rxn59818	>	-8.431
rxn59828	=	-2.953
rxn59833	>	-22.402
rxn59856	>	-8.530
rxn59863	=	-0.091
rxn59866	>	-8.656
rxn59878	=	1.078
rxn59879	>	-11.597
rxn59886	>	-9.699
rxn59895	=	-4.082
rxn59896	=	2.886
rxn59897	>	-85.086
rxn59919	>	-11.316
rxn59927	=	0.000
rxn59933	=	-0.191
rxn59936	=	-0.196
rxn59941	=	4.605
rxn59967	=	6.906
rxn59973	>	-84.739
rxn59987	=	0.634
rxn59989	>	-8.759
rxn60006	>	-9.895
rxn60007	>	-8.675
rxn60024	=	-0.834
rxn60046	=	0.091
rxn60055	=	-0.834
rxn60061	>	-11.315
rxn60070	=	-0.471
rxn60076	<	10.685
rxn60087	=	1.977
rxn60107	>	-16.380
rxn60112	=	2.197
rxn60120	>	-60.139
rxn60131	=	0.302
rxn60152	=	-0.684
rxn60181	=	1.078
rxn60184	=	-5.472
rxn60203	=	-0.835
rxn60210	>	-10.212
rxn60212	>	-12.640
rxn60217	=	-0.622
rxn60223	>	-86.174
rxn60224	=	-3.719
rxn60228	=	4.027
rxn60235	>	-15.426
rxn60236	>	-28.777
rxn60239	>	-17.810
rxn60243	>	-42.063
rxn60253	>	-22.957
rxn60257	>	-36.980
rxn60258	>	-14.583
rxn60263	=	-0.260
rxn60264	=	3.556
rxn60267	=	-2.004
rxn60269	=	2.840
rxn60270	<	10.685
rxn60291	>	-7.303
rxn60309	>	-17.450
rxn60319	=	0.001
rxn60321	=	-4.605
rxn60335	=	-1.532
rxn60365	>	-11.826
rxn60368	=	3.153
rxn60386	=	-3.978
rxn60388	=	-1.789
rxn60393	=	-0.840
rxn60395	>	-19.380
rxn60405	<	10.680
rxn60406	<	8.213
rxn60418	<	156.703
rxn60460	<	9.968
rxn60467	=	-3.828
rxn60474	>	-8.662
rxn60490	=	1.312
rxn60501	>	-17.805
rxn60510	<	11.342
rxn60532	>	-10.102
rxn60546	=	1.728
rxn60550	=	-3.722
rxn60553	>	-17.127
rxn60558	>	-11.017
rxn60584	>	-10.245
rxn60598	>	-68.240
rxn60607	=	3.152
rxn60659	>	-13.438
rxn60663	>	-10.767
rxn60683	>	-11.315
rxn60700	>	-9.324
rxn60707	=	-5.618
rxn60716	>	-16.380
rxn60718	=	0.000
rxn60795	>	-12.581
rxn60796	>	-12.581
rxn60799	>	-12.581
