compound	name	formula	charge	n_reactions	offset	abs_offset	mass	eq_uncertainty	heavy_atoms	n_rings	n_arom_atoms	n_conj_bonds	frac_conj	n_stereo	n_rotatable	logp	n_distinct_r1_frags	frag_failures
cpd01858	Ampelopsin	C15H12O8	0	5	-162.3400	162.3400	320.0000	3.6542	23	3	12	20	0.8000	2	1	0.8919	12	0
cpd00755	Hydroxymethylbilane	C40H38N4O17	-8	5	130.1460	130.1460	846.0000	4.5409	61	4	20	36	0.5625	0	27	-8.8367	12	0
cpd03503	Resivit	C15H14O7	0	6	-129.8770	129.8770	306.0000	3.1538	22	3	12	17	0.7083	3	1	1.0370	11	0
cpd03344	Eriodictyol	C15H12O6	0	7	-121.6910	121.6910	288.0000	3.1693	21	3	12	19	0.8261	1	1	2.2155	11	0
cpd01135	Taxifolin	C15H12O7	0	9	-121.4380	121.4380	304.0000	3.1729	22	3	12	19	0.7917	2	1	1.1863	12	0
cpd31927	3,5-dihydroxy-1,4-naphthoquinol	C10H8O4	0	5	-105.1870	105.1870	192.1710	2.6865	14	2	10	15	1.0000	0	0	1.6622	4	0
cpd00813	Pyrogallol	C6H6O3	0	5	-80.2580	80.2580	126.0000	1.5253	9	1	6	9	1.0000	0	0	0.8034	3	0
cpd01020	Gallate	C7H5O5	-1	7	-78.0590	78.0590	169.0000	1.5080	12	1	6	12	1.0000	0	1	-0.8331	7	0
cpd00398	Naringenin	C15H12O5	0	8	-77.8600	77.8600	272.0000	2.7051	20	3	12	18	0.8182	1	1	2.5099	11	0
cpd00717	Aromadendrin	C15H12O6	0	7	-77.6860	77.6860	288.0000	2.7116	21	3	12	18	0.7826	2	1	1.4807	12	0
cpd01822	Hydroxyquinol	C6H6O3	0	12	-73.1990	73.1990	126.0000	1.5253	9	1	6	9	1.0000	0	0	0.8034	3	0
cpd00675	LTA4	C20H29O3	-1	6	72.2950	72.2950	317.0000	2.0705	23	1	0	7	0.3043	2	13	3.8692	14	6
cpd03851	Eicosapentaenoic acid	C20H29O2	-1	5	70.1640	70.1640	301.0000	1.9987	22	0	0	2	0.0952	0	13	4.6580	6	0
cpd01273	Rosmarinate	C18H15O8	-1	5	-62.6910	62.6910	359.0000	2.2133	26	2	12	23	0.8519	1	6	0.4266	14	0
cpd01519	Arachidonyl-CoA	C41H62N7O17P3S	-4	20	55.8320	55.8320	1050.0000	3.1765	69	3	9	15	0.2113	7	33	2.2824	32	0
cpd00188	Arachidonate	C20H31O2	-1	34	52.2150	52.2150	303.0000	1.7142	22	0	0	2	0.0952	0	14	4.8820	6	0
cpd40677	2-(5Z,8Z,11Z,14Z)-eicosatetraenoyl-sn-glycero-3-phosphocholine	C28H50NO7P	0	6	49.4770	49.4770	10000000.0000	29275.3812	37	0	0	2	0.0556	2	23	5.2440	16	0
cpd07322	5-O-Caffeoylshikimic acid	C16H15O8	-1	8	-49.1540	49.1540	335.0000	2.2019	24	2	6	17	0.6800	3	4	-1.1754	16	0
cpd00077	Catechol	C6H6O2	0	21	-49.1130	49.1130	110.0000	1.0750	8	1	6	8	1.0000	0	0	1.0978	3	0
cpd03217	Lycopene	C40H56	0	13	48.3150	48.3150	536.0000	5.4866	40	0	0	21	0.5385	0	16	12.9380	26	22
cpd00003	NAD	C21H26N7O14P2	-1	1799	46.2370	46.2370	662.0000	1.5999	44	5	15	20	0.4167	10	11	-4.2799	27	0
cpd40346	1-hexadecanoyl-2-(5Z,8Z,11Z,14Z-eicosatetraenoyl)-sn-glycero-3-phosphoethanolamine	C41H74NO8P	0	5	46.0350	46.0350	10000000.0000	16903.7089	51	0	0	4	0.0800	2	37	9.8119	14	0
cpd25913	ubiquinol(7)	C44H68O4	0	11	-45.9380	45.9380	660.0000	4.8706	48	1	6	10	0.2083	0	22	13.2911	13	0
cpd25792	coenzyme-Q7	C44H66O4	0	11	45.9380	45.9380	658.0000	4.9147	48	1	0	10	0.2083	0	22	12.6744	12	0
cpd01351	Ubiquinone-9	C54H82O4	0	44	45.9360	45.9360	794.0000	5.9787	58	1	0	10	0.1724	0	28	16.1274	12	0
cpd25914	ubiquinol(9)	C54H84O4	0	44	-45.9360	45.9360	796.0000	5.9451	58	1	6	10	0.1724	0	28	16.7441	13	0
cpd08232	Ubidecarenone	C59H90O4	0	44	45.9360	45.9360	862.0000	6.5253	63	1	0	10	0.1587	0	31	17.8539	12	0
cpd25915	ubiquinol(10)	C59H92O4	0	44	-45.9360	45.9360	864.0000	6.4957	63	1	6	10	0.1587	0	31	18.4706	13	0
cpd15560	Ubiquinone-8	C49H74O4	0	55	45.9270	45.9270	726.0000	5.4409	53	1	0	10	0.1887	0	25	14.4009	12	0
cpd15561	Ubiquinol-8	C49H76O4	0	55	-45.9270	45.9270	728.0000	5.4025	53	1	6	10	0.1887	0	25	15.0176	13	0
cpd15290	Ubiquinone-6	C39H58O4	0	7	45.9250	45.9250	590.0000	4.4042	43	1	0	10	0.2326	0	19	10.9479	12	0
cpd15291	Ubiquinol-6	C39H60O4	0	7	-45.9250	45.9250	592.0000	4.3532	43	1	6	10	0.2326	0	19	11.5646	13	0
cpd00873	Nicotinate ribonucleotide	C11H12NO9P	-2	14	45.5660	45.5660	334.0000	0.9379	22	2	6	9	0.3913	4	5	-4.1979	18	0
cpd00291	L-Dopa	C9H11NO4	0	13	-45.1020	45.1020	197.0000	1.0277	14	1	6	10	0.7143	1	3	-1.9993	10	0
cpd11179	Decylubiquinol	C19H32O4	0	5	-44.9560	44.9560	324.0000	2.3540	23	1	6	10	0.4348	0	11	5.1066	9	0
cpd11178	Decylubiquinone	C19H30O4	0	5	44.9560	44.9560	322.0000	2.4553	23	1	0	10	0.4348	0	11	4.4899	8	0
cpd00854	Homoprotocatechuate	C8H7O4	-1	8	-44.8490	44.8490	167.0000	1.0336	12	1	6	10	0.8333	0	2	-0.6098	8	0
cpd01932	1,2-Naphthalenediol	C10H8O2	0	13	-44.6290	44.6290	160.0000	1.8477	12	2	10	13	1.0000	0	0	2.2510	4	0
cpd04117	4-Methylcatechol	C7H8O2	0	10	-44.4130	44.4130	124.0000	1.0374	9	1	6	8	0.8889	0	0	1.4062	5	0
cpd00006	NADP	C21H25N7O17P3	-3	2016	43.7320	43.7320	741.0000	1.6329	48	5	15	20	0.3846	10	13	-5.4269	28	0
cpd16507	Protocatechualdehyde	C7H6O3	0	5	-43.6670	43.6670	137.0000	1.0473	10	1	6	10	1.0000	0	1	0.9103	6	0
cpd24677	R(+)-3,4-dihydroxyphenyllactate	C9H9O5	-1	5	-42.5090	42.5090	198.0000	1.0337	14	1	6	10	0.7143	1	3	-1.2489	10	0
cpd00168	2,3-Dihydroxybenzoate	C7H5O4	-1	17	-42.2720	42.2720	153.0000	1.0299	11	1	6	11	1.0000	0	1	-0.5387	7	0
cpd03185	Menadione	C11H8O2	0	8	41.2340	41.2340	172.0000	2.1056	13	2	6	13	0.9286	0	0	2.0119	7	0
cpd40344	1-hexadecanoyl-2-(5Z,8Z,11Z,14Z-eicosatetraenoyl)-sn-glycero-3-phosphocholine	C44H80NO8P	0	7	41.1760	41.1760	10000000.0000	29276.3446	54	0	0	4	0.0755	2	38	11.2762	15	0
cpd02016	N-Ribosylnicotinamide	C11H15N2O5	1	15	40.6360	40.6360	255.0000	1.0313	18	2	6	9	0.4737	4	3	-2.3155	14	0
cpd02357	Dopamine	C8H12NO2	1	17	-39.9200	39.9200	154.0000	1.0500	11	1	6	8	0.7273	0	2	-0.1178	7	0
cpd02502	3-(3,4-Dihydroxyphenyl)pyruvate	C9H7O5	-1	8	-39.6130	39.6130	195.0000	1.0703	14	1	6	12	0.8571	0	3	-1.0407	9	0
cpd40519	1-octadecanoyl-2-(5Z,8Z,11Z,14Z-eicosatetraenoyl)-sn-glycero-3-phosphocholine	C46H84NO8P	0	5	39.4860	39.4860	10000000.0000	29276.4782	56	0	0	4	0.0727	2	40	12.0564	15	0
cpd01208	Resorcin	C6H6O2	0	5	-39.1500	39.1500	110.0000	1.0750	8	1	6	8	1.0000	0	0	1.0978	3	0
cpd00197	Protocatechuate	C7H5O4	-1	23	-39.0810	39.0810	153.0000	1.0299	11	1	6	11	1.0000	0	1	-0.5387	7	0
cpd02500	Protocatechuatealdehyde	C8H8O3	0	9	-37.2210	37.2210	152.0000	1.0564	11	1	6	8	0.7273	0	2	0.8392	7	0
cpd00218	Niacin	C6H4NO2	-1	29	37.0210	37.0210	122.0000	0.9379	9	1	6	9	1.0000	0	1	-0.5549	7	0
cpd03440	2-Hexaprenyl-6-methoxy-1,4-benzoquinone	C37H54O3	0	6	36.1470	36.1470	546.0000	4.1359	40	1	0	9	0.2250	0	18	10.5837	13	0
cpd23060	Glycerol trioleate	C57H104O6	0	11	35.4070	35.4070	884.0000	4.7193	63	0	0	6	0.0968	0	50	18.0971	8	0
cpd21870	2-methoxy-6-all trans-hexaprenyl-2-methoxy-1,4-benzoquinol	C37H56O3	0	6	-34.9930	34.9930	548.0000	3.8979	40	1	6	9	0.2250	0	18	11.2476	13	0
cpd00881	Caffeate	C9H7O4	-1	13	-34.9530	34.9530	179.0000	1.0886	13	1	6	13	1.0000	0	2	-0.1391	9	0
cpd00426	Homogentisate	C8H7O4	-1	15	-34.4250	34.4250	167.0000	1.0336	12	1	6	10	0.8333	0	2	-0.6098	8	0
cpd01399	Maltotetraose	C24H42O21	0	11	34.0030	34.0030	666.0000	1.2679	45	4	0	0	0.0000	20	10	-9.7488	8	0
cpd03315	Gentisate aldehyde	C7H6O3	0	6	-33.6650	33.6650	138.0000	1.0473	10	1	6	10	1.0000	0	1	0.9103	6	0
cpd02298	1F-beta-D-Fructosylsucrose	C18H32O16	0	20	33.6180	33.6180	504.0000	1.1432	34	3	0	0	0.0000	13	9	-7.5698	8	0
cpd00004	NADH	C21H27N7O14P2	-2	1789	33.2950	33.2950	663.0000	1.6007	44	5	9	18	0.3750	10	11	-3.9504	28	0
cpd00634	Chlorogenate	C16H17O9	-1	9	-32.7790	32.7790	353.0000	2.3372	25	2	6	15	0.5769	4	4	-1.9806	16	0
cpd00355	Nicotinamide ribonucleotide	C11H14N2O8P	-1	15	32.5540	32.5540	334.0000	1.7075	22	2	6	9	0.3913	4	5	-3.4625	18	0
cpd00219	Prephenate	C10H8O6	-2	18	31.7000	31.7000	224.0000	2.4495	16	1	0	6	0.3750	2	4	-3.0813	9	0
cpd00005	NADPH	C21H26N7O17P3	-4	2014	31.5370	31.5370	742.0000	1.6322	48	5	9	18	0.3462	10	13	-5.0974	29	0
cpd00592	Formyl-CoA	C22H32N7O17P3S	-4	8	-31.2460	31.2460	792.0000	2.2598	50	3	9	15	0.2885	7	20	-4.1997	31	0
cpd02333	Quinolinate	C7H3NO4	-2	8	30.0070	30.0070	165.0000	0.7977	12	1	6	12	1.0000	0	2	-2.1914	8	0
cpd08984	5-Hydroxyconiferaldehyde	C10H10O4	0	5	-29.9310	29.9310	194.0000	1.4625	14	1	6	13	0.9286	0	3	1.3185	10	0
cpd03778	Terephthalate	C8H4O4	-2	7	29.0330	29.0330	164.0000	0.6660	12	1	6	12	1.0000	0	2	-1.5864	5	0
cpd00307	Cytosine	C4H5N3O	0	9	-28.4700	28.4700	111.0000	0.9018	8	1	6	8	1.0000	0	0	-0.6479	8	0
cpd09804	2-Naphthoic acid	C11H7O2	-1	6	28.1800	28.1800	171.0000	1.3646	13	2	10	14	1.0000	0	1	1.2033	6	0
cpd15353	2-Demethylmenaquinol 8	C50H72O2	0	29	-27.5130	27.5130	704.0000	5.0268	52	2	10	13	0.2453	0	23	15.8452	12	0
cpd15352	2-Demethylmenaquinone 8	C50H70O2	0	29	27.5130	27.5130	702.0000	5.3122	52	2	6	13	0.2453	0	23	15.4338	12	0
cpd09410	Demethylphylloquinone	C30H44O2	0	16	27.5110	27.5110	436.0000	2.8138	32	2	6	13	0.3939	2	14	8.7675	12	0
cpd23602	3-phytyl-1,4-naphtoquinol	C30H46O2	0	16	-27.5110	27.5110	440.0000	2.5567	32	2	10	13	0.3939	2	14	9.1789	12	0
cpd04358	Styrene	C8H8	0	5	27.4900	27.4900	104.0000	0.7604	8	1	6	8	1.0000	0	1	2.3296	4	0
cpd00479	Gentisate	C7H5O4	-1	9	-27.3520	27.3520	153.0000	1.0299	11	1	6	11	1.0000	0	1	-0.5387	7	0
cpd00270	Caffeoyl-CoA	C30H38N7O19P3S	-4	37	-27.2740	27.2740	926.0000	2.2926	60	4	15	27	0.4286	7	21	-2.7387	37	0
cpd00388	Allantoate	C4H7N4O4	-1	14	-27.1340	27.1340	175.0000	1.6620	12	0	0	8	0.7273	0	3	-3.6010	7	0
cpd25047	(2Z)-3-(3,4-dihydroxyphenyl)prop-2-enoic acid	C9H7O4	-1	5	-26.5920	26.5920	180.0000	1.0886	13	1	6	13	1.0000	0	2	-0.1391	9	0
cpd12844	Phytonadiol	C31H48O2	0	26	-26.3930	26.3930	452.0000	2.6986	33	2	10	13	0.3824	2	14	9.4873	13	0
cpd01401	Vitamin K1	C31H46O2	0	27	26.3930	26.3930	450.0000	2.8815	33	2	6	13	0.3824	2	14	9.1576	11	0
cpd15995	Menaquinone6	C41H56O2	0	8	26.3740	26.3740	580.0000	4.2567	43	2	6	13	0.2955	0	17	12.3709	11	0
cpd15994	Menaquinol6	C41H58O2	0	8	-26.3740	26.3740	582.0000	4.1013	43	2	10	13	0.2955	0	17	12.7006	13	0
cpd15499	Menaquinol 8	C51H74O2	0	11	-26.3730	26.3730	718.0000	5.1616	53	2	10	13	0.2407	0	23	16.1536	13	0
cpd15500	Menaquinone 8	C51H72O2	0	11	26.3730	26.3730	716.0000	5.3069	53	2	6	13	0.2407	0	23	15.8239	11	0
cpd03721	Cellotriose	C18H32O16	0	5	26.2200	26.2200	504.0000	0.9554	34	3	0	0	0.0000	15	7	-7.5730	8	0
cpd21748	1,2-dihexadecanoyl-sn-glycero-3-phosphocholine	C40H80NO8P	0	8	-25.8690	25.8690	733.0000	29275.9973	50	0	0	4	0.0816	2	38	10.6118	14	0
cpd02548	Indole-3-acetyl-beta-1-D-glucose	C16H19NO7	0	7	25.6990	25.6990	337.0000	1.1362	24	3	9	12	0.4615	5	4	-0.9465	16	0
cpd00957	2,5-Diamino-6-(5'-phosphoribosylamino)-4-pyrimidineone	C9H14N5O8P	-2	8	-25.6770	25.6770	352.0000	16172.6644	23	2	6	10	0.4167	4	5	-4.3618	20	0
cpd03037	7-Dehydrodesmosterol	C27H42O	0	9	25.6300	25.6300	382.0000	56449.4138	28	4	0	3	0.0968	7	4	7.2289	10	0
cpd01262	Amylotriose	C18H32O16	0	15	25.0170	25.0170	504.0000	0.8974	34	3	0	0	0.0000	15	7	-7.5730	8	0
cpd00935	2,6-Dioxo-6-phenylhexa-3-enoate	C12H9O4	-1	5	24.7430	24.7430	217.0000	0.9496	16	1	6	14	0.8750	0	5	0.1346	10	0
cpd22023	3-indoleglyoxal	C10H7NO2	0	6	24.3620	24.3620	173.0000	1.0463	13	2	9	14	1.0000	0	2	1.5495	9	0
cpd11180	Reduced nicotinamide riboside	C11H16N2O5	0	7	24.2050	24.2050	256.0000	1.2544	18	2	0	7	0.3684	4	3	-1.9860	15	0
cpd39918	1,2-di-(9Z-octadecenoyl)-glycerol	C39H72O5	0	8	24.1010	24.1010	10000000.0000	3.1297	44	0	0	4	0.0930	1	34	11.5087	9	0
cpd00486	Indoleacetaldehyde	C10H9NO	0	17	24.0980	24.0980	159.0000	1.0300	12	2	9	10	0.7692	0	2	1.9093	9	0
cpd40630	2,3-di-(9Z)-octadecenoyl-sn-glycerol	C39H72O5	0	5	24.0350	24.0350	10000000.0000	3.1297	44	0	0	4	0.0930	1	34	11.5087	9	0
cpd00577	Tretin M	C20H27O2	-1	8	-23.7580	23.7580	299.0000	2.5277	22	1	0	12	0.5455	0	5	4.2679	16	8
cpd02915	5-(L-Alanin-3-yl)-2-hydroxy-cis,cis-muconate 6-semialdehyde	C9H10NO6	-1	5	23.6680	23.6680	228.0000		16	0	0	8	0.5333	2	7	-4.5728	11	0
cpd00415	Quinol	C6H6O2	0	25	-23.4570	23.4570	110.0000	1.0750	8	1	6	8	1.0000	0	0	1.0978	3	0
cpd00565	Coniferin	C16H22O8	0	5	23.3560	23.3560	342.0000	1.8294	24	2	6	10	0.4000	5	6	-1.1206	13	0
cpd15240	hexacosanoate	C26H51O2	-1	5	-23.1180	23.1180	395.0000	2.2019	28	0	0	2	0.0741	0	24	8.1186	5	0
cpd40629	1,3-di-(9Z-octadecenoyl)-glycerol	C39H72O5	0	6	23.0880	23.0880	10000000.0000	3.1404	44	0	0	4	0.0930	0	34	11.5087	9	0
cpd00422	Cinnamoyl-CoA	C30H38N7O17P3S	-4	17	22.9820	22.9820	894.0000	2.1981	58	4	15	25	0.4098	7	21	-2.1499	35	0
cpd07274	Plastoquinone A	C53H80O2	0	8	22.9650	22.9650	748.0000	5.8939	55	1	0	8	0.1455	0	26	16.5693	10	0
cpd16503	Plastoquinol-9	C53H82O2	0	8	-22.9650	22.9650	750.0000	5.7261	55	1	6	8	0.1455	0	26	17.0353	12	0
cpd00561	Vanillin	C8H8O3	0	13	-22.9460	22.9460	152.0000	1.1077	11	1	6	10	0.9091	0	2	1.2133	8	0
cpd25193	1-18:0-lysoPC	C26H54NO7P	0	22	-22.3000	22.3000	523.0000	29275.1519	35	0	0	2	0.0588	2	25	5.3598	15	0
cpd26148	distearoyl phosphatidate	C39H75O8P	-2	6	-22.1560	22.1560	704.0000	3.1606	48	0	0	4	0.0851	1	38	10.8097	11	0
cpd24504	4alpha-formyl-4beta-methyl-5alpha-cholesta-8,24-dien-3beta-ol	C29H46O2	0	14	22.0630	22.0630	426.0000	56449.5328	31	4	0	0	0.0000	8	5	7.2680	12	0
cpd03332	p-Coumaraldehyde	C9H8O2	0	5	22.0100	22.0100	148.0000	0.8207	11	1	6	11	1.0000	0	2	1.6043	8	0
cpd00419	PM	C8H13N2O2	1	7	-21.9730	21.9730	169.0000	1.0109	12	1	6	7	0.5833	0	2	-0.6702	11	0
cpd03989	2-Hydroxy-6-oxo-7-methylocta-2,4-dienoate	C9H11O4	-1	5	21.8930	21.8930	183.0000		13	0	0	6	0.5000	0	5	-0.5232	9	0
cpd01496	o-Aminomuconate	C6H6NO4	-1	5	21.8640	21.8640	155.0000	0.6485	11	0	0	9	0.9000	0	3	-3.8318	8	4
cpd03451	SHCHC	C11H10O6	-2	6	21.8380	21.8380	238.0000	1.7576	17	1	0	9	0.5294	2	5	-2.6912	11	0
cpd00133	Nicotinamide	C6H6N2O	0	21	21.6670	21.6670	122.0000	1.0313	9	1	6	9	1.0000	0	1	0.1805	7	0
cpd00443	ABEE	C7H6NO2	-1	9	21.4870	21.4870	136.0000	0.6995	10	1	6	10	1.0000	0	1	-0.3677	7	0
cpd05235	tetracosanoate	C24H47O2	-1	8	-21.4420	21.4420	367.0000	2.0170	26	0	0	2	0.0800	0	22	7.3384	5	0
cpd07395	Ononin	C22H22O9	0	5	21.2960	21.2960	430.0000	23902.9991	31	4	16	21	0.6176	5	5	0.6473	17	0
cpd00639	Formononetin	C16H11O4	-1	8	-21.2960	21.2960	268.0000	23904.0302	20	3	16	21	0.9545	0	2	2.5422	13	0
cpd03222	5alpha-Cholesta-7,24-dien-3beta-ol	C27H44O	0	10	21.0730	21.0730	384.0000	56449.1391	28	4	0	0	0.0000	8	4	7.3088	10	0
cpd03221	Zymosterol	C27H44O	0	7	21.0730	21.0730	384.0000	56449.1391	28	4	0	0	0.0000	7	4	7.4529	10	0
cpd00780	Fumarylacetoacetate	C8H6O6	-2	9	21.0320	21.0320	198.0000	0.6901	14	0	0	8	0.6154	0	6	-3.0392	6	0
cpd23597	1,2-dipalmitoyl-phosphatidyl-ethanolamine	C37H74NO8P	0	7	-21.0080	21.0080	691.0000	16903.2726	47	0	0	4	0.0870	2	37	9.1475	13	0
cpd24503	4alpha-hydroxymethyl-4beta-methyl-5alpha-cholesta-8,24-dien-3beta-ol	C29H48O2	0	12	20.8360	20.8360	428.0000	56449.5122	31	4	0	0	0.0000	8	5	7.0614	11	0
cpd02533	1-Palmitoylglycerophosphocholine	C24H50NO7P	0	54	-20.6100	20.6100	495.0000	29275.0521	33	0	0	2	0.0625	2	23	4.5796	15	0
cpd27285	indole-3-ketol	C10H9NO2	0	5	20.6040	20.6040	175.0000	1.0308	13	2	9	12	0.8571	0	2	1.3429	10	0
cpd00667	11-cis-Retinol	C20H30O	0	8	-20.4480	20.4480	286.0000	2.5506	21	1	0	9	0.4286	0	5	5.5103	15	8
cpd00763	4-Maleylacetoacetate	C8H6O6	-2	7	20.4240	20.4240	198.0000	0.6901	14	0	0	8	0.6154	0	6	-3.0392	6	0
cpd24650	1D-myo-inositol (1,2,3,5,6) pentakisphosphate	C6H7O21P5	-10	7	-20.4060	20.4060	580.0000	2.1868	32	1	0	0	0.0000	6	10	-9.5696	7	0
cpd00931	5-Amino-6--5-phosphoribosylaminouracil	C9H13N4O9P	-2	7	20.3160	20.3160	353.0000		23	2	0	7	0.2917	5	4	-5.1564	19	0
cpd00045	Adenosine 3-5-bisphosphate	C10H11N5O10P2	-4	11	-20.2180	20.2180	425.0000	0.6833	27	3	9	11	0.3793	4	6	-4.2740	18	0
cpd00518	2-Hydroxymuconic semialdehyde	C6H5O4	-1	7	20.1250	20.1250	141.0000		10	0	0	6	0.6667	0	4	-1.5494	8	0
cpd03238	7alpha-Hydroxycholest-4-en-3-one	C27H44O2	0	5	-20.1210	20.1210	400.0000	56448.8757	29	4	0	3	0.0938	8	5	6.5677	12	0
cpd00216	Chorismate	C10H8O6	-2	27	19.9700	19.9700	224.0000	1.8332	16	1	0	11	0.6875	2	4	-2.7578	11	0
cpd00658	Isochorismate	C10H8O6	-2	9	19.9640	19.9640	224.0000	1.8554	16	1	0	11	0.6875	2	4	-2.7578	11	0
cpd00463	Cholestenone	C27H44O	0	7	-19.9340	19.9340	384.0000	56448.9920	28	4	0	3	0.0968	7	5	7.5969	10	0
cpd07830	Caffeyl aldehyde	C9H8O3	0	5	-19.8270	19.8270	164.0000	1.1402	12	1	6	12	1.0000	0	2	1.3099	8	0
cpd23245	2-hydroxybenzoyl-CoA	C28H36N7O18P3S	-4	11	-19.4900	19.4900	887.0000	2.0007	57	4	15	24	0.4000	7	20	-2.8439	35	0
cpd00263	Pyridoxol	C8H11NO3	0	7	-19.3970	19.3970	169.0000	0.9610	12	1	6	7	0.5833	0	2	0.0802	9	0
cpd17741	8-Oxogeranial	C10H14O2	0	5	19.3970	19.3970		1.1540	12	0	0	6	0.5455	0	5	2.0570	8	0
cpd02785	Pentagalloyl-beta-D-glucose	C41H31O26	-1	9	-19.0920	19.0920	939.0000	8.9901	67	6	30	60	0.8333	5	11	1.0541	14	0
cpd00493	Pyridoxamine phosphate	C8H12N2O5P	-1	13	-19.0300	19.0300	248.0000	0.9430	16	1	6	7	0.4375	0	4	-1.8172	14	0
cpd15026	3-Hexenal	C6H10O	0	6	18.8860	18.8860	98.0000	0.5032	7	0	0	0	0.0000	0	3	1.5416	5	0
cpd00801	Cellobiose-1,5-lactone	C12H20O11	0	5	18.8190	18.8190	340.0000	0.6892	23	2	0	2	0.0833	9	4	-5.1890	9	0
cpd03220	gamma-Carotene	C40H56	0	8	18.8080	18.8080	536.0000	5.1150	40	1	0	21	0.5250	0	13	12.7719	26	20
cpd26147	dipalmitoyl phosphatidate	C35H67O8P	-2	10	-18.7690	18.7690	648.0000	2.8064	44	0	0	4	0.0930	1	34	9.2493	11	0
cpd00689	Porphobilinogen	C10H13N2O4	-1	7	18.7540	18.7540	225.0000	0.9425	16	1	5	9	0.5625	0	6	-3.2685	11	0
cpd02068	3-Methylglutaconyl-CoA	C27H37N7O19P3S	-5	5	18.6990	18.6990	889.0000	2.0877	57	3	9	20	0.3390	7	22	-4.7770	35	0
cpd26606	glycerol tripalmitate	C51H98O6	0	5	-18.6310	18.6310	806.0000	4.1897	57	0	0	6	0.1071	0	47	16.4285	7	0
cpd34766	1,2-diolein	C39H72O5	0	18	18.5200	18.5200	620.9950	3.1297	44	0	0	4	0.0930	1	34	11.5087	9	0
cpd01966	Dimethylacryloyl-CoA	C26H38N7O17P3S	-4	5	18.4090	18.4090	846.0000	2.1312	54	3	9	18	0.3214	7	20	-2.8971	33	0
cpd04073	Vanillate	C8H7O4	-1	7	-18.3550	18.3550	167.0000	1.0931	12	1	6	11	0.9167	0	2	-0.2357	9	0
cpd06739	(R)-(+)-Citronellal	C10H18O	0	13	18.2600	18.2600	154.0000	0.8925	11	0	0	0	0.0000	1	5	2.9579	7	0
cpd08021	DMSO	C2H6OS	0	6	18.2010	18.2010	78.0000	1.3711	4	0	0	0	0.0000	0	0	-0.0053	3	0
cpd03848	Arachidic acid	C20H39O2	-1	9	-18.0940	18.0940	311.0000	1.6477	22	0	0	2	0.0952	0	18	5.7780	5	0
cpd00868	p-hydroxyphenylpyruvate	C9H7O4	-1	42	17.9520	17.9520	179.0000	0.8928	13	1	6	11	0.8462	0	3	-0.7463	9	0
cpd15297	Lignoceroyl-CoA	C45H78N7O17P3S	-4	12	-17.9310	17.9310	1114.0000	3.0365	73	3	9	15	0.2000	7	41	4.7388	31	0
cpd00128	Adenine	C5H5N5	0	40	-17.9250	17.9250	135.0000	0.3848	10	2	9	11	1.0000	0	0	-0.0649	8	0
cpd03691	Piperideine	C5H10N	1	10	17.8460	17.8460	84.0000	2.6363	6	1	0	0	0.0000	0	0	-0.6783	4	0
cpd08210	ADC	C10H10NO5	-1	9	17.8320	17.8320	224.0000	1.8990	16	1	0	11	0.6875	2	4	-3.5082	12	0
cpd03038	14-Demethyllanosterol	C29H48O	0	12	17.8000	17.8000	412.0000	56449.5761	30	4	0	0	0.0000	7	4	8.0890	11	0
cpd00278	Indolepyruvate	C11H8NO3	-1	19	17.7440	17.7440	202.0000	1.0844	15	2	9	14	0.8750	0	3	0.0294	11	0
cpd17073	2-amino-2-deoxyisochorismic acid	C10H10NO5	-1	7	17.7300	17.7300		1.8465	16	1	0	11	0.6875	2	4	-3.5082	12	0
cpd25365	4alpha-carboxy-5alpha-cholesta-8-en-3beta-ol	C28H45O3	-1	12	-17.6440	17.6440	430.0000	56449.2545	31	4	0	2	0.0588	8	6	5.5088	13	0
cpd25459	1-buten-3-one	C4H6O	0	5	17.6010	17.6010	70.0000	0.4955	5	0	0	3	0.7500	0	1	0.7614	5	0
cpd40676	2-hexadecanoyl-sn-glycero-3-phosphocholine	C24H50NO7P	0	6	-17.5700	17.5700	10000000.0000	29275.0580	33	0	0	2	0.0625	2	23	4.5796	15	0
cpd26605	1,2-dipalmitoylglycerol	C35H68O5	0	9	-17.5020	17.5020	568.0000	2.7874	40	0	0	4	0.1026	1	32	10.3963	8	0
cpd03709	Salicylaldehyde	C7H6O2	0	11	-17.4320	17.4320	122.0000	0.6763	9	1	6	9	1.0000	0	1	1.2047	6	0
cpd02780	Inositol 1,2,4,5,6-pentakisphosphate	C6H7O21P5	-10	7	-16.8470	16.8470	575.0000	2.1868	32	1	0	0	0.0000	6	10	-9.5696	7	0
cpd00158	CELB	C12H22O11	0	16	16.7480	16.7480	342.0000	0.5421	23	2	0	0	0.0000	10	4	-5.3972	8	0
cpd24940	hexacosanal	C26H52O	0	5	-16.7460	16.7460	380.0000	2.2602	27	0	0	0	0.0000	0	24	9.5676	4	0
cpd00076	Sucrose	C12H22O11	0	64	16.7360	16.7360	342.0000	0.3551	23	2	0	0	0.0000	9	5	-5.3956	8	0
cpd01804	3-Hydroxykynurenine	C10H12N2O4	0	11	-16.5800	16.5800	224.0000	1.1225	16	1	6	12	0.7500	1	4	-2.0924	13	0
cpd04395	Menadiol	C11H10O2	0	5	-16.5550	16.5550	174.0000	1.8800	13	2	10	13	0.9286	0	0	2.5594	6	0
cpd11217	1,4-Dihydroxy-2-naphthoyl-CoA	C32H38N7O19P3S	-4	5	-16.5350	16.5350	950.0000	2.5586	62	5	19	30	0.4545	7	20	-1.9851	36	0
cpd11255	1,2-dihydroxy-3-keto-5-methylthiopentene	C6H10O3S	0	6	16.5340	16.5340	161.0000		10	0	0	3	0.3333	0	5	-0.1300	8	0
cpd00703	Indoleacetate	C10H8NO2	-1	36	16.4630	16.4630	174.0000	1.0262	13	2	9	12	0.8571	0	2	0.4603	10	0
cpd19486	16-Hydroxypalmitate	C16H31O3	-1	11	-16.4600	16.4600	272.0000	1.2600	19	0	0	2	0.1111	0	15	3.1900	6	0
cpd02435	Androstanolone	C19H30O2	0	10	-16.4280	16.4280	290.0000	56449.2146	21	4	0	0	0.0000	7	0	3.9591	9	0
cpd02720	5-Amino-6--5-phosphoribitylaminouracil	C9H15N4O9P	-2	7	16.4230	16.4230	355.0000		23	1	0	7	0.3043	4	7	-5.5204	17	0
cpd01080	ocdca	C18H35O2	-1	28	-16.4150	16.4150	283.0000	1.4635	20	0	0	2	0.1053	0	16	4.9978	5	0
cpd01342	Pregnenolone	C21H32O2	0	6	16.4120	16.4120	316.0000	56448.7529	23	4	0	0	0.0000	7	1	4.5153	11	0
cpd00450	Methyl sulfide	C2H6S	0	10	16.3960	16.3960	62.0000	1.3711	3	0	0	0	0.0000	0	0	0.9792	2	0
cpd08238	(S)-(-)-Citronellal	C10H18O	0	14	16.3390	16.3390	154.0000	0.8925	11	0	0	0	0.0000	1	5	2.9579	7	0
cpd03480	2-Hydroxyphenylacetate	C8H7O3	-1	11	-16.2490	16.2490	151.0000	0.6540	11	1	6	9	0.8182	0	2	-0.3154	8	0
cpd00239	H2S	HS	-1	15	-16.2160	16.2160	34.0000	0.7007	1	0	0	0	0.0000	0	0	-0.2701	1	0
cpd00794	TRHL	C12H22O11	0	32	16.1860	16.1860	342.0000	0.3468	23	2	0	0	0.0000	10	4	-5.3972	7	0
cpd00616	Pretyrosine	C10H12NO5	-1	11	16.1200	16.1200	226.0000	2.4475	16	1	0	4	0.2500	3	4	-4.0399	10	0
cpd00217	Brachiose	C12H22O11	0	8	16.1170	16.1170	342.0000	0.3342	23	2	0	0	0.0000	10	4	-5.3972	8	0
cpd02730	3-Deoxy-D-manno-octulosonate8-phosphate	C8H12O11P	-3	7	-16.0970	16.0970	316.0000	0.4392	20	1	0	2	0.1000	5	5	-5.8582	14	0
cpd23440	4-isopropylcyclohexenecarbaldehyde	C10H16O	0	28	-16.0520	16.0520	152.0000	1.5480	11	1	0	3	0.2727	1	2	2.5678	7	0
cpd00378	Formamide	CH3NO	0	6	-16.0210	16.0210	45.0000	1.7704	3	0	0	2	1.0000	0	0	-0.8985	3	0
cpd08252	(1R,4R)-Dihydrocarvone	C10H16O	0	5	-15.9580	15.9580	152.0000	1.7961	11	1	0	0	0.0000	2	1	2.5678	7	0
cpd00179	Maltose	C12H22O11	0	35	15.9500	15.9500	342.0000	0.4076	23	2	0	0	0.0000	10	4	-5.3972	8	0
cpd00613	Hexadecanol	C16H34O	0	12	-15.9070	15.9070	242.0000	1.3389	17	0	0	0	0.0000	0	14	5.4600	4	0
cpd00019	S-Adenosyl-homocysteine	C14H20N6O5S	0	37	-15.7750	15.7750	384.0000	0.9633	26	3	9	13	0.4643	5	7	-3.4886	21	0
cpd25195	1-16:0-lysoPE	C21H44NO7P	0	15	-15.7480	15.7480	453.0000	16901.9815	30	0	0	2	0.0690	2	22	3.1153	14	0
cpd00742	Allophanate	C2H3N2O3	-1	5	-15.7020	15.7020	103.0000	1.1084	7	0	0	6	1.0000	0	0	-2.0020	6	0
cpd00343	N-Carbamoyl-L-aspartate	C5H6N2O5	-2	8	-15.6720	15.6720	174.0000	1.0897	12	0	0	7	0.6364	1	4	-4.0868	8	0
cpd01693	6-Phosphosucrose	C12H21O14P	-2	16	15.6150	15.6150	421.0000	0.6319	27	2	0	0	0.0000	9	7	-6.5426	12	0
cpd02129	3-Hydroxybenzyl alcohol	C7H8O2	0	5	-15.5790	15.5790	124.0000	0.7466	9	1	6	7	0.7778	0	1	0.8845	6	0
cpd23791	(Z)-2-buten-1-ol	C4H8O	0	7	15.5620	15.5620	72.0000	0.3281	5	0	0	0	0.0000	0	1	0.5548	4	0
cpd00046	CMP	C9H12N3O8P	-2	11	-15.5530	15.5530	322.0000	1.0615	21	2	6	8	0.3636	4	4	-3.7100	19	0
cpd00365	Retinol	C20H30O	0	13	-15.5460	15.5460	286.0000	2.7794	21	1	0	9	0.4286	0	5	5.5103	15	8
cpd00778	2,5-Dihydroxypyridine	C5H5NO2	0	7	-15.5200	15.5200	111.0000	0.8789	8	1	6	8	1.0000	0	0	0.0805	7	0
cpd24651	1D-myo-inositol (1,2,5,6) tetrakisphosphate	C6H8O18P4	-8	6	-15.4660	15.4660	500.0000	2.0277	28	1	0	0	0.0000	6	8	-8.4226	7	0
cpd24475	4alpha-methyl-cholesta-8-enol	C28H48O	0	12	-15.4250	15.4250	400.0000	56449.3426	29	4	0	0	0.0000	8	5	7.7788	10	0
cpd00206	dCMP	C9H12N3O7P	-2	7	-15.4240	15.4240	306.0000	1.1244	20	2	6	8	0.3810	3	4	-2.6808	19	0
cpd00093	Anthranilate	C7H6NO2	-1	25	15.4200	15.4200	136.0000	0.6995	10	1	6	10	1.0000	0	1	-0.3677	7	0
cpd00214	Palmitate	C16H31O2	-1	62	-15.3270	15.3270	255.0000	0.7007	18	0	0	2	0.1176	0	14	4.2176	5	0
cpd01074	Nigerose	C12H22O11	0	7	15.2840	15.2840	342.0000	0.5421	23	2	0	0	0.0000	10	4	-5.3972	8	0
cpd01061	Geranial	C10H16O	0	34	15.2240	15.2240	152.0000	1.1455	11	0	0	3	0.3000	0	4	2.8780	8	0
cpd15329	1-octadecanoyl-sn-glycerol 3-phosphate	C21H41O7P	-2	15	-15.2010	15.2010	437.0000	1.5988	29	0	0	2	0.0714	1	21	3.9973	12	0
cpd00073	Urea	CH4N2O	0	33	-15.1350	15.1350	60.0000	0.7007	4	0	0	3	1.0000	0	0	-0.9762	3	0
cpd24942	tetracosanal	C24H48O	0	5	-15.0710	15.0710	352.0000	2.0750	25	0	0	0	0.0000	0	22	8.7874	4	0
cpd00464	alpha-Tolualdehyde	C8H8O	0	22	15.0070	15.0070	120.0000	0.6414	9	1	6	6	0.6667	0	2	1.4280	5	0
cpd00709	beta D-Galactose	C6H12O6	0	35	-15.0050	15.0050	180.0000	0.2701	12	1	0	0	0.0000	5	1	-3.2214	7	0
cpd00127	Phenol	C6H6O	0	13	-15.0000	15.0000	94.0000	0.7454	7	1	6	7	1.0000	0	0	1.3922	3	0
cpd02103	N2-Succinyl-L-arginine	C10H17N4O5	-1	8	-14.9900	14.9900	273.0000	1.4023	19	0	0	9	0.5000	1	9	-5.8052	11	0
cpd05405	Leaf aldehyde	C6H10O	0	8	14.9660	14.9660	98.0000	0.5032	7	0	0	3	0.5000	0	3	1.5416	6	0
cpd00215	Pyridoxal	C8H9NO3	0	13	-14.9600	14.9600	167.0000	0.9181	12	1	6	9	0.7500	0	2	0.4004	12	0
cpd01243	Desmosterol	C27H44O	0	6	14.9280	14.9280	384.0000	56449.0398	28	4	0	0	0.0000	8	4	7.3088	9	0
cpd17424	2-Aminobut-2-enoate	C4H7NO2	0	7	14.9270	14.9270		0.4856	7	0	0	4	0.6667	0	1	-2.1180	7	0
cpd00551	DTYL	C4H6O2	0	5	14.8870	14.8870	86.0000	0.3841	6	0	0	3	0.6000	0	1	0.1644	3	0
cpd00920	4-(2-Aminophenyl)-2,4-dioxobutanoate	C10H8NO4	-1	16	14.8190	14.8190	206.0000	0.8085	15	1	6	13	0.8667	0	4	-0.8394	10	0
cpd28293	UDP-GLUCOSE	C15H22N2O17P2	-2	12	14.6430	14.6430	566.0000	1.2261	36	3	6	8	0.2105	11	9	-6.0577	20	0
cpd00478	Pyridoxine phosphate	C8H10NO6P	-2	7	-14.6300	14.6300	248.0000	0.8980	16	1	6	7	0.4375	0	4	-1.0668	13	0
cpd01393	Icosanoyl-CoA	C41H70N7O17P3S	-4	23	-14.5870	14.5870	1058.0000	2.7511	69	3	9	15	0.2113	7	37	3.1784	31	0
cpd00192	4-Coumaroyl-CoA	C30H38N7O18P3S	-4	57	14.5650	14.5650	910.0000	2.1814	59	4	15	26	0.4194	7	21	-2.4443	37	0
cpd00465	Ureidoglycolate	C3H5N2O4	-1	15	-14.3920	14.3920	133.0000	0.8770	9	0	0	5	0.6250	1	2	-3.2770	8	0
cpd01466	Maleylpyruvate	C7H4O6	-2	5	14.3400	14.3400	184.0000	0.6684	13	0	0	10	0.8333	0	5	-3.4293	6	0
cpd24935	1-tetradecanol	C14H30O	0	9	-14.2320	14.2320	214.0000	1.1563	15	0	0	0	0.0000	0	12	4.6798	4	0
cpd00051	L-Arginine	C6H15N4O2	1	58	-14.2170	14.2170	175.0000	1.1945	12	0	0	5	0.4545	1	5	-5.2096	11	0
cpd14544	4alpha-Methylzymosterol-4-carboxylate	C29H45O3	-1	16	14.2090	14.2090	441.0000	56449.4833	32	4	0	2	0.0571	8	5	5.8190	13	0
cpd02262	7alpha-Hydroxycholesterol	C27H46O2	0	5	-14.1440	14.1440	402.0000	56448.8853	29	4	0	0	0.0000	9	5	6.3595	10	0
cpd06761	Nerol	C10H18O	0	6	14.1420	14.1420	154.0000	1.0817	11	0	0	0	0.0000	0	4	2.6714	8	0
cpd02125	Tiglyl-CoA	C26H38N7O17P3S	-4	12	14.1070	14.1070	846.0000	2.1312	54	3	9	18	0.3214	7	20	-2.8971	33	0
cpd05400	3-Hexenol	C6H12O	0	7	14.1060	14.1060	100.0000	0.5855	7	0	0	0	0.0000	0	3	1.3350	5	0
cpd00653	D-Galactonate	C6H11O7	-1	5	-14.0650	14.0650	195.0000	0.3294	13	0	0	2	0.1667	4	5	-4.8278	7	0
cpd00724	alpha-D-Galactose	C6H12O6	0	22	-14.0380	14.0380	180.0000	0.3351	12	1	0	0	0.0000	5	1	-3.2214	7	0
cpd00943	Inositol 1,3,4,5,6-pentakisphosphate	C6H7O21P5	-10	8	-13.9950	13.9950	575.0000	2.1868	32	1	0	0	0.0000	6	10	-9.5696	7	0
cpd17740	8-Hydroxygeraniol	C10H18O2	0	6	13.9460	13.9460		0.9974	12	0	0	0	0.0000	0	5	1.6438	8	0
cpd01890	4-Coumaroylshikimate	C16H15O7	-1	9	13.8680	13.8680	319.0000	1.8594	23	2	6	16	0.6667	3	4	-0.8810	17	0
cpd08012	Dioxindole	C8H7NO2	0	5	-13.8640	13.8640	149.0000	1.5342	11	2	6	9	0.7500	1	0	0.6721	8	0
cpd00092	Uracil	C4H4N2O2	0	26	-13.8500	13.8500	112.0000		8	1	0	6	0.7500	0	0	-0.3029	7	0
cpd00333	(E)-Cinnamate	C9H7O2	-1	25	13.8230	13.8230	147.0000	0.7583	11	1	6	11	1.0000	0	2	0.4497	7	0
cpd00699	5-Dehydroquinate	C7H9O6	-1	23	-13.7890	13.7890	189.0000	1.4788	13	1	0	2	0.1538	3	1	-3.4479	8	0
cpd24268	(3R)-3-hydroxy-lignoceroyl-CoA	C45H78N7O18P3S	-4	5	-13.7360	13.7360	1133.0000	2.9568	74	3	9	15	0.1974	8	41	3.7096	31	0
cpd00294	dAMP	C10H12N5O6P	-2	6	-13.7000	13.7000	330.0000	0.6842	22	3	9	11	0.4583	3	4	-2.0978	18	0
cpd15073	3-Methylxanthine	C6H6N4O2	0	8	-13.5770	13.5770	166.0000		12	2	9	12	0.9231	0	0	-0.2739	9	0
cpd00382	Melitose	C18H32O16	0	29	13.5100	13.5100	504.0000	0.9029	34	3	0	0	0.0000	14	8	-7.5714	8	0
cpd02496	1-Palmitoylglycerol 3-phosphate	C19H37O7P	-2	21	-13.5040	13.5040	409.0000	1.4233	27	0	0	2	0.0769	1	19	3.2171	12	0
cpd25361	4alpha-carboxy-4beta-methyl-5alpha-cholesta-8-en-3beta-ol	C29H47O3	-1	12	-13.4190	13.4190	444.0000	56449.4432	32	4	0	2	0.0571	8	6	5.8989	13	0
cpd00654	Deoxycytidine	C9H13N3O4	0	5	-13.3200	13.3200	227.0000	1.0438	16	2	6	8	0.4706	3	2	-1.5338	15	0
cpd00026	UDP-glucose	C15H22N2O17P2	-2	19	13.3160	13.3160	564.0000	1.1463	36	3	6	8	0.2105	11	9	-6.0577	20	0
cpd21469	4-O-beta-D-Mannopyranosyl-D-glucopyranose	C12H22O11	0	5	13.2660	13.2660	342.0000	0.5421	23	2	0	0	0.0000	10	4	-5.3972	8	0
cpd00811	(CH3)3NO	C3H9NO	0	8	-13.1600	13.1600	75.0000	0.9910	5	0	0	0	0.0000	0	0	0.1904	3	0
cpd00477	N-Acetyl-L-glutamate	C7H9NO5	-2	10	-13.0660	13.0660	187.0000	0.7622	13	0	0	6	0.5000	1	5	-3.2289	8	0
cpd03847	Myristic acid	C14H27O2	-1	22	-13.0470	13.0470	227.0000	1.0965	16	0	0	2	0.1333	0	12	3.4374	5	0
cpd02043	(S)-4-Hydroxymandelate	C8H7O4	-1	6	-13.0060	13.0060	167.0000	0.6479	12	1	6	9	0.7500	1	2	-0.8245	9	0
cpd00043	UDP-galactose	C15H22N2O17P2	-2	17	12.9340	12.9340	564.0000	1.2261	36	3	6	8	0.2105	11	9	-6.0577	20	0
cpd02120	Dihydrodipicolinate	C7H5NO4	-2	8	12.9130	12.9130	167.0000	1.0673	12	1	0	8	0.6667	1	2	-2.7443	9	0
cpd00327	strcoa	C39H66N7O17P3S	-4	51	-12.9130	12.9130	1030.0000	2.6166	67	3	9	15	0.2174	7	35	2.3982	31	0
cpd00309	XAN	C5H4N4O2	0	17	-12.8940	12.8940	152.0000	0.8486	11	2	9	12	1.0000	0	0	-0.2359	8	0
cpd00834	Phosphopantetheine	C11H21N2O7PS	-2	5	-12.8480	12.8480	357.0000	1.4628	22	0	0	4	0.1905	1	10	-2.2289	16	0
cpd00367	Cytidine	C9H13N3O5	0	16	-12.8420	12.8420	243.0000	0.9516	17	2	6	8	0.4444	4	2	-2.5630	15	0
cpd00274	Citrulline	C6H13N3O3	0	24	-12.8370	12.8370	175.0000	1.0599	12	0	0	5	0.4545	1	5	-3.2047	10	0
cpd26313	2-mono-C18:1	C21H40O4	0	17	12.7890	12.7890	370.0000	1.5501	25	0	0	2	0.0833	0	18	4.9203	9	0
cpd03481	2-phenylethanol	C8H10O	0	11	12.7880	12.7880	122.0000	0.6171	9	1	6	6	0.6667	0	2	1.2214	5	0
cpd00452	Phenylacetyl-CoA	C29H38N7O17P3S	-4	13	12.7550	12.7550	882.0000	2.0368	57	4	15	21	0.3500	7	21	-2.6206	34	0
cpd00207	Guanine	C5H5N5O	0	14	-12.7520	12.7520	151.0000	16172.5316	11	2	9	12	1.0000	0	0	-0.7716	9	0
cpd00160	Cholesterol	C27H46O	0	49	-12.7220	12.7220	386.0000	56448.9962	28	4	0	0	0.0000	8	5	7.3887	10	0
cpd25363	4alpha-hydroxymethyl-5alpha-cholesta-8-en-3beta-ol	C28H48O2	0	12	-12.7210	12.7210	416.0000	56449.2843	30	4	0	0	0.0000	8	6	6.7512	11	0
cpd03711	2-Hydroxychromene-2-carboxylate	C10H7O4	-1	6	-12.6980	12.6980	191.0000	1.5179	14	2	6	11	0.7333	1	1	-0.4693	11	0
cpd00143	Phenylpyruvate	C9H7O3	-1	39	12.6350	12.6350	163.0000	0.6510	12	1	6	10	0.8333	0	3	-0.4519	7	0
cpd04653	Theobromine	C7H8N4O2	0	7	-12.6310	12.6310	180.0000	0.9615	13	2	9	12	0.8571	0	0	-1.0397	10	0
cpd01749	N-Formylkynurenine	C11H12N2O4	0	5	12.6020	12.6020	236.0000	1.3141	17	1	6	13	0.7647	1	6	-1.8119	12	0
cpd01534	1-Dodecanol	C12H26O	0	7	-12.5560	12.5560	186.0000	0.9750	13	0	0	0	0.0000	0	10	3.8996	4	0
cpd19036	beta-D-Fructose 1,6-bisphosphate	C6H10O12P2	-4	13	-12.5180	12.5180	340.0000	0.4821	20	1	0	0	0.0000	4	6	-5.5138	10	0
cpd03248	3alpha,7alpha,12alpha-Trihydroxy-5beta-24-oxocholestanoyl-CoA	C48H74N7O21P3S	-4	6	12.5010	12.5010	1210.0000	56449.8616	80	7	9	15	0.1744	19	25	-0.2804	36	0
cpd08255	(1S,4R)-Iso-dihydrocarvone	C10H16O	0	5	-12.4410	12.4410	152.0000	1.7961	11	1	0	0	0.0000	2	1	2.5678	8	0
cpd34433	sucrose mono-4-isovalerate	C17H30O12	0	8	12.4120	12.4120	426.4170	0.9570	29	2	0	2	0.0667	9	8	-3.7986	13	0
cpd01101	Carbamate	CH2NO2	-1	6	-12.3390	12.3390	60.0000	0.4753	4	0	0	3	1.0000	0	0	-1.7116	4	0
cpd01747	Indole-3-acetamide	C10H10N2O	0	5	12.3260	12.3260	174.0000	1.1064	13	2	9	12	0.8571	0	2	1.1957	10	0
cpd03870	2-Hydroxyethylphosphonate	C2H6O4P	-1	5	-12.3150	12.3150	124.0000	1.7072	7	0	0	0	0.0000	1	2	-1.4756	7	0
cpd03161	Phenethylamine	C8H12N	1	8	12.3130	12.3130	122.0000	0.6885	9	1	6	6	0.6667	0	2	0.4710	5	0
cpd00251	ADPribose	C15H21N5O14P2	-2	14	12.2560	12.2560	557.0000	0.8156	36	4	9	11	0.2821	10	9	-4.5467	20	0
cpd00859	Pseudouridine 5'-phosphate	C9H11N2O9P	-2	6	12.2280	12.2280	323.0000		21	2	0	6	0.2727	5	4	-3.7423	18	0
cpd00461	Oxopent-4-enoate	C5H5O3	-1	14	12.2060	12.2060	113.0000	0.4299	8	0	0	4	0.5714	0	3	-1.1185	7	0
cpd03035	4-methylzymosterol	C28H46O	0	7	12.2000	12.2000	398.0000	56449.3836	29	4	0	0	0.0000	8	4	7.6989	10	0
cpd27712	2-keto-4-pentenoate	C5H5O3	-1	11	12.1800	12.1800	114.0000	0.4299	8	0	0	4	0.5714	0	3	-1.1185	7	0
cpd32214	(2Z)-2-hydroxypenta-2,4-dienoate	C5H5O3	-1	11	12.1800	12.1800	113.0930	0.4299	8	0	0	4	0.5714	0	3	-1.1185	7	0
cpd00623	Sphinganine	C18H40NO2	1	28	-12.1010	12.1010	302.0000	1.3537	21	0	0	0	0.0000	2	16	3.4314	7	0
cpd00315	GDP-glucose	C16H23N5O16P2	-2	8	12.0990	12.0990	603.0000	16172.5655	39	4	9	12	0.2857	11	9	-5.8925	23	0
cpd00511	Androstanedione	C19H28O2	0	7	-12.0580	12.0580	288.0000	56449.2372	21	4	0	0	0.0000	6	0	4.1673	8	0
cpd00018	AMP	C10H12N5O7P	-2	47	-12.0340	12.0340	346.0000	0.2861	23	3	9	11	0.4400	4	4	-3.1270	18	0
cpd15077	1,3,7-Trimethyluric acid	C8H10N4O3	0	6	-11.9460	11.9460	210.0000		15	2	9	13	0.8125	0	0	-1.3721	9	0
cpd00523	Trehalose 6-phosphate	C12H21O14P	-2	15	11.8940	11.8940	421.0000	0.5147	27	2	0	0	0.0000	10	6	-6.5442	11	0
cpd00134	Palmitoyl-CoA	C37H62N7O17P3S	-4	83	-11.8740	11.8740	1002.0000	2.5285	65	3	9	15	0.2239	7	33	1.6180	31	0
cpd01044	Propenal	C3H4O	0	7	11.8500	11.8500	56.0000	0.4440	4	0	0	3	1.0000	0	1	0.3713	4	0
cpd15331	1-tetradecanoyl-sn-glycerol 3-phosphate	C17H33O7P	-2	5	-11.8320	11.8320	381.0000	1.2507	25	0	0	2	0.0833	1	17	2.4369	12	0
cpd02108	Strictosidine aglycone	C21H25N2O4	1	5	-11.8070	11.8070	368.0000	3.0260	27	4	9	15	0.5000	4	4	1.5425	22	0
cpd02193	Strictosidine	C27H35N2O9	1	5	11.8070	11.8070	530.0000	3.1030	38	5	9	15	0.3571	9	7	-0.6333	26	0
cpd40582	1-(9Z-octadecenoyl)-glycerol	C21H40O4	0	6	11.7860	11.7860	10000000.0000	1.5575	25	0	0	2	0.0833	1	18	4.9203	9	0
cpd05267	Ribose	C5H10O5	0	12	-11.7850	11.7850	150.0000	0.3535	10	1	0	0	0.0000	4	0	-2.5823	6	0
cpd00016	Pyridoxal phosphate	C8H8NO6P	-2	19	-11.7230	11.7230	246.0000	0.9393	16	1	6	9	0.5625	0	4	-0.7466	15	0
cpd02788	Inositol 1,2,3,5,6-pentakisphosphate	C6H7O21P5	-10	11	-11.7050	11.7050	575.0000	2.1868	32	1	0	0	0.0000	6	10	-9.5696	7	0
cpd08727	dTDP 1-ester with (6R)-5,6-dihydro-4-hydroxy-6-methyl-5-oxo-2H-pyran	C16H20N2O14P2	-2	8	-11.6730	11.6730	525.0000	1.8054	34	3	6	11	0.3056	7	8	-2.2469	25	0
cpd01171	Dulcose	C6H14O6	0	9	-11.6440	11.6440	182.0000	0.4720	12	0	0	0	0.0000	4	5	-3.5854	4	0
cpd00347	5-10-Methenyltetrahydrofolate	C20H20N7O6	-1	11	11.6110	11.6110	454.0000	16173.1969	33	4	12	26	0.7222	2	7	-3.2829	25	0
cpd00248	Quinate	C7H11O6	-1	24	-11.5890	11.5890	191.0000	1.6498	13	1	0	2	0.1538	4	1	-3.6561	8	0
cpd00438	Deoxyadenosine	C10H13N5O3	0	13	-11.5250	11.5250	251.0000	0.7332	18	3	9	11	0.5500	3	2	-0.9508	14	0
cpd02566	2,3-Dihydroxy-2,3-dihydrobenzoate	C7H7O4	-1	7	11.4270	11.4270	155.0000	1.7033	11	1	0	6	0.5455	2	1	-2.0457	8	0
cpd03356	4-(2-Amino-3-hydroxyphenyl)-2,4-dioxobutanoate	C10H8NO5	-1	5	-11.4050	11.4050	222.0000	1.1169	16	1	6	14	0.8750	0	4	-1.1338	12	0
cpd01741	ddca	C12H23O2	-1	21	-11.3590	11.3590	199.0000	0.9144	14	0	0	2	0.1538	0	10	2.6572	5	0
cpd00170	Gluconolactone	C6H10O6	0	28	11.3140	11.3140	178.0000	0.3058	12	1	0	2	0.1667	4	1	-3.0132	8	0
cpd03470	Iminoaspartate	C4H4NO4	-1	12	11.2390	11.2390	129.0000		9	0	0	7	0.8750	0	2	-4.3880	6	0
cpd00153	Benzoate	C7H5O2	-1	31	11.2300	11.2300	121.0000	0.5886	9	1	6	9	1.0000	0	1	0.0501	5	0
cpd25067	1-16:0-2-18:2-phosphatidylcholine	C42H80NO8P	0	13	-11.1410	11.1410	757.0000	29276.1284	52	0	0	4	0.0784	2	38	10.9440	15	0
cpd00599	SALC	C7H5O3	-1	30	-11.1090	11.1090	137.0000	0.6467	10	1	6	10	1.0000	0	1	-0.2443	7	0
cpd01183	Kynurenine	C10H12N2O3	0	6	11.1030	11.1030	208.0000	0.8374	15	1	6	11	0.7333	1	4	-1.7980	11	0
cpd01973	4-Guanidinobutanamide	C5H13N4O	1	6	-11.0840	11.0840	145.0000	1.4513	10	0	0	5	0.5556	0	4	-3.0847	8	0
cpd01964	3-Hydroxybenzaldehyde	C7H6O2	0	8	-11.0330	11.0330	122.0000	0.7466	9	1	6	9	1.0000	0	1	1.2047	6	0
cpd01716	3-Dehydroshikimate	C7H7O5	-1	22	-10.9480	10.9480	171.0000	1.4826	12	1	0	6	0.5000	2	1	-2.6427	9	0
cpd08926	Phytosphingosine	C18H40NO3	1	18	-10.9350	10.9350	318.0000	1.2672	22	0	0	0	0.0000	3	16	2.4022	7	0
cpd00234	5-Dehydro-D-fructose	C6H10O6	0	8	10.9010	10.9010	178.0000	0.3998	12	0	0	0	0.0000	2	5	-3.1690	5	0
cpd00483	3-Hydroxyanthranilate	C7H6NO3	-1	10	-10.8840	10.8840	152.0000	1.0363	11	1	6	11	1.0000	0	1	-0.6621	9	0
cpd00359	indol	C8H7N	0	20	10.8650	10.8650	117.0000	0.5175	9	2	9	10	1.0000	0	0	2.1679	5	0
cpd00151	Thymine	C5H6N2O2	0	7	-10.8630	10.8630	126.0000		9	1	0	6	0.6667	1	0	-0.0569	8	0
cpd01498	Maleylacetate	C6H4O5	-2	8	10.8610	10.8610	156.0000	0.5052	11	0	0	8	0.8000	0	4	-2.9984	6	0
cpd00432	meso-Tartrate	C4H4O6	-2	5	-10.8560	10.8560	148.0000	0.5451	10	0	0	4	0.4444	2	3	-4.7920	6	0
cpd00183	Sarcosine	C3H7NO2	0	6	-10.7980	10.7980	89.0000	1.0702	6	0	0	2	0.4000	0	2	-3.0705	6	0
cpd00083	GDP-mannose	C16H23N5O16P2	-2	16	10.7610	10.7610	603.0000	16172.5567	39	4	9	12	0.2857	11	9	-5.8925	23	0
cpd01536	GDP-L-galactose	C16H23N5O16P2	-2	9	10.7500	10.7500	603.0000	16172.6436	39	4	9	12	0.2857	11	9	-5.8925	24	0
cpd02210	Indoleglycerol phosphate	C11H12NO6P	-2	9	10.7300	10.7300	286.0000	0.8848	19	2	9	10	0.5000	2	5	-0.5925	14	0
cpd01420	beta-Carotene	C40H56	0	18	-10.6970	10.6970	536.0000	5.3904	40	2	0	21	0.5122	0	10	12.6058	23	18
cpd03469	beta-D-Glucosyl-2-coumarinate	C15H17O8	-1	10	10.6920	10.6920	325.0000	1.1376	23	2	6	12	0.5000	5	5	-2.3716	16	0
cpd03468	2-Coumarinate	C9H7O3	-1	7	-10.6920	10.6920	163.0000	0.7454	12	1	6	12	1.0000	0	2	0.1553	9	0
cpd19008	(R)-Acetoin	C4H8O2	0	9	10.6260	10.6260	88.0000	0.3965	6	0	0	0	0.0000	1	1	-0.0438	5	0
cpd04390	Benzoyl acetyl-CoA	C30H38N7O18P3S	-4	9	10.6110	10.6110	910.0000	2.1046	59	4	15	23	0.3710	7	22	-2.5903	34	0
cpd09060	beta-Ionone	C13H20O	0	7	-10.5590	10.5590	192.0000	1.9608	14	1	0	5	0.3571	0	2	3.6582	8	0
cpd00069	L-Tyrosine	C9H11NO3	0	39	10.4960	10.4960	181.0000	0.7007	13	1	6	9	0.6923	1	3	-1.7049	10	0
cpd02160	N2-Succinyl-L-ornithine	C9H15N2O5	-1	10	-10.4070	10.4070	231.0000	0.7053	16	0	0	6	0.4000	1	8	-4.2267	9	0
cpd19489	Isopimaradienol	C20H32O	0	10	10.3960	10.3960	288.0000	32838.1583	21	3	0	0	0.0000	5	2	5.1139	10	0
cpd24266	(3R)-3-hydroxy-arachidoyl-CoA	C41H70N7O18P3S	-4	5	-10.3910	10.3910	1077.0000	2.6766	70	3	9	15	0.2083	8	37	2.1492	31	0
cpd00318	Tryptamine	C10H13N2	1	16	10.2800	10.2800	161.0000	1.0561	12	2	9	10	0.7692	0	2	0.9523	9	0
cpd00507	Glycerophosphocholine	C8H20NO6P	0	13	-10.2390	10.2390	257.0000	29274.5926	16	0	0	0	0.0000	2	8	-1.4526	10	0
cpd00304	Retinal	C20H28O	0	19	-10.1740	10.1740	284.0000	2.7784	21	1	0	11	0.5238	0	5	5.7169	15	8
cpd01430	11-cis-Retinal	C20H28O	0	5	-10.1700	10.1700	284.0000	2.8222	21	1	0	11	0.5238	0	5	5.7169	15	8
cpd24366	1,2-(9Z-octadecenoyl)-sn-glycero-3-phosphocholine	C44H84NO8P	0	11	10.1510	10.1510	785.0000	29276.2653	54	0	0	4	0.0755	2	40	11.7242	15	0
cpd00121	L-Inositol	C6H12O6	0	50	10.0820	10.0820	180.0000	1.7953	12	1	0	0	0.0000	6	0	-3.8346	2	0
cpd02124	2-Methylacetoacetyl-CoA	C26H38N7O18P3S	-4	6	10.0620	10.0620	862.0000	2.0219	55	3	9	15	0.2632	8	21	-3.6382	33	0
cpd01264	Octadecanal	C18H36O	0	5	-10.0450	10.0450	268.0000	1.5201	19	0	0	0	0.0000	0	16	6.4468	4	0
cpd19490	Isopimaradienal	C20H30O	0	11	10.0130	10.0130	286.0000	32838.1852	21	3	0	0	0.0000	5	2	5.3205	10	0
cpd01133	Stachyose	C24H42O21	0	20	10.0020	10.0020	666.0000	1.2129	45	4	0	0	0.0000	19	11	-9.7472	8	0
cpd40663	1-(9Z-octadecenoyl)-N-(acetyl)-sphing-4-enine	C38H71NO4	0	6	9.9990	9.9990	10000000.0000	2.9276	43	0	0	4	0.0952	2	32	10.6900	13	0
cpd19035	beta-D-Fructose 6-phosphate	C6H11O9P	-2	36	-9.9810	9.9810	260.0000	0.3043	16	1	0	0	0.0000	4	4	-4.3668	10	0
cpd14644	4,4-Dimethyl-5alpha-cholesta-8-en-3beta-ol	C29H50O	0	11	-9.8290	9.8290	414.0000	56449.5343	30	4	0	0	0.0000	7	5	8.1689	11	0
cpd25364	4alpha-formyl-5alpha-cholesta-8-en-3beta-ol	C28H46O2	0	14	-9.7910	9.7910	414.0000	56449.2963	30	4	0	0	0.0000	8	6	6.9578	12	0
cpd17399	2-Deoxyinosose	C6H10O5	0	5	-9.7140	9.7140		1.6506	11	1	0	0	0.0000	4	0	-2.5972	6	0
cpd01107	Decanoate	C10H19O2	-1	10	-9.6870	9.6870	171.0000	0.7341	12	0	0	2	0.1818	0	8	1.8770	5	0
cpd00562	1-Octanol	C8H18O	0	6	-9.6690	9.6690	130.0000	0.7016	9	0	0	0	0.0000	0	6	2.3392	4	0
cpd00275	L-Kynurenine	C10H12N2O3	0	32	9.6440	9.6440	208.0000	0.8374	15	1	6	11	0.7333	1	4	-1.7980	11	0
cpd01422	beta-D-Xylose	C5H10O5	0	7	-9.6240	9.6240	150.0000	0.3535	10	1	0	0	0.0000	4	0	-2.5823	5	0
cpd25133	1-18:0-2-18:1-phosphatidylcholine	C44H86NO8P	0	6	-9.5480	9.5480	787.0000	29276.2595	54	0	0	4	0.0755	2	41	11.9482	15	0
cpd01695	Myristoyl-CoA	C35H58N7O17P3S	-4	34	-9.5450	9.5450	974.0000	2.3683	63	3	9	15	0.2308	7	31	0.8378	31	0
cpd00182	Adenosine	C10H13N5O4	0	42	-9.4820	9.4820	267.0000	0.3448	19	3	9	11	0.5238	4	2	-1.9800	14	0
cpd00053	L-Glutamine	C5H10N2O3	0	52	-9.4700	9.4700	146.0000	0.4426	10	0	0	4	0.4444	1	4	-3.3877	8	0
cpd24272	(2E)-lignocerenoyl-CoA	C45H76N7O17P3S	-4	8	-9.4450	9.4450	1115.0000	3.0868	73	3	9	18	0.2400	7	40	4.5148	33	0
cpd00762	4-Guanidinobutanoate	C5H11N3O2	0	7	-9.4020	9.4020	145.0000	1.3348	10	0	0	5	0.5556	0	4	-3.8201	9	0
cpd01793	2,5-diketo-D-gluconate	C6H7O7	-1	6	9.3930	9.3930	191.0000	0.4218	13	0	0	4	0.3333	2	5	-4.4114	7	0
cpd16443	beta-D-Ribofuranose	C5H10O5	0	28	-9.3350	9.3350	150.0000	0.3169	10	1	0	0	0.0000	4	1	-2.5823	7	0
cpd01468	Methylmalonate	C4H4O4	-2	14	-9.3330	9.3330	116.0000	0.3339	8	0	0	4	0.5714	0	2	-2.8777	5	0
cpd04654	Caffeine	C8H10N4O2	0	10	-9.3160	9.3160	194.0000	1.2241	14	2	9	12	0.8000	0	0	-1.0293	9	0
cpd00618	Naphthalene	C10H8	0	5	9.2550	9.2550	128.0000	1.3760	10	2	10	11	1.0000	0	0	2.8398	2	0
cpd00325	Progesterone	C21H30O2	0	12	9.1900	9.1900	314.0000	56448.7533	23	4	0	3	0.1154	6	1	4.7235	10	0
cpd31093	3,5,7-Trioxododecanoyl-CoA	C33H48N7O20P3S	-4	5	9.1670	9.1670	991.2201		64	3	9	19	0.2879	7	28	-1.9227	34	0
cpd35799	12alpha-hydroxy-3-oxo-5beta-cholan-24-oate	C24H37O4	-1	5	-9.1290	9.1290	389.5540	56449.2108	28	4	0	2	0.0645	9	4	3.3514	11	0
cpd00226	HYXN	C5H4N4O	0	28	-9.1060	9.1060	136.0000	0.4344	10	2	9	11	1.0000	0	0	-0.3538	7	0
cpd00135	Homocysteine	C4H9NO2S	0	38	-9.0850	9.0850	135.0000	0.9633	8	0	0	2	0.2857	1	3	-2.3333	8	0
cpd00844	2-Hydroxycyclohexan-1-one	C6H10O2	0	6	-9.0750	9.0750	114.0000	1.6343	8	1	0	0	0.0000	1	0	0.4904	5	0
cpd03640	6-Oxohexanoate	C6H9O3	-1	7	9.0750	9.0750	129.0000	0.3902	9	0	0	2	0.2500	0	5	-0.5044	5	0
cpd02595	p-Coumaroyl quinic acid	C16H17O8	-1	7	9.0640	9.0640	337.0000	2.0324	24	2	6	14	0.5600	4	4	-1.6862	16	0
cpd00319	L-Menthol	C10H20O	0	7	-9.0610	9.0610	156.0000	1.7556	11	1	0	0	0.0000	3	1	2.4395	7	0
cpd00152	Agmatine	C5H16N4	2	19	-9.0310	9.0310	132.0000	1.4395	9	0	0	3	0.3750	0	4	-3.3281	8	0
cpd00107	L-Leucine	C6H13NO2	0	25	-9.0270	9.0270	131.0000	0.5399	9	0	0	2	0.2500	1	3	-1.6071	8	0
cpd00342	N-Acetylornithine	C7H14N2O3	0	12	-8.9780	8.9780	174.0000	0.9345	12	0	0	4	0.3636	1	5	-2.7369	10	0
cpd24550	(+)-neoisomenthol	C10H20O	0	5	-8.9400	8.9400	156.0000	1.7556	11	1	0	0	0.0000	3	1	2.4395	6	0
cpd00351	Saccharopine	C11H19N2O6	-1	8	-8.9130	8.9130	275.0000	0.9269	19	0	0	6	0.3333	2	11	-6.2709	9	0
cpd20867	16-Oxo-palmitate	C16H29O3	-1	6	-8.9010	8.9010	270.0000	1.2676	19	0	0	2	0.1111	0	15	3.3966	5	0
cpd00428	2-Oxopropanal	C3H4O2	0	28	8.8780	8.8780	72.0000	0.4157	5	0	0	3	0.7500	0	1	-0.2257	4	0
cpd01735	Glucurone	C6H8O6	0	7	8.8690	8.8690	176.0000	0.5531	12	1	0	2	0.1667	4	2	-2.8066	9	0
cpd00320	D-Aspartate	C4H6NO4	-1	5	-8.8510	8.8510	132.0000	0.3693	9	0	0	4	0.5000	1	3	-4.5132	6	0
cpd00430	PACT	C8H8O2	0	12	8.8360	8.8360	136.0000	0.7413	10	1	6	9	0.9000	0	1	1.6119	6	0
cpd00296	dGMP	C10H12N5O7P	-2	5	-8.7910	8.7910	346.0000	16172.4172	23	3	9	12	0.4800	3	4	-2.8045	21	0
cpd02113	dTDP-rhamnose	C16H24N2O15P2	-2	8	8.7730	8.7730	546.0000	1.3330	35	3	6	8	0.2162	10	8	-3.6925	24	0
cpd00420	Testosterone	C19H28O2	0	10	-8.7680	8.7680	288.0000	56448.6642	21	4	0	3	0.1250	6	0	3.8792	10	0
cpd00132	L-Asparagine	C4H8N2O3	0	17	-8.7630	8.7630	132.0000	0.7007	9	0	0	4	0.5000	1	3	-3.7778	8	0
cpd00066	L-Phenylalanine	C9H11NO2	0	43	8.7550	8.7550	165.0000	0.7007	12	1	6	8	0.6667	1	3	-1.4105	8	0
cpd00853	DPG	C3H3O10P2	-5	6	-8.7490	8.7490	263.0000	0.5124	15	0	0	2	0.1429	1	6	-5.2045	9	0
cpd00322	L-Isoleucine	C6H13NO2	0	19	-8.7240	8.7240	131.0000	0.7007	9	0	0	2	0.2500	2	3	-1.6071	8	0
cpd00361	ACTN	C4H8O2	0	20	8.7180	8.7180	88.0000	0.3018	6	0	0	0	0.0000	1	1	-0.0438	5	0
cpd03345	5-Hydroxyindoleacetaldehyde	C10H9NO2	0	13	8.7130	8.7130	175.0000	1.2245	13	2	9	11	0.7857	0	2	1.6149	11	0
cpd22621	(3R)-3-hydroxy-stearoyl-CoA	C39H66N7O18P3S	-4	5	-8.6690	8.6690	1049.0000	2.5453	68	3	9	15	0.2143	8	35	1.3690	31	0
cpd00065	L-Tryptophan	C11H12N2O2	0	37	8.6340	8.6340	204.0000	0.5175	15	2	9	12	0.7500	1	3	-0.9292	12	0
cpd02067	3-Indoleglycolaldehyde	C10H9NO2	0	9	8.6300	8.6300	175.0000	1.0315	13	2	9	10	0.7143	1	2	1.4002	10	0
cpd05498	beta-Cryptoxanthin	C40H56O	0	5	-8.6200	8.6200	552.0000	5.2815	41	2	0	21	0.5000	1	10	11.5766	25	18
cpd00298	dTMP	C10H13N2O8P	-2	10	-8.6160	8.6160	321.0000	1.1237	21	2	6	8	0.3636	3	4	-2.6613	19	0
cpd00285	Phosphoethanolamine	C2H7NO4P	-1	7	-8.5990	8.5990	141.0000	0.5204	8	0	0	0	0.0000	0	3	-2.9264	7	0
cpd01889	4-Acetamidobutanoate	C6H10NO3	-1	6	-8.4970	8.4970	144.0000	0.4665	10	0	0	4	0.4444	0	4	-1.3474	8	0
cpd22622	16:1-delta9-CoA	C37H60N7O17P3S	-4	16	8.4920	8.4920	1003.0000	2.5648	65	3	9	15	0.2239	7	32	1.3940	32	0
cpd01487	alpha-D-Xylose	C5H10O5	0	11	-8.4590	8.4590	150.0000	0.3535	10	1	0	0	0.0000	4	0	-2.5823	5	0
cpd35301	keto-L-sorbose	C6H12O6	0	7	8.4220	8.4220	180.1570	0.5327	12	0	0	0	0.0000	3	5	-3.3772	6	0
cpd00433	(+)-Neomenthol	C10H20O	0	6	-8.3580	8.3580	156.0000	1.7556	11	1	0	0	0.0000	3	1	2.4395	7	0
cpd00405	Hexadecanal	C16H32O	0	13	-8.3510	8.3510	240.0000	1.3356	17	0	0	0	0.0000	0	14	5.6666	4	0
cpd09879	S-(Hydroxymethyl)glutathione	C11H18N3O7S	-1	6	8.3350	8.3350	336.0000	1.2481	22	0	0	8	0.3810	2	11	-5.8391	14	0
cpd00759	S-Formylglutathione	C11H16N3O7S	-1	6	-8.3350	8.3350	334.0000	1.5548	22	0	0	8	0.3810	2	11	-5.5987	13	0
cpd01495	Dehydroalanine	C3H5NO2	0	12	8.3130	8.3130	87.0000	0.3502	6	0	0	4	0.8000	0	1	-2.5081	6	0
cpd01758	N-Acetylputrescine	C6H15N2O	1	10	-8.2970	8.2970	131.0000	0.7369	9	0	0	2	0.2500	0	4	-0.8554	8	0
cpd00738	phosphoserine	C3H6NO6P	-2	9	-8.2630	8.2630	184.0000	0.2671	11	0	0	2	0.2000	1	4	-4.8079	10	0
cpd01257	L-Galactose	C6H12O6	0	6	8.2510	8.2510	180.0000	0.2701	12	1	0	0	0.0000	5	1	-3.2214	7	0
cpd24549	(+)-isomenthol	C10H20O	0	5	-8.2400	8.2400	156.0000	1.7556	11	1	0	0	0.0000	3	1	2.4395	6	0
cpd03844	alpha-Cellobiose	C12H22O11	0	5	8.1590	8.1590	342.0000	0.5421	23	2	0	0	0.0000	10	4	-5.3972	8	0
cpd02295	1-4-Dihydroxy-2-naphthoate	C11H7O4	-1	6	-8.1440	8.1440	203.0000	1.8621	15	2	10	16	1.0000	0	1	0.6145	8	0
cpd08265	(1R,2R,4S)-Iso-dihydrocarveol	C10H18O	0	5	-8.0970	8.0970	154.0000	1.7599	11	1	0	0	0.0000	3	1	2.3596	7	0
cpd03845	beta-Cellobiose	C12H22O11	0	8	8.0560	8.0560	342.0000	0.5002	23	2	0	0	0.0000	10	4	-5.3972	7	0
cpd01720	3-Ureidopropanoate	C4H7N2O3	-1	5	-8.0470	8.0470	131.0000	0.7955	9	0	0	5	0.6250	0	3	-2.2053	8	0
cpd40675	1-hexadecanoyl-N-(acetyl)-sphing-4-enine	C36H69NO4	0	9	-8.0110	8.0110	10000000.0000	2.7268	41	0	0	4	0.1000	2	31	10.1338	12	0
cpd03846	octanoate	C8H15O2	-1	17	-8.0090	8.0090	143.0000	0.5574	10	0	0	2	0.2222	0	6	1.0968	5	0
cpd01711	Isobutyrate	C4H7O2	-1	5	-7.9800	7.9800	87.0000	0.3230	6	0	0	2	0.4000	0	1	-0.6077	5	0
cpd00156	L-Valine	C5H11NO2	0	14	-7.9540	7.9540	117.0000	0.7007	8	0	0	2	0.2857	1	2	-1.9972	7	0
cpd00146	Carbamoylphosphate	CH2NO5P	-2	17	-7.9310	7.9310	140.0000	0.6978	8	0	0	3	0.4286	0	1	-2.0896	7	0
cpd00023	L-Glutamate	C5H8NO4	-1	297	-7.9110	7.9110	146.0000	0.2984	10	0	0	4	0.4444	1	4	-4.1231	6	0
cpd03607	4-(Phosphonooxy)-threonine	C4H8NO7P	-2	5	-7.8700	7.8700	214.0000	0.3888	13	0	0	2	0.1667	2	5	-5.4470	12	0
cpd22119	4-(Phosphonooxy)-L-threonine	C4H8NO7P	-2	5	-7.8700	7.8700	215.0000	0.3888	13	0	0	2	0.1667	2	5	-5.4470	12	0
cpd09688	1-Hexadecanoyl-2-(9Z-octadecenoyl)-sn-glycero-3-phosphocholine	C42H82NO8P	0	7	-7.8610	7.8610	759.0000	29276.1199	52	0	0	4	0.0784	2	39	11.1680	15	0
cpd40495	1-(9Z-octadecenoyl)-2-hexadecanoyl-sn-glycero-3-phosphocholine	C42H82NO8P	0	5	-7.8580	7.8580	10000000.0000	29276.1199	52	0	0	4	0.0784	2	39	11.1680	15	0
cpd00186	D-Glutamate	C5H8NO4	-1	13	-7.8540	7.8540	146.0000	0.5919	10	0	0	4	0.4444	1	4	-4.1231	6	0
cpd01260	Lauroyl-CoA	C33H54N7O17P3S	-4	33	-7.8520	7.8520	946.0000	2.2568	61	3	9	15	0.2381	7	29	0.0576	31	0
cpd01034	Toluol	C7H8	0	7	7.7970	7.7970	92.0000	0.6151	7	1	6	6	0.8571	0	0	1.9950	3	0
cpd01733	Ferulaldehyde	C10H10O3	0	11	7.7820	7.7820	178.0000	1.1800	13	1	6	12	0.9231	0	3	1.6129	10	0
cpd00299	dUMP	C9H11N2O8P	-2	12	-7.7810	7.7810	307.0000	1.0626	20	2	6	8	0.3810	3	4	-2.9697	18	0
cpd00345	5-Methyltetrahydrofolate	C20H23N7O6	-2	16	-7.7500	7.7500	457.0000	16173.3175	33	3	12	24	0.6857	2	9	-2.9271	23	0
cpd24293	protodeoxyviolaceinate	C21H14N3O2	-1	8	7.6940	7.6940	341.0000	2.2206	26	5	23	30	1.0000	0	3	3.6748	11	0
cpd24292	protoviolaceinate	C21H14N3O3	-1	6	-7.6940	7.6940	357.0000	2.3019	27	5	23	31	1.0000	0	3	3.3804	13	0
cpd00011	CO2	CO2	0	924	7.6440	7.6440	44.0000	0.7007	3	0	0	2	1.0000	0	0	-0.5835	2	0
cpd00911	6-phospho-D-glucono-1-5-lactone	C6H9O9P	-2	13	7.6360	7.6360	257.0000	0.3510	16	1	0	2	0.1250	4	3	-4.1602	12	0
cpd00067	H+	H	1	5598	7.6340	7.6340	1.0000	0.0000	0	0	0	0	0.0000	0	0	0.1125	1	0
cpd00037	UDP-N-acetylglucosamine	C17H25N3O17P2	-2	17	7.6120	7.6120	605.0000	1.4627	39	3	6	10	0.2439	11	10	-5.9139	25	0
cpd16244	MTAL	C4H8OS	0	6	7.5740	7.5740	0.0000	1.0142	6	0	0	0	0.0000	0	3	0.9384	6	0
cpd03662	n-Butanol	C4H10O	0	13	-7.5740	7.5740	74.0000	0.5738	5	0	0	0	0.0000	0	2	0.7788	4	0
cpd27216	hexanol	C6H14O	0	7	-7.5520	7.5520	102.0000	0.4531	7	0	0	0	0.0000	0	4	1.5590	4	0
cpd02528	UDP-4-oxo-6-deoxy-D-glucose	C15H20N2O16P2	-2	6	7.5500	7.5500	546.0000	1.3666	35	3	6	8	0.2162	10	8	-4.8219	24	0
cpd30321	beta-D-Fructose	C6H12O6	0	35	-7.5480	7.5480	180.0000	0.3013	12	1	0	0	0.0000	4	2	-3.2198	6	0
cpd19069	Phenylacetic acid	C8H7O2	-1	9	7.5380	7.5380	136.0000	0.7024	10	1	6	8	0.8000	0	2	-0.0210	6	0
cpd00819	L-Arabinono-1,4-lactone	C5H8O5	0	12	7.5270	7.5270	148.0000	0.4621	10	1	0	2	0.2000	3	1	-2.3741	7	0
cpd00705	L-2-Aminoadipate	C6H10NO4	-1	13	-7.4890	7.4890	160.0000	0.6707	11	0	0	4	0.4000	1	5	-3.7330	6	0
cpd01062	Geraniol	C10H18O	0	15	7.4840	7.4840	154.0000	1.0817	11	0	0	0	0.0000	0	4	2.6714	8	0
cpd00126	GMP	C10H12N5O8P	-2	12	-7.4730	7.4730	362.0000	16172.4781	24	3	9	12	0.4615	4	4	-3.8337	21	0
cpd03521	Dihydroneopterin phosphate	C9H12N5O7P	-2	5	-7.4640	7.4640	334.0000		22	2	6	10	0.4348	2	5	-3.6666	20	0
cpd00281	GABA	C4H9NO2	0	27	-7.4480	7.4480	103.0000	0.3878	7	0	0	2	0.3333	0	3	-2.2416	6	0
cpd00341	N-Carbamoylputrescine	C5H14N3O	1	8	-7.4210	7.4210	132.0000	0.9447	9	0	0	3	0.3750	0	4	-1.3232	8	0
cpd08264	(1R,2S,4S)- Neoiso-dihydrocarveol	C10H18O	0	5	-7.3960	7.3960	154.0000	1.7599	11	1	0	0	0.0000	3	1	2.3596	7	0
cpd01157	Chitobiose	C16H28N2O11	0	11	7.3950	7.3950	424.0000	1.1523	29	2	0	4	0.1333	10	6	-5.1096	14	0
cpd01627	alpha-L-Rhamnose	C6H12O5	0	5	-7.3780	7.3780	164.0000	0.2643	11	1	0	0	0.0000	5	0	-2.1938	6	0
cpd19019	L-Cystathionine	C7H14N2O4S	0	10	-7.3700	7.3700	222.0000	0.9743	14	0	0	4	0.3077	2	7	-5.1695	8	0
cpd19108	(-)-Linalool	C10H18O	0	6	7.3510	7.3510	154.0000	0.9239	11	0	0	0	0.0000	1	4	2.6698	7	0
cpd00663	Acrylyl-CoA	C24H34N7O17P3S	-4	20	7.3360	7.3360	818.0000	2.0142	52	3	9	18	0.3333	7	20	-3.6773	33	0
cpd00441	(CH3)3N	C3H10N	1	9	-7.3220	7.3220	60.0000	0.7007	4	0	0	0	0.0000	0	0	-1.2393	2	0
cpd00852	beta-Glucogallin	C13H16O10	0	26	7.3100	7.3100	332.0000	1.6184	23	2	6	12	0.5000	5	3	-2.2399	13	0
cpd00516	meso-2,6-Diaminopimelate	C7H14N2O4	0	7	-7.2690	7.2690	190.0000	0.7116	13	0	0	4	0.3333	2	6	-5.1225	7	0
cpd01234	Campesterol	C28H48O	0	8	7.2670	7.2670	400.0000	56449.0754	29	4	0	0	0.0000	9	5	7.6347	10	0
cpd00117	D-Alanine	C3H7NO2	0	37	-7.2420	7.2420	89.0000	0.3649	6	0	0	2	0.4000	1	1	-2.6333	6	0
cpd00035	L-Alanine	C3H7NO2	0	109	-7.2090	7.2090	89.0000	0.2771	6	0	0	2	0.4000	1	1	-2.6333	6	0
cpd28229	trans-2-hexenol	C6H12O	0	5	7.1960	7.1960	100.0000	0.4458	7	0	0	0	0.0000	0	3	1.3350	5	0
cpd03123	3-Oxohexanoyl-CoA	C27H40N7O18P3S	-4	7	7.1730	7.1730	876.0000	2.0494	56	3	9	15	0.2586	7	23	-3.1040	32	0
cpd01527	D-Xylonolactone	C5H8O5	0	8	7.1640	7.1640	148.0000	0.5167	10	1	0	2	0.2000	3	0	-2.3741	7	0
cpd08250	(1R,2R,4R)-Dihydrocarveol	C10H18O	0	5	-7.1390	7.1390	154.0000	1.7599	11	1	0	0	0.0000	3	1	2.3596	7	0
cpd15069	7-Methylxanthine	C6H6N4O2	0	6	-7.0950	7.0950	166.0000	0.7903	12	2	9	12	0.9231	0	0	-1.0501	10	0
cpd00144	UDPglucuronate	C15H19N2O18P2	-3	16	7.0940	7.0940	577.0000	1.2748	37	3	6	10	0.2564	11	9	-7.3001	23	0
cpd00472	UDPgalacturonate	C15H19N2O18P2	-3	8	7.0840	7.0840	577.0000	1.2938	37	3	6	10	0.2564	11	9	-7.3001	23	0
cpd27408	Linalools	C10H18O	0	5	7.0750	7.0750	154.0000	0.9239	11	0	0	0	0.0000	1	4	2.6698	7	0
cpd05264	beta-D-Glucuronic acid	C6H9O7	-1	9	-7.0710	7.0710	193.0000	0.2969	13	1	0	2	0.1538	5	1	-4.4638	9	0
cpd00211	Butyrate	C4H7O2	-1	19	-7.0690	7.0690	87.0000	0.7007	6	0	0	2	0.4000	0	2	-0.4636	5	0
cpd02535	2,3-Dihydroxy-3-methylvalerate	C6H11O4	-1	17	-7.0650	7.0650	147.0000	0.3811	10	0	0	2	0.2222	2	3	-1.7418	8	0
cpd00504	LL-2,6-Diaminopimelate	C7H14N2O4	0	6	-7.0590	7.0590	190.0000	0.7116	13	0	0	4	0.3333	2	6	-5.1225	6	0
cpd02024	Phosphonoacetaldehyde	C2H4O4P	-1	7	-7.0510	7.0510	122.0000	1.7489	7	0	0	0	0.0000	1	2	-1.2690	7	0
cpd11193	benzylacetate	C9H10O2	0	5	6.9850	6.9850	150.0000	0.7482	11	1	6	8	0.7273	0	2	1.7497	7	0
cpd02532	1-O,6-O-Digalloyl-beta-D-glucose	C20H20O14	0	6	6.9780	6.9780	484.0000	3.2018	34	3	12	24	0.6667	5	5	-1.2584	13	0
cpd00185	D-Arabinose	C5H10O5	0	8	6.9500	6.9500	150.0000	0.3690	10	1	0	0	0.0000	4	0	-2.5823	5	0
cpd00604	4-Coumarate	C9H7O3	-1	16	6.9490	6.9490	163.0000	0.7454	12	1	6	12	1.0000	0	2	0.1553	9	0
cpd03105	Acetol	C3H6O2	0	14	6.9370	6.9370	74.0000	0.1622	5	0	0	0	0.0000	0	1	-0.4323	5	0
cpd00091	UMP	C9H11N2O9P	-2	46	-6.9250	6.9250	323.0000	1.3540	21	2	6	8	0.3636	4	4	-3.9989	18	0
cpd15204	(S)-3-Hydroxyoctadecanoyl-CoA	C39H66N7O18P3S	-4	5	-6.8630	6.8630	1046.0000	2.5453	68	3	9	15	0.2143	8	35	1.3690	31	0
cpd00105	D-Ribose	C5H10O5	0	23	6.8530	6.8530	150.0000	0.3532	10	1	0	0	0.0000	4	1	-2.5823	7	0
cpd11203	Phenylglyoxylyl-CoA	C29H36N7O18P3S	-4	8	6.8400	6.8400	896.0000	2.0841	58	4	15	25	0.4098	7	21	-2.9804	34	0
cpd22007	3-dehydro-alpha-D-glucose	C6H10O6	0	5	-6.8220	6.8220	178.0000	0.4077	12	1	0	0	0.0000	4	1	-3.0132	9	0
cpd05262	galacturonate	C6H9O7	-1	10	-6.8060	6.8060	193.0000	0.2969	13	1	0	2	0.1538	5	1	-4.4638	9	0
cpd00399	Oleoyl-CoA	C39H64N7O17P3S	-4	51	6.7990	6.7990	1028.0000	2.6855	67	3	9	15	0.2174	7	34	2.1742	32	0
cpd02671	1-O,2-O,6-O-Trigalloyl-beta-D-glucose	C27H24O18	0	5	6.7950	6.7950	636.0000		45	4	18	36	0.7500	5	7	-0.2769	13	0
cpd16638	cis-octadec-9-enoyl-coa	C39H64N7O17P3S	-4	14	6.7930	6.7930	0.0000	2.6855	67	3	9	15	0.2174	7	34	2.1742	32	0
cpd25359	4alpha-hydroxymethyl-4beta-methyl-5alpha-cholesta-8-en-3beta-ol	C29H50O2	0	12	-6.7930	6.7930	430.0000	56449.4731	31	4	0	0	0.0000	8	6	7.1413	11	0
cpd02416	N-Acetyl-beta-D-glucosamine	C8H15NO6	0	10	-6.7780	6.7780	221.0000	0.5027	15	1	0	2	0.1333	5	2	-3.0776	12	0
cpd00041	L-Aspartate	C4H6NO4	-1	64	-6.7750	6.7750	132.0000	0.3041	9	0	0	4	0.5000	1	3	-4.5132	6	0
cpd16494	DL-Glyceryl 1-phosphate	C3H7O6P	-2	6	-6.7650	6.7650	171.0000	0.3047	10	0	0	0	0.0000	1	4	-2.8151	7	0
cpd01698	alpha-L-Arabinose	C5H10O5	0	5	-6.7600	6.7600	150.0000	0.3169	10	1	0	0	0.0000	4	1	-2.5823	6	0
cpd00589	D-Tagatose	C6H12O6	0	5	-6.7160	6.7160	180.0000	0.4316	12	1	0	0	0.0000	4	1	-3.2198	6	0
cpd02095	L-2,4-Diaminobutyrate	C4H11N2O2	1	6	-6.7150	6.7150	119.0000	0.6253	8	0	0	2	0.2857	1	3	-4.0212	7	0
cpd00082	D-Fructose	C6H12O6	0	58	6.7140	6.7140	180.0000	0.3013	12	1	0	0	0.0000	4	2	-3.2198	6	0
cpd02045	1-Hydroxy-2-naphthoate	C11H7O3	-1	6	-6.6880	6.6880	187.0000	1.5425	14	2	10	15	1.0000	0	1	0.9089	8	0
cpd00425	(CH3)2NH	C2H8N	1	10	-6.6770	6.6770	46.0000	0.7007	3	0	0	0	0.0000	0	0	-1.1906	2	0
cpd15642	tetradecanal	C14H28O	0	7	-6.6750	6.6750	212.0000	1.1515	15	0	0	0	0.0000	0	12	4.8864	4	0
cpd24657	1D-myo-inositol (1,2,3,4) tetrakisphosphate	C6H8O18P4	-8	8	-6.6710	6.6710	500.0000	2.0277	28	1	0	0	0.0000	6	8	-8.4226	7	0
cpd24652	1D-myo-inositol (1,2,3,6) tetrakisphosphate	C6H8O18P4	-8	10	-6.6710	6.6710	500.0000	2.0277	28	1	0	0	0.0000	6	8	-8.4226	7	0
cpd01507	3-Oxoadipyl-CoA	C27H37N7O20P3S	-5	5	6.6660	6.6660	905.0000	1.9673	58	3	9	17	0.2833	7	24	-5.3740	34	0
cpd00027	D-Glucose	C6H12O6	0	164	6.6530	6.6530	180.0000	0.1525	12	1	0	0	0.0000	5	1	-3.2214	7	0
cpd00712	2-Dehydropantoate	C6H9O4	-1	10	6.6410	6.6410	145.0000	1.2107	10	0	0	4	0.4444	0	3	-1.6761	8	0
cpd00138	D-Mannose	C6H12O6	0	12	6.6140	6.6140	180.0000	0.2538	12	1	0	0	0.0000	5	1	-3.2214	6	0
cpd00225	Benzaldehyde	C7H6O	0	19	6.6130	6.6130	106.0000	0.6233	8	1	6	8	1.0000	0	1	1.4991	4	0
cpd16126	5-keto-4-deoxyuronate	C6H7O6	-1	13	6.5680	6.5680	0.0000	0.3574	12	0	0	4	0.3636	2	5	-3.3838	8	0
cpd00910	Galactinol	C12H22O11	0	20	6.5650	6.5650	342.0000	1.8456	23	2	0	0	0.0000	11	3	-6.0104	7	0
cpd02361	4-Hydroxyphenylacetaldehyde	C8H8O2	0	17	6.5530	6.5530	136.0000	0.6915	10	1	6	7	0.7000	0	2	1.1336	7	0
cpd02398	Zymostenol	C27H46O	0	8	-6.5150	6.5150	386.0000	56449.3341	28	4	0	0	0.0000	7	5	7.5328	10	0
cpd00877	Lathosterol	C27H46O	0	12	-6.5010	6.5010	386.0000	56448.9962	28	4	0	0	0.0000	8	5	7.3887	11	0
cpd00424	Cystathionine	C7H14N2O4S	0	6	-6.4890	6.4890	222.0000	0.9743	14	0	0	4	0.3077	2	7	-5.1695	8	0
cpd08270	(1S,2R,4S)-Neo-dihydrocarveol	C10H18O	0	5	-6.4870	6.4870	154.0000	1.7599	11	1	0	0	0.0000	3	1	2.3596	8	0
cpd08685	Abietal	C20H30O	0	11	-6.4450	6.4450	286.0000	32837.9402	21	3	0	3	0.1304	4	2	5.3205	11	0
cpd27437	MANNOSE	C6H12O6	0	6	6.4420	6.4420	180.0000	0.2893	12	0	0	0	0.0000	4	5	-3.3788	6	0
cpd08251	(1R,2S,4R)-Neo-dihydrocarveol	C10H18O	0	5	-6.4340	6.4340	154.0000	1.7599	11	1	0	0	0.0000	3	1	2.3596	7	0
cpd00497	XMP	C10H11N4O9P	-2	7	6.4020	6.4020	363.0000	0.7882	24	3	9	12	0.4615	4	4	-4.1226	20	0
cpd01646	2-Isopropylmalate	C7H10O5	-2	8	-6.4000	6.4000	174.0000	0.4765	12	0	0	4	0.3636	1	4	-2.7366	8	0
cpd00876	3-Hydroxyisobutyrate	C4H7O3	-1	8	-6.3820	6.3820	103.0000	0.3163	7	0	0	2	0.3333	1	2	-1.6353	7	0
cpd01113	Hexanoate	C6H11O2	-1	10	-6.3670	6.3670	115.0000	0.3893	8	0	0	2	0.2857	0	4	0.3166	5	0
cpd00727	2-Phosphoglycolate	C2H2O6P	-3	7	-6.3490	6.3490	154.0000	0.3019	9	0	0	2	0.2500	0	3	-3.4184	8	0
cpd00085	beta-Alanine	C3H7NO2	0	31	-6.3270	6.3270	89.0000	1.2386	6	0	0	2	0.4000	0	2	-2.6317	6	0
cpd25136	1-16:0-2-18:2-phosphatidylethanolamine	C39H74NO8P	0	10	-6.2800	6.2800	715.0000	16903.4398	49	0	0	4	0.0833	2	37	9.4797	14	0
cpd00009	Phosphate	HO4P	-2	676	-6.2770	6.2770	96.0000	0.1789	5	0	0	0	0.0000	0	0	-2.1926	4	0
cpd00379	Glutarate	C5H6O4	-2	7	-6.2100	6.2100	130.0000	0.3617	9	0	0	4	0.5000	0	4	-2.3435	4	0
cpd00726	1,3-Propanediamine	C3H12N2	2	19	-6.2020	6.2020	76.0000	0.6496	5	0	0	0	0.0000	0	2	-2.1397	3	0
cpd00212	L-Sorbose	C6H12O6	0	7	6.1820	6.1820	180.0000	0.4316	12	1	0	0	0.0000	4	1	-3.2198	6	0
cpd03128	Decanoyl-CoA	C31H50N7O17P3S	-4	22	-6.1790	6.1790	918.0000	2.1557	59	3	9	15	0.2459	7	27	-0.7226	31	0
cpd00851	trans-4-Hydroxy-L-proline	C5H9NO3	0	10	-6.1570	6.1570	130.0000	2.0991	9	1	0	2	0.2222	2	1	-3.5671	9	0
cpd00934	Inositol 1,3,4,5-tetrakisphosphate	C6H8O18P4	-8	6	-6.1500	6.1500	496.0000	2.0277	28	1	0	0	0.0000	6	8	-8.4226	7	0
cpd00277	Deoxyguanosine	C10H13N5O4	0	12	-6.1400	6.1400	267.0000	16172.3670	19	3	9	12	0.5714	3	2	-1.6575	17	0
cpd02691	2-methyl-3-hydroxy-butyryl-CoA	C26H40N7O18P3S	-4	8	6.1290	6.1290	864.0000	1.9567	55	3	9	15	0.2632	9	21	-3.8464	32	0
cpd03710	trans-O-Hydroxybenzylidenepyruvate	C10H7O4	-1	7	6.1210	6.1210	191.0000	0.8408	14	1	6	14	1.0000	0	3	-0.2756	10	0
cpd00982	FADH2	C27H33N9O15P2	-2	119	6.1000	6.1000	785.0000		53	6	15	26	0.4483	10	13	-3.3372	34	0
cpd24270	(2E)-arachidoenoyl-CoA	C41H68N7O17P3S	-4	8	-6.0950	6.0950	1059.0000	2.8134	69	3	9	18	0.2535	7	36	2.9544	33	0
cpd00187	Methanamine	CH6N	1	20	-6.0700	6.0700	32.0000	0.7007	2	0	0	0	0.0000	0	0	-1.1419	1	0
cpd08680	Abietol	C20H32O	0	10	-6.0620	6.0620	288.0000	32837.9227	21	3	0	3	0.1304	4	2	5.1139	11	0
cpd00352	delta1-Piperideine-6-L-carboxylate	C6H8NO2	-1	10	-6.0570	6.0570	126.0000	1.2595	9	1	0	2	0.2222	1	1	-0.6404	7	0
cpd01879	3-Dehydrosphinganine	C18H38NO2	1	10	-6.0500	6.0500	300.0000	1.3429	21	0	0	0	0.0000	1	16	3.6396	8	0
cpd00496	D-Arabinono-1,4-lactone	C5H8O5	0	15	6.0400	6.0400	148.0000	0.4621	10	1	0	2	0.2000	3	1	-2.3741	7	0
cpd00652	D-Mucic acid	C6H8O8	-2	13	-6.0340	6.0340	208.0000	0.4060	14	0	0	4	0.3077	4	5	-6.0702	6	0
cpd03526	N-Succinyl-L-glutamate 5-semialdehyde	C9H11NO6	-2	6	-6.0330	6.0330	229.0000	0.6104	16	0	0	6	0.4000	1	8	-3.2697	8	0
cpd01059	Ferulate	C10H9O4	-1	9	-6.0320	6.0320	193.0000	1.1396	14	1	6	13	0.9286	0	3	0.1639	11	0
cpd00169	3-Phosphoglycerate	C3H4O7P	-3	20	-6.0240	6.0240	184.0000	0.1838	11	0	0	2	0.2000	1	4	-4.0575	10	0
cpd14533	22alpha-Hydroxy-5alpha-campestan-3-one	C28H48O2	0	7	-5.9870	5.9870	416.0000	56449.5773	30	4	0	0	0.0000	10	5	6.8936	11	0
cpd02693	3-Isopropylmalate	C7H10O5	-2	7	-5.9670	5.9670	174.0000	0.4700	12	0	0	4	0.3636	2	4	-2.8807	8	0
cpd00869	4-methylthio 2-oxobutyrate	C5H7O3S	-1	27	5.9650	5.9650	147.0000	1.0098	9	0	0	4	0.5000	0	4	-0.9415	8	0
cpd00666	Tartrate	C4H4O6	-2	5	-5.9570	5.9570	148.0000	0.3551	10	0	0	4	0.4444	2	3	-4.7920	5	0
cpd00163	UDP-xylose	C14H20N2O16P2	-2	9	5.9430	5.9430	534.0000	1.2587	34	3	6	8	0.2222	10	8	-5.4186	20	0
cpd00691	UDP-L-arabinose	C14H20N2O16P2	-2	5	5.9230	5.9230	534.0000	1.2424	34	3	6	8	0.2222	10	8	-5.4186	20	0
cpd00039	L-Lysine	C6H15N2O2	1	45	-5.9010	5.9010	147.0000	0.7493	10	0	0	2	0.2222	1	5	-3.2410	7	0
cpd32830	sucrose-3-lauroyl-4-isovalerate	C29H52O13	0	5	5.8970	5.8970	608.7220	1.7553	42	2	0	4	0.0930	9	19	0.6732	13	0
cpd02531	1-Linoleoylglycerophosphocholine	C26H50NO7P	0	6	-5.8800	5.8800	519.0000	29275.1609	35	0	0	2	0.0588	2	23	4.9118	16	0
cpd00482	2-Phospho-D-glycerate	C3H4O7P	-3	13	-5.8760	5.8760	184.0000	0.1922	11	0	0	2	0.2000	1	4	-4.0575	10	0
cpd00886	D-3-Amino-isobutanoate	C4H9NO2	0	5	-5.8730	5.8730	103.0000	0.3341	7	0	0	2	0.3333	1	2	-2.3857	7	0
cpd01450	Corticosterone	C21H30O4	0	5	5.8690	5.8690	346.0000	56448.5975	25	4	0	3	0.1071	7	2	2.6667	13	0
cpd02706	(E)-3,7-Dimethylocta-1,6-diene-3,8-diol	C10H18O2	0	5	5.8630	5.8630	170.0000	0.8111	12	0	0	0	0.0000	1	5	1.6422	9	0
cpd00795	(R)-2-Hydroxyglutarate	C5H6O5	-2	10	-5.8630	5.8630	146.0000	0.5810	10	0	0	4	0.4444	1	4	-3.3727	6	0
cpd00033	Glycine	C2H5NO2	0	118	-5.8600	5.8600	75.0000	0.3261	5	0	0	2	0.5000	0	1	-3.0218	5	0
cpd02748	1,2,3,6-Tetrakis-O-galloyl-beta-D-glucose	C34H28O22	0	5	5.8570	5.8570	788.0000	6.4163	56	5	24	48	0.8000	5	9	0.7046	13	0
cpd00339	5-Aminopentanoate	C5H11NO2	0	9	-5.8460	5.8460	117.0000	0.4101	8	0	0	2	0.2857	0	4	-1.8515	6	0
cpd03637	Zeaxanthin	C40H56O2	0	13	-5.8400	5.8400	568.0000	5.1894	42	2	0	21	0.4884	2	10	10.5474	26	18
cpd01974	4-Hydroxy-L-glutamate	C5H8NO5	-1	5	-5.8390	5.8390	162.0000	0.3756	11	0	0	4	0.4000	2	4	-5.1523	8	0
cpd00404	D-Ornithine	C5H13N2O2	1	6	-5.8150	5.8150	133.0000	0.7322	9	0	0	2	0.2500	1	4	-3.6311	7	0
cpd01573	(S)-2-Aminobutanoate	C4H9NO2	0	10	-5.8070	5.8070	103.0000	0.3341	7	0	0	2	0.3333	1	2	-2.2432	7	0
cpd00501	beta-D-Glucose 1-phosphate	C6H11O9P	-2	19	5.7990	5.7990	259.0000	0.3052	16	1	0	0	0.0000	5	3	-4.3684	11	0
cpd28037	RIBOSE	C5H10O5	0	17	5.7870	5.7870	150.0000	0.2422	10	0	0	0	0.0000	3	4	-2.7397	6	0
cpd08267	(1S,2S,4S)-Dihydrocarveol	C10H18O	0	5	-5.7840	5.7840	154.0000	1.7599	11	1	0	0	0.0000	3	1	2.3596	8	0
cpd02812	D-erythro-Isocitric acid	C6H5O7	-3	8	-5.7820	5.7820	189.0000	0.4922	13	0	0	6	0.5000	2	5	-5.3967	7	0
cpd00017	S-Adenosyl-L-methionine	C15H23N6O5S	1	34	-5.7630	5.7630	399.0000	23901.7823	27	3	9	13	0.4483	6	7	-3.9737	22	0
cpd01501	2-Methylcitrate	C7H7O7	-3	12	-5.7580	5.7580	203.0000	0.5311	14	0	0	6	0.4615	2	5	-5.0066	8	0
cpd00417	L-Lyxitol	C5H12O5	0	14	-5.7360	5.7360	152.0000	0.3266	10	0	0	0	0.0000	2	4	-2.9463	5	0
cpd00549	D-Lysine	C6H15N2O2	1	9	-5.7060	5.7060	147.0000	0.8983	10	0	0	2	0.2222	1	5	-3.2410	7	0
cpd03055	Imidazolone acetate	C5H5N2O3	-1	7	-5.6820	5.6820	141.0000		10	1	0	6	0.6000	0	2	-2.3453	9	0
cpd03125	(2E)-Hexenoyl-CoA	C27H40N7O17P3S	-4	14	5.6770	5.6770	860.0000	2.0804	55	3	9	18	0.3158	7	22	-2.5070	33	0
cpd00029	Acetate	C2H3O2	-1	192	-5.6670	5.6670	59.0000	0.2351	4	0	0	2	0.6667	0	0	-1.2438	4	0
cpd00036	Succinate	C4H4O4	-2	179	-5.6500	5.6500	116.0000	0.4423	8	0	0	4	0.5714	0	3	-2.7336	4	0
cpd01024	Methane	CH4	0	16	-5.6400	5.6400	16.0000	0.7007	1	0	0	0	0.0000	0	0	0.6361	1	0
cpd01182	Kynurenate	C10H6NO3	-1	16	-5.6370	5.6370	187.0000	1.1702	14	2	10	15	1.0000	0	1	-0.1084	10	0
cpd00470	N1-Acetylspermidine	C9H23N3O	2	10	-5.6350	5.6350	189.0000	1.5221	13	0	0	2	0.1667	0	8	-1.9019	10	0
cpd26821	D-Glucose	C6H12O6	0	10	5.6240	5.6240	180.0000	0.2893	12	0	0	0	0.0000	4	5	-3.3788	6	0
cpd00353	D-threo-Isocitric acid	C6H5O7	-3	22	-5.5980	5.5980	189.0000	0.4922	13	0	0	6	0.5000	2	5	-5.3967	7	0
cpd01834	MEK	C4H8O	0	5	5.5800	5.5800	72.0000	0.3143	5	0	0	0	0.0000	0	1	0.9854	4	0
cpd00918	2-Acetamido-5-oxopentanoate	C7H10NO4	-1	8	-5.5710	5.5710	172.0000	0.4928	12	0	0	4	0.3636	1	5	-1.7799	9	0
cpd25360	4alpha-formyl-4beta-methyl-5alpha-cholesta-8-en-3beta-ol	C29H48O2	0	14	-5.5660	5.5660	428.0000	56449.4858	31	4	0	0	0.0000	8	6	7.3479	12	0
cpd03121	3-Oxooctanoyl-CoA	C29H44N7O18P3S	-4	10	5.5570	5.5570	904.0000	2.0816	58	3	9	15	0.2500	7	25	-2.3238	32	0
cpd00550	D-Serine	C3H7NO3	0	9	-5.5480	5.5480	105.0000	0.6652	7	0	0	2	0.3333	1	2	-3.6609	7	0
cpd00919	Homocitrate	C7H7O7	-3	5	-5.5470	5.5470	203.0000	0.4954	14	0	0	6	0.4615	1	6	-4.8625	6	0
cpd08243	(+)-Linalool	C10H18O	0	10	5.5470	5.5470	154.0000	0.9239	11	0	0	0	0.0000	1	4	2.6698	7	0
cpd00161	L-Threonine	C4H9NO3	0	32	-5.5470	5.5470	119.0000	0.5361	8	0	0	2	0.2857	2	2	-3.2724	8	0
cpd00797	(R)-3-Hydroxybutanoate	C4H7O3	-1	8	-5.5330	5.5330	103.0000	0.5200	7	0	0	2	0.3333	1	2	-1.4928	7	0
cpd08254	(1S,2R,4R)-Neoiso-dihydrocarveol	C10H18O	0	5	-5.5280	5.5280	154.0000	1.7599	11	1	0	0	0.0000	3	1	2.3596	8	0
cpd01155	Cadaverine	C5H16N2	2	8	-5.5080	5.5080	104.0000	0.7569	7	0	0	0	0.0000	0	4	-1.3595	3	0
cpd01490	beta-D-Mannose	C6H12O6	0	5	-5.4870	5.4870	180.0000	0.2701	12	1	0	0	0.0000	5	1	-3.2214	6	0
cpd05170	Verbascose	C30H52O26	0	10	5.4640	5.4640	828.0000	1.5518	56	5	0	0	0.0000	24	14	-11.9230	8	0
cpd23288	3-(4-hydroxyphenyl)-3-keto-propanoyl-CoA	C30H38N7O19P3S	-4	6	-5.4560	5.4560	929.0000	2.0912	60	4	15	24	0.3810	7	22	-2.8847	34	0
cpd00930	imidazole acetol-phosphate	C6H7N2O5P	-2	7	5.4380	5.4380	219.0000	1.0194	14	1	5	5	0.3571	0	5	-1.6334	13	0
cpd19043	(S)-3-Hydroxyisobutyrate	C4H7O3	-1	6	-5.4290	5.4290	104.0000	0.2416	7	0	0	2	0.3333	1	2	-1.6353	7	0
cpd23287	3-(4-hydroxyphenyl)-3-hydroxy-propanoyl-CoA	C30H40N7O19P3S	-4	6	-5.3250	5.3250	931.0000	2.0167	60	4	15	22	0.3492	8	22	-3.0340	36	0
cpd00221	D-Lactate	C3H5O3	-1	31	-5.3190	5.3190	89.0000	0.5343	6	0	0	2	0.4000	1	1	-1.8829	6	0
cpd10408	Isobutyl alcohol	C4H10O	0	7	-5.3060	5.3060	74.0000	0.3602	5	0	0	0	0.0000	0	1	0.6347	4	0
cpd00159	L-Lactate	C3H5O3	-1	23	-5.3060	5.3060	89.0000	0.2238	6	0	0	2	0.4000	1	1	-1.8829	6	0
cpd24753	4,9-dimethyldodeca-2,4,6,8,10-pentaene-1,12-dial	C14H16O2	0	9	-5.2790	5.2790	216.0000	1.9230	16	0	0	13	0.8667	0	6	2.9454	13	10
cpd01258	L-Norvaline	C5H11NO2	0	5	-5.2600	5.2600	117.0000	0.3553	8	0	0	2	0.2857	1	3	-1.8531	7	0
cpd00340	2,5-Dioxopentanoate	C5H5O4	-1	8	5.2540	5.2540	129.0000	0.3589	9	0	0	4	0.5000	0	4	-1.7155	6	0
cpd02884	FAICAR	C10H13N4O9P	-2	6	5.2530	5.2530	365.0000	1.1837	24	2	5	11	0.4400	4	7	-3.9852	21	0
cpd00089	Glucose-1-phosphate	C6H11O9P	-2	58	5.2310	5.2310	259.0000	0.3052	16	1	0	0	0.0000	5	3	-4.3684	11	0
cpd00875	KDO	C8H13O8	-1	8	5.2210	5.2210	237.0000	0.3379	16	0	0	4	0.2667	4	7	-4.8686	9	0
cpd01577	2-Oxosuccinamate	C4H4NO4	-1	8	-5.1960	5.1960	130.0000	0.5318	9	0	0	6	0.7500	0	3	-2.8192	7	0
cpd03113	(S)-3-Hydroxyhexadecanoyl-CoA	C37H62N7O18P3S	-4	6	-5.1920	5.1920	1018.0000	2.4211	66	3	9	15	0.2206	8	33	0.5888	31	0
cpd26831	D-Xylose	C5H10O5	0	5	5.1850	5.1850	150.0000	0.3838	10	0	0	0	0.0000	3	4	-2.7397	6	0
cpd03559	Optal	C3H8O	0	10	-5.1800	5.1800	60.0000	0.7007	4	0	0	0	0.0000	0	1	0.3887	4	0
cpd00488	PGF2a	C20H33O5	-1	9	5.1790	5.1790	353.0000	2.0756	25	1	0	2	0.0800	5	12	1.7082	12	0
cpd00308	Malonate	C3H2O4	-2	14	-5.1600	5.1600	102.0000	0.3227	7	0	0	4	0.6667	0	2	-3.1237	4	0
cpd00010	CoA	C21H32N7O16P3S	-4	1172	-5.1570	5.1570	764.0000	1.8803	48	3	9	15	0.3000	7	18	-4.1933	30	0
cpd03052	Imidazole acetaldehyde	C5H6N2O	0	8	5.1560	5.1560	110.0000	0.9312	8	1	5	5	0.6250	0	2	0.1511	8	0
cpd00485	D-Mannose1-phosphate	C6H11O9P	-2	15	5.1480	5.1480	259.0000	0.3052	16	1	0	0	0.0000	5	3	-4.3684	11	0
cpd01419	Ureidoglycine	C3H7N3O3	0	8	-5.1320	5.1320	133.0000	0.8962	9	0	0	5	0.6250	1	2	-4.0274	8	0
cpd02448	2,4-Diaminopentanoate	C5H13N2O2	1	5	-5.1150	5.1150	133.0000	0.6103	9	0	0	2	0.2500	2	3	-3.6327	7	0
cpd02041	(S)-2-Hydroxyglutarate	C5H6O5	-2	7	-5.1080	5.1080	146.0000	0.7007	10	0	0	4	0.4444	1	4	-3.3727	6	0
cpd00579	Serotonin	C10H13N2O	1	21	-5.1030	5.1030	177.0000	1.2311	13	2	9	11	0.7857	0	2	0.6579	11	0
cpd00695	2-Oxoglutaramate	C5H6NO4	-1	20	-5.1020	5.1020	144.0000	0.6454	10	0	0	6	0.6667	0	4	-2.4291	7	0
cpd19042	L-erythro-4-Hydroxyglutamate	C5H8NO5	-1	14	-5.1000	5.1000	163.0000	0.3756	11	0	0	4	0.4000	2	4	-5.1523	8	0
cpd00448	D-Glyceraldehyde	C3H6O3	0	18	5.0940	5.0940	90.0000	0.3249	6	0	0	0	0.0000	1	2	-1.4615	5	0
cpd00412	Deoxyuridine	C9H12N2O5	0	9	-5.0780	5.0780	228.0000	1.0548	16	2	6	8	0.4706	3	2	-1.8227	14	0
cpd10516	Fe+3	Fe	3	11	5.0710	5.0710	56.0000	0.7007	1	0	0	0	0.0000	0	0	-0.0025	1	0
cpd10515	Fe+2	Fe	2	13	-5.0710	5.0710	56.0000	0.7007	1	0	0	0	0.0000	0	0	-0.0025	1	0
cpd25508	2-O-digalloyl-1,3,4,6-tetra-O-beta-D-galloylglucose	C48H35O30	-1	6	5.0640	5.0640	1092.0000	10.0877	78	7	36	72	0.8571	5	13	1.6845	15	0
cpd00013	NH3	H4N	1	534	-5.0610	5.0610	18.0000	0.2579	1	0	0	0	0.0000	0	0	0.3762	1	0
cpd00363	Ethanol	C2H6O	0	38	-5.0480	5.0480	46.0000	0.3365	3	0	0	0	0.0000	0	0	-0.0014	3	0
cpd01270	FMNH2	C17H21N4O9P	-2	22	-5.0430	5.0430	457.0000		31	3	6	15	0.4545	4	7	-2.5198	22	0
cpd00456	3-Hydroxybenzoate	C7H5O3	-1	9	-5.0280	5.0280	137.0000	0.6467	10	1	6	10	1.0000	0	1	-0.2443	7	0
cpd01629	beta-L-Arabinose	C5H10O5	0	6	-5.0240	5.0240	150.0000	0.3169	10	1	0	0	0.0000	4	1	-2.5823	6	0
cpd03608	4-Hydroxy-L-threonine	C4H9NO4	0	5	-5.0160	5.0160	135.0000	0.3625	9	0	0	2	0.2500	2	3	-4.3000	8	0
cpd01682	O-Acetylcarnitine	C9H17NO4	0	6	4.9980	4.9980	203.0000	23902.5628	14	0	0	4	0.3077	1	5	-1.2357	11	0
cpd00630	3-Oxoadipate	C6H6O5	-2	5	4.9980	4.9980	158.0000	0.4069	11	0	0	4	0.4000	0	5	-2.7744	5	0
cpd01535	Dodecanal	C12H24O	0	9	-4.9980	4.9980	184.0000	0.9680	13	0	0	0	0.0000	0	10	4.1062	4	0
cpd05274	Palmitoleic acid	C16H29O2	-1	9	4.9830	4.9830	253.0000	1.2464	18	0	0	2	0.1176	0	13	3.9936	6	0
cpd03372	Homoisocitrate	C7H7O7	-3	6	-4.9730	4.9730	203.0000	0.5005	14	0	0	6	0.4615	2	6	-5.0066	7	0
cpd02364	2-Oxo-5-guanidinopentanoate	C6H11N3O3	0	8	-4.9470	4.9470	173.0000	1.3235	12	0	0	7	0.6364	0	5	-4.2510	10	0
cpd02259	4-Hydroxybenzoylformate	C8H5O4	-1	6	-4.9350	4.9350	165.0000	0.6998	12	1	6	12	1.0000	0	2	-0.6752	8	0
cpd00184	Thymidine	C10H14N2O5	0	6	-4.9300	4.9300	242.0000	1.0637	17	2	6	8	0.4444	3	2	-1.5143	15	0
cpd00080	Glycerol-3-phosphate	C3H7O6P	-2	74	-4.9280	4.9280	171.0000	0.2492	10	0	0	0	0.0000	1	4	-2.8151	7	0
cpd27282	indole-3-glycol	C10H11NO2	0	5	4.9220	4.9220	177.0000		13	2	9	10	0.7143	1	2	1.1936	9	0
cpd09576	Paraxanthine	C7H8N4O2	0	5	-4.9090	4.9090	180.0000	0.9615	13	2	9	12	0.8571	0	0	-1.0397	10	0
cpd01599	Glutaconyl-1-CoA	C26H35N7O19P3S	-5	7	4.9050	4.9050	875.0000	2.0248	56	3	9	20	0.3448	7	22	-5.1671	35	0
cpd00475	Ribose 1-phosphate	C5H9O8P	-2	20	4.8970	4.8970	229.0000	0.3471	14	1	0	0	0.0000	4	3	-3.7293	11	0
cpd01680	N1-Acetylspermine	C12H31N4O	3	9	-4.8970	4.8970	247.0000	2.5318	17	0	0	2	0.1250	0	12	-2.9484	10	0
cpd00054	L-Serine	C3H7NO3	0	86	-4.8940	4.8940	105.0000	0.2728	7	0	0	2	0.3333	1	2	-3.6609	7	0
cpd01298	Aminoacetone	C3H8NO	1	12	4.8740	4.8740	74.0000	0.3590	5	0	0	0	0.0000	0	1	-1.1827	5	0
cpd01700	D-Citramalate	C5H6O5	-2	6	-4.8610	4.8610	146.0000	0.5753	10	0	0	4	0.4444	1	3	-3.3727	7	0
cpd11314	L-Sorbosonate	C6H9O7	-1	5	4.8450	4.8450	193.0000	0.4218	13	0	0	4	0.3333	3	5	-4.6196	8	0
cpd01892	4-Hydroxybenzoyl-CoA	C28H36N7O18P3S	-4	7	-4.8380	4.8380	884.0000	2.0007	57	4	15	24	0.4000	7	20	-2.8439	35	0
cpd08253	(1S,2S,4R)-Iso-dihydrocarveol	C10H18O	0	5	-4.8240	4.8240	154.0000	1.7599	11	1	0	0	0.0000	3	1	2.3596	8	0
cpd00546	Cortisol	C21H30O5	0	9	4.8200	4.8200	362.0000	56448.6810	26	4	0	3	0.1034	7	2	1.7816	15	0
cpd00566	Cortisone	C21H28O5	0	5	-4.8200	4.8200	360.0000	56448.7046	26	4	0	3	0.1034	6	2	1.9898	14	0
cpd00900	GDP-4-dehydro-D-rhamnose	C16H21N5O15P2	-2	17	4.8120	4.8120	585.0000	16172.5764	38	4	9	12	0.2927	10	8	-4.6567	27	0
cpd00524	2-Inosose	C6H10O6	0	8	-4.8020	4.8020	178.0000	1.7717	12	1	0	0	0.0000	5	0	-3.6264	5	0
cpd20873	9,10-Epoxy-18-hydroxystearate	C18H33O4	-1	5	4.8010	4.8010	314.0000	1.5996	22	1	0	2	0.0909	2	16	2.9574	8	0
cpd20874	9,10,18-Trihydroxystearate	C18H35O5	-1	5	-4.8010	4.8010	332.0000	1.2542	23	0	0	2	0.0909	2	17	1.9118	7	0
cpd26845	DEOXY-RIBOSE-1P	C5H9O7P	-2	9	4.8010	4.8010	214.0000	0.7249	13	1	0	0	0.0000	3	3	-2.7001	11	0
cpd03223	5,7,22,24(28)-Ergostatetraenol	C28H42O	0	6	4.7980	4.7980	394.0000	56449.4951	29	4	0	6	0.1875	7	4	7.2509	14	0
cpd02508	5-Dehydro-4-deoxy-D-glucuronate	C6H7O6	-1	16	-4.7910	4.7910	175.0000	0.7644	12	1	0	5	0.4167	3	1	-3.3094	9	0
cpd00260	Isocitrate	C6H5O7	-3	24	-4.7800	4.7800	189.0000	0.2742	13	0	0	6	0.5000	2	5	-5.3967	7	0
cpd00267	Sphingoid	C18H38NO2	1	25	4.7670	4.7670	300.0000	1.3201	21	0	0	0	0.0000	2	15	3.2074	8	0
cpd00180	Oxalate	C2O4	-2	12	-4.7590	4.7590	88.0000	0.7007	6	0	0	5	1.0000	0	0	-3.5138	3	0
cpd00047	Formate	CHO2	-1	90	-4.7520	4.7520	45.0000	0.3244	3	0	0	2	1.0000	0	0	-1.6339	3	0
cpd26629	alpha-L-galactose-1-phosphate	C6H11O9P	-2	5	4.7370	4.7370	260.0000	0.3052	16	1	0	0	0.0000	5	3	-4.3684	10	0
cpd14655	L-Galactose 1-phosphate	C6H11O9P	-2	5	4.7370	4.7370	259.0000	0.3052	16	1	0	0	0.0000	5	3	-4.3684	10	0
cpd25144	1-(9Z-octadecenoyl)-2-(9Z,12Z-octadecadienoyl)-sn-glycero-3-phosphoethanolamine	C41H76NO8P	0	6	4.7340	4.7340	741.0000	16903.6446	51	0	0	4	0.0800	2	38	10.0359	14	0
cpd25197	1-(9Z-octadecenoyl)-sn-glycero-3-phosphoethanolamine	C23H46NO7P	0	12	-4.7340	4.7340	479.0000	16902.1256	32	0	0	2	0.0645	2	23	3.6715	15	0
cpd41215	1',3'-bis-[1,2-di-(9Z,12Z-octadecadienoyl)-sn-glycero-3-phospho]-glycerol	C81H140O17P2	-2	8	4.7340	4.7340	10000000.0000	33807.4837	100	0	0	8	0.0808	5	74	21.5145	15	0
cpd41214	1'-[1,2-di-(9Z,12Z-octadecadienoyl)-sn-glycero-3-phospho]-3'-[1-(9Z,12Z-octadecadienoyl)-sn-glycero-3-phospho]-glycerol	C63H110O16P2	-2	10	-4.7340	4.7340	10000000.0000	33805.8920	81	0	0	6	0.0750	5	59	15.1501	15	0
cpd35523	1-14:0-2-lysophosphatidylcholine	C22H46NO7P	0	7	-4.7330	4.7330	467.5820	29274.9608	31	0	0	2	0.0667	2	21	3.7994	15	0
cpd41488	1-tetradecanoyl-2-(9Z,12Z-octadecadienoyl)-sn-glycero-3-phosphocholine	C40H76NO8P	0	5	4.7330	4.7330	10000000.0000	29275.9955	50	0	0	4	0.0816	2	36	10.1638	15	0
cpd00087	Tetrahydrofolate	C19H21N7O6	-2	44	-4.6900	4.6900	443.0000	16173.3074	32	3	12	24	0.7059	2	9	-2.9514	21	0
cpd19028	alpha-D-Ribose 5-phosphate	C5H9O8P	-2	15	-4.6550	4.6550	230.0000	0.3246	14	1	0	0	0.0000	4	3	-3.7293	11	0
cpd23049	1H-indole-3-ethanol, 5-hydroxy-	C10H11NO2	0	5	-4.6250	4.6250	177.0000	1.2348	13	2	9	11	0.7857	0	2	1.4083	11	0
cpd00130	L-Malate	C4H4O5	-2	54	-4.6240	4.6240	132.0000	0.2360	9	0	0	4	0.5000	1	3	-3.7628	6	0
cpd00137	Citrate	C6H5O7	-3	21	-4.5820	4.5820	189.0000	0.2729	13	0	0	6	0.5000	0	5	-5.2526	6	0
cpd03198	Melibiose	C12H22O11	0	7	4.5650	4.5650	342.0000	0.5454	23	2	0	0	0.0000	10	4	-5.3972	8	0
cpd00323	L-Pipecolate	C6H11NO2	0	8	-4.5520	4.5520	128.0000	2.1058	9	1	0	2	0.2222	1	1	-2.1478	7	0
cpd14659	L-Galactonate	C6H11O7	-1	7	-4.5330	4.5330	195.0000	0.3294	13	0	0	2	0.1667	4	5	-4.8278	7	0
cpd02187	Methacrylyl-CoA	C25H36N7O17P3S	-4	11	4.5310	4.5310	832.0000	2.0405	53	3	9	18	0.3273	7	20	-3.2872	33	0
cpd24263	3-oxo-arachidoyl-CoA	C41H68N7O18P3S	-4	5	-4.5300	4.5300	1075.0000	2.7249	70	3	9	15	0.2083	7	37	2.3574	32	0
cpd02312	5alpha-Pregnane-3,20-dione	C21H32O2	0	7	4.5290	4.5290	316.0000	56449.3055	23	4	0	0	0.0000	7	1	4.8034	9	0
cpd00139	Glycolate	C2H3O3	-1	27	-4.5280	4.5280	75.0000	0.3735	5	0	0	2	0.5000	0	1	-2.2714	5	0
cpd04533	Isoamyl alcohol	C5H12O	0	8	-4.5270	4.5270	88.0000	0.4011	6	0	0	0	0.0000	0	2	1.0248	5	0
cpd00193	APS	C10H12N5O10PS	-2	5	4.5130	4.5130	425.0000	0.5365	27	3	9	11	0.3793	5	6	-3.0105	22	0
cpd01335	Octanoyl-CoA	C29H46N7O17P3S	-4	24	-4.5010	4.5010	890.0000	2.0663	57	3	9	15	0.2542	7	25	-1.5028	31	0
cpd02246	CoM	C2H5O3S2	-1	21	-4.4840	4.4840	141.0000	16901.4215	7	0	0	0	0.0000	0	2	-0.5386	5	0
cpd02438	Methyl CoM	C3H7O3S2	-1	13	4.4840	4.4840	155.0000	16901.5411	8	0	0	0	0.0000	0	3	-0.1054	6	0
cpd00866	17alpha-Hydroxyprogesterone	C21H30O3	0	9	-4.4810	4.4810	330.0000	56448.8150	24	4	0	3	0.1111	6	1	3.8384	12	0
cpd00118	Putrescine	C4H14N2	2	34	-4.4570	4.4570	90.0000	0.7313	6	0	0	0	0.0000	0	3	-1.7496	3	0
cpd00745	Hydracrylic acid	C3H5O3	-1	10	-4.4550	4.4550	89.0000	0.7007	6	0	0	2	0.4000	0	2	-1.8813	6	0
cpd19030	(R)-2,3-Dihydroxy-3-methylbutanoate	C5H9O4	-1	8	-4.4450	4.4450	134.0000	0.3830	9	0	0	2	0.2500	1	2	-2.1319	7	0
cpd00871	D-Ribulose 1,5-bisphosphate	C5H8O11P2	-4	6	-4.4190	4.4190	308.0000	0.4720	18	0	0	0	0.0000	2	8	-5.0321	10	0
cpd00447	Betaine aldehyde	C5H12NO	1	19	4.4030	4.4030	102.0000	23902.5096	7	0	0	0	0.0000	0	2	-0.1085	5	0
cpd00822	O-Succinyl-L-homoserine	C8H12NO6	-1	10	-4.3790	4.3790	218.0000	0.6025	15	0	0	6	0.4286	1	7	-4.1898	9	0
cpd14937	(2E)-Octadecenoyl-CoA	C39H64N7O17P3S	-4	12	-4.3730	4.3730	1028.0000	2.6855	67	3	9	18	0.2609	7	34	2.1742	33	0
cpd00781	5-Dehydrogluconate	C6H9O7	-1	7	4.3490	4.3490	193.0000	0.3023	13	0	0	2	0.1667	3	5	-4.6196	8	0
cpd03597	Tyrosol	C8H10O2	0	7	4.3350	4.3350	138.0000	0.6648	10	1	6	7	0.7000	0	2	0.9270	7	0
cpd03228	3alpha,7alpha-Dihydroxy-5beta-cholestan-26-al	C27H46O3	0	5	4.3220	4.3220	418.0000	56449.3533	30	4	0	0	0.0000	11	6	5.6184	12	0
cpd02773	3alpha,7alpha-Dihydroxy-5beta-cholestanate	C27H45O4	-1	5	-4.3220	4.3220	433.0000	56449.3183	31	4	0	2	0.0588	11	6	4.1694	12	0
cpd00279	Acetoacetyl-CoA	C25H36N7O18P3S	-4	27	4.3150	4.3150	848.0000	1.8909	54	3	9	15	0.2679	7	21	-3.8842	32	0
cpd00176	2-keto-3-deoxygluconate	C6H9O6	-1	14	4.2890	4.2890	177.0000	0.7958	12	0	0	4	0.3636	2	5	-3.5904	9	0
cpd00072	D-fructose-6-phosphate	C6H11O9P	-2	40	4.2790	4.2790	259.0000	0.3043	16	1	0	0	0.0000	4	4	-4.3668	10	0
cpd00208	LACT	C12H22O11	0	11	4.2750	4.2750	342.0000	0.4048	23	2	0	0	0.0000	10	4	-5.3972	8	0
cpd02047	DOC	C21H30O3	0	6	4.2650	4.2650	330.0000	56448.7055	24	4	0	3	0.1111	6	2	3.6959	12	0
cpd26807	D-ARABINOSE	C5H10O5	0	5	4.2600	4.2600	150.0000	0.2422	10	0	0	0	0.0000	3	4	-2.7397	6	0
cpd24273	(2E)-cerotenoyl-CoA	C47H80N7O17P3S	-4	7	4.2600	4.2600	1143.0000	3.2308	75	3	9	18	0.2338	7	42	5.2950	33	0
cpd00157	Glycerone	C3H6O3	0	9	4.2490	4.2490	90.0000	0.5036	6	0	0	0	0.0000	0	2	-1.4599	4	0
cpd00162	Aminoethanol	C2H8NO	1	39	-4.2410	4.2410	62.0000	0.7808	4	0	0	0	0.0000	0	1	-1.7794	4	0
cpd14588	9,9'-Di-cis-zeta-carotene	C40H60	0	14	-4.2340	4.2340	540.0000	5.1233	40	0	0	13	0.3333	0	18	13.3860	22	14
cpd26581	cerotoyl-CoA	C47H82N7O17P3S	-4	8	-4.2290	4.2290	1145.0000	3.1859	75	3	9	15	0.1948	7	43	5.5190	31	0
cpd00449	Dihydrolipoamide	C8H17NOS2	0	15	-4.2200	4.2200	207.0000	1.7508	12	0	0	2	0.1818	1	7	1.6504	7	0
cpd00992	1,2-Ethanediol	C2H6O2	0	5	-4.2050	4.2050	62.0000	0.2610	4	0	0	0	0.0000	0	1	-1.0290	2	0
cpd19488	Palustradienal	C20H30O	0	9	-4.1950	4.1950	286.0000	32838.5059	21	3	0	3	0.1304	3	2	5.4646	11	0
cpd01734	D-Galactono-1,5-lactone	C6H10O6	0	5	-4.1310	4.1310	178.0000	0.4730	12	1	0	2	0.1667	4	1	-3.0132	7	0
cpd00693	D-Lactaldehyde	C3H6O2	0	15	4.0940	4.0940	74.0000	0.1735	5	0	0	0	0.0000	1	1	-0.4339	5	0
cpd00114	IMP	C10H11N4O8P	-2	22	-4.0860	4.0860	347.0000	0.5027	23	3	9	11	0.4400	4	4	-3.4159	20	0
cpd00334	L-Lactaldehyde	C3H6O2	0	20	4.0830	4.0830	74.0000	0.3313	5	0	0	0	0.0000	1	1	-0.4339	5	0
cpd00386	D-Malate	C4H4O5	-2	5	-4.0800	4.0800	132.0000	1.0075	9	0	0	4	0.5000	1	3	-3.7628	6	0
cpd14552	3-Keto-4-methylzymosterol	C28H44O	0	7	4.0790	4.0790	396.0000	56449.3850	29	4	0	0	0.0000	7	4	7.9071	10	0
cpd01709	2-Hydroxyglutarate	C5H6O5	-2	6	-4.0720	4.0720	146.0000	0.3284	10	0	0	4	0.4444	1	4	-3.3727	6	0
cpd02211	L-2-Amino-acetoacetate	C4H7NO3	0	9	4.0420	4.0420	117.0000	0.3450	8	0	0	2	0.2857	1	2	-3.0642	7	0
cpd19016	Ornithine	C5H13N2O2	1	13	-4.0320	4.0320	132.0000	0.6317	9	0	0	2	0.2500	1	4	-3.6311	7	0
cpd03130	(2E)-Octenoyl-CoA	C29H44N7O17P3S	-4	14	4.0170	4.0170	888.0000	2.1754	57	3	9	18	0.3051	7	24	-1.7268	33	0
cpd26609	sphing-4-enine-16-ceramide	C34H67NO3	0	6	-4.0110	4.0110	537.0000	2.6298	38	0	0	2	0.0541	2	30	9.5630	10	0
cpd00364	Chinone	C6H4O2	0	10	4.0040	4.0040	108.0000	2.3811	8	1	0	8	1.0000	0	0	0.2506	3	0
cpd01092	Allantoin	C4H6N4O3	0	7	-3.9990	3.9990	158.0000	1.5360	11	1	0	8	0.7273	1	1	-2.1798	7	0
cpd00898	Inositol 1,4-bisphosphate	C6H10O12P2	-4	6	3.9700	3.9700	338.0000	1.8204	20	1	0	0	0.0000	6	4	-6.1286	7	0
cpd00668	ALCTT	C5H7O4	-1	9	3.9660	3.9660	131.0000	0.4129	9	0	0	2	0.2500	1	2	-1.9237	7	0
cpd00154	Xylose	C5H10O5	0	13	3.9620	3.9620	150.0000	0.3535	10	1	0	0	0.0000	4	0	-2.5823	6	0
cpd02096	L-3-Amino-isobutyrate	C4H9NO2	0	5	-3.9550	3.9550	103.0000	0.3341	7	0	0	2	0.3333	1	2	-2.3857	7	0
cpd00400	Acrylate	C3H3O2	-1	10	3.9540	3.9540	71.0000	0.3939	5	0	0	4	1.0000	0	1	-1.0777	5	0
cpd01943	2,5-Diketocamphane	C10H14O2	0	6	-3.9360	3.9360	166.0000	48388.4599	12	2	0	0	0.0000	2	0	1.5807	7	0
cpd02180	(+)-exo-5-Hydroxycamphor	C10H16O2	0	5	3.9360	3.9360	168.0000	48388.3860	12	2	0	0	0.0000	3	0	1.3725	9	0
cpd00235	D-mannose-6-phosphate	C6H11O9P	-2	17	3.9350	3.9350	259.0000	0.2852	16	1	0	0	0.0000	5	3	-4.3684	10	0
cpd03119	3-Oxodecanoyl-CoA	C31H48N7O18P3S	-4	8	3.9050	3.9050	932.0000	2.1624	60	3	9	15	0.2419	7	27	-1.5436	32	0
cpd01123	Maleamate	C4H4NO3	-1	7	-3.8780	3.8780	114.0000	0.5287	8	0	0	7	1.0000	0	2	-2.2222	6	0
cpd02188	2-trans,6-trans-Farnesal	C15H24O	0	14	3.8690	3.8690	220.0000	1.7266	16	0	0	3	0.2000	0	7	4.6045	9	0
cpd00829	2-trans,6-trans-Farnesol	C15H26O	0	5	-3.8690	3.8690	222.0000	1.6594	16	0	0	0	0.0000	0	7	4.3979	8	0
cpd00374	Tyramine	C8H12NO	1	13	3.8560	3.8560	138.0000	0.7091	10	1	6	7	0.7000	0	2	0.1766	7	0
cpd00418	NO	NO	0	5	-3.8380	3.8380	30.0000	0.7007	2	0	0	0	0.0000	0	0	-0.4471	1	0
cpd00409	Androsterone	C19H30O2	0	5	-3.8240	3.8240	290.0000	56449.2146	21	4	0	0	0.0000	7	0	3.9591	10	0
cpd19006	alpha-D-Glucose 6-phosphate	C6H11O9P	-2	23	-3.8190	3.8190	260.0000	0.4518	16	1	0	0	0.0000	5	3	-4.3684	11	0
cpd00863	beta-D-Glucose 6-phosphate	C6H11O9P	-2	43	-3.8070	3.8070	259.0000	0.4518	16	1	0	0	0.0000	5	3	-4.3684	11	0
cpd19487	Palustradienol	C20H32O	0	9	-3.8050	3.8050	288.0000	32838.4909	21	3	0	3	0.1304	3	2	5.2580	10	0
cpd02484	Inositol 3-phosphate	C6H11O9P	-2	11	3.7900	3.7900	259.0000	1.7852	16	1	0	0	0.0000	6	2	-4.9816	7	0
cpd20870	18-Oxooleate	C18H31O3	-1	5	3.7820	3.7820	296.0000	1.4300	21	0	0	2	0.1000	0	16	3.9528	6	0
cpd20869	18-Hydroxyoleate	C18H33O3	-1	5	-3.7820	3.7820	298.0000	1.3955	21	0	0	2	0.1000	0	16	3.7462	7	0
cpd20876	22-Hydroxydocosanoate	C22H43O3	-1	6	-3.7810	3.7810	356.0000	1.8113	25	0	0	2	0.0833	0	21	5.5306	6	0
cpd20877	22-Oxo-docosanoate	C22H41O3	-1	7	3.7810	3.7810	354.0000	1.8187	25	0	0	2	0.0833	0	21	5.7372	5	0
cpd24939	eicosanal	C20H40O	0	7	3.7800	3.7800	296.0000	1.7049	21	0	0	0	0.0000	0	18	7.2270	4	0
cpd24932	1-eicosanol	C20H42O	0	7	-3.7800	3.7800	298.0000	1.7060	21	0	0	0	0.0000	0	18	7.0204	4	0
cpd26869	DIOH-ISOVALERATE	C5H9O4	-1	6	-3.7730	3.7730	134.0000	0.3830	9	0	0	2	0.2500	1	2	-2.1319	7	0
cpd02498	2,3-Dihydroxy-isovalerate	C5H9O4	-1	9	-3.7710	3.7710	133.0000	0.3830	9	0	0	2	0.2500	1	2	-2.1319	7	0
cpd00238	Sedoheptulose7-phosphate	C7H13O10P	-2	27	3.7680	3.7680	289.0000	0.4496	18	0	0	0	0.0000	4	8	-5.1633	10	0
cpd00074	S	S	0	5	-3.7480	3.7480	32.0000	0.0000	1	0	0	0	0.0000	0	0	0.6482	1	0
cpd00223	Glycerate	C3H5O4	-1	27	-3.7420	3.7420	105.0000	0.2380	7	0	0	2	0.3333	1	2	-2.9105	6	0
cpd00064	Ornithine	C5H13N2O2	1	46	-3.7390	3.7390	133.0000	1.0986	9	0	0	2	0.2500	1	4	-3.6311	7	0
cpd00326	Sinapoyl-CoA	C32H42N7O20P3S	-4	8	-3.7230	3.7230	970.0000	2.7752	63	4	15	28	0.4242	7	23	-2.4271	38	0
cpd03333	Sinapaldehyde	C11H12O4	0	5	3.7230	3.7230	208.0000	1.8938	15	1	6	13	0.8667	0	4	1.6215	10	0
cpd00245	Aniline	C6H7N	0	9	3.6880	3.6880	93.0000	0.7923	7	1	6	7	1.0000	0	0	1.2688	3	0
cpd00765	L-Gulonolactone	C6H10O6	0	7	3.6790	3.6790	178.0000	0.4781	12	1	0	2	0.1667	4	2	-3.0132	9	0
cpd03260	5beta-Pregnane-3,20-dione	C21H32O2	0	5	3.6790	3.6790	316.0000	56449.3055	23	4	0	0	0.0000	7	1	4.8034	9	0
cpd01170	Ergosterol	C28H44O	0	8	-3.6140	3.6140	396.0000	56449.4778	29	4	0	3	0.0938	8	4	7.3308	11	0
cpd36209	CPD-15709	C6H11O9P	-2	7	3.6100	3.6100	10000000.0000	0.2891	16	0	0	0	0.0000	3	7	-4.5242	10	0
cpd00401	Benzoyl-CoA	C28H36N7O17P3S	-4	30	3.6100	3.6100	868.0000	2.0156	56	4	15	23	0.3898	7	20	-2.5495	33	0
cpd00007	O2	O2	0	1765	3.6050	3.6050	32.0000	0.7007	2	0	0	0	0.0000	0	0	0.0670	1	0
cpd00237	Androstenedione	C19H26O2	0	15	-3.5990	3.5990	286.0000	56448.6642	21	4	0	3	0.1250	5	0	4.0874	9	0
cpd21454	(6E)-8-Oxolinalool	C10H16O2	0	5	3.5970	3.5970	168.0000	0.8952	12	0	0	3	0.2727	1	5	1.8488	10	0
cpd24367	1,2-(9Z,12Z-octadecadienoyl)-sn-glycero-3-phosphocholine	C44H80NO8P	0	6	3.5850	3.5850	781.0000	29276.3446	54	0	0	4	0.0755	2	38	11.2762	15	0
cpd02799	Methylisocitrate	C7H7O7	-3	9	-3.5660	3.5660	203.0000	0.5311	14	0	0	6	0.4615	2	5	-5.0066	8	0
cpd02258	4-Hydroxy-2-oxovalerate	C5H7O4	-1	5	3.5420	3.5420	131.0000	0.2439	9	0	0	4	0.5000	1	3	-1.9237	8	0
cpd00141	Propionate	C3H5O2	-1	14	-3.5400	3.5400	73.0000	0.6230	5	0	0	2	0.5000	0	1	-0.8537	5	0
cpd08289	1-deoxy-D-xylulose5-phosphate	C5H9O7P	-2	7	3.5120	3.5120	213.0000	0.2978	13	0	0	0	0.0000	2	5	-2.8575	10	0
cpd01398	Linoleoyl-CoA	C39H62N7O17P3S	-4	18	3.5110	3.5110	1026.0000	2.7870	67	3	9	15	0.2174	7	33	1.9502	32	0
cpd00718	Dihydroxyfumarate	C4H2O6	-2	6	-3.5060	3.5060	146.0000	0.5432	10	0	0	6	0.6667	1	3	-4.5838	6	0
cpd23281	(S)-3-Hydroxyisobutyric acid	C4H7O3	-1	6	-3.5000	3.5000	104.0000	0.2416	7	0	0	2	0.3333	1	2	-1.6353	7	0
cpd00227	L-Homoserine	C4H9NO3	0	10	-3.4950	3.4950	119.0000	0.9883	8	0	0	2	0.2857	1	3	-3.2708	8	0
cpd03115	(S)-3-Hydroxytetradecanoyl-CoA	C35H58N7O18P3S	-4	6	-3.4880	3.4880	990.0000	2.3052	64	3	9	15	0.2273	8	31	-0.1914	31	0
cpd04501	Sulcatone	C8H14O	0	5	-3.4860	3.4860	126.0000	0.7737	9	0	0	0	0.0000	0	3	2.3218	6	0
cpd01447	Benzoylformate	C8H5O3	-1	7	3.4810	3.4810	149.0000	0.6422	11	1	6	11	1.0000	0	2	-0.3808	6	0
cpd00454	Dinoprostone	C20H31O5	-1	7	-3.4790	3.4790	351.0000	2.1140	25	1	0	2	0.0800	4	12	1.9164	12	0
cpd00276	GLUM	C6H14NO5	1	12	3.4790	3.4790	180.0000	0.4296	12	1	0	0	0.0000	5	1	-3.9718	8	0
cpd00116	Methanol	CH4O	0	59	-3.4640	3.4640	32.0000	0.7007	2	0	0	0	0.0000	0	0	-0.3915	1	0
cpd00123	3-Methyl-2-oxobutanoate	C5H7O3	-1	38	-3.4190	3.4190	115.0000	0.3669	8	0	0	4	0.5714	0	2	-1.0386	6	0
cpd00540	BET	C5H11NO2	0	11	-3.3910	3.3910	117.0000	23902.5121	8	0	0	2	0.2857	0	2	-1.5575	6	0
cpd24610	1-(3-aminopropyl)-4-aminobutanal	C7H18N2O	2	6	3.3320	3.3320	144.0000	1.2796	10	0	0	0	0.0000	0	7	-1.8391	7	0
cpd00571	Glucarate	C6H8O8	-2	14	-3.3190	3.3190	208.0000	0.4060	14	0	0	4	0.3077	4	5	-6.0702	6	0
cpd09079	Decanal	C10H20O	0	5	-3.3090	3.3090	156.0000	0.7855	11	0	0	0	0.0000	0	8	3.3260	4	0
cpd01859	(2-Naphthyl)methanol	C11H10O	0	5	-3.3050	3.3050	158.0000	1.3842	12	2	10	11	0.8462	0	1	2.3321	5	0
cpd09801	2-Methylnaphthalene	C11H10	0	5	3.3050	3.3050	142.0000	1.3948	11	2	10	11	0.9167	0	0	3.1482	4	0
cpd05196	Docosanoate	C22H43O2	-1	6	-3.2950	3.2950	339.0000	1.8322	24	0	0	2	0.0870	0	20	6.5582	5	0
cpd00916	Ins(1,4,5)P3	C6H9O15P3	-6	8	3.2950	3.2950	417.0000	1.9031	24	1	0	0	0.0000	6	6	-7.2756	7	0
cpd00460	Sulfoacetaldehyde	C2H3O4S	-1	10	3.2930	3.2930	123.0000	16901.0713	7	0	0	0	0.0000	0	2	-1.2695	6	0
cpd00536	Oleate	C18H33O2	-1	73	3.2840	3.2840	281.0000	1.4277	20	0	0	2	0.1053	0	15	4.7738	6	0
cpd01861	(R)-1,2-Propanediol	C3H8O2	0	6	-3.2700	3.2700	76.0000	0.2421	5	0	0	0	0.0000	1	1	-0.6405	4	0
cpd00311	Guanosine	C10H13N5O5	0	14	-3.2650	3.2650	283.0000	16172.5786	20	3	9	12	0.5455	4	2	-2.6867	17	0
cpd25393	neoabietadienal	C20H30O	0	8	3.2570	3.2570	286.0000	32837.9824	21	3	0	3	0.1304	4	1	5.4646	11	0
cpd01647	2-Phenylacetamide	C8H9NO	0	8	3.2380	3.2380	135.0000	0.7461	10	1	6	8	0.8000	0	2	0.7144	6	0
cpd00867	Inositol 1-phosphate	C6H11O9P	-2	9	3.2380	3.2380	259.0000	1.7852	16	1	0	0	0.0000	6	2	-4.9816	7	0
cpd00480	2-Dehydro-D-gluconate	C6H9O7	-1	6	3.2360	3.2360	193.0000	0.7455	13	0	0	4	0.3333	3	5	-4.6196	8	0
cpd05497	Zeinoxanthin	C40H56O	0	6	3.2340	3.2340	552.0000	5.2390	41	2	0	19	0.4524	2	10	11.4325	27	18
cpd00458	Coniferol	C10H12O3	0	14	3.2280	3.2280	180.0000	1.1800	13	1	6	10	0.7692	0	3	1.4063	9	0
cpd27109	GLUCURONATE	C6H9O7	-1	6	3.2190	3.2190	194.0000	0.3176	13	0	0	2	0.1667	4	5	-4.6212	7	0
cpd19009	alpha-D-Mannose	C6H12O6	0	6	-3.2010	3.2010	180.0000	0.2701	12	1	0	0	0.0000	5	1	-3.2214	6	0
cpd03564	3-Oxopropionyl-CoA	C24H34N7O18P3S	-4	5	3.1860	3.1860	834.0000	1.9199	53	3	9	15	0.2727	7	21	-4.2743	32	0
cpd24261	(15Z)-tetracos-15-enal	C24H46O	0	5	3.1850	3.1850	350.0000	2.0495	25	0	0	0	0.0000	0	21	8.5634	5	0
cpd05238	Nervonic acid	C24H45O2	-1	5	-3.1850	3.1850	365.0000	1.9766	26	0	0	2	0.0800	0	21	7.1144	6	0
cpd15621	pentanal	C5H10O	0	5	3.1830	3.1830	86.0000	0.3451	6	0	0	0	0.0000	0	3	1.3755	4	0
cpd00597	Valerate	C5H9O2	-1	6	-3.1830	3.1830	101.0000	0.3127	7	0	0	2	0.3333	0	3	-0.0735	5	0
cpd00626	dTDPglucose	C16H24N2O16P2	-2	8	3.1820	3.1820	562.0000	1.2866	36	3	6	8	0.2105	10	9	-4.7201	22	0
cpd25391	neoabietadienol	C20H32O	0	9	-3.1580	3.1580	288.0000	32837.9631	21	3	0	3	0.1304	4	1	5.2580	10	0
cpd12862	Hydroxycinnamoyl-CoA	C30H40N7O18P3S	-4	9	3.1480	3.1480	0.0000		59	4	15	21	0.3387	8	22	-2.7396	34	0
cpd00836	S-Acetyldihydrolipoamide	C10H19NO2S2	0	9	3.1080	3.1080	249.0000	1.7783	15	0	0	2	0.1429	1	8	2.0003	10	0
cpd00249	Uridine	C9H12N2O6	0	18	-3.0930	3.0930	244.0000	0.9296	17	2	6	8	0.4444	4	2	-2.8519	14	0
cpd14589	7,9,7',9'-Tetra-cis-lycopene	C40H56	0	13	3.0880	3.0880	536.0000	5.4866	40	0	0	21	0.5385	0	16	12.9380	26	22
cpd24937	docosanal	C22H44O	0	5	3.0820	3.0820	324.0000	1.8899	23	0	0	0	0.0000	0	20	8.0072	4	0
cpd00259	D-Lyxulose	C5H10O5	0	13	3.0620	3.0620	150.0000	0.3902	10	1	0	0	0.0000	3	1	-2.5807	5	0
cpd00481	Isobutyryl-CoA	C25H38N7O17P3S	-4	14	-3.0210	3.0210	834.0000	1.9604	53	3	9	15	0.2727	7	20	-3.2073	32	0
cpd00395	L-Cysteate	C3H6NO5S	-1	5	-3.0110	3.0110	168.0000	16901.1079	10	0	0	2	0.2222	1	3	-4.1080	9	0
cpd09690	1-Hexadecanoyl-2-(9Z-octadecenoyl)-sn-glycero-3-phosphoethanolamine	C39H76NO8P	0	10	-3.0000	3.0000	717.0000	16903.4271	49	0	0	4	0.0833	2	38	9.7037	14	0
cpd00491	D-glucitol 6-phosphate	C6H13O9P	-2	15	-2.9380	2.9380	261.0000	0.4280	16	0	0	0	0.0000	4	7	-4.7324	8	0
cpd10162	(R)-3-Hydroxy-3-methyl-2-oxopentanoate	C6H9O4	-1	10	-2.9250	2.9250	145.0000	0.4124	10	0	0	4	0.4444	1	3	-1.5336	8	0
cpd03122	(S)-Hydroxyhexanoyl-CoA	C27H42N7O18P3S	-4	6	2.9150	2.9150	878.0000	2.0398	56	3	9	15	0.2586	8	23	-3.3122	31	0
cpd00284	6-Phospho-D-gluconate	C6H10O10P	-3	21	-2.9120	2.9120	274.0000	0.2880	17	0	0	2	0.1250	4	7	-5.9748	11	0
cpd16277	Fructoselysine 6-phosphate	C12H24N2O10P	-1	5	2.9060	2.9060	388.0000	1.2285	25	0	0	2	0.0833	4	14	-7.4224	17	0
cpd00061	Phosphoenolpyruvate	C3H2O6P	-3	38	-2.8910	2.8910	166.0000	0.1963	10	0	0	5	0.5556	0	3	-2.9047	9	0
cpd00526	Cholate	C24H39O5	-1	13	-2.8880	2.8880	407.0000	56449.1036	29	4	0	2	0.0625	11	4	2.1140	11	0
cpd02351	Glucosaminate	C6H13NO6	0	8	-2.8860	2.8860	195.0000	0.4115	13	0	0	2	0.1667	4	5	-5.5782	9	0
cpd07946	4-Hydroxybutyryl-CoA	C25H38N7O18P3S	-4	6	-2.8650	2.8650	850.0000	1.8772	54	3	9	15	0.2679	7	22	-4.0908	31	0
cpd00702	Estradiol	C18H24O2	0	11	-2.8600	2.8600	272.0000	32838.5970	20	4	6	7	0.3043	5	0	3.6092	12	0
cpd00362	Estrone	C18H22O2	0	13	2.8600	2.8600	270.0000	32838.5970	20	4	6	7	0.3043	4	0	3.8174	12	0
cpd03124	Hexanoyl-CoA	C27H42N7O17P3S	-4	27	-2.8580	2.8580	862.0000	1.9903	55	3	9	15	0.2632	7	23	-2.2830	31	0
cpd40680	2-(9Z,12Z-octadecadienoyl)-sn-glycero-3-phosphocholine	C26H50NO7P	0	7	-2.8430	2.8430	10000000.0000	29275.1632	35	0	0	2	0.0588	2	23	4.9118	16	0
cpd00079	D-glucose-6-phosphate	C6H11O9P	-2	37	2.8230	2.8230	259.0000	0.1543	16	1	0	0	0.0000	5	3	-4.3684	11	0
cpd14935	3-Oxostearoyl-CoA	C39H64N7O18P3S	-4	10	-2.8170	2.8170	1044.0000	2.5957	68	3	9	15	0.2143	7	35	1.5772	32	0
cpd00001	H2O	H2O	0	4874	-2.8110	2.8110	18.0000	0.1814	1	0	0	0	0.0000	0	0	-0.8247	1	0
cpd02961	Dihydroneopterin	C9H13N5O4	0	6	-2.7990	2.7990	255.0000		18	2	6	10	0.5263	2	3	-2.5196	16	0
cpd00136	4-Hydroxybenzoate	C7H5O3	-1	21	2.7890	2.7890	137.0000	0.6467	10	1	6	10	1.0000	0	1	-0.2443	7	0
cpd01499	2-Methylbutanal	C5H10O	0	7	2.7780	2.7780	86.0000	0.3840	6	0	0	0	0.0000	1	2	1.2314	5	0
cpd00413	Glutaryl-CoA	C26H37N7O19P3S	-5	9	-2.7730	2.7730	877.0000	1.9028	56	3	9	17	0.2931	7	23	-4.9431	33	0
cpd03058	17alpha-Hydroxypregnenolone	C21H32O3	0	8	2.7380	2.7380	332.0000	56448.8185	24	4	0	0	0.0000	7	1	3.6302	12	0
cpd02091	Imidazole pyruvate	C6H5N2O3	-1	6	2.7170	2.7170	153.0000	0.9648	11	1	5	9	0.8182	0	3	-1.7288	10	0
cpd03126	(2E)-Hexadecenoyl-CoA	C37H60N7O17P3S	-4	14	-2.7070	2.7070	1000.0000	2.5648	65	3	9	18	0.2687	7	32	1.3940	33	0
cpd00264	Spermidine	C7H22N3	3	22	-2.7060	2.7060	148.0000	1.5102	10	0	0	0	0.0000	0	7	-2.7961	5	0
cpd00752	6-Hydroxynicotinate	C6H4NO3	-1	6	2.6700	2.6700	138.0000	0.5683	10	1	6	10	1.0000	0	1	-1.2616	9	0
cpd00396	L-Rhamnose	C6H12O5	0	13	2.6660	2.6660	164.0000	0.3306	11	1	0	0	0.0000	5	0	-2.1938	6	0
cpd00642	L-Rhamnulose	C6H12O5	0	5	2.6440	2.6440	164.0000	0.3306	11	0	0	0	0.0000	3	4	-2.3496	6	0
cpd00070	Malonyl-CoA	C24H33N7O19P3S	-5	160	-2.6340	2.6340	849.0000	1.8560	54	3	9	17	0.3036	7	21	-5.7233	33	0
cpd21484	1-Keto-D-chiro-inositol	C6H10O6	0	5	-2.6010	2.6010	178.0000	1.7717	12	1	0	0	0.0000	5	0	-3.6264	5	0
cpd02434	1-Oleoylglycerophosphocholine	C26H52NO7P	0	17	-2.5980	2.5980	521.0000	29275.1409	35	0	0	2	0.0588	2	24	5.1358	16	0
cpd00728	4-Hydroxybutanoate	C4H7O3	-1	9	-2.5890	2.5890	103.0000	0.3867	7	0	0	2	0.3333	0	3	-1.4912	6	0
cpd24696	3-hydroxypropyl methyl sulfide	C4H10OS	0	5	2.5860	2.5860	106.0000	1.0165	6	0	0	0	0.0000	0	3	0.7318	6	0
cpd00044	3-phosphoadenylylsulfate	C10H11N5O13P2S	-4	5	-2.5840	2.5840	504.0000	1.3077	31	3	9	11	0.3333	5	8	-4.1575	23	0
cpd00242	H2CO3	CHO3	-1	25	-2.5370	2.5370	61.0000	0.2935	4	0	0	3	1.0000	0	0	-1.1123	4	0
cpd00909	1-Aminocyclopropane-1-carboxylate	C4H7NO2	0	6	-2.5300	2.5300	101.0000	1.6788	7	1	0	2	0.2857	0	1	-2.4892	6	0
cpd00312	Histamine	C5H10N3	1	8	-2.5110	2.5110	112.0000	0.9830	8	1	5	5	0.6250	0	2	-0.8059	8	0
cpd00904	DHA	C19H28O2	0	11	2.4770	2.4770	288.0000	56448.6545	21	4	0	0	0.0000	6	0	3.8792	11	0
cpd02851	AICAR	C9H13N4O8P	-2	7	-2.4670	2.4670	337.0000	1.0881	22	2	5	9	0.3913	4	5	-3.9713	20	0
cpd18011	L-Fucono-1,5-lactone	C6H10O5	0	5	2.4190	2.4190		0.4882	11	1	0	2	0.1818	4	0	-1.9856	8	0
cpd00751	L-Fucose	C6H12O5	0	7	-2.4190	2.4190	164.0000	0.4372	11	1	0	0	0.0000	5	0	-2.1938	7	0
cpd00802	D-fructose-1-phosphate	C6H11O9P	-2	9	2.4140	2.4140	259.0000	0.3281	16	1	0	0	0.0000	4	4	-4.3668	10	0
cpd00337	Hydrouracil	C4H6N2O2	0	6	2.3820	2.3820	114.0000	0.7955	8	1	0	5	0.6250	0	0	-0.7841	6	0
cpd03129	(2E)-Decenoyl-CoA	C31H48N7O17P3S	-4	17	2.3750	2.3750	916.0000	2.2562	59	3	9	18	0.2951	7	26	-0.9466	33	0
cpd00129	L-Proline	C5H9NO2	0	24	2.3730	2.3730	114.0000	1.3284	8	1	0	2	0.2500	1	1	-2.5379	7	0
cpd00224	L-Arabinose	C5H10O5	0	6	2.3560	2.3560	150.0000	0.3299	10	1	0	0	0.0000	4	0	-2.5823	5	0
cpd11932	D-Ribonate	C5H9O6	-1	5	-2.3550	2.3550	0.0000	0.2886	11	0	0	2	0.2000	3	4	-4.1887	7	0
cpd00520	2-Dehydro-3-deoxy-D-pentonate	C5H7O5	-1	8	2.3500	2.3500	147.0000	0.2268	10	0	0	4	0.4444	1	4	-2.9513	8	0
cpd19020	(S)(+)-Allantoin	C4H6N4O3	0	5	-2.3490	2.3490	158.0000	1.5360	11	1	0	8	0.7273	1	1	-2.1798	7	0
cpd01562	beta-L-Rhamnose	C6H12O5	0	6	2.3310	2.3310	164.0000	0.2643	11	1	0	0	0.0000	5	0	-2.1938	6	0
cpd00870	gamma-butyrobetaine	C7H15NO2	0	7	-2.3190	2.3190	145.0000	23902.5211	10	0	0	2	0.2222	0	4	-0.7773	7	0
cpd00324	MTTL	CH4S	0	14	-2.3120	2.3120	48.0000	0.8478	2	0	0	0	0.0000	0	0	0.5460	1	0
cpd24653	1D-myo-inositol (1,2,6) trisphosphate	C6H9O15P3	-6	6	-2.2840	2.2840	420.0000	1.9031	24	1	0	0	0.0000	6	6	-7.2756	7	0
cpd01454	Dihydrolipoate	C8H15O2S2	-1	6	-2.2840	2.2840	207.0000	1.7378	12	0	0	2	0.1818	1	7	0.9150	7	0
cpd14958	(R)-Lipoic acid	C8H13O2S2	-1	5	2.2840	2.2840	205.0000	1.7644	12	1	0	2	0.1667	1	5	1.4504	7	0
cpd23280	(S)-3-Hydroxy-2-methylpropionyl-CoA	C25H38N7O18P3S	-4	6	2.2840	2.2840	853.0000	1.8965	54	3	9	15	0.2679	8	21	-4.2349	32	0
cpd07586	4'-Hydroxyacetophenone	C8H8O2	0	7	-2.2530	2.2530	136.0000	0.7001	10	1	6	9	0.9000	0	1	1.5948	7	0
cpd03117	3-Oxododecanoyl-CoA	C33H52N7O18P3S	-4	8	2.2250	2.2250	960.0000	2.2556	62	3	9	15	0.2344	7	29	-0.7634	32	0
cpd03529	N4-Acetylaminobutanal	C6H11NO2	0	9	-2.2140	2.2140	129.0000	0.5033	9	0	0	2	0.2500	0	4	0.1016	7	0
cpd00348	D-Galactose 1-phosphate	C6H11O9P	-2	12	2.1940	2.1940	259.0000	0.3044	16	1	0	0	0.0000	5	3	-4.3684	10	0
cpd00393	Folate	C19H17N7O6	-2	5	2.1760	2.1760	439.0000	16173.2888	32	3	16	27	0.7941	1	9	-2.7142	22	0
cpd19047	(S)-2-Acetolactate	C5H7O4	-1	13	2.1730	2.1730	132.0000	0.4129	9	0	0	2	0.2500	1	2	-1.9237	7	0
cpd04535	3-Methylbut-2-enal	C5H8O	0	9	2.1720	2.1720	84.0000	0.5797	6	0	0	3	0.6000	0	1	1.1515	5	0
cpd00790	O-Acetyl-L-homoserine	C6H11NO4	0	6	-2.1520	2.1520	161.0000	0.5179	11	0	0	4	0.4000	1	4	-2.7000	10	0
cpd00408	Pantoate	C6H11O4	-1	7	2.1210	2.1210	147.0000	1.1424	10	0	0	2	0.2222	1	3	-1.8843	8	0
cpd00280	D-Galacturonate	C6H9O7	-1	10	2.1090	2.1090	193.0000	0.3831	13	1	0	2	0.1538	5	1	-4.4638	9	0
cpd00338	5-Aminolevulinate	C5H9NO3	0	10	2.1060	2.1060	131.0000	0.3523	9	0	0	2	0.2500	0	4	-2.6725	7	0
cpd00437	D-Tagaturonate	C6H9O7	-1	7	2.0990	2.0990	193.0000	0.3831	13	0	0	2	0.1667	3	5	-4.6196	8	0
cpd00119	L-Histidine	C6H9N3O2	0	20	-2.0900	2.0900	155.0000	0.9812	11	1	5	7	0.6364	1	3	-2.6874	11	0
cpd00833	N-Acetyl-D-glucosaminate	C8H14NO7	-1	7	-2.0680	2.0680	236.0000	0.4644	16	0	0	4	0.2667	4	6	-4.6840	11	0
cpd00857	Provitamin D3	C27H44O	0	14	-2.0560	2.0560	384.0000	56449.3574	28	4	0	3	0.0968	7	5	7.3088	10	0
cpd27436	D-mannitol, 1-(dihydrogenphosphate)	C6H13O9P	-2	13	-2.0500	2.0500	262.0000	0.3377	16	0	0	0	0.0000	4	7	-4.7324	8	0
cpd00650	Crotonyl-CoA	C25H36N7O17P3S	-4	30	2.0480	2.0480	832.0000	1.9486	53	3	9	18	0.3273	7	20	-3.2872	33	0
cpd00371	Propanal	C3H6O	0	15	2.0380	2.0380	58.0000	0.2017	4	0	0	0	0.0000	0	1	0.5953	4	0
cpd02305	HPL	C9H9O4	-1	5	2.0370	2.0370	181.0000	0.6544	13	1	6	9	0.6923	1	3	-0.9545	10	0
cpd00690	Sinapine	C16H24NO5	1	5	-2.0310	2.0310	310.0000	23904.0737	22	1	6	14	0.6364	0	7	1.6720	15	0
cpd00865	1-O-Sinapoyl-beta-D-glucose	C17H22O10	0	16	2.0310	2.0310	386.0000	1.9493	27	2	6	14	0.5000	5	6	-1.2343	16	0
cpd01882	Isovaleryl-CoA	C26H40N7O17P3S	-4	18	-2.0180	2.0180	848.0000	1.9846	54	3	9	15	0.2679	7	21	-2.8172	32	0
cpd00403	D-Mannonate	C6H11O7	-1	9	-2.0040	2.0040	195.0000	0.3294	13	0	0	2	0.1667	4	5	-4.8278	7	0
cpd27042	FRUCTURONATE	C6H9O7	-1	6	1.9970	1.9970	194.0000	0.3023	13	0	0	2	0.1667	3	5	-4.6196	7	0
cpd39877	N-(acetyl)-sphing-4-enine	C20H39NO3	0	29	-1.9880	1.9880	10000000.0000	1.4012	24	0	0	2	0.0870	2	16	4.1016	10	0
cpd01502	Citraconate	C5H4O4	-2	8	-1.9590	1.9590	128.0000	0.5753	9	0	0	7	0.8750	0	2	-2.5675	6	0
cpd02605	2-isopropyl-3-oxosuccinate	C7H8O5	-2	6	-1.9480	1.9480	172.0000	0.5352	12	0	0	6	0.5455	1	4	-2.6725	7	0
cpd00048	Sulfate	O4S	-2	6	-1.9290	1.9290	96.0000	0.5365	5	0	0	0	0.0000	0	0	-1.3380	3	0
cpd02465	tetrahydrodipicolinate	C7H7NO4	-2	13	-1.8590	1.8590	169.0000	0.9863	12	1	0	6	0.5000	1	2	-2.5203	7	0
cpd03375	3-Hydroxypropanoyl-CoA	C24H36N7O18P3S	-4	8	-1.8410	1.8410	836.0000	1.8532	53	3	9	15	0.2727	7	21	-4.4809	31	0
cpd00807	L-histidinol-phosphate	C6H11N3O4P	-1	7	-1.8360	1.8360	221.0000	1.0194	14	1	5	5	0.3571	1	5	-2.5920	13	0
cpd00594	Gulonate	C6H11O7	-1	9	-1.8250	1.8250	195.0000	0.3294	13	0	0	2	0.1667	4	5	-4.8278	7	0
cpd01307	D-Lyxitol	C5H12O5	0	6	1.8220	1.8220	152.0000	0.8024	10	0	0	0	0.0000	2	4	-2.9463	5	0
cpd03284	3-Sulfinopyruvate	C3H2O5S	-2	5	1.8190	1.8190	150.0000	23901.5348	9	0	0	4	0.5000	1	3	-2.8155	8	0
cpd00467	3-Sulfinoalanine	C3H6NO4S	-1	6	-1.8190	1.8190	152.0000	23901.5774	9	0	0	2	0.2500	2	3	-3.7741	9	0
cpd19024	(S)-Propane-1,2-diol	C3H8O2	0	9	1.8180	1.8180	76.0000	0.2421	5	0	0	0	0.0000	1	1	-0.6405	4	0
cpd02100	L-Xylulose 5-phosphate	C5H9O8P	-2	8	1.8180	1.8180	229.0000	0.2616	14	0	0	0	0.0000	2	6	-3.8851	9	0
cpd03116	(S)-3-Hydroxydodecanoyl-CoA	C33H54N7O18P3S	-4	6	-1.8090	1.8090	962.0000	2.1989	62	3	9	15	0.2344	8	29	-0.9716	31	0
cpd19003	Carnitine	C7H15NO3	0	5	-1.8060	1.8060	161.0000	23902.5144	11	0	0	2	0.2000	1	4	-1.8065	9	0
cpd00012	PPi	HO7P2	-3	26	-1.8060	1.8060	176.0000	0.2652	9	0	0	0	0.0000	1	2	-2.7076	6	0
cpd09084	Indolin-2-one	C8H7NO	0	7	1.8030	1.8030	133.0000	1.5108	10	2	6	9	0.8182	0	0	1.1812	7	0
cpd00484	p-Hydroxybenzaldehyde	C7H6O2	0	11	-1.7930	1.7930	122.0000	0.6763	9	1	6	9	1.0000	0	1	1.2047	6	0
cpd00106	Fumarate	C4H2O4	-2	62	-1.7850	1.7850	114.0000	0.2835	8	0	0	7	1.0000	0	2	-2.9576	4	0
cpd00122	N-Acetyl-D-glucosamine	C8H15NO6	0	20	1.7680	1.7680	221.0000	0.6133	15	1	0	2	0.1333	5	2	-3.0776	11	0
cpd00509	deoxyribose-1-phosphate	C5H9O7P	-2	7	1.7620	1.7620	213.0000	0.5446	13	1	0	0	0.0000	3	3	-2.7001	11	0
cpd14883	alpha-Linolenoyl-CoA	C39H60N7O17P3S	-4	5	1.7540	1.7540	1024.0000	2.9175	67	3	9	15	0.2174	7	32	1.7262	32	0
cpd03164	Chenodeoxycholoyl-CoA	C45H70N7O19P3S	-4	6	1.7540	1.7540	1138.0000	56449.8639	75	7	9	15	0.1852	17	23	0.5436	35	0
cpd01663	Chenodiol	C24H39O4	-1	8	-1.7540	1.7540	391.0000	56449.2161	28	4	0	2	0.0645	10	4	3.1432	12	0
cpd03850	Linolenate	C18H29O2	-1	6	-1.7540	1.7540	277.0000	1.5492	20	0	0	2	0.1053	0	13	4.3258	6	0
cpd00331	cis-Aconitate	C6H3O6	-3	19	-1.7470	1.7470	171.0000	0.3680	12	0	0	9	0.8182	0	4	-4.4474	6	0
cpd16331	trans-Zeatin riboside monophosphate	C15H20N5O8P	-2	6	-1.7040	1.7040	430.0000	1.0750	29	3	9	11	0.3548	4	8	-2.3587	22	0
cpd00527	Prostaglandin D2	C20H31O5	-1	7	-1.7000	1.7000	351.0000	2.1140	25	1	0	2	0.0800	4	12	1.9164	13	0
cpd00145	Hydroxypyruvate	C3H3O4	-1	26	1.6820	1.6820	103.0000	0.2746	7	0	0	4	0.6667	0	2	-2.7023	6	0
cpd03187	Oxalosuccinate	C6H3O7	-3	12	-1.6770	1.6770	187.0000	0.5639	13	0	0	8	0.6667	1	5	-5.1885	6	0
cpd00125	5-10-Methylenetetrahydrofolate	C20H21N7O6	-2	35	-1.6520	1.6520	455.0000	16173.1902	33	4	12	24	0.6667	2	7	-3.1913	23	0
cpd00843	Tartronate semialdehyde	C3H3O4	-1	8	1.6270	1.6270	103.0000	0.4836	7	0	0	2	0.3333	1	2	-2.7039	6	0
cpd02857	DAHP	C7H10O10P	-3	7	1.6220	1.6220	286.0000	0.3275	18	0	0	4	0.2353	3	8	-5.3765	13	0
cpd00262	Oxalyl-CoA	C23H31N7O19P3S	-5	5	-1.6190	1.6190	835.0000	1.9366	53	3	9	19	0.3455	7	19	-6.1134	33	0
cpd00522	dTDP-4-oxo-L-rhamnose	C16H22N2O15P2	-2	11	-1.6060	1.6060	544.0000	1.4726	35	3	6	8	0.2162	9	8	-3.4843	25	0
cpd01726	6-Acetyl-D-glucose	C8H14O7	0	5	1.5990	1.5990	222.0000	0.5054	15	1	0	2	0.1333	5	2	-2.6506	10	0
cpd00321	Feruloyl-CoA	C31H40N7O19P3S	-4	18	1.5970	1.5970	940.0000	2.3472	61	4	15	27	0.4219	7	22	-2.4357	38	0
cpd00817	D-Arabinose5-phosphate	C5H9O8P	-2	8	1.5650	1.5650	229.0000	0.4329	14	0	0	0	0.0000	3	6	-3.8867	10	0
cpd02597	cis-2-Methylaconitate	C7H5O6	-3	11	1.5590	1.5590	185.0000	0.7946	13	0	0	9	0.7500	0	4	-4.0573	6	0
cpd00434	4-Aminobutanal	C4H10NO	1	18	1.5580	1.5580	88.0000	0.3948	6	0	0	0	0.0000	0	3	-0.7926	5	0
cpd01217	Xanthosine	C10H12N4O6	0	11	-1.5570	1.5570	284.0000	0.8486	20	3	9	12	0.5455	4	2	-2.9756	16	0
cpd02526	N6-Dimethylallyladenine	C10H13N5	0	9	-1.5540	1.5540	203.0000	1.0905	15	2	9	11	0.6875	0	3	1.7310	12	0
cpd00314	D-Mannitol	C6H14O6	0	20	1.5530	1.5530	182.0000	0.3416	12	0	0	0	0.0000	4	5	-3.5854	4	0
cpd19001	alpha-D-Glucose	C6H12O6	0	85	-1.5400	1.5400	180.0000	0.2701	12	1	0	0	0.0000	5	1	-3.2214	7	0
cpd03120	(S)-Hydroxyoctanoyl-CoA	C29H46N7O18P3S	-4	6	1.5250	1.5250	906.0000	2.0210	58	3	9	15	0.2500	8	25	-2.5320	31	0
cpd00498	2-Aceto-2-hydroxybutanoate	C6H9O4	-1	16	1.5240	1.5240	145.0000	0.4124	10	0	0	2	0.2222	1	3	-1.5336	8	0
cpd02431	1-Pyrroline-5-carboxylate	C5H6NO2	-1	23	-1.4980	1.4980	112.0000	1.2135	8	1	0	2	0.2500	1	1	-1.0305	7	0
cpd24695	2-methyl-n-butanol	C5H12O	0	8	-1.4600	1.4600	88.0000	0.4011	6	0	0	0	0.0000	1	2	1.0248	5	0
cpd04167	TCE	C2HCl3	0	6	-1.4570	1.4570	130.0000	0.7007	5	0	0	0	0.0000	0	0	2.5017	3	0
cpd04661	Trichloroethanol	C2H3Cl3O	0	5	1.4570	1.4570	148.0000	0.6512	6	0	0	0	0.0000	0	0	1.3489	4	0
cpd02074	2-Oxo-6-aminocaproate	C6H11NO3	0	8	-1.4460	1.4460	145.0000	0.3926	10	0	0	4	0.4444	0	5	-2.2824	7	0
cpd00101	ribose-5-phosphate	C5H9O8P	-2	42	1.4080	1.4080	229.0000	0.2449	14	1	0	0	0.0000	4	3	-3.7293	11	0
cpd22923	2-dehydro-3-deoxy-L-arabinonate	C5H7O5	-1	6	-1.4060	1.4060	148.0000	0.5767	10	0	0	4	0.4444	1	4	-2.9513	8	0
cpd09027	5-Hydroxy-2-oxo-4-ureido-2,5-dihydro-1H-imidazole-5-carboxylate	C5H5N4O5	-1	5	-1.3990	1.3990	201.0000	1.9158	14	1	0	10	0.7143	1	1	-3.7851	11	0
cpd03237	3alpha,7alpha,12alpha-Trihydroxycoprostane	C27H48O3	0	5	1.3840	1.3840	420.0000	56449.2807	30	4	0	0	0.0000	11	5	5.4102	9	0
cpd03235	5beta-Cholestane-3alpha,7alpha-diol	C27H48O2	0	6	-1.3840	1.3840	404.0000	56449.3968	29	4	0	0	0.0000	10	5	6.4394	10	0
cpd09844	(3S)-3-Hydroxyadipyl-CoA	C27H39N7O20P3S	-5	7	1.3740	1.3740	907.0000	1.8969	58	3	9	17	0.2833	8	24	-5.5822	33	0
cpd00078	Succinyl-CoA	C25H35N7O19P3S	-5	47	-1.3570	1.3570	863.0000	1.9203	55	3	9	17	0.2982	7	22	-5.3332	33	0
cpd00200	4MOP	C6H9O3	-1	27	-1.3470	1.3470	129.0000	0.5399	9	0	0	4	0.5000	0	3	-0.6485	7	0
cpd01675	Methylmalonyl-CoA	C25H35N7O19P3S	-5	6	1.3460	1.3460	863.0000	2.0789	55	3	9	17	0.2982	8	21	-5.4773	34	0
cpd00025	H2O2	H2O2	0	449	-1.3420	1.3420	34.0000	0.7007	2	0	0	0	0.0000	0	0	0.0174	1	0
cpd00055	Formaldehyde	CH2O	0	69	1.3410	1.3410	30.0000	0.3359	2	0	0	0	0.0000	0	0	-0.1849	1	0
cpd00222	GLCN	C6H11O7	-1	10	-1.3400	1.3400	195.0000	0.7007	13	0	0	2	0.1667	4	5	-4.8278	7	0
cpd00201	10-Formyltetrahydrofolate	C20H21N7O7	-2	12	1.3390	1.3390	471.0000	16173.1969	34	3	12	26	0.7222	2	10	-3.4005	23	0
cpd00588	Sorbitol	C6H14O6	0	22	1.3320	1.3320	182.0000	0.3073	12	0	0	0	0.0000	4	5	-3.5854	4	0
cpd14532	22alpha-Hydroxy-campest-4-en-3-one	C28H46O2	0	5	-1.3270	1.3270	414.0000	56449.0448	30	4	0	3	0.0909	9	5	6.8137	12	0
cpd00346	L-Aspartate4-semialdehyde	C4H7NO3	0	17	1.3250	1.3250	117.0000	0.8841	8	0	0	2	0.2857	1	3	-3.0642	7	0
cpd00521	dTDP-4-oxo-6-deoxy-D-glucose	C16H22N2O15P2	-2	20	1.3240	1.3240	544.0000	1.4583	35	3	6	8	0.2162	9	8	-3.4843	25	0
cpd00641	L-Histidinol	C6H12N3O	1	7	-1.3210	1.3210	142.0000	0.9704	10	1	5	5	0.5000	1	3	-1.4450	10	0
cpd00120	Butyryl-CoA	C25H38N7O17P3S	-4	34	-1.3110	1.3110	834.0000	1.9292	53	3	9	15	0.2727	7	21	-3.0632	31	0
cpd00306	Xylitol	C5H12O5	0	16	1.3070	1.3070	152.0000	0.4104	10	0	0	0	0.0000	3	4	-2.9463	4	0
cpd00808	L-ribulose-5-phosphate	C5H9O8P	-2	5	1.2740	1.2740	229.0000	0.4273	14	0	0	0	0.0000	2	6	-3.8851	10	0
cpd00198	D-Xylulose5-phosphate	C5H9O8P	-2	16	1.2680	1.2680	229.0000	0.2905	14	0	0	0	0.0000	2	6	-3.8851	9	0
cpd01122	Linoleate	C18H31O2	-1	28	1.2620	1.2620	279.0000	1.4991	20	0	0	2	0.1053	0	14	4.5498	6	0
cpd00847	Ribose 1,5-bisphosphate	C5H8O11P2	-4	5	1.2560	1.2560	308.0000	0.5146	18	1	0	0	0.0000	4	5	-4.8763	11	0
cpd00050	FMN	C17H19N4O9P	-2	22	-1.2560	1.2560	455.0000		31	3	14	18	0.5455	3	7	-2.8706	21	0
cpd00288	D-Glucosamine phosphate	C6H13NO8P	-1	23	1.2530	1.2530	259.0000	0.5636	16	1	0	0	0.0000	5	3	-5.1188	12	0
cpd00203	1,3-Bisphospho-D-glycerate	C3H4O10P2	-4	11	-1.2490	1.2490	264.0000	0.2557	15	0	0	2	0.1429	1	5	-4.4355	9	0
cpd00996	Maleate	C4H2O4	-2	5	-1.2430	1.2430	114.0000	0.7007	8	0	0	7	1.0000	0	2	-2.9576	4	0
cpd02625	3-Hydroxy-L-1-pyrroline-5-carboxylate	C5H6NO3	-1	16	1.2370	1.2370	128.0000	1.2336	9	1	0	2	0.2222	2	1	-2.0597	9	0
cpd00435	Phenylcarbinol	C7H8O	0	11	1.2180	1.2180	108.0000	0.6233	8	1	6	6	0.7500	0	1	1.1789	4	0
cpd00190	beta-D-Glucose	C6H12O6	0	164	-1.2160	1.2160	180.0000	0.2701	12	1	0	0	0.0000	5	1	-3.2214	7	0
cpd00519	D-methylmalonyl-CoA	C25H35N7O19P3S	-5	10	-1.2060	1.2060	863.0000	2.0725	55	3	9	17	0.2982	8	21	-5.4773	34	0
cpd00171	D-Ribulose5-phosphate	C5H9O8P	-2	30	1.2020	1.2020	229.0000	0.2310	14	0	0	0	0.0000	2	6	-3.8851	10	0
cpd00196	Acetylphosphate	C2H3O5P	-2	17	-1.2000	1.2000	139.0000	0.2631	8	0	0	2	0.2857	0	1	-1.6218	7	0
cpd03671	D-Glucosamine1-phosphate	C6H13NO8P	-1	6	1.1940	1.1940	259.0000	0.6938	16	1	0	0	0.0000	5	3	-5.1188	12	0
cpd14516	5-Dehydroepisterol	C28H44O	0	6	-1.1840	1.1840	396.0000	56449.4336	29	4	0	3	0.0938	7	5	7.4749	11	0
cpd00891	L-methylmalonyl-CoA	C25H35N7O19P3S	-5	12	-1.1660	1.1660	863.0000	1.9669	55	3	9	17	0.2982	8	21	-5.4773	34	0
cpd01088	1-Octanal	C8H16O	0	11	-1.1620	1.1620	128.0000	0.7016	9	0	0	0	0.0000	0	6	2.5458	4	0
cpd03439	2-Hexaprenyl-6-methoxyphenol	C37H56O2	0	6	-1.1540	1.1540	532.0000	3.8077	39	1	6	8	0.2051	0	18	11.5420	13	0
cpd03114	3-Oxopalmitoyl-CoA	C37H60N7O18P3S	-4	9	-1.1480	1.1480	1016.0000	2.4736	66	3	9	15	0.2206	7	33	0.7970	32	0
cpd03279	Deoxyinosine	C10H12N4O4	0	13	-1.1470	1.1470	252.0000	0.6949	18	3	9	11	0.5500	3	2	-1.2397	16	0
cpd21005	7,9,9'-tricis-Neurosporene	C40H58	0	11	1.1470	1.1470	538.0000	5.2991	40	0	0	17	0.4359	0	17	13.1620	24	18
cpd00229	Glycolaldehyde	C2H4O2	0	19	1.1400	1.1400	60.0000	0.3944	4	0	0	0	0.0000	0	1	-0.8224	4	0
cpd24405	1-methyl-1-propanol	C4H10O	0	8	-1.1360	1.1360	74.0000	0.3382	5	0	0	0	0.0000	1	1	0.7772	4	0
cpd00914	Inositol 1,3,4-trisphosphate	C6H9O15P3	-6	7	-1.1150	1.1150	417.0000	1.9031	24	1	0	0	0.0000	6	6	-7.2756	7	0
cpd00213	Lipoamide	C8H15NOS2	0	12	1.1120	1.1120	205.0000	1.7508	12	1	0	2	0.1667	1	5	2.1858	7	0
cpd02733	Deoxycholate	C24H39O4	-1	7	-1.1040	1.1040	391.0000	56449.2161	28	4	0	2	0.0645	10	4	3.1432	10	0
cpd24484	3-methyl-4-trans-hydroxy-2-butenal	C5H8O2	0	8	1.0880	1.0880	100.0000	0.4954	7	0	0	3	0.5000	0	2	0.1239	7	0
cpd03346	5-Hydroxyindoleacetate	C10H8NO3	-1	6	1.0870	1.0870	190.0000	1.2226	14	2	9	13	0.8667	0	2	0.1659	12	0
cpd00489	4-Hydroxyphenylacetate	C8H7O3	-1	15	-1.0810	1.0810	151.0000	0.6540	11	1	6	9	0.8182	0	2	-0.3154	8	0
cpd00830	4-Hydroxy-2-oxoglutarate	C5H4O6	-2	7	1.0690	1.0690	160.0000	0.4529	11	0	0	6	0.6000	1	4	-4.1937	7	0
cpd00349	Sedoheptulose 1,7-bisphosphate	C7H12O13P2	-4	8	1.0670	1.0670	368.0000	0.4925	22	0	0	0	0.0000	4	10	-6.3103	10	0
cpd00164	Glucuronate	C6H9O7	-1	14	1.0590	1.0590	193.0000	0.4578	13	1	0	2	0.1538	5	1	-4.4638	9	0
cpd00330	Dihydrofolate	C19H19N7O6	-2	12	-1.0340	1.0340	441.0000	16173.1924	32	3	12	25	0.7353	1	9	-2.6594	22	0
cpd00098	Choline	C5H14NO	1	19	1.0190	1.0190	104.0000	23902.5354	7	0	0	0	0.0000	0	2	-0.3151	5	0
cpd03127	(2E)-Tetradecenoyl-CoA	C35H56N7O17P3S	-4	14	-0.9900	0.9900	972.0000	2.4522	63	3	9	18	0.2769	7	30	0.6138	33	0
cpd00287	3-Oxo-2-methylpropanoate	C4H5O3	-1	25	-0.9720	0.9720	101.0000	0.3163	7	0	0	2	0.3333	1	2	-1.4287	6	0
cpd19041	D-4-Hydroxy-2-oxoglutarate	C5H4O6	-2	9	0.9660	0.9660	162.0000	0.3780	11	0	0	6	0.6000	1	4	-4.1937	7	0
cpd00558	Spermine	C10H30N4	4	8	-0.9480	0.9480	206.0000	2.5191	14	0	0	0	0.0000	0	11	-3.8426	5	0
cpd00191	3-Oxopropanoate	C3H3O3	-1	22	0.9450	0.9450	87.0000	0.9997	6	0	0	2	0.4000	0	2	-1.6747	5	0
cpd24654	1D-myo-inositol (1,2,3) trisphosphate	C6H9O15P3	-6	11	-0.9370	0.9370	420.0000	1.9031	24	1	0	0	0.0000	6	6	-7.2756	7	0
cpd00210	Taurine	C2H7NO3S	0	13	-0.9140	0.9140	125.0000	16901.1445	7	0	0	0	0.0000	0	2	-2.2265	6	0
cpd24656	1D-myo-inositol (1,2) biphosphate	C6H10O12P2	-4	12	-0.9040	0.9040	340.0000	1.8204	20	1	0	0	0.0000	6	4	-6.1286	7	0
cpd19044	(S)-Methylmalonate semialdehyde	C4H5O3	-1	18	0.9000	0.9000	102.0000	0.2679	7	0	0	2	0.3333	1	2	-1.4287	6	0
cpd02069	3-Phosphonooxypyruvate	C3H2O7P	-3	8	-0.8670	0.8670	182.0000	0.2487	11	0	0	4	0.4000	0	4	-3.8493	9	0
cpd00236	D-Erythrose4-phosphate	C4H7O7P	-2	30	0.8670	0.8670	199.0000	0.4121	12	0	0	0	0.0000	2	5	-3.2476	10	0
cpd02097	L-Glutamyl 5-phosphate	C5H8NO7P	-2	6	-0.8210	0.8210	226.0000	0.4510	14	0	0	4	0.3077	1	5	-4.5011	11	0
cpd00100	Glycerol	C3H8O3	0	61	-0.8200	0.8200	92.0000	0.4540	6	0	0	0	0.0000	0	2	-1.6681	3	0
cpd00842	(S)-3-Hydroxybutyryl-CoA	C25H38N7O18P3S	-4	14	-0.8190	0.8190	850.0000	1.9058	54	3	9	15	0.2679	8	21	-4.0924	31	0
cpd00954	6-hydroxymethyl dihydropterin	C7H9N5O2	0	6	-0.7990	0.7990	195.0000	16173.0709	14	2	6	11	0.7333	0	1	-1.1576	14	0
cpd00040	Glyoxalate	C2HO3	-1	107	0.7900	0.7900	73.0000	0.3384	5	0	0	4	1.0000	0	1	-2.0648	4	0
cpd01504	3-Aminopropanal	C3H8NO	1	20	0.7770	0.7770	74.0000	0.6496	5	0	0	0	0.0000	0	2	-1.1827	5	0
cpd00022	Acetyl-CoA	C23H34N7O17P3S	-4	374	-0.7730	0.7730	806.0000	1.8707	51	3	9	15	0.2830	7	19	-3.8434	31	0
cpd00332	Mevalonic acid	C6H11O4	-1	11	-0.7670	0.7670	147.0000	0.3059	10	0	0	2	0.2222	1	4	-1.7402	8	0
cpd15136	trans-Zeatin riboside	C15H21N5O5	0	12	0.7610	0.7610	351.0000	1.0985	25	3	9	11	0.4074	4	6	-1.2117	18	0
cpd04385	Acetophenone	C8H8O	0	13	-0.7300	0.7300	120.0000	0.6490	9	1	6	8	0.8889	0	1	1.8892	5	0
cpd04386	Benzoyl acetate	C9H7O3	-1	7	0.7300	0.7300	163.0000	0.6510	12	1	6	10	0.8333	0	3	0.0093	7	0
cpd03043	3-Hydroxybutanoyl-CoA	C25H38N7O18P3S	-4	8	0.7230	0.7230	850.0000	1.8999	54	3	9	15	0.2679	8	21	-4.0924	32	0
cpd00573	L-Idonate	C6H11O7	-1	6	-0.7130	0.7130	195.0000	0.3294	13	0	0	2	0.1667	4	5	-4.8278	7	0
cpd02405	Cholesteryl-beta-D-glucoside	C33H56O6	0	9	-0.7120	0.7120	548.0000	56449.0733	39	5	0	0	0.0000	13	8	5.2129	15	0
cpd00559	Supraene	C30H50	0	5	0.7020	0.7020	410.0000	3.5053	30	0	0	0	0.0000	0	15	10.6050	8	0
cpd00776	Squalene 2,3-oxide	C30H50O	0	7	-0.7020	0.7020	426.0000	3.3572	31	1	0	0	0.0000	1	15	9.8162	11	0
cpd02060	(2E)-Dodecenoyl-CoA	C33H52N7O17P3S	-4	16	0.6830	0.6830	944.0000	2.3489	61	3	9	18	0.2857	7	28	-0.1664	33	0
cpd01011	Butanal	C4H8O	0	14	0.6820	0.6820	72.0000	0.5738	5	0	0	0	0.0000	0	2	0.9854	4	0
cpd00714	3-Hydroxypropanal	C3H6O2	0	5	0.6700	0.6700	74.0000	0.1905	5	0	0	0	0.0000	0	2	-0.4323	5	0
cpd00290	D-fructose-1,6-bisphosphate	C6H10O12P2	-4	7	0.6650	0.6650	338.0000	0.2585	20	1	0	0	0.0000	4	6	-5.5138	10	0
cpd02503	3-Hydroxyisobutyryl-CoA	C25H38N7O18P3S	-4	9	-0.6610	0.6610	850.0000	1.8965	54	3	9	15	0.2679	8	21	-4.2349	32	0
cpd11640	H2	H2	0	19	-0.6380	0.6380	2.0000	0.7007	0	0	0	0	0.0000	0	0	0.2460	1	0
cpd01042	p-Cresol	C7H8O	0	6	-0.6360	0.6360	108.0000	0.6648	8	1	6	7	0.8750	0	0	1.7006	5	0
cpd03285	3-Sulfopyruvate	C3H2O6S	-2	13	0.6330	0.6330	166.0000	16901.0850	10	0	0	4	0.4444	0	3	-3.1494	8	0
cpd00246	Inosine	C10H12N4O5	0	29	0.6260	0.6260	268.0000	0.3778	19	3	9	11	0.5238	4	2	-2.2689	16	0
cpd01237	Choloyl-CoA	C45H70N7O20P3S	-4	12	0.6190	0.6190	1154.0000	56449.7458	76	7	9	15	0.1829	18	23	-0.4856	34	0
cpd15132	Isopentenyl adenosine	C15H21N5O4	0	9	-0.6180	0.6180	335.0000	1.1435	24	3	9	11	0.4231	4	5	-0.1841	18	0
cpd00032	Oxaloacetate	C4H2O5	-2	90	0.6150	0.6150	130.0000	0.2518	9	0	0	6	0.7500	0	3	-3.5546	5	0
cpd12689	3-Oxotetradecanoyl-CoA	C35H56N7O18P3S	-4	9	0.5490	0.5490	988.0000	2.3598	64	3	9	15	0.2273	7	31	0.0168	32	0
cpd00722	O-Acetyl-L-serine	C5H9NO4	0	11	0.5400	0.5400	147.0000	0.7708	10	0	0	4	0.4444	1	3	-3.0901	9	0
cpd09206	5-Aminopentanal	C5H12NO	1	5	0.5330	0.5330	102.0000	0.4442	7	0	0	0	0.0000	0	4	-0.4025	5	0
cpd00453	1,2-Propanediol	C3H8O2	0	8	-0.5290	0.5290	76.0000	0.4440	5	0	0	0	0.0000	1	1	-0.6405	4	0
cpd00024	2-Oxoglutarate	C5H4O5	-2	365	-0.5270	0.5270	144.0000	0.3119	10	0	0	6	0.6667	0	4	-3.1645	5	0
cpd00086	Propionyl-CoA	C24H36N7O17P3S	-4	60	0.5260	0.5260	820.0000	2.0360	52	3	9	15	0.2778	7	20	-3.4533	31	0
cpd00508	3MOP	C6H9O3	-1	29	0.5180	0.5180	129.0000	0.3946	9	0	0	4	0.5000	1	3	-0.6485	7	0
cpd00060	L-Methionine	C5H11NO2S	0	44	-0.4980	0.4980	149.0000	1.0004	9	0	0	2	0.2500	1	4	-1.9001	9	0
cpd03737	2-Oxovalerate	C5H7O3	-1	8	-0.4780	0.4780	115.0000	1.0210	8	0	0	4	0.5714	0	3	-0.8945	6	0
cpd04534	3-Methylbutanal	C5H10O	0	8	0.4630	0.4630	86.0000	0.3840	6	0	0	0	0.0000	0	2	1.2314	5	0
cpd00269	2-Oxoadipate	C6H6O5	-2	17	-0.4630	0.4630	158.0000	0.5201	11	0	0	6	0.6000	0	5	-2.7744	5	0
cpd10719	D-Carnitine	C7H15NO3	0	7	-0.4480	0.4480	161.0000	23902.5944	11	0	0	2	0.2000	1	4	-1.8065	9	0
cpd40671	2-(9Z-octadecenoyl)-sn-glycero-3-phosphocholine	C26H52NO7P	0	5	0.4410	0.4410	10000000.0000	29275.1446	35	0	0	2	0.0588	2	24	5.1358	16	0
cpd19031	N-Acetyl-alpha-D-glucosamine 1-phosphate	C8H14NO9P	-2	7	-0.4280	0.4280	301.0000	0.5855	19	1	0	2	0.1053	5	4	-4.2246	15	0
cpd00266	Carnitine	C7H15NO3	0	35	-0.4240	0.4240	161.0000	23902.5371	11	0	0	2	0.2000	1	4	-1.8065	9	0
cpd02345	L-Glutamate1-semialdehyde	C5H9NO3	0	5	0.4160	0.4160	131.0000	0.3404	9	0	0	2	0.2500	1	4	-2.6741	7	0
cpd11215	cis-Zeatin	C10H13N5O	0	6	-0.4150	0.4150	219.0000	1.0464	16	2	9	11	0.6471	0	4	0.7034	14	0
cpd15153	cis-Zeatin riboside	C15H21N5O5	0	6	0.4150	0.4150	351.0000	1.0985	25	3	9	11	0.4074	4	6	-1.2117	18	0
cpd00095	Glycerone-phosphate	C3H5O6P	-2	89	0.3970	0.3970	169.0000	0.1342	10	0	0	0	0.0000	0	4	-2.6069	8	0
cpd00743	L-Citramalyl-CoA	C26H37N7O20P3S	-5	6	-0.3820	0.3820	893.0000	1.9097	57	3	9	17	0.2881	8	22	-5.9723	34	0
cpd00815	2-Oxo-5-aminovalerate	C5H9NO3	0	7	-0.3640	0.3640	131.0000	0.3523	9	0	0	4	0.5000	0	4	-2.6725	7	0
cpd01046	Allysine	C6H11NO3	0	14	-0.3630	0.3630	145.0000	0.3803	10	0	0	2	0.2222	1	5	-2.2840	7	0
cpd24655	1D-myo-inositol (2) monophosphate	C6H11O9P	-2	10	-0.3620	0.3620	260.0000	1.7852	16	1	0	0	0.0000	6	2	-4.9816	7	0
cpd00178	Acetone	C3H6O	0	9	-0.3280	0.3280	58.0000	0.5010	4	0	0	0	0.0000	0	0	0.5953	3	0
cpd02569	2-Oxo-3-hydroxyisovalerate	C5H7O4	-1	9	-0.2990	0.2990	131.0000	0.4129	9	0	0	4	0.5000	0	2	-1.9237	7	0
cpd02143	D-Galactono-1,4-lactone	C6H10O6	0	5	0.2900	0.2900	178.0000	0.4165	12	1	0	2	0.1667	4	2	-3.0132	8	0
cpd00094	2-Oxobutyrate	C4H5O3	-1	50	0.2800	0.2800	101.0000	0.8198	7	0	0	4	0.6667	0	2	-1.2846	6	0
cpd00071	Acetaldehyde	C2H4O	0	76	0.2780	0.2780	44.0000	0.2929	3	0	0	0	0.0000	0	0	0.2052	3	0
cpd01150	Acrylamide	C3H5NO	0	5	0.2640	0.2640	71.0000	0.5912	5	0	0	4	1.0000	0	1	-0.3423	5	0
cpd01607	L-Rhamnofuranose	C6H12O5	0	6	-0.2630	0.2630	164.0000	0.3457	11	1	0	0	0.0000	5	1	-2.1938	7	0
cpd03530	L-4-Hydroxyglutamatesemialdehyde	C5H9NO4	0	6	0.2220	0.2220	147.0000	0.3301	10	0	0	2	0.2222	2	4	-3.7033	9	0
cpd16343	Behenoyl-CoA	C43H74N7O17P3S	-4	10	0.2130	0.2130	1086.0000	2.8914	71	3	9	15	0.2055	7	39	3.9586	31	0
cpd00858	L-Glutamate5-semialdehyde	C5H9NO3	0	25	0.2120	0.2120	131.0000	0.3404	9	0	0	2	0.2500	1	4	-2.6741	7	0
cpd00015	FAD	C27H31N9O15P2	-2	121	0.1990	0.1990	783.0000		53	6	23	29	0.5000	9	13	-3.6880	30	0
cpd02089	5-Oxopentanoate	C5H7O3	-1	5	0.1700	0.1700	115.0000	0.3189	8	0	0	2	0.2857	0	4	-0.8945	5	0
cpd00383	Shikimate	C7H9O5	-1	28	-0.1550	0.1550	173.0000	1.4961	12	1	0	4	0.3333	3	1	-2.8509	8	0
cpd00302	Zeatin	C10H13N5O	0	12	-0.1450	0.1450	219.0000	1.0464	16	2	9	11	0.6471	0	4	0.7034	14	0
cpd00760	2-Methylbutyryl-CoA	C26H40N7O17P3S	-4	19	0.1340	0.1340	848.0000	1.9846	54	3	9	15	0.2679	8	21	-2.8172	32	0
cpd00142	Acetoacetate	C4H5O3	-1	22	-0.1340	0.1340	101.0000	0.4732	7	0	0	2	0.3333	0	2	-1.2846	6	0
cpd00102	Glyceraldehyde3-phosphate	C3H5O6P	-2	68	-0.1310	0.1310	169.0000	0.1593	10	0	0	0	0.0000	1	4	-2.6085	9	0
cpd01831	4-Imidazoleacetate	C5H5N2O2	-1	6	0.1290	0.1290	125.0000	0.9163	9	1	5	7	0.7778	0	2	-1.2979	9	0
cpd03218	alpha-Carotene	C40H56	0	6	0.1280	0.1280	536.0000	5.3240	40	2	0	19	0.4634	1	10	12.4617	25	18
cpd03118	(S)-Hydroxydecanoyl-CoA	C31H50N7O18P3S	-4	6	-0.1250	0.1250	934.0000	2.1036	60	3	9	15	0.2419	8	27	-1.7518	31	0
cpd00292	HMG-CoA	C27H39N7O20P3S	-5	22	0.1090	0.1090	907.0000	1.9297	58	3	9	17	0.2833	8	23	-5.5822	34	0
cpd00293	N-Acetyl-D-glucosamine 6-phosphate	C8H14NO9P	-2	13	-0.0870	0.0870	300.0000	0.6635	19	1	0	2	0.1053	5	4	-4.2246	15	0
cpd02234	(R)-3-Hydroxybutanoyl-CoA	C25H38N7O18P3S	-4	6	-0.0760	0.0760	850.0000	2.0444	54	3	9	15	0.2679	8	21	-4.0924	31	0
cpd00199	4-Oxobutanoate	C4H5O3	-1	31	-0.0720	0.0720	101.0000	0.3131	7	0	0	2	0.3333	0	3	-1.2846	5	0
cpd14521	Campest-4-en-3-one	C28H46O	0	7	0.0470	0.0470	398.0000	56449.0729	29	4	0	3	0.0938	8	5	7.8429	10	0
cpd00644	PAN	C9H16NO5	-1	5	0.0460	0.0460	218.0000	1.0812	15	0	0	4	0.2857	1	6	-2.3780	12	0
cpd24269	(3R)-3-hydroxy-cerotoyl-CoA	C47H82N7O18P3S	-4	5	-0.0310	0.0310	1161.0000	3.1041	76	3	9	15	0.1923	8	43	4.4898	31	0
cpd00885	Phytate	C6H6O24P6	-12	22	-0.0310	0.0310	654.0000	2.3737	36	1	0	0	0.0000	6	12	-10.7166	5	0
cpd00515	5-Dehydro-4-deoxy-D-glucarate	C6H6O7	-2	10	0.0280	0.0280	190.0000	0.3927	13	0	0	6	0.5000	2	5	-4.8328	7	0
cpd00020	Pyruvate	C3H3O3	-1	354	-0.0190	0.0190	87.0000	0.1813	6	0	0	4	0.8000	0	1	-1.6747	5	0
cpd24683	isobutanal	C4H8O	0	17	0.0120	0.0120	72.0000	0.3392	5	0	0	0	0.0000	0	1	0.8413	4	0
cpd15611	hexanal	C6H12O	0	9	-0.0050	0.0050	100.0000	0.4292	7	0	0	0	0.0000	0	4	1.7656	4	0
cpd18009	Ethylmalonyl-CoA	C26H37N7O19P3S	-5	6	0.0030	0.0030		1.9199	56	3	9	17	0.2931	8	22	-5.0872	34	0
cpd00903	12-OPDA	C18H27O3	-1	5	0.0000	0.0000	291.0000	2.2455	21	1	0	5	0.2381	2	11	3.1946	11	0
cpd00882	Melilotate	C9H9O3	-1	5	0.0000	0.0000	165.0000	0.6742	12	1	6	9	0.7500	0	3	0.0747	9	0
cpd00895	H4MPT	C30H42N6O16P	-3	9	0.0000	0.0000	773.0000	23393.4934	53	4	12	21	0.3750	12	19	-5.3141	32	0
cpd26585	D-mannopyranosyl-1-phosphoheptaprenol	C41H68O9P	-1	5	0.0000	0.0000	736.0000	16904.5035	51	1	0	0	0.0000	6	24	8.6131	17	0
cpd40651	1-O-hexadecyl-2-acetyl-sn-glycerol	C21H42O4	0	9	0.0000	0.0000	10000000.0000	1.5463	25	0	0	2	0.0833	1	19	5.4083	8	0
cpd40518	1-hexadecanoyl-2-(4Z,7Z,10Z,13Z,16Z,19Z-docosahexaenoyl)-sn-glycero-3-phosphocholine	C46H80NO8P	0	5	0.0000	0.0000	10000000.0000	29276.6337	56	0	0	4	0.0727	2	38	11.6084	15	0
cpd40493	1-(9Z-octadecenoyl)-sn-glycero-3-phospho-L-serine	C24H45NO9P	-1	6	0.0000	0.0000	10000000.0000	16902.0628	35	0	0	4	0.1176	3	24	1.7900	17	0
cpd25373	1-O-coumaroyl-beta-D-glucose	C15H18O8	0	5	0.0000	0.0000	326.0000	1.0054	23	2	6	12	0.5000	5	4	-1.2515	15	0
cpd25884	2-methoxy-6-all trans-decaprenyl-2-methoxy-1,4-benzoquinol	C57H88O3	0	5	0.0000	0.0000	820.0000	6.1509	60	1	6	9	0.1500	0	30	18.1536	13	0
cpd25885	2-methoxy-6-all trans-nonaprenyl-2-methoxy-1,4-benzoquinol	C52H80O3	0	5	0.0000	0.0000	752.0000	5.5798	55	1	6	9	0.1636	0	27	16.4271	13	0
cpd25887	2-nonaprenyl-3-methyl-6-methoxy-1,4-benzoquinol	C53H82O3	0	5	0.0000	0.0000	766.0000	5.7050	56	1	6	9	0.1607	0	27	16.7355	14	0
cpd25117	1,2-dihexadecanoyl-sn-glycero-3-phospho-(1'-sn-glycerol)	C38H74O10P	-1	6	0.0000	0.0000	722.0000	16903.2792	49	0	0	4	0.0833	3	38	9.2588	12	0
cpd25140	1-18:0-2-18:1-phosphatidylethanolamine	C41H80NO8P	0	6	0.0000	0.0000	745.0000	16903.5981	51	0	0	4	0.0800	2	40	10.4839	14	0
cpd24943	tetratriacontanal	C34H68O	0	5	0.0000	0.0000	492.0000	3.0017	35	0	0	0	0.0000	0	32	12.6884	4	0
cpd24944	triacontanal	C30H60O	0	5	0.0000	0.0000	436.0000	2.6308	31	0	0	0	0.0000	0	28	11.1280	4	0
cpd24941	octacosanal	C28H56O	0	5	0.0000	0.0000	408.0000	2.4455	29	0	0	0	0.0000	0	26	10.3478	4	0
cpd02862	UDPMurAc(oyl-L-Ala-D-gamma-Glu-L-Lys-D-Ala-D-Ala)	C40H62N9O26P2	-3	7	0.0000	0.0000	1146.0000	3.2226	77	3	6	24	0.3038	17	30	-11.3252	33	0
cpd02738	5-Methyltetrahydropteroyltri-L-glutamate	C30H35N9O12	-4	5	0.0000	0.0000	713.0000	16173.5631	51	3	12	32	0.6038	4	19	-6.8973	24	0
cpd02791	methylthioribulose-1-phosphate	C6H11O7PS	-2	5	0.0000	0.0000	259.0000	1.0330	15	0	0	0	0.0000	2	7	-2.5144	13	0
cpd05399	Jasmonate	C12H17O3	-1	5	0.0000	0.0000	209.0000	1.7621	15	1	0	2	0.1333	2	5	1.0780	9	0
cpd04810	5-FU	C4H3FN2O2	0	5	0.0000	0.0000	130.0000		9	1	0	6	0.6667	1	0	-0.3549	8	0
cpd05444	Amaranthin	C30H31N2O19	-3	5	0.0000	0.0000	723.0000		51	5	6	22	0.4000	12	11	-9.4283	26	0
cpd02638	CDP-4-dehydro-3,6-dideoxy-D-glucose	C15H21N3O14P2	-2	5	0.0000	0.0000	529.0000	1.3943	34	3	6	8	0.2222	9	8	-3.5038	26	0
cpd17401	2-Oxo-5-methylthiopentanoic acid	C6H9O3S	-1	7	0.0000	0.0000		1.0243	10	0	0	4	0.4444	0	5	-0.5514	8	0
cpd15440	Carnitinyl-CoA	C28H46N8O18P3S	-3	5	0.0000	0.0000	908.0000	23903.3462	58	3	9	15	0.2500	8	23	-4.4061	34	0
cpd40172	1-O-hexadecyl-sn-glycero-3-phosphocholine	C24H52NO6P	0	12	0.0000	0.0000	10000000.0000	29275.0978	32	0	0	0	0.0000	2	24	5.0530	13	0
cpd40482	1-heptadecanoyl-sn-glycero-3-phosphate	C20H39O7P	-2	6	0.0000	0.0000	10000000.0000	1.5107	28	0	0	2	0.0741	1	20	3.6072	12	0
cpd03136	Adrenosterone	C19H24O3	0	5	0.0000	0.0000	300.0000	56448.6270	22	4	0	3	0.1200	5	0	3.2664	9	0
cpd01586	4-Chlorocatechol	C6H5ClO2	0	5	0.0000	0.0000	144.0000	1.0299	9	1	6	8	0.8889	0	0	1.7512	5	0
cpd01565	Fenchyl alcohol	C10H18O	0	6	0.0000	0.0000	154.0000	34625.2022	11	2	0	0	0.0000	3	0	2.1935	7	0
cpd01518	Anthranilyl-CoA	C28H37N8O17P3S	-4	6	0.0000	0.0000	883.0000	2.0484	57	4	15	24	0.4000	7	20	-2.9673	34	0
cpd11189	Glyceocarpin	C20H20O5	0	5	0.0000	0.0000	340.0000	7508.2508	25	4	12	16	0.5714	2	2	3.3202	15	0
cpd10089	Heptanal	C7H14O	0	6	0.0000	0.0000	114.0000	0.5163	8	0	0	0	0.0000	0	5	2.1557	4	0
cpd14537	6-Deoxotyphasterol	C28H50O3	0	6	0.0000	0.0000	434.0000	56449.5544	31	4	0	0	0.0000	12	5	5.6562	11	0
cpd02939	3beta-Hydroxy-4beta-methyl-5alpha-cholest-7-ene-4alpha-carboxylate	C29H47O3	-1	8	0.0000	0.0000	443.0000	56449.1146	32	4	0	2	0.0571	9	6	5.7548	13	0
cpd17856	1-Feruloyl-D-glucose	C16H20O9	0	8	0.0000	0.0000		1.3272	25	2	6	13	0.5000	5	5	-1.2429	16	0
cpd00232	Neu5Ac	C11H18NO9	-1	5	0.0000	0.0000	308.0000	0.5658	21	1	0	4	0.1905	6	5	-5.2065	15	0
cpd03107	(R)-N-Methylcoclaurine	C18H22NO3	1	5	0.0000	0.0000	299.0000	2.8406	22	3	12	15	0.6250	2	3	1.4610	12	0
cpd03089	Dihydrochelirubine	C21H17NO5	0	5	0.0000	0.0000	363.0000	4.9321	27	6	16	24	0.7500	0	1	3.9226	13	0
cpd01722	p-Coumaryl alcohol	C9H10O2	0	8	0.0000	0.0000	150.0000	0.7486	11	1	6	9	0.8182	0	2	1.3977	8	0
cpd01706	2,4-Dichlorophenol	C6H4Cl2O	0	5	0.0000	0.0000	162.0000	0.5801	9	1	6	7	0.7778	0	0	2.6990	5	0
cpd01757	N-Acetylmuramate	C11H18NO8	-1	5	0.0000	0.0000	292.0000	0.6520	20	1	0	4	0.2000	6	5	-3.9149	14	0
cpd01871	3-Methylcatechol	C7H8O2	0	10	0.0000	0.0000	124.0000	1.0374	9	1	6	8	0.8889	0	0	1.4062	5	0
cpd02893	5'-Phosphoribosyl-4-carboxy-5-aminoimidazole	C9H12N3O9P	-2	5	0.0000	0.0000	338.0000	1.3297	22	2	5	9	0.3913	4	5	-5.2876	20	0
cpd03087	Dihydrosanguinarine	C20H15NO4	0	6	0.0000	0.0000	333.0000	4.6481	25	6	16	23	0.7667	0	0	3.9140	11	0
cpd35865	(Z)-11-octadecenoic acyl-CoA	C39H64N7O17P3S	-4	6	0.0000	0.0000	1027.9530	2.6855	67	3	9	15	0.2174	7	34	2.1742	32	0
cpd24938	dotriacontanal	C32H64O	0	5	0.0000	0.0000	464.0000	2.8163	33	0	0	0	0.0000	0	30	11.9082	4	0
cpd24791	artemisinic aldehyde	C15H22O	0	6	0.0000	0.0000	218.0000	15011.9659	16	2	0	3	0.1765	4	2	3.7601	10	0
cpd02365	5beta-Androstane-3,17-dione	C19H28O2	0	5	0.0000	0.0000	288.0000	56449.2372	21	4	0	0	0.0000	6	0	4.1673	8	0
cpd07983	HMF	C6H6O3	0	6	0.0000	0.0000	126.0000	23901.3677	9	1	5	7	0.7778	0	2	0.5844	8	0
cpd05447	Betanin	C24H24N2O13	-2	5	0.0000	0.0000	548.0000		39	4	6	20	0.4762	7	8	-6.0101	26	0
cpd02475	Lithocholate	C24H39O3	-1	6	0.0000	0.0000	375.0000	56449.3494	27	4	0	2	0.0667	9	4	4.1724	11	0
cpd01188	Lanosterol	C30H50O	0	6	0.0000	0.0000	426.0000	75157.9052	31	4	0	0	0.0000	7	4	8.4791	11	0
cpd01194	Mesaconate	C5H4O4	-2	5	0.0000	0.0000	128.0000	0.6389	9	0	0	7	0.8750	0	2	-2.5675	6	0
cpd01129	Phthalate	C8H4O4	-2	6	0.0000	0.0000	164.0000	0.6660	12	1	6	12	1.0000	0	2	-1.5864	5	0
cpd19245	di-trans,poly-cis-Undecaprenyl phosphate	C55H89O4P	-2	20	0.0000	0.0000	846.0000	6.3813	60	0	0	0	0.0000	0	33	17.0629	13	0
cpd01210	Sitosterol	C29H50O	0	5	0.0000	0.0000	414.0000	56449.1046	30	4	0	0	0.0000	9	6	8.0248	10	0
cpd01138	Threonate	C4H7O5	-1	5	0.0000	0.0000	135.0000	0.3095	9	0	0	2	0.2500	2	3	-3.5496	6	0
cpd01124	Melatonin	C13H16N2O2	0	5	0.0000	0.0000	232.0000	1.3528	17	2	9	13	0.7222	0	4	1.8551	15	0
cpd03505	Ephdine	C15H9O7	-1	7	0.0000	0.0000	300.0000		22	3	6	21	0.8750	1	1	0.0810	13	0
cpd01383	D-Erythrulose	C4H8O4	0	6	0.0000	0.0000	120.0000	0.2890	8	0	0	0	0.0000	1	3	-2.0990	5	0
cpd01347	Thiocysteine	C3H7NO2S2	0	5	0.0000	0.0000	153.0000	1.6461	8	0	0	2	0.2857	1	3	-2.0752	8	0
cpd01327	L-Norleucine	C6H13NO2	0	5	0.0000	0.0000	131.0000	0.3975	9	0	0	2	0.2500	1	4	-1.4630	7	0
cpd00407	Limonene	C10H16	0	5	0.0000	0.0000	136.0000	1.5995	10	1	0	0	0.0000	1	1	3.3089	6	0
cpd00411	D-Tryptophan	C11H12N2O2	0	5	0.0000	0.0000	204.0000	1.0179	15	2	9	12	0.7500	1	3	-0.9292	12	0
cpd03292	Penicillin G	C16H17N2O4S	-1	5	0.0000	0.0000	333.0000	23903.2580	23	3	6	12	0.4800	3	4	-0.4739	16	0
cpd03259	5beta-Pregnane-3alpha,21-diol-11,20-dione	C21H32O4	0	5	0.0000	0.0000	348.0000	56449.1309	25	4	0	0	0.0000	8	2	2.7466	10	0
cpd07097	Daidzein	C15H9O4	-1	8	0.0000	0.0000	254.0000	23904.1967	19	3	16	21	1.0000	0	1	2.2392	12	0
cpd08734	(1S,4R)-1-Hydroxy-2-oxolimonene	C10H16O2	0	5	0.0000	0.0000	168.0000	1.7806	12	1	0	0	0.0000	2	1	1.6827	9	0
cpd08365	beta-Primeverose	C11H20O10	0	5	0.0000	0.0000	312.0000	0.5990	21	2	0	0	0.0000	9	3	-4.7581	7	0
cpd08259	(3R)-3-Isopropenyl-6-oxoheptanoate	C10H15O3	-1	5	0.0000	0.0000	183.0000	0.7409	13	0	0	2	0.1667	1	6	0.6879	9	0
cpd00818	6-Phospho-D-galactose	C6H11O9P	-2	5	0.0000	0.0000	259.0000	0.5249	16	1	0	0	0.0000	5	3	-4.3684	11	0
cpd03896	1,5-Anhydro-D-fructose	C6H10O5	0	7	0.0000	0.0000	162.0000	0.5037	11	1	0	0	0.0000	3	1	-2.3316	7	0
cpd03533	Pyrrole-2-carboxylate	C5H4NO2	-1	6	0.0000	0.0000	110.0000	0.5951	8	1	5	8	1.0000	0	1	-0.6218	7	0
cpd03624	(-)-ABA	C15H19O4	-1	9	0.0000	0.0000	263.0000	2.0391	19	1	0	9	0.4737	1	3	0.9152	15	4
cpd23789	(E)-2-penten-1-al	C5H8O	0	5	0.0000	0.0000	84.0000	0.4448	6	0	0	3	0.6000	0	2	1.1515	6	0
cpd23207	DPX	C55H88O8P	-1	5	0.0000	0.0000	908.0000	16906.3279	64	1	0	0	0.0000	4	33	14.6399	20	0
cpd21066	UDP-2-acetamido-2,6-dideoxy-beta-L-arabino-hexos-4-ulose	C17H23N3O16P2	-2	7	0.0000	0.0000	589.0000	1.5337	38	3	6	10	0.2500	10	9	-4.6781	26	0
cpd21022	L-Homoserine lactone	C4H8NO2	1	5	0.0000	0.0000	101.0000	0.8370	7	1	0	2	0.2857	1	0	-1.4562	7	0
cpd02582	2,3-Dihydroxy-N-benzoyl-L-serine	C10H10NO6	-1	5	0.0000	0.0000	240.0000	1.0791	17	1	6	13	0.7647	1	4	-2.0616	12	0
cpd02561	trans-Cinnamoyl beta-D-glucoside	C15H18O7	0	9	0.0000	0.0000	310.0000	0.9714	22	2	6	11	0.4783	5	4	-0.9571	13	0
cpd04025	dTDP-4-oxo-2,6-dideoxy-alpha-D-glucose	C16H22N2O14P2	-2	9	0.0000	0.0000	528.0000	1.6067	34	3	6	8	0.2222	8	8	-2.4551	25	0
cpd24062	UDP-2-acetamido-2,6-dideoxy-alpha-D-xylo-4-hexulose	C17H23N3O16P2	-2	7	0.0000	0.0000	591.0000	1.5337	38	3	6	10	0.2500	10	9	-4.6781	27	0
cpd02083	CoproporphyrinogenIII	C36H40N4O8	-4	6	0.0000	0.0000	656.0000	95610.4727	48	5	20	28	0.5385	0	12	-0.3607	10	0
cpd40837	1'-[1,2-di-(9Z-octadecenoyl)-sn-glycero-3-phospho]-3'-[1-(9Z-octadecenoyl)-sn-glycero-3-phospho]-glycerol	C63H116O16P2	-2	10	0.0000	0.0000	10000000.0000	33805.7364	81	0	0	6	0.0750	5	62	15.8221	15	0
cpd40673	1-octadecanoyl-N-(acetyl)-sphing-4-enine	C38H73NO4	0	5	0.0000	0.0000	10000000.0000	2.9036	43	0	0	4	0.0952	2	33	10.9140	12	0
cpd24368	1-18:1-2-16:0-phosphatidylglycerol	C40H76O10P	-1	5	0.0000	0.0000	748.0000	16903.4320	51	0	0	4	0.0800	3	39	9.8150	13	0
cpd23848	XXXG xyloglucan oligosaccharide	C39H66O33	0	7	0.0000	0.0000	1062.0000		72	7	0	0	0.0000	32	16	-14.3589	9	0
cpd28214	TETRA-H-BIOPTERIN	C9H15N5O3	0	5	0.0000	0.0000	241.0000	16173.1634	17	2	6	10	0.5556	3	2	-1.7002	14	0
cpd34204	(9Z)-tetradecenoyl-CoA	C35H56N7O17P3S	-4	5	0.0000	0.0000	971.8450	2.4522	63	3	9	15	0.2308	7	30	0.6138	32	0
cpd31569	(2S)-2-hydroxy-3-oxopropane 1-sulfonate	C3H5O5S	-1	8	0.0000	0.0000	153.1290	16901.0694	9	0	0	0	0.0000	1	3	-1.9086	8	0
